KEY,TotalNet,QuantitySold(SalesTotal>0),Correl,RSQ,ADJ_RSQ,ELASTICITY_Regular_Price_fwbw_max_6,PVALUE_Regular_Price_fwbw_max_6,Cluster,ItemCode,Product Description,Rank,Service,Weighted elasticity,Weighted  rsq,Weighted Pvalue,Check,Significant ?,New_cluster,big_cluster
Clinics 0-AAP115,3531757,471.7012170583717,-0.2745041903143198,0.550939152370955,0.5308319502383112,-0.6557,0.007,Clinics 0,AAP115,Veterinärkonsultation 15 min,90.0,Consult,-2315773.0648999996,1945783.207960187,24722.299,1,1,Clinics,Clinics
Clinics 0-AAP120,3717674,480.5104543907086,0.05987214245331043,0.3197189472694651,0.2784897925585237,-0.0018,0.994,Clinics 0,AAP120,Veterinärkonsultation 20 min,70.0,Consult,-6691.8132,1188610.8175710614,3695367.956,0,0,Clinics,Clinics
Clinics 0-AAP130,59794895,871.7953494986533,0.6233389979234589,0.8600283228887688,0.8537609343614003,-0.3104,0.043,Clinics 0,AAP130,Veterinärkonsultation 30 min,1.0,Consult,-18560335.408,51425303.26416003,2571180.485,0,1,Clinics,Clinics
Clinics 0-AAP140,4171788,403.3696706516571,-0.3613572601361272,0.6326529908975417,0.6162046173556406,-0.1372,0.768,Clinics 0,AAP140,Veterinärkonsultation 40 min,31.0,Consult,-572369.3136,2639294.1555904737,3203933.184,1,0,Clinics,Clinics
Clinics 0-AAP145,33373775,708.5177901532062,-0.1919160827684622,0.7891464604229103,0.7763674580242987,-0.3237,0.033,Clinics 0,AAP145,Veterinärkonsultation 45 min,17.0,Consult,-10803090.9675,26336796.41220061,1101334.575,1,1,Clinics,Clinics
Clinics 0-AEM111,23019156,638.5267329334492,0.2383450636883436,0.6707169975885608,0.6610322033999891,-0.5202,0.012,Clinics 0,AEM111,Veterinärkonsultation inkl. akutavgift vardag/mån-fre 07-17,2.0,Consult,-11974564.9512,15439339.199342705,276229.87200000003,0,1,Clinics,Clinics
Clinics 0-ASU130,2027505,227.9879052845372,0.2896900721774055,0.3313265838494626,0.2862474771426848,-1.2147,0.177,Clinics 0,ASU130,Veterinärkonsultation kirurgi/ortopedi 30 min,99.0,Consult,-2462810.3235,671766.3053877047,358868.385,0,0,Clinics,Clinics
Clinics 0-BIOVETPAD1,1052780,116.5530777426885,-0.03795686621624154,0.3254200978603191,0.296836203701858,-0.1613,0.591,Clinics 0,BIOVETPAD1,"Histopatologi, per fall av 1 organ/vävnad (BioVet)",402.0,External,-169813.414,342595.77062538674,622192.98,1,0,Clinics,Clinics
Clinics 0-CDF114,2489034,336.3614086931548,0.3878449659750767,0.7447219926670652,0.7352672516547343,-1.3167,0.001,Clinics 0,CDF114,Dagvårdavgift 4 -  post op tillsyn och droppassning,67.0,Hospitalisation,-3277311.0678,1853638.360296076,2489.034,0,1,Clinics,Clinics
Clinics 0-CYTU,2529515,318.4222759327272,0.4321180836959674,0.7547004641524904,0.7417899622657793,-0.7122,0.196,Clinics 0,CYTU,"Cytological Examination (1 – 2 sites, max of 4 slides) (IDEXX)",182.0,External,-1801520.583,1909026.1445806867,495784.94,0,1,Clinics,Clinics
Clinics 0-FCR112,2029796,284.0753147923343,0.04683748888151333,0.547456835738727,0.5306959778031244,-0.7138,0.032,Clinics 0,FCR112,Kremering hund,60.0,Euthansaia/Cremation,-1448868.3847999999,1111225.6953551252,64953.472,0,1,Clinics,Clinics
Clinics 0-FCR113,1907672,371.2313720821488,0.2559010583467555,0.6288083957285658,0.6150605585333275,-0.3238,0.109,Clinics 0,FCR113,Kremering katt,80.0,Euthansaia/Cremation,-617704.1936,1199560.1698963046,207936.248,0,1,Clinics,Clinics
Clinics 0-FCS112,4074620,277.8711203061152,-0.006948123619045289,0.5653809588017757,0.5492839572759156,-0.3919,0.172,Clinics 0,FCS112,Separatkremering hund,22.0,Euthansaia/Cremation,-1596843.5780000002,2303712.5623528915,700834.6399999999,1,1,Clinics,Clinics
Clinics 0-FCS113,2972066,275.3038332883519,0.1006598823412173,0.5622425201302249,0.5460292801350481,-0.4843,0.187,Clinics 0,FCS113,Separatkremering katt,41.0,Euthansaia/Cremation,-1439371.5638000001,1671021.877833357,555776.342,0,1,Clinics,Clinics
Clinics 0-FEU112,3642659,369.3943183293842,-0.02054134294638891,0.525944524233076,0.5120017161222842,-0.1986,0.44,Clinics 0,FEU112,Avlivning hund,28.0,Euthansaia/Cremation,-723432.0774,1915836.5546983324,1602769.96,1,0,Clinics,Clinics
Clinics 0-FEU113,3471209,415.146110306366,0.03571865777068964,0.5663325494642731,0.550270792037024,-0.1851,0.344,Clinics 0,FEU113,Avlivning katt,38.0,Euthansaia/Cremation,-642520.7858999999,1965858.64269333,1194095.896,0,0,Clinics,Clinics
Clinics 0-GCUPI,2366801,291.3782260052029,-0.5048602308388365,0.7002281245494633,0.6844506574204876,-0.2978,0.198,Clinics 0,GCUPI,"Check-up, large (IDEXX)",187.0,External,-704833.3378,1657300.6254117943,468626.598,1,1,Clinics,Clinics
Clinics 0-GERIPI,11442202,534.1579029524478,-0.4898685798292229,0.6985532720207823,0.6850556573351457,-0.1919,0.2,Clinics 0,GERIPI,Geriatric profile (IDEXX),68.0,External,-2195758.5637999997,7992987.6462227395,2288440.4,1,1,Clinics,Clinics
Clinics 0-HISTU,1808250,223.9704406025683,0.09941908945682308,0.5320363720787016,0.5178556560810865,-0.4822,0.157,Clinics 0,HISTU,Histopathological Examination (1site) (IDEXX),88.0,External,-871938.15,962054.7698113121,283895.25,0,1,Clinics,Clinics
Clinics 0-MIKRO03,661879,127.8206280297964,0.02844931143863032,0.3277487554229772,0.2992635331951372,-0.2173,0.614,Clinics 0,MIKRO03,Bakt + Resistens (Mikrobiologen),742.0,External,-143826.3067,216930.01849060474,406393.706,0,0,Clinics,Clinics
Clinics 0-NIP,303863,64.68808837014872,0.1974299099698461,0.7630071676756534,0.7505338607112141,-0.1169,0.483,Clinics 0,NIP,"Kidney profile (Cat, dog) (IDEXX)",720.0,External,-35521.5847,231849.64699142706,146765.829,0,0,Clinics,Clinics
Clinics 0-PK1,2099868,303.5309817704971,0.1971017230742735,0.7126780497620893,0.6975558418548309,0.3177,0.49,Clinics 0,PK1,Bacteriologic culture (aerobic) – incl. differentiation and resistance testing (IDEXX),130.0,External,667128.0636,1496529.8309978188,1028935.32,1,0,Clinics,Clinics
Clinics 0-PROFPHS,894135,172.8610923109103,-0.2896752362924963,0.5862901107946794,0.5701295682475966,-1.6953,0.07,Clinics 0,PROFPHS,Gastrointestinal diseases dog (profile P); add-on test (IDEXX),387.0,External,-1515827.0655,524222.5082154007,62589.450000000004,1,1,Clinics,Clinics
Clinics 0-PROFPS,414480,100.7745123051614,-0.2841346530291051,0.5726533686286996,0.5431811871548169,0.2481,0.773,Clinics 0,PROFPS,Gastrointestinal diseases cat (profile P); add-on test (IDEXX),710.0,External,102832.488,237353.36822922342,320393.04000000004,0,0,Clinics,Clinics
Clinics 0-SFH670,76497,110.5902412676572,0.1504174102582822,0.404943217361441,0.3687223697225721,1.13,0.188,Clinics 0,SFH670,Hills PD Canine Biome GI Mini 1 kg | 1,1125.0,Lifestage,86441.60999999999,30976.941298498154,14381.436,1,0,Clinics,Clinics
Clinics 0-SFP042,100708,196.9056151875351,-0.02663162143755201,0.3460665609970738,0.3244489266498697,-0.0052,0.989,Clinics 0,SFP042,Purina Pro Plan Cat Delicate Ocean Fish 10x85 g pouch | 1=4,807.0,Lifestage,-523.6816,34851.6712248933,99600.212,1,0,Clinics,Clinics
Clinics 0-SFP043,281569,387.0806238883068,-0.2103123234430501,0.4092648361093579,0.3918902724655156,-0.0715,0.79,Clinics 0,SFP043,Purina Pro Plan Cat Sterilised Chicken 10x85 g pouch | 1=4,544.0,Lifestage,-20132.1835,115236.2906384758,222439.51,1,0,Clinics,Clinics
Clinics 0-SFP166,115780,149.2836343779084,-0.1314671675290975,0.7210855316719105,0.7120151424579888,-0.9943,0.163,Clinics 0,SFP166,"Purina Pro Plan Cat ECN Acti Protect Kitten Turkey 1,5 kg | 1=6",892.0,Lifestage,-115120.05399999999,83487.28285697379,18872.14,1,1,Clinics,Clinics
Clinics 0-SFP167,404696,278.0555292053121,-0.3444932089995983,0.7283887471701576,0.7118018004324572,0.5209,0.348,Clinics 0,SFP167,Purina Pro Plan Cat ECN Acti Protect Sterilised Salmon 3 kg | 1=4,386.0,Lifestage,210806.1464,294776.01242477406,140834.20799999998,0,0,Clinics,Clinics
Clinics 0-SFP168,691194,360.9663428437149,-0.4076451499956666,0.755409121513277,0.7425359173823969,-0.1011,0.816,Clinics 0,SFP168,Purina Pro Plan Cat ECN Acti Protect Sterilised Turkey 3 kg | 1=4,309.0,Lifestage,-69879.7134,522134.252335248,564014.304,1,0,Clinics,Clinics
Clinics 0-SFP169,633911,247.4617331438648,-0.1717305416962747,0.7413296718059864,0.729747418304762,-0.923,0.145,Clinics 0,SFP169,Purina Pro Plan Cat ECN Acti Protect Sterilised Turkey 7 kg | 1,224.0,Lifestage,-585099.853,469937.0335842047,91917.09499999999,1,1,Clinics,Clinics
Clinics 0-SFP170,85146,92.77378133824008,-0.1851980359488568,0.8458223551122278,0.8386177922670048,2.9446,0.047,Clinics 0,SFP170,"Purina Pro Plan Cat ECN Acti Protect Sterilised 7+ Turkey 1,5 kg | 1=6",1008.0,Lifestage,250720.9116,72018.39024838575,4001.862,0,1,Clinics,Clinics
Clinics 0-SFP171,111333,109.3056801627258,-0.04287213027367055,0.4615584047350604,0.4440481089540868,-2.6529,0.009,Clinics 0,SFP171,Purina Pro Plan Dog ECN Acti Protect Small Puppy Lamb 3 kg | 1=4,1056.0,Lifestage,-295355.3157,51386.68187436848,1001.997,1,0,Clinics,Clinics
Clinics 0-SFP173,84640,77.08557925550183,0.02223802418243024,0.7388297325918718,0.7231595165473841,-0.4635,0.462,Clinics 0,SFP173,Purina Pro Plan Dog ECN Acti Protect Small Adult Salmon 3 kg | 1=4,1042.0,Lifestage,-39230.64,62534.54856657603,39103.68,0,0,Clinics,Clinics
Clinics 0-SFP174,200556,90.98934486122099,-0.2259084177639549,0.4185086963042126,0.3808194451387449,-0.1187,0.928,Clinics 0,SFP174,Purina Pro Plan Dog ECN Acti Protect Puppy Lamb 10 kg | 1,449.0,Lifestage,-23805.9972,83934.43009598767,186115.96800000002,1,0,Clinics,Clinics
Clinics 0-SFP175,623759,259.5357831472067,-0.2039818588072788,0.7107906243929933,0.6955690783084141,-0.0018,0.998,Clinics 0,SFP175,Purina Pro Plan Dog ECN Acti Protect Adult Chicken 10 kg  | 1,247.0,Lifestage,-1122.7662,443362.04908074916,622511.482,1,0,Clinics,Clinics
Clinics 0-SFP176,464786,204.2665006280574,-0.09451501554577094,0.6409401628041735,0.6216061715705521,-0.0042,0.994,Clinics 0,SFP176,Purina Pro Plan Dog ECN Acti Protect Derma Salmon 10 kg | 1,294.0,Lifestage,-1952.1011999999998,297900.0145091006,461997.284,1,0,Clinics,Clinics
Clinics 0-SFP177,842608,288.149218224797,-0.09550819809026022,0.7521588266240788,0.7391145543411357,0.2807,0.522,Clinics 0,SFP177,Purina Pro Plan Dog ECN Acti Protect Digestion Lamb 10 kg | 1,203.0,Lifestage,236520.0656,633775.0445840618,439841.376,0,0,Clinics,Clinics
Clinics 0-SFP178,691507,250.632346430078,-0.1646519561591161,0.7219311830828601,0.7072959821924842,-0.0836,0.88,Clinics 0,SFP178,Purina Pro Plan Dog ECN Acti Protect Lt Sterilised Chicken 10 kg | 1,196.0,Lifestage,-57809.985199999996,499220.4666200793,608526.16,1,0,Clinics,Clinics
Clinics 0-SFP179,166454,72.84837802007122,-0.0203856909469495,0.4401384669091556,0.4024554791049642,1.2837,0.039,Clinics 0,SFP179,Purina Pro Plan Dog ECN Acti Protect Adult 7+ Chicken10 kg  | 1,526.0,Lifestage,213676.99980000002,73262.80837089659,6491.706,0,0,Clinics,Clinics
Clinics 0-SFP185,218225,213.6720060408399,-0.2038421106137849,0.6564228977057586,0.6382028998568215,-0.5057,0.502,Clinics 0,SFP185,Purina Pro Plan Dog ECN Acti Protect Small Adult Chicken 3 kg | 1=4,743.0,Lifestage,-110356.3825,143247.88685183917,109548.95,1,0,Clinics,Clinics
Clinics 0-SFP187,100623,108.6283947793035,-0.06525644107725914,0.7916291561470677,0.7794741902556467,-0.2222,0.737,Clinics 0,SFP187,Purina Pro Plan Dog ECN Acti Protect Adult Chicken 3 kg  | 1=4,1046.0,Lifestage,-22358.4306,79656.1005789864,74159.151,1,0,Clinics,Clinics
Clinics 0-SFP188,111110,110.572947817424,-0.1581681071635349,0.6280856747721396,0.6050467342712986,-0.0052,0.995,Clinics 0,SFP188,Purina Pro Plan Dog ECN Acti Protect Derma Salmon 3 kg | 1=4,1091.0,Lifestage,-577.7719999999999,69786.59932393243,110554.45,1,0,Clinics,Clinics
Clinics 0-SFP189,272364,239.8929737187178,-0.05914985365198935,0.6907608243871917,0.6742365936292554,1.7389,0.04,Clinics 0,SFP189,Purina Pro Plan Dog ECN Acti Protect Digestion Lamb 3 kg | 1=4,594.0,Lifestage,473613.7596,188138.38117339308,10894.56,0,1,Clinics,Clinics
Clinics 0-SFP190,305427,260.1013534332098,0.1322031386754598,0.7398076820674868,0.7281572797720012,-1.6811,0.043,Clinics 0,SFP190,Purina Pro Plan Dog ECN Acti Protect Lt Sterilised Chicken 3 kg | 1=4,524.0,Lifestage,-513453.3297,225957.2409108263,13133.360999999999,0,1,Clinics,Clinics
Clinics 0-SFP191,95510,100.3367304451215,-0.0723438156663639,0.5208337481439091,0.4960492868410079,1.862,0.041,Clinics 0,SFP191,Purina Pro Plan Dog ECN Acti Protect Adult 7+ Chicken 3 kg  | 1=4,1172.0,Lifestage,177839.62,49744.83128522476,3915.9100000000003,0,1,Clinics,Clinics
Clinics 0-SFP204,68998,153.9531551027038,-0.3214299730575842,0.5863120836023934,0.5619775002848871,-0.001,0.998,Clinics 0,SFP204,Purina Pro Plan Cat Kitten Turkey 10x85 g pouch | 1=4,1225.0,Lifestage,-68.998,40454.36114439794,68860.004,1,0,Clinics,Clinics
Clinics 0-SFP212,79948,176.1975745470648,-0.03631045207757991,0.6616479544205931,0.6485335340492983,-0.1359,0.673,Clinics 0,SFP212,Purina Pro Plan Cat Sterilised Cod 10x75 g pouch | 1=4,1070.0,Lifestage,-10864.9332,52897.43066001758,53805.004,1,0,Clinics,Clinics
Clinics 0-SFR552,69272,68.15382427294844,-0.01933719372768326,0.6609238442292926,0.6378798336429339,-0.2461,0.571,Clinics 0,SFR552,"Royal V Cat Adult Neutered Satiety Balance 1,5 kg | 1",839.0,Lifestage,-17047.839200000002,45783.516537451556,39554.312,1,0,Clinics,Clinics
Clinics 0-SFR566,129098,65.43448006522748,-0.161738256744233,0.4372539309621379,0.4169747933391519,-0.8428,0.064,Clinics 0,SFR566,"Royal V Cat Adult Neutered Satiety Balance 3,5 kg | 1",429.0,Lifestage,-108803.7944,56448.607979350076,8262.272,1,0,Clinics,Clinics
Clinics 0-SVA008,880347,166.0192119492197,0.06744470166111502,0.5810313157015021,0.5645364856110101,-0.0718,0.871,Clinics 0,SVA008,Bakterieodling aerob (SVA artnr D110000),151.0,External,-63208.914600000004,511509.1756838703,766782.237,0,0,Clinics,Clinics
Clinics 0-SVA061,1321554,207.3753944885806,-0.1758206754626786,0.7127853360092846,0.6974379875517656,-0.3,0.373,Clinics 0,SVA061,"Paket: Mag-tarmparasiter, hund, träck (flotation + IF Giardia/Crypto + makroskopisk undersökning) (SVA artnr D160157)",263.0,External,-396466.2,941984.3119444142,492939.642,1,0,Clinics,Clinics
Clinics 0-YNACLI17,698899,131.5183367968058,-0.004539887661082169,0.4531113359091751,0.4233891259042389,-0.1898,0.41,Clinics 0,YNACLI17,lab. Laboklin,995.0,External,-132651.0302,316679.05955558654,286548.58999999997,1,0,Clinics,Clinics
Clinics 1-AAP115,5109111,558.5591715581136,-0.5381170545350238,0.8443532348593353,0.8361612998519319,-0.0022,0.994,Clinics 1,AAP115,Veterinärkonsultation 15 min,90.0,Consult,-11240.0442,4313894.400105414,5078456.334,1,0,Clinics,Clinics
Clinics 1-AAP120,2173860,427.0762554612372,-0.2023076389203145,0.680896975282245,0.6615573980266235,-0.995,0.003,Clinics 1,AAP120,Veterinärkonsultation 20 min,70.0,Consult,-2162990.7,1480174.6986870612,6521.58,1,1,Clinics,Clinics
Clinics 1-AAP130,71653531,945.9190019188059,-0.3451729781875135,0.7514175764079599,0.7402870201277194,0.0819,0.19,Clinics 1,AAP130,Veterinärkonsultation 30 min,1.0,Consult,5868424.1889,53841722.60509262,13614170.89,0,1,Clinics,Clinics
Clinics 1-AAP140,7461801,531.7139197599921,0.4592409866113343,0.6171430890105507,0.602963203418349,-0.0114,0.977,Clinics 1,AAP140,Veterinärkonsultation 40 min,31.0,Consult,-85064.5314,4604998.918722016,7290179.577,0,0,Clinics,Clinics
Clinics 1-AAP145,15998097,637.0590907884749,-0.06218910611744644,0.477650146597266,0.4622869156148327,-0.3225,0.199,Clinics 1,AAP145,Veterinärkonsultation 45 min,17.0,Consult,-5159386.2825,7641493.377327282,3183621.3030000003,1,0,Clinics,Clinics
Clinics 1-AEM111,27040524,686.5379888361352,-0.6370184469529616,0.8845104926759825,0.8802331035158337,0.2498,0.118,Clinics 1,AEM111,Veterinärkonsultation inkl. akutavgift vardag/mån-fre 07-17,2.0,Consult,6754722.8952,23917627.20545673,3190781.832,0,1,Clinics,Clinics
Clinics 1-AEM114,1818009,201.6774172125533,-0.2036291586368545,0.3642496909602464,0.3337336761263382,0.7646,0.099,Clinics 1,AEM114,Veterinärkonsultation inkl. akutavgift helg 07-17,20.0,Consult,1390049.6814,662209.2164129466,179982.891,0,0,Clinics,Clinics
Clinics 1-AEY130,749828,157.3780128228813,-0.1681059627018485,0.4699373163697544,0.4427546146451264,-0.3127,0.448,Clinics 1,AEY130,Veterinärkonsultation oftalmologi 30 min,76.0,Consult,-234471.2156,352372.1580589002,335922.944,1,0,Clinics,Clinics
Clinics 1-ASU130,887670,181.1972076162978,-0.2055603334662871,0.3088525536471498,0.2846017660558217,-1.4494,0.04,Clinics 1,ASU130,Veterinärkonsultation kirurgi/ortopedi 30 min,99.0,Consult,-1286588.898,274159.1462959655,35506.8,1,0,Clinics,Clinics
Clinics 1-B12,221138,57.09569453128406,0.1269111698134209,0.7073648728019304,0.6862468739319666,-0.3145,0.449,Clinics 1,B12,Vitamin B12 (Cobalamin) (IDEXX),432.0,External,-69547.901,156425.2532416733,99290.962,0,0,Clinics,Clinics
Clinics 1-CDF114,3221570,400.692469600549,0.3818202841260798,0.733088741955499,0.7169123020740141,-0.5157,0.021,Clinics 1,CDF114,Dagvårdavgift 4 -  post op tillsyn och droppassning,67.0,Hospitalisation,-1661363.6490000002,2361696.698421577,67652.97,0,1,Clinics,Clinics
Clinics 1-CYTU,1694822,252.6426873180187,-0.1958305600198169,0.7162749506807927,0.7056881951091805,-0.3628,0.384,Clinics 1,CYTU,"Cytological Examination (1 – 2 sites, max of 4 slides) (IDEXX)",182.0,External,-614881.4216,1213958.5444627225,650811.648,1,0,Clinics,Clinics
Clinics 1-FCR112,4715621,449.7150081892709,-0.2923140941356128,0.5978806036752623,0.582987292700272,0.4324,0.051,Clinics 1,FCR112,Kremering hund,60.0,Euthansaia/Cremation,2039034.5204,2819378.330183744,240496.67099999997,0,1,Clinics,Clinics
Clinics 1-FCR113,3339796,470.6258266367981,-0.3448047705987696,0.633300796139671,0.6081077210652973,-0.0153,0.912,Clinics 1,FCR113,Kremering katt,80.0,Euthansaia/Cremation,-51098.8788,2115095.465744089,3045893.952,1,0,Clinics,Clinics
Clinics 1-FCS112,9267010,438.5444749454253,-0.3528224985697839,0.6058631215777222,0.5851190753449707,-0.0246,0.917,Clinics 1,FCS112,Separatkremering hund,22.0,Euthansaia/Cremation,-227968.446,5614539.6062919665,8497848.17,1,0,Clinics,Clinics
Clinics 1-FCS113,4936218,365.1189549313107,-0.09031422518247424,0.6512432125208916,0.6328875921272543,-0.0401,0.776,Clinics 1,FCS113,Separatkremering katt,41.0,Euthansaia/Cremation,-197942.3418,3214678.46802345,3830505.168,1,0,Clinics,Clinics
Clinics 1-FEU112,9540420,543.7121748251468,-0.4235833234655292,0.5670194085804738,0.547632217919898,0.3913,0.099,Clinics 1,FEU112,Avlivning hund,28.0,Euthansaia/Cremation,3733166.346,5409603.306009324,944501.5800000001,0,1,Clinics,Clinics
Clinics 1-FEU113,7047666,551.2199559751149,-0.4441353569611134,0.5712305051493654,0.5452444751584178,-0.1065,0.597,Clinics 1,FEU113,Avlivning katt,38.0,Euthansaia/Cremation,-750576.429,4025841.8093040073,4207456.602,1,0,Clinics,Clinics
Clinics 1-GCUPI,921360,133.5459301975061,-0.2288192765002058,0.68186891757963,0.6625044169105639,0.3086,0.188,Clinics 1,GCUPI,"Check-up, large (IDEXX)",187.0,External,284331.696,628246.7459011679,173215.68,0,1,Clinics,Clinics
Clinics 1-GERIPI,2949262,282.4186411896172,-0.6228820530088491,0.6966724816352823,0.6798209528372424,-0.244,0.587,Clinics 1,GERIPI,Geriatric profile (IDEXX),68.0,External,-719619.928,2054669.676532636,1731216.794,1,0,Clinics,Clinics
Clinics 1-HISTU,3207550,334.4573567006355,-0.142487840453697,0.7837411712463583,0.7706345755643195,-0.2961,0.371,Clinics 1,HISTU,Histopathological Examination (1site) (IDEXX),88.0,External,-949755.5549999999,2513888.993831257,1190001.05,1,0,Clinics,Clinics
Clinics 1-PK1,2264428,325.7562200054085,-0.3433942243072717,0.6335363836465759,0.6171275650038853,0.2601,0.54,Clinics 1,PK1,Bacteriologic culture (aerobic) – incl. differentiation and resistance testing (IDEXX),130.0,External,588977.7228,1434597.5261480487,1222791.12,0,0,Clinics,Clinics
Clinics 1-PROFPHS,301350,53.30559705838844,0.08480007858556031,0.7335412744450794,0.7199464415086039,-0.1046,0.755,Clinics 1,PROFPHS,Gastrointestinal diseases dog (profile P); add-on test (IDEXX),387.0,External,-31521.21,221052.66305402468,227519.25,0,0,Clinics,Clinics
Clinics 1-SD1,533010,83.53439631430199,-0.09982343044863488,0.7588502878619836,0.7483655177690264,-0.046,0.808,Clinics 1,SD1,Thyroid profile 1 (dog) (IDEXX),366.0,External,-24518.46,404474.79193331586,430672.08,1,0,Clinics,Clinics
Clinics 1-SFH670,65442,92.53424425251751,-0.07537133334413833,0.8179486491021606,0.8077401621359266,-0.5382,0.012,Clinics 1,SFH670,Hills PD Canine Biome GI Mini 1 kg | 1,1125.0,Lifestage,-35220.8844,53528.195494543594,785.304,1,1,Clinics,Clinics
Clinics 1-SFH786,196743,72.13948248254314,-0.07584157337314361,0.403940592193648,0.3633001780250331,2.8776,0.139,Clinics 1,SFH786,Hills VE Canine A1+ Dental Medium Chicken 10 kg | 1,1019.0,Lifestage,566147.6568,79472.48392995488,27347.277000000002,0,0,Clinics,Clinics
Clinics 1-SFP042,124812,241.2208786835433,-0.06355454639461254,0.5607924910742947,0.5337643366788667,-0.5955,0.049,Clinics 1,SFP042,Purina Pro Plan Cat Delicate Ocean Fish 10x85 g pouch | 1=4,807.0,Lifestage,-74325.546,69993.63239596487,6115.7880000000005,1,1,Clinics,Clinics
Clinics 1-SFP043,442444,454.8419119840793,-0.1609662611449125,0.6490721014766485,0.6278037439903847,0.07,0.706,Clinics 1,SFP043,Purina Pro Plan Cat Sterilised Chicken 10x85 g pouch | 1=4,544.0,Lifestage,30971.08,287178.0568657343,312365.464,0,0,Clinics,Clinics
Clinics 1-SFP166,204322,243.8252904734881,-0.216124084981009,0.5243570410606384,0.5063402623129354,1.2502,0.083,Clinics 1,SFP166,"Purina Pro Plan Cat ECN Acti Protect Kitten Turkey 1,5 kg | 1=6",892.0,Lifestage,255443.3644,107137.67934359176,16958.726000000002,0,1,Clinics,Clinics
Clinics 1-SFP167,827217,390.0580404140321,-0.315419203176906,0.7681762376368817,0.7559749869861913,0.4557,0.325,Clinics 1,SFP167,Purina Pro Plan Cat ECN Acti Protect Sterilised Salmon 3 kg | 1=4,386.0,Lifestage,376962.7869,635448.4427692684,268845.525,0,0,Clinics,Clinics
Clinics 1-SFP168,1157812,446.1948993096752,-0.3387113521974633,0.7578767267918961,0.7451333966230486,-0.0482,0.888,Clinics 1,SFP168,Purina Pro Plan Cat ECN Acti Protect Sterilised Turkey 3 kg | 1=4,309.0,Lifestage,-55806.5384,877478.7688003788,1028137.056,1,0,Clinics,Clinics
Clinics 1-SFP169,1514879,388.6745529942671,-0.0674604811186718,0.7761371436337865,0.7661134336472396,-0.5538,0.178,Clinics 1,SFP169,Purina Pro Plan Cat ECN Acti Protect Sterilised Turkey 7 kg | 1,224.0,Lifestage,-838939.9901999999,1175753.860010807,269648.462,1,1,Clinics,Clinics
Clinics 1-SFP170,217502,237.0089368106577,-0.1724461216957864,0.8177459354311427,0.8077004358092372,2.5559,0.02,Clinics 1,SFP170,"Purina Pro Plan Cat ECN Acti Protect Sterilised 7+ Turkey 1,5 kg | 1=6",1008.0,Lifestage,555913.3618,177861.3764481444,4350.04,0,1,Clinics,Clinics
Clinics 1-SFP171,163779,169.9514936563023,-0.04440547679430192,0.2663958536241547,0.2249827163287441,-0.1466,0.893,Clinics 1,SFP171,Purina Pro Plan Dog ECN Acti Protect Small Puppy Lamb 3 kg | 1=4,1056.0,Lifestage,-24010.0014,43630.04651071043,146254.647,1,0,Clinics,Clinics
Clinics 1-SFP172,186822,97.14292825780541,-0.2013689034233897,0.7412087804424992,0.7296556009979678,0.8309,0.239,Clinics 1,SFP172,Purina Pro Plan Dog ECN Acti Protect Small Adult Chicken 7 kg | 1,949.0,Lifestage,155230.39979999998,138474.10677982858,44650.458,0,0,Clinics,Clinics
Clinics 1-SFP173,160057,167.1353740533413,-0.05514993317225558,0.7025251222617064,0.6859987401651345,-0.1003,0.907,Clinics 1,SFP173,Purina Pro Plan Dog ECN Acti Protect Small Adult Salmon 3 kg | 1=4,1042.0,Lifestage,-16053.7171,112444.06349384194,145171.699,1,0,Clinics,Clinics
Clinics 1-SFP174,507209,222.9048701211014,0.005373438949914531,0.7799904949951841,0.7718419948098206,-1.1387,0.03,Clinics 1,SFP174,Purina Pro Plan Dog ECN Acti Protect Puppy Lamb 10 kg | 1,449.0,Lifestage,-577558.8883,395618.19897601235,15216.269999999999,0,1,Clinics,Clinics
Clinics 1-SFP175,1414007,388.7697196451228,-0.2723115888350324,0.6140520533014773,0.5937390034752392,0.8573,0.182,Clinics 1,SFP175,Purina Pro Plan Dog ECN Acti Protect Adult Chicken 10 kg  | 1,247.0,Lifestage,1212228.2011,868273.901732662,257349.274,0,1,Clinics,Clinics
Clinics 1-SFP176,845272,285.5494081268507,-0.1204699919143868,0.3321316464062687,0.3073957814583528,-0.0198,0.98,Clinics 1,SFP176,Purina Pro Plan Dog ECN Acti Protect Derma Salmon 10 kg | 1,294.0,Lifestage,-16736.3856,280741.58102111955,828366.5599999999,1,0,Clinics,Clinics
Clinics 1-SFP177,1528214,375.7383461672193,-0.2816869294653412,0.6689905042466116,0.6515689518385385,-0.9059,0.184,Clinics 1,SFP177,Purina Pro Plan Dog ECN Acti Protect Digestion Lamb 10 kg | 1,203.0,Lifestage,-1384409.0626,1022360.6544567313,281191.376,1,1,Clinics,Clinics
Clinics 1-SFP178,1738720,397.9770073467589,-0.2315824903625261,0.7396874325292092,0.7218033630083152,0.8435,0.052,Clinics 1,SFP178,Purina Pro Plan Dog ECN Acti Protect Lt Sterilised Chicken 10 kg | 1,196.0,Lifestage,1466610.32,1286109.3326871865,90413.44,0,1,Clinics,Clinics
Clinics 1-SFP179,454275,197.6037968577108,-0.1320861855006731,0.4948903090613652,0.4668286595647744,-0.3338,0.567,Clinics 1,SFP179,Purina Pro Plan Dog ECN Acti Protect Adult 7+ Chicken10 kg  | 1,526.0,Lifestage,-151636.995,224816.2951488517,257573.925,1,0,Clinics,Clinics
Clinics 1-SFP181,214151,246.9438023478908,-0.1578848762511444,0.712878213851563,0.7000220144717824,-0.3339,0.513,Clinics 1,SFP181,"Pro Plan Cat ECN ActiProtect Sterilised Turkey 1,5kg | 1 = 6",1130.0,Lifestage,-71505.0189,152663.58237452607,109859.463,1,0,Clinics,Clinics
Clinics 1-SFP185,291451,262.5591973813082,-0.02542797616261375,0.6759781573802974,0.6614697166659824,-0.1969,0.799,Clinics 1,SFP185,Purina Pro Plan Dog ECN Acti Protect Small Adult Chicken 3 kg | 1=4,743.0,Lifestage,-57386.7019,197014.50994664506,232869.34900000002,1,0,Clinics,Clinics
Clinics 1-SFP186,157607,173.2819244756575,-0.2330518323073619,0.4945163806957447,0.4717126083963045,-0.0111,0.989,Clinics 1,SFP186,Purina Pro Plan Dog ECN Acti Protect Puppy Lamb 3 kg | 1=4,1131.0,Lifestage,-1749.4377000000002,77939.24321231424,155873.323,1,0,Clinics,Clinics
Clinics 1-SFP187,196967,201.5048153584473,0.05600432780899259,0.4217366750813689,0.3954519784941585,-0.1444,0.888,Clinics 1,SFP187,Purina Pro Plan Dog ECN Acti Protect Adult Chicken 3 kg  | 1=4,1046.0,Lifestage,-28442.0348,83068.20768075199,174906.696,0,0,Clinics,Clinics
Clinics 1-SFP188,146932,148.3103567146606,-0.2982054491560995,0.4309093114909586,0.4031487901002736,-0.0029,0.997,Clinics 1,SFP188,Purina Pro Plan Dog ECN Acti Protect Derma Salmon 3 kg | 1=4,1091.0,Lifestage,-426.10279999999995,63314.366955989535,146491.204,1,0,Clinics,Clinics
Clinics 1-SFP189,327499,268.248047266211,-0.04134972927689522,0.613883646903739,0.5935617335828831,0.4688,0.563,Clinics 1,SFP189,Purina Pro Plan Dog ECN Acti Protect Digestion Lamb 3 kg | 1=4,594.0,Lifestage,153531.5312,201046.28047732761,184381.93699999998,0,0,Clinics,Clinics
Clinics 1-SFP190,493819,343.1736057102286,-0.1165460788736947,0.3711841779784267,0.3430282456491026,-0.4792,0.537,Clinics 1,SFP190,Purina Pro Plan Dog ECN Acti Protect Lt Sterilised Chicken 3 kg | 1=4,524.0,Lifestage,-236638.0648,183297.79958512867,265180.803,1,0,Clinics,Clinics
Clinics 1-SFP191,138357,156.0984516612313,-0.2290637632203686,0.4099391582693273,0.3913545648289911,1.4301,0.194,Clinics 1,SFP191,Purina Pro Plan Dog ECN Acti Protect Adult 7+ Chicken 3 kg  | 1=4,1172.0,Lifestage,197864.34569999998,56717.95212066932,26841.258,0,0,Clinics,Clinics
Clinics 1-SFP204,81199,168.2632883583178,-0.1149772264883485,0.6621347417135992,0.6424259349802258,-0.4058,0.16,Clinics 1,SFP204,Purina Pro Plan Cat Kitten Turkey 10x85 g pouch | 1=4,1225.0,Lifestage,-32950.5542,53764.67889240254,12991.84,1,1,Clinics,Clinics
Clinics 1-SFP212,128062,249.7117042884062,0.1401669868956442,0.7353534697994226,0.720766653174194,0.1456,0.591,Clinics 1,SFP212,Purina Pro Plan Cat Sterilised Cod 10x75 g pouch | 1=4,1070.0,Lifestage,18645.8272,94170.83604945366,75684.64199999999,1,0,Clinics,Clinics
Clinics 1-SFP226,250978,172.4409189613919,-0.1383843513331735,0.5924422568842085,0.5664279328555409,-2.6198,0.087,Clinics 1,SFP226,UTGÅR HOS LEV. Purina Pro Plan Cat ECN Acti Protect Sterilised 7+ Turkey 3 kg | 1=4,915.0,Lifestage,-657512.1644,148689.97274828487,21835.086,1,1,Clinics,Clinics
Clinics 1-SFR544,175359,218.1777931822731,-0.1569698163409943,0.5835720317420432,0.5635834892656613,0.9608,0.049,Clinics 1,SFR544,Royal V Cat Adult Neutered Satiety Balance 12x85 g pouch | 1,921.0,Lifestage,168484.9272,102334.60791425295,8592.591,0,1,Clinics,Clinics
Clinics 1-SFR552,273540,262.4058245442723,-0.2571442099255524,0.6148583175312936,0.5974835047883444,1.2077,0.043,Clinics 1,SFR552,"Royal V Cat Adult Neutered Satiety Balance 1,5 kg | 1",839.0,Lifestage,330354.258,168188.34417751007,11762.22,0,1,Clinics,Clinics
Clinics 1-SFR560,243622,176.253295045154,-0.306930576192712,0.6992434195102857,0.6853623465646066,-0.0164,0.968,Clinics 1,SFR560,Royal V Dog Adult Small 4 kg | 1,1073.0,Lifestage,-3995.4008000000003,170351.08034793483,235826.096,1,0,Clinics,Clinics
Clinics 1-SFR562,264548,180.7937840591692,-0.1787543863695228,0.614240636243581,0.5965722684379435,-0.2952,0.459,Clinics 1,SFR562,"Royal V Dog Adult Neutered Small 3,5 kg | 1",951.0,Lifestage,-78094.5696,162496.13183696687,121427.532,1,0,Clinics,Clinics
Clinics 1-SFR566,712444,319.8379603312331,-0.453357235091815,0.5222446491242949,0.4970996306571526,0.5961,0.178,Clinics 1,SFR566,"Royal V Cat Adult Neutered Satiety Balance 3,5 kg | 1",429.0,Lifestage,424687.8684,372070.0668007092,126815.03199999999,0,1,Clinics,Clinics
Clinics 1-SFR569,184386,69.28320822028331,-0.475272756203422,0.7498925796634639,0.7345798804591861,-0.4261,0.293,Clinics 1,SFR569,Royal V Dog Adult Small 8 kg | 1,1207.0,Lifestage,-78566.8746,138269.69319382746,54025.098,1,0,Clinics,Clinics
Clinics 1-SFR570,406121,169.9431481693725,-0.1976977596123032,0.3783432737284614,0.3496514248236212,0.665,0.175,Clinics 1,SFR570,Royal V Dog Adult 10 kg | 1,901.0,Lifestage,270070.465,153653.14866987648,71071.17499999999,0,0,Clinics,Clinics
Clinics 1-SFR573,273294,90.8997327025313,-0.4904437009143,0.447952421954264,0.4169964829984283,-0.0235,0.972,Clinics 1,SFR573,Royal V Dog Adult Neutered Small 8 kg | 1,862.0,Lifestage,-6422.409,122422.70920556862,265641.768,1,0,Clinics,Clinics
Clinics 1-SFR575,305374,116.9974040991534,-0.4402801469118421,0.4539394012139242,0.4152802437777418,0.8083,0.182,Clinics 1,SFR575,Royal V Dog Adult Neutered 9 kg | 1,858.0,Lifestage,246833.8042,138621.29070630088,55578.068,0,0,Clinics,Clinics
Clinics 1-SFR576,286587,99.60388978342108,-0.159809258218454,0.4865427208370174,0.4597536454024271,-0.2,0.633,Clinics 1,SFR576,Royal V Dog Adult Large 13 kg | 1,870.0,Lifestage,-57317.4,139436.8187365183,181409.571,1,0,Clinics,Clinics
Clinics 1-SFR580,485215,145.2189410778234,-0.4429042472404776,0.5493479935025061,0.520037293892913,-0.018,0.982,Clinics 1,SFR580,Royal V Dog Adult Neutered Large 12 kg | 1,764.0,Lifestage,-8733.869999999999,266551.88666731847,476481.13,1,0,Clinics,Clinics
Clinics 1-SFR581,465506,137.9678657891005,-0.3423073790094153,0.7582609246722077,0.7483535855194294,0.612,0.141,Clinics 1,SFR581,Royal V Cat Adult Neutered Satiety Balance 8 kg | 1,568.0,Lifestage,284889.672,352975.0100004607,65636.34599999999,0,1,Clinics,Clinics
Clinics 1-SFR586,316784,59.71517783115814,-0.2584545000086002,0.7539187794242062,0.7413636151091146,-0.1187,0.787,Clinics 1,SFR586,Royal V Cat Adult Neutered Satiety Balance 12 kg | 1,688.0,Lifestage,-37602.2608,238829.40662111773,249309.008,1,0,Clinics,Clinics
Clinics 1-SVA008,1012628,210.6428506597555,-0.1590707359623575,0.6088176019232461,0.5906230717801413,-0.1458,0.68,Clinics 1,SVA008,Bakterieodling aerob (SVA artnr D110000),151.0,External,-147641.1624,616505.7506003329,688587.04,1,0,Clinics,Clinics
Clinics 1-SVA061,411543,70.19357233348782,-0.08378988248683487,0.7491002905349766,0.7313599070374497,0.1161,0.697,Clinics 1,SVA061,"Paket: Mag-tarmparasiter, hund, träck (flotation + IF Giardia/Crypto + makroskopisk undersökning) (SVA artnr D160157)",263.0,External,47780.1423,308286.98086763587,286845.47099999996,0,0,Clinics,Clinics
Clinics 2-AAP115,6521196,601.2934849729163,-0.5909552646114196,0.7942189276348703,0.7833883448788109,-0.0242,0.945,Clinics 2,AAP115,Veterinärkonsultation 15 min,90.0,Consult,-157812.9432,5179257.2940168055,6162530.22,1,0,Clinics,Clinics
Clinics 2-AAP120,5970076,544.061010741875,-0.5466292498840121,0.7253342712134492,0.7151614664435769,0.2727,0.517,Clinics 2,AAP120,Veterinärkonsultation 20 min,70.0,Consult,1628039.7252,4330300.724548904,3086529.292,0,0,Clinics,Clinics
Clinics 2-AAP130,118185117,1009.863686433158,0.1545953083113122,0.705497921362254,0.6899978119602674,-0.114,0.2,Clinics 2,AAP130,Veterinärkonsultation 30 min,1.0,Consult,-13473103.338000001,83379354.37945479,23637023.400000002,0,1,Clinics,Clinics
Clinics 2-AAP140,14613995,612.0557425229878,0.3537427347817631,0.7137628184543865,0.7009462282359262,-0.3955,0.16,Clinics 2,AAP140,Veterinärkonsultation 40 min,31.0,Consult,-5779835.0225,10430926.260078313,2338239.2,0,1,Clinics,Clinics
Clinics 2-AAP145,17731857,672.7517519398154,-0.1308335242835361,0.5792179096285702,0.5570714838195476,-0.2911,0.148,Clinics 2,AAP145,Veterinärkonsultation 45 min,17.0,Consult,-5161743.5727,10270609.14537273,2624314.8359999997,1,1,Clinics,Clinics
Clinics 2-ACTHT2,444759,88.5292832514301,-0.1060010074909595,0.8263565895795038,0.81713658548638,-0.0518,0.645,Clinics 2,ACTHT2,ACTH stimulation test (2 cortisol tests) (IDEXX),589.0,External,-23038.5162,367529.5304247905,286869.555,1,0,Clinics,Clinics
Clinics 2-AEM111,55613559,796.9582680790712,0.02631690671421899,0.7776621755631187,0.7694274413247156,-0.0063,0.953,Clinics 2,AEM111,Veterinärkonsultation inkl. akutavgift vardag/mån-fre 07-17,2.0,Consult,-350365.4217,43248561.28274786,52999721.727,0,0,Clinics,Clinics
Clinics 2-AEM112,4787711,373.6574201613097,0.4978066885855674,0.5022492570382407,0.4838140443359534,-0.5368,0.112,Clinics 2,AEM112,Veterinärkonsultation inkl. akutavgift vardag/mån-tors 17-22,25.0,Consult,-2570043.2648000005,2404624.2926638126,536223.632,0,1,Clinics,Clinics
Clinics 2-AEM114,6884305,394.1196565881742,0.5891818117571904,0.5964016379687385,0.5751596189144615,-0.5995,0.057,Clinics 2,AEM114,Veterinärkonsultation inkl. akutavgift helg 07-17,20.0,Consult,-4127140.8475,4105810.778276376,392405.385,0,1,Clinics,Clinics
Clinics 2-ASU130,613496,147.0697506616211,0.1288414863383353,0.5112660072807445,0.4820255119898488,-1.2265,0.054,Clinics 2,ASU130,Veterinärkonsultation kirurgi/ortopedi 30 min,99.0,Consult,-752452.8439999999,313659.6504027076,33128.784,0,1,Clinics,Clinics
Clinics 2-B12,410806,128.211057204457,0.2382359016505363,0.6160619777550216,0.6005806058903047,-1.4712,0.013,Clinics 2,B12,Vitamin B12 (Cobalamin) (IDEXX),432.0,External,-604377.7872,253081.9568336294,5340.478,0,1,Clinics,Clinics
Clinics 2-BCUPI,1210765,188.1337684966679,-0.4212564888287912,0.5988340008409141,0.5832849311060657,-0.4504,0.315,Clinics 2,BCUPI,"Check-up, basic (IDEXX)",516.0,External,-545328.556,725047.2490281494,381390.975,1,0,Clinics,Clinics
Clinics 2-BIOVETPAD1,705955,108.4531008611091,-0.006826365541207868,0.2826483599504453,0.24242303434019,0.1994,0.543,Clinics 2,BIOVETPAD1,"Histopatologi, per fall av 1 organ/vävnad (BioVet)",402.0,External,140767.427,199537.0229488166,383333.565,0,0,Clinics,Clinics
Clinics 2-CDF114,11004119,591.8999635522258,0.5825401194116019,0.8095492230830346,0.7995254979821417,-0.2119,0.133,Clinics 2,CDF114,Dagvårdavgift 4 -  post op tillsyn och droppassning,67.0,Hospitalisation,-2331772.8161,8908375.987163259,1463547.827,0,1,Clinics,Clinics
Clinics 2-COKR_Q,307045,49.3334898821721,0.01021830215097311,0.6061145013726177,0.5801440289356474,-0.789,0.199,Clinics 2,COKR_Q,Cortisol/Creatinine ratio 1 measurement (IDEXX),776.0,External,-242258.505,186104.4270739554,61101.955,0,1,Clinics,Clinics
Clinics 2-CORT,214635,52.82317090914414,0.02144934477246741,0.5590631846237093,0.5331257248956922,-0.0893,0.827,Clinics 2,CORT,Cortisol (IDEXX),1012.0,External,-19166.9055,119994.52663170984,177503.145,0,0,Clinics,Clinics
Clinics 2-CYTU,2396404,315.354767913442,-0.2262572032786194,0.5389529750665879,0.5146873421753557,-0.8324,0.12,Clinics 2,CYTU,"Cytological Examination (1 – 2 sites, max of 4 slides) (IDEXX)",182.0,External,-1994766.6896000002,1291549.0652614716,287568.48,1,1,Clinics,Clinics
Clinics 2-DERMP,314305,46.84412888203472,-0.09352151782854905,0.5184449525313188,0.4933639604756584,-0.9799,0.189,Clinics 2,DERMP,Dermatophytes (mammals) (IDEXX),960.0,External,-307987.4695,162949.84080535616,59403.645,1,1,Clinics,Clinics
Clinics 2-FCR112,6143650,484.025930809904,-0.1570116637107627,0.513861487452689,0.4920940913684811,-0.2722,0.186,Clinics 2,FCR112,Kremering hund,60.0,Euthansaia/Cremation,-1672301.53,3156985.127388713,1142718.9,1,1,Clinics,Clinics
Clinics 2-FCR113,5568518,547.6989506394847,-0.1655635134323649,0.4810642166112612,0.4537518069592223,-0.1861,0.161,Clinics 2,FCR113,Kremering katt,80.0,Euthansaia/Cremation,-1036301.1998,2678814.749355707,896531.398,1,0,Clinics,Clinics
Clinics 2-FCS112,11550750,466.2190737849118,-0.08111348697205174,0.4624543221258971,0.4341624443430496,-0.3366,0.062,Clinics 2,FCS112,Separatkremering hund,22.0,Euthansaia/Cremation,-3887982.45,5341694.261295706,716146.5,1,0,Clinics,Clinics
Clinics 2-FCS113,7658383,433.7157908559961,-0.08902728631676596,0.4634411334149107,0.4435685828006481,-0.3454,0.064,Clinics 2,FCS113,Separatkremering katt,41.0,Euthansaia/Cremation,-2645205.4882,3549209.697645484,490136.512,1,0,Clinics,Clinics
Clinics 2-FEU112,11307950,566.8232868836818,-0.2969468153981314,0.5575194534053598,0.5377068916175402,-0.2282,0.199,Clinics 2,FEU112,Avlivning hund,28.0,Euthansaia/Cremation,-2580474.19,6304402.103135139,2250282.0500000003,1,1,Clinics,Clinics
Clinics 2-FEU113,9784436,600.0860597868617,-0.4150850510593732,0.4933056746831617,0.4666375522980649,-0.0479,0.714,Clinics 2,FEU113,Avlivning katt,38.0,Euthansaia/Cremation,-468674.48439999996,4826717.802374216,6986087.304,1,0,Clinics,Clinics
Clinics 2-GCUPI,2516916,281.5296109132264,-0.3849673745427045,0.7946367557329317,0.7838281639294018,-0.1226,0.704,Clinics 2,GCUPI,"Check-up, large (IDEXX)",187.0,External,-308573.9016,2000033.9646923074,1771908.8639999998,1,0,Clinics,Clinics
Clinics 2-GERIPI,8736616,480.0690375125213,-0.5591695022731248,0.7265372636041485,0.7121444880043668,1.3502,0.002,Clinics 2,GERIPI,Geriatric profile (IDEXX),68.0,External,11796178.9232,6347477.081800221,17473.232,0,1,Clinics,Clinics
Clinics 2-GERIPKLI,496596,63.35058417319826,-0.3639713755798624,0.451052077239057,0.4208901034609832,-0.8324,0.057,Clinics 2,GERIPKLI,Geriatric profile without blood count (IDEXX),954.0,External,-413366.5104,223990.65734860674,28305.972,1,0,Clinics,Clinics
Clinics 2-HISTU,4276406,385.288022514163,-0.2399147257235372,0.6848493129819245,0.6707380881900704,-0.7886,0.07,Clinics 2,HISTU,Histopathological Examination (1site) (IDEXX),88.0,External,-3372373.7715999996,2928693.71113178,299348.42000000004,1,1,Clinics,Clinics
Clinics 2-LEP,370965,77.58375376171426,-0.1032853690901569,0.8211462213147392,0.8144600987470659,-0.2148,0.148,Clinics 2,LEP,Liver profile 1 (IDEXX),811.0,External,-79683.28199999999,304616.50799002225,54902.82,1,1,Clinics,Clinics
Clinics 2-NIP,501689,121.1618023632011,-0.2627552814563733,0.6710544520200207,0.6540400271245045,-0.4742,0.129,Clinics 2,NIP,"Kidney profile (Cat, dog) (IDEXX)",720.0,External,-237900.92380000002,336660.6369794721,64717.881,1,1,Clinics,Clinics
Clinics 2-PB,195315,46.56090115993231,-0.02480290077085708,0.5511428806967373,0.5158395117627729,-0.0432,0.925,Clinics 2,PB,Phenobarbitone (IDEXX),669.0,External,-8437.608,107646.47174328325,180666.375,1,0,Clinics,Clinics
Clinics 2-PK1,3314291,390.5679275647273,-0.4328903282203513,0.5847902048184123,0.5694120642561313,-0.0894,0.859,Clinics 2,PK1,Bacteriologic culture (aerobic) – incl. differentiation and resistance testing (IDEXX),130.0,External,-296297.61539999995,1938164.9127178204,2846975.969,1,0,Clinics,Clinics
Clinics 2-PRGCUPI,2179930,253.6411220473773,-0.3470918240198893,0.8111690510414981,0.803961762913311,-0.198,0.337,Clinics 2,PRGCUPI,"Check-up, large - premium (dog, cat) (IDEXX)",434.0,External,-431626.14,1768291.7494368928,734636.41,1,0,Clinics,Clinics
Clinics 2-PRGERIPI,3485872,321.0512794408531,-0.5482836599083274,0.7544109597330644,0.7433317549089921,-0.7737,0.02,Clinics 2,PRGERIPI,Geriatric profile with Premium Blood Count (incl. manual differentiation) (IDEXX),340.0,External,-2697019.1664,2629780.0410266165,69717.44,1,1,Clinics,Clinics
Clinics 2-PROFC,1010540,140.1545214150875,-0.3289458873037484,0.7159753076204974,0.7049665986135399,-0.0652,0.883,Clinics 2,PROFC,"Diarrhea profile C (dog, cat, ferret) (IDEXX)",413.0,External,-65887.208,723521.6873628175,892306.8200000001,1,0,Clinics,Clinics
Clinics 2-PROFP,483933,57.08741450816164,0.06400158064942121,0.6389486541099909,0.6214218897463982,-0.9712,0.02,Clinics 2,PROFP,Gastrointestinal diseases cat (IDEXX),420.0,External,-469995.72959999996,309208.3390294102,9678.66,0,1,Clinics,Clinics
Clinics 2-PROFPH,822869,104.3494310183031,0.06550697867682646,0.6128015845785986,0.599095445979611,-0.7422,0.032,Clinics 2,PROFPH,"Gastrointestinal Diseases (Profile P), canine (IDEXX)",222.0,External,-610733.3718,504255.42710060684,26331.808,0,1,Clinics,Clinics
Clinics 2-PROFPHS,1186428,232.1805468944295,-0.02234938909356913,0.6041442737188207,0.5864193904524992,-0.9088,0.06,Clinics 2,PROFPHS,Gastrointestinal diseases dog (profile P); add-on test (IDEXX),387.0,External,-1078225.7664,716773.682379673,71185.68,1,1,Clinics,Clinics
Clinics 2-PROFPS,562320,157.1056781003896,0.01920521604942051,0.5495867432366146,0.5322631564380228,-0.5792,0.142,Clinics 2,PROFPS,Gastrointestinal diseases cat (profile P); add-on test (IDEXX),710.0,External,-325695.744,309043.6174568131,79849.43999999999,0,1,Clinics,Clinics
Clinics 2-SD1,1102585,182.0121325366513,-0.1846436060392298,0.7746830564677554,0.7642031986290463,-0.1899,0.323,Clinics 2,SD1,Thyroid profile 1 (dog) (IDEXX),366.0,External,-209380.89150000003,854153.9178155,356134.955,1,0,Clinics,Clinics
Clinics 2-SFH670,171532,232.4652337630772,0.4603734578965867,0.7108240776306289,0.6977785472981761,-0.0684,0.926,Clinics 2,SFH670,Hills PD Canine Biome GI Mini 1 kg | 1,1125.0,Lifestage,-11732.7888,121929.07568413705,158838.632,0,0,Clinics,Clinics
Clinics 2-SFP042,197334,323.2592514788839,-0.01053346877310917,0.5438706262207508,0.5234469229172023,-0.0716,0.77,Clinics 2,SFP042,Purina Pro Plan Cat Delicate Ocean Fish 10x85 g pouch | 1=4,807.0,Lifestage,-14129.114399999999,107324.16615464563,151947.18,1,0,Clinics,Clinics
Clinics 2-SFP043,583125,500.4910049720071,-0.2207406855029616,0.4959630877893155,0.473394270824658,-0.2145,0.197,Clinics 2,SFP043,Purina Pro Plan Cat Sterilised Chicken 10x85 g pouch | 1=4,544.0,Lifestage,-125080.3125,289208.47556714463,114875.625,1,0,Clinics,Clinics
Clinics 2-SFP150,331909,129.6678167053841,-0.2117873417362798,0.542588932709317,0.528294836856483,-0.1703,0.608,Clinics 2,SFP150,Purina Pro Plan Cat Sterilised 7+ Turkey 10 kg | 1,940.0,Lifestage,-56524.1027,180090.15006661668,201800.672,1,0,Clinics,Clinics
Clinics 2-SFP166,236868,266.715699327066,-0.2148855427021721,0.814931288935684,0.8066446302313117,-0.0763,0.906,Clinics 2,SFP166,"Purina Pro Plan Cat ECN Acti Protect Kitten Turkey 1,5 kg | 1=6",892.0,Lifestage,-18073.028400000003,193031.1445476176,214602.408,1,0,Clinics,Clinics
Clinics 2-SFP167,1044374,433.0087666548649,-0.460581149439805,0.7890579064660763,0.7796127380988858,-0.0497,0.882,Clinics 2,SFP167,Purina Pro Plan Cat ECN Acti Protect Sterilised Salmon 3 kg | 1=4,386.0,Lifestage,-51905.387800000004,824071.562007602,921137.868,1,0,Clinics,Clinics
Clinics 2-SFP168,1417348,481.1051084925271,-0.543126358197668,0.7973836538729484,0.788311280165767,0.5095,0.123,Clinics 2,SFP168,Purina Pro Plan Cat ECN Acti Protect Sterilised Turkey 3 kg | 1=4,309.0,Lifestage,722138.806,1130170.1270495157,174333.804,0,1,Clinics,Clinics
Clinics 2-SFP169,1964087,436.472128696312,-0.2502740316607538,0.6812019461550175,0.6618808519825943,-0.7053,0.16,Clinics 2,SFP169,Purina Pro Plan Cat ECN Acti Protect Sterilised Turkey 7 kg | 1,224.0,Lifestage,-1385270.5611,1337939.8868177698,314253.92,1,1,Clinics,Clinics
Clinics 2-SFP170,225460,247.6267193271172,-0.2346328769161201,0.7437058776240235,0.7341426641025319,0.9814,0.301,Clinics 2,SFP170,"Purina Pro Plan Cat ECN Acti Protect Sterilised 7+ Turkey 1,5 kg | 1=6",1008.0,Lifestage,221266.44400000002,167675.92716911234,67863.45999999999,0,0,Clinics,Clinics
Clinics 2-SFP171,182916,183.1255913334364,-0.1476745583271415,0.6812647691184655,0.6687161379813972,-1.4898,0.108,Clinics 2,SFP171,Purina Pro Plan Dog ECN Acti Protect Small Puppy Lamb 3 kg | 1=4,1056.0,Lifestage,-272508.2568,124614.22650807323,19754.928,1,1,Clinics,Clinics
Clinics 2-SFP172,243386,131.7506569089782,0.04514280600675218,0.7218064993294114,0.7053034950523426,-1.4102,0.023,Clinics 2,SFP172,Purina Pro Plan Dog ECN Acti Protect Small Adult Chicken 7 kg | 1,949.0,Lifestage,-343222.9372,175677.59664578814,5597.878,0,1,Clinics,Clinics
Clinics 2-SFP173,204472,202.3050906765947,-0.1407846450245041,0.6219498584010418,0.6046345847400207,-0.7185,0.362,Clinics 2,SFP173,Purina Pro Plan Dog ECN Acti Protect Small Adult Salmon 3 kg | 1=4,1042.0,Lifestage,-146913.132,127171.33144697781,74018.864,1,0,Clinics,Clinics
Clinics 2-SFP174,567287,237.6592193249662,-0.2882569812900765,0.8021180394239468,0.7916242990903681,0.5868,0.191,Clinics 2,SFP174,Purina Pro Plan Dog ECN Acti Protect Puppy Lamb 10 kg | 1,449.0,Lifestage,332884.01159999997,455031.1362306925,108351.817,0,1,Clinics,Clinics
Clinics 2-SFP175,1626120,417.2030537183615,-0.03106597911822295,0.6065172606472691,0.5888986305269976,-0.9875,0.028,Clinics 2,SFP175,Purina Pro Plan Dog ECN Acti Protect Adult Chicken 10 kg  | 1,247.0,Lifestage,-1605793.5,986269.8478837372,45531.36,1,1,Clinics,Clinics
Clinics 2-SFP176,1102919,329.4594947584705,0.06708578086314085,0.7847961573727871,0.7717535002438651,-0.8859,0.118,Clinics 2,SFP176,Purina Pro Plan Dog ECN Acti Protect Derma Salmon 10 kg | 1,294.0,Lifestage,-977075.9421,865566.5930934369,130144.442,0,1,Clinics,Clinics
Clinics 2-SFP177,1894529,418.3397064629978,-0.2253862186121736,0.5428212403553518,0.5187592003740547,-0.2955,0.628,Clinics 2,SFP177,Purina Pro Plan Dog ECN Acti Protect Digestion Lamb 10 kg | 1,203.0,Lifestage,-559833.3195,1028390.5816691844,1189764.212,1,0,Clinics,Clinics
Clinics 2-SFP178,2445563,455.5931700273628,-0.2599177161649013,0.7273437335361777,0.710819111326249,-0.0438,0.93,Clinics 2,SFP178,Purina Pro Plan Dog ECN Acti Protect Lt Sterilised Chicken 10 kg | 1,196.0,Lifestage,-107115.65939999999,1778764.9230179351,2274373.5900000003,1,0,Clinics,Clinics
Clinics 2-SFP179,589799,243.996697253987,-0.1548544686495908,0.6525141617970547,0.6394507844210041,-0.7124,0.136,Clinics 2,SFP179,Purina Pro Plan Dog ECN Acti Protect Adult 7+ Chicken10 kg  | 1,526.0,Lifestage,-420172.8076,384852.20011374104,80212.664,1,1,Clinics,Clinics
Clinics 2-SFP181,192478,230.7532155790229,-0.3199362922051709,0.7446292661629728,0.7291522519910317,-0.7639,0.187,Clinics 2,SFP181,"Pro Plan Cat ECN ActiProtect Sterilised Turkey 1,5kg | 1 = 6",1130.0,Lifestage,-147033.9442,143324.75189251668,35993.386,1,1,Clinics,Clinics
Clinics 2-SFP185,377474,304.4267251209573,-0.2347857518669366,0.6658109431858368,0.642851389664253,-0.9619,0.181,Clinics 2,SFP185,Purina Pro Plan Dog ECN Acti Protect Small Adult Chicken 3 kg | 1=4,743.0,Lifestage,-363092.2406,251326.31996813056,68322.794,1,1,Clinics,Clinics
Clinics 2-SFP186,143837,161.95762848648,-0.08802397969083996,0.6640243128730234,0.6532730908849602,-1.5609,0.034,Clinics 2,SFP186,Purina Pro Plan Dog ECN Acti Protect Puppy Lamb 3 kg | 1=4,1131.0,Lifestage,-224515.1733,95511.26509071708,4890.4580000000005,1,1,Clinics,Clinics
Clinics 2-SFP187,134260,146.6368374761989,-0.10493930631416,0.6996218905495439,0.68770212430151,-1.3535,0.068,Clinics 2,SFP187,Purina Pro Plan Dog ECN Acti Protect Adult Chicken 3 kg  | 1=4,1046.0,Lifestage,-181720.91,93931.23502518177,9129.68,1,1,Clinics,Clinics
Clinics 2-SFP188,107829,110.2794542836881,-0.03112339742175483,0.6513540274079141,0.634346906793666,-1.0599,0.174,Clinics 2,SFP188,Purina Pro Plan Dog ECN Acti Protect Derma Salmon 3 kg | 1=4,1091.0,Lifestage,-114287.95710000001,70234.85342136798,18762.246,1,1,Clinics,Clinics
Clinics 2-SFP189,420168,312.7484444911986,-0.1852674368776873,0.731892830732689,0.7197977704649907,1.6191,0.002,Clinics 2,SFP189,Purina Pro Plan Dog ECN Acti Protect Digestion Lamb 3 kg | 1=4,594.0,Lifestage,680294.0088,307517.94690329244,840.336,0,1,Clinics,Clinics
Clinics 2-SFP190,611120,377.8776384200709,-0.114885644859792,0.7606767895885734,0.7480808311458668,1.0111,0.023,Clinics 2,SFP190,Purina Pro Plan Dog ECN Acti Protect Lt Sterilised Chicken 3 kg | 1=4,524.0,Lifestage,617903.432,464864.799653369,14055.76,0,1,Clinics,Clinics
Clinics 2-SFP191,131333,147.5439049630996,-0.08715635760194759,0.6512830693772407,0.6374450959398296,-1.0504,0.193,Clinics 2,SFP191,Purina Pro Plan Dog ECN Acti Protect Adult 7+ Chicken 3 kg  | 1=4,1172.0,Lifestage,-137952.1832,85534.95935052115,25347.269,1,1,Clinics,Clinics
Clinics 2-SFP204,122502,251.3343762388417,-0.2527293058753195,0.7690427681756135,0.7565102052083986,0.1991,0.292,Clinics 2,SFP204,Purina Pro Plan Cat Kitten Turkey 10x85 g pouch | 1=4,1225.0,Lifestage,24390.1482,94209.277187049,35770.583999999995,0,0,Clinics,Clinics
Clinics 2-SFP212,167893,291.9557240685556,0.132318044071157,0.6492211677249826,0.6335146528469968,-0.1203,0.73,Clinics 2,SFP212,Purina Pro Plan Cat Sterilised Cod 10x75 g pouch | 1=4,1070.0,Lifestage,-20197.5279,108999.68951285051,122561.89,0,0,Clinics,Clinics
Clinics 2-SFP226,187970,141.1519482737286,-0.1464840784586344,0.7702108265406298,0.7529148672479891,-2.4857,0.344,Clinics 2,SFP226,UTGÅR HOS LEV. Purina Pro Plan Cat ECN Acti Protect Sterilised 7+ Turkey 3 kg | 1=4,915.0,Lifestage,-467237.029,144776.52906484218,64661.67999999999,1,0,Clinics,Clinics
Clinics 2-SFR544,176985,223.8331881624842,-0.1544622343546496,0.5272149765927042,0.5125549758668966,-0.274,0.511,Clinics 2,SFR544,Royal V Cat Adult Neutered Satiety Balance 12x85 g pouch | 1,921.0,Lifestage,-48493.89000000001,93309.14263225975,90439.335,1,0,Clinics,Clinics
Clinics 2-SFR552,242983,239.3464137076485,-0.2268002041898164,0.6964943537381783,0.6829045486816788,-0.8326,0.069,Clinics 2,SFR552,"Royal V Cat Adult Neutered Satiety Balance 1,5 kg | 1",839.0,Lifestage,-202307.6458,169236.28755436378,16765.827,1,1,Clinics,Clinics
Clinics 2-SFR560,101385,67.82644871935621,-0.09470781835860945,0.5688451776251647,0.5477101373126727,-0.2488,0.531,Clinics 2,SFR560,Royal V Dog Adult Small 4 kg | 1,1073.0,Lifestage,-25224.588,57672.36833352732,53835.435000000005,1,0,Clinics,Clinics
Clinics 2-SFR562,221141,155.6140232236119,-0.2518385649608577,0.7945950402846769,0.7848138517268043,0.6475,0.041,Clinics 2,SFR562,"Royal V Dog Adult Neutered Small 3,5 kg | 1",951.0,Lifestage,143188.7975,175717.54180359372,9066.781,0,1,Clinics,Clinics
Clinics 2-SFR566,562835,275.7520532104541,-0.3571657417146976,0.6735565239191061,0.661466024804999,-0.2628,0.531,Clinics 2,SFR566,"Royal V Cat Adult Neutered Satiety Balance 3,5 kg | 1",429.0,Lifestage,-147913.038,379101.18614001013,298865.385,1,0,Clinics,Clinics
Clinics 2-SFR573,206152,64.9806413728351,-0.5136064589494769,0.6838041084034518,0.6702042851089767,-0.7227,0.199,Clinics 2,SFR573,Royal V Dog Adult Neutered Small 8 kg | 1,862.0,Lifestage,-148986.0504,140967.5845555884,41024.248,1,1,Clinics,Clinics
Clinics 2-SFR575,201915,67.59088264804345,-0.1852276141079359,0.6932901895688125,0.6759292569028963,0.7785,0.056,Clinics 2,SFR575,Royal V Dog Adult Neutered 9 kg | 1,858.0,Lifestage,157190.82749999998,139985.68862678678,11307.24,0,1,Clinics,Clinics
Clinics 2-SFR576,207331,63.70701494670482,-0.2520635744014342,0.4554150776499121,0.4314772788652927,-0.2368,0.63,Clinics 2,SFR576,Royal V Dog Adult Large 13 kg | 1,870.0,Lifestage,-49095.980800000005,94421.66346423393,130618.53,1,0,Clinics,Clinics
Clinics 2-SFR581,395732,115.2989184006538,-0.3954670477011248,0.7281948819279926,0.7188222916496476,-0.2878,0.516,Clinics 2,SFR581,Royal V Cat Adult Neutered Satiety Balance 8 kg | 1,568.0,Lifestage,-113891.6696,288170.0170151284,204197.712,1,0,Clinics,Clinics
Clinics 2-SFR586,359811,76.91455170532663,-0.2260465621974142,0.7709200142751315,0.754388468913543,-0.4448,0.198,Clinics 2,SFR586,Royal V Cat Adult Neutered Satiety Balance 12 kg | 1,688.0,Lifestage,-160043.93279999998,277385.5012563493,71242.57800000001,1,1,Clinics,Clinics
Clinics 2-SLU060,1139077,195.3443784499322,0.03936750899568995,0.6112897052421074,0.5961057093531272,-0.7847,0.1,Clinics 2,SLU060,Cytologi (1-2 strukturer*) (SLU),435.0,External,-893833.7219,696306.043578064,113907.70000000001,0,1,Clinics,Clinics
Clinics 2-SVA008,1251265,225.6294018512915,0.07523572162854458,0.7270962563263863,0.7125136135346665,-1.261,0.007,Clinics 2,SVA008,Bakterieodling aerob (SVA artnr D110000),151.0,External,-1577845.1649999998,909790.0971722357,8758.855,0,1,Clinics,Clinics
Clinics 2-SVA061,1038851,173.0418687744392,-0.03993512450555636,0.7502097193483075,0.7386809371643832,-0.386,0.199,Clinics 2,SVA061,"Paket: Mag-tarmparasiter, hund, träck (flotation + IF Giardia/Crypto + makroskopisk undersökning) (SVA artnr D160157)",263.0,External,-400996.48600000003,779356.1171547086,206731.34900000002,1,1,Clinics,Clinics
Clinics 2-SVA096,947797,138.8292111405806,0.190541511532658,0.4842513891177325,0.4588867033366373,-0.8001,0.026,Clinics 2,SVA096,"Histopatologi allmän, 1 fixerat material (SVA artnr D152035)",173.0,External,-758332.3797,458972.01385161956,24642.721999999998,0,0,Clinics,Clinics
Clinics-ALB,435954,306.1550921692248,0.1621562421173471,0.5798923892579158,0.56433284811932,-0.0778,0.914,Clinics,ALB,ALB (Albumin) Catalyst,542.0,Internal,-33917.2212,252806.4066665454,398461.956,0,0,Clinics_CH,Clinics
Clinics-ALKP,1047266,450.7261355356214,-0.2422700330542018,0.6841697782099097,0.6675471349577997,1.0188,0.136,Clinics,ALKP,ALKP (Alkaliskt fosfatas) Catalyst,456.0,Internal,1066954.6008,716507.7469467792,142428.176,0,1,Clinics_CH,Clinics
Clinics-ALT,1863465,546.5481830045874,-0.2930657933214705,0.6567514029797945,0.6386856873471521,-0.8075,0.185,Clinics,ALT,ALT (Alanin aminotransferas) Catalyst,292.0,Internal,-1504747.9875,1223833.2531537428,344741.025,1,1,Clinics_CH,Clinics
Clinics-CANINE CRP,1015799,325.6785032979796,0.5735276404325508,0.7966345686052123,0.7875286537666397,-0.6114,0.192,Clinics,CANINE CRP,CRP (C-reaktivt protein) V-check,208.0,Internal,-621059.5086000001,809220.5981546061,195033.408,0,1,Clinics_CH,Clinics
Clinics-CPL,2296712,387.9449760454983,0.2530269297079266,0.8000612950763188,0.7911088157513779,-0.5195,0.198,Clinics,CPL,cPL (SNAP),296.0,Internal,-1193141.8839999998,1837510.3771373224,454748.976,0,1,Clinics_CH,Clinics
Clinics-CPL2,1658869,348.2990593461333,-0.1105773828899224,0.7593183411279569,0.7485415504321938,0.2745,0.081,Clinics,CPL2,cPL (V-check),127.0,Internal,455359.54050000006,1259609.6572285928,134368.389,0,1,Clinics_CH,Clinics
Clinics-CREA,2866603,607.0351001472304,-0.3360123187861692,0.5322525853008993,0.5184953083979846,-0.8411,0.046,Clinics,CREA,CREA (Kreatinin) Catalyst,177.0,Internal,-2411099.7833,1525756.8577813136,131863.738,1,1,Clinics_CH,Clinics
Clinics-CRP,5888876,655.2147427550022,-0.415673372832904,0.866799576408668,0.8587268234637389,-0.4758,0.179,Clinics,CRP,CRP (C-reaktivt protein) Catalyst,132.0,Internal,-2801927.2008,5104475.222323171,1054108.804,1,1,Clinics_CH,Clinics
Clinics-DCT111,1536514,80.91150392154007,0.04455384642013271,0.29630632255848,0.2611216386864039,-0.0255,0.943,Clinics,DCT111,DT ett område,78.0,Imaging,-39181.106999999996,455278.81289962033,1448932.7019999998,0,0,Clinics_CH,Clinics
Clinics-DCT112,3246552,117.9681596019516,-0.02068231302402399,0.5184284674641337,0.4891154176576027,-0.7019,0.36,Clinics,DCT112,DT ett område med kontrast,50.0,Imaging,-2278754.8488,1683104.9779026182,1168758.72,1,0,Clinics_CH,Clinics
Clinics-DUS111,21442196,611.0651132613675,-0.2639789864704288,0.707065185563208,0.6916475637507453,-0.1612,0.089,Clinics,DUS111,Ultraljud buk enkel (ett organ) inkl ev. sedering,23.0,Imaging,-3456481.9952000002,15161030.293622676,1908355.444,1,1,Clinics_CH,Clinics
Clinics-DUS112,18736973,523.9912842564293,-0.01066785814025699,0.7027546234197194,0.6847397521118237,-0.2068,0.087,Clinics,DUS112,Ultraljud buk medel (1-2 organsystem) inkl ev. sedering,10.0,Imaging,-3874806.0164,13167494.40464045,1630116.6509999998,1,1,Clinics_CH,Clinics
Clinics-DUS113,10479721,372.8309432822472,0.2132230959309644,0.7452587728904138,0.7298199106413479,-0.7006,0.162,Clinics,DUS113,Ultraljud buk omfattande  (>2 organsystem) inkl ev. sedering,7.0,Imaging,-7342092.5326,7810104.0126939,1697714.8020000001,0,1,Clinics_CH,Clinics
Clinics-DUS121,6857599,340.5589837959465,0.4560155256992076,0.7957651010146136,0.7866202547913874,-0.9061,0.066,Clinics,DUS121,Ultraljud hjärta enkel inkl ev. sedering,46.0,Imaging,-6213670.4539,5457037.960952713,452601.53400000004,0,1,Clinics_CH,Clinics
Clinics-DUS122,9483815,354.0619037535104,0.07137219131350339,0.626801639539377,0.6070108173937379,-1.2622,0.0,Clinics,DUS122,Ultraljud hjärta omfattande inkl ev. sedering,40.0,Imaging,-11970471.293,5944470.791088136,0.0,0,1,Clinics_CH,Clinics
Clinics-DXR100,1106483,216.2485310426753,-0.02840980040523775,0.664656190342189,0.6334614173507648,-1.0665,0.07,Clinics,DXR100,Röntgen grundavgift (röntgenträdet),89.0,Imaging,-1180064.1195,735430.7754583963,77453.81000000001,1,1,Clinics_CH,Clinics
Clinics-DXR110,39377283,673.5321698823324,0.8501574376934199,0.9647256136581049,0.9628690670085315,-0.9605,0.094,Clinics,DXR110,Röntgen per bild (röntgenträdet),4.0,Imaging,-37821880.3215,37988273.50636386,3701464.602,0,1,Clinics_CH,Clinics
Clinics-ECE111,4111749,487.3606835369916,-0.4322951696558691,0.5982944262199941,0.586479556402935,0.3001,0.137,Clinics,ECE111,"Besiktning, intyg hund/katt",252.0,Other,1233935.8749,2460036.5087156342,563309.613,0,1,Clinics_CH,Clinics
Clinics-ECE113,1194849,351.250221006578,0.01095890209657817,0.7961886661535063,0.7854617538457961,-0.2936,0.199,Clinics,ECE113,"Besiktning, intyg valp/kattunge enstaka ej kull",608.0,Other,-350807.66640000005,951325.2315648508,237774.951,0,1,Clinics_CH,Clinics
Clinics-ECE114,4317183,537.7350429126184,-0.01644227208321962,0.7961625000845407,0.7821583970369137,0.5396,0.146,Clinics,ECE114,"Besiktning, intyg, vacc (Nobivac Tricat) kattunge i en kull",254.0,Other,2329551.9468,3437179.2106024777,630308.718,0,1,Clinics_CH,Clinics
Clinics-ECE118,4090949,514.4795248549195,-0.1257285962258434,0.7809327034912958,0.7692268174183117,0.5328,0.2,Clinics,ECE118,"Besiktning, intyg, vacc (Nobivac DHPPI) valp i en kull",250.0,Other,2179657.6272,3194755.8624150134,818189.8,0,1,Clinics_CH,Clinics
Clinics-ECE122,423690,129.3239063191685,-0.2212614364768803,0.6423119427363135,0.6263437258941846,-0.1036,0.792,Clinics,ECE122,Undersökning patella inkl SKK intyg,683.0,Other,-43894.284,272141.1470179487,335562.48000000004,1,0,Clinics_CH,Clinics
Clinics-ECE127,9743904,665.582750325484,-0.2030585210839776,0.9149906237297918,0.9105164460313597,0.1867,0.19,Clinics,ECE127,Passutfärdande inkl pass,122.0,Other,1819186.8768,8915580.798523214,1851341.76,0,1,Clinics_CH,Clinics
Clinics-ECE131,9624301,705.4287447852498,-0.01065208060271601,0.8920561101701235,0.8855140562410402,-0.5024,0.009,Clinics,ECE131,"Intyg/avmaskning, exkl tablett",126.0,Other,-4835248.8224,8585416.51316643,86618.70899999999,1,1,Clinics_CH,Clinics
Clinics-EEX112,680504,306.5264105994037,-0.04238519923791012,0.5034415965514735,0.4635395819886454,-0.5638,0.052,Clinics,EEX112,Operationsintag sköterska,403.0,Surgery,-383668.1552,342594.0202196639,35386.208,1,1,Clinics_CH,Clinics
Clinics-EEX113,6420358,590.3069775022933,0.439609941238417,0.8526761707590336,0.846079581390035,-0.3236,0.181,Clinics,EEX113,Operationsintag,105.0,Surgery,-2077627.8488,5474486.274342127,1162084.798,0,1,Clinics_CH,Clinics
Clinics-EEY213,1247397,449.8981807615594,-0.1644271774431918,0.7517320373320717,0.74253692760363,-0.0032,0.983,Clinics,EEY213,Schirmer tårtest (STT),400.0,Other,-3991.6704,937708.2881719143,1226191.251,1,0,Clinics_CH,Clinics
Clinics-EEY231,7126093,719.507245849735,-0.1289455672732906,0.6242593253066994,0.601487163204075,-0.006,0.933,Clinics,EEY231,Fluoresceinfärgning,108.0,Other,-42756.558,4448530.008252793,6648644.769,1,0,Clinics_CH,Clinics
Clinics-EEY237,736853,272.08889653119,0.3372521745121002,0.7336211155928445,0.7252312294697845,-1.2878,0.0,Clinics,EEY237,Biomikroskopi /spaltlampa,299.0,Other,-948919.2934000001,540570.9198879342,0.0,0,1,Clinics_CH,Clinics
Clinics-EEY241,2751844,488.7739910706182,-0.01005214508620017,0.5273494424830321,0.5098438662786999,-0.165,0.187,Clinics,EEY241,Tonometri/Ögontrycksmätning,160.0,Other,-454054.26,1451183.399200277,514594.828,1,1,Clinics_CH,Clinics
Clinics-EEY263,1319306,268.9861946448764,-0.08062631003039798,0.3897802180586794,0.3699356723044901,-0.2405,0.61,Clinics,EEY263,Ögonspegling/ögonlysning första djuret,311.0,Other,-317293.093,514239.3803661241,804776.66,1,0,Clinics_CH,Clinics
Clinics-EMS111,2427051,444.0452473933403,-0.135753320956135,0.8931037379215765,0.8874776188648174,-0.3272,0.003,Clinics,EMS111,Blodtrycksmätning,188.0,Other,-794131.0872,2167608.3202263,7281.153,1,1,Clinics_CH,Clinics
Clinics-EMS112,762747,304.311281785987,0.2706360719910372,0.810700555530462,0.8051329248107698,-0.6243,0.0,Clinics,EMS112,Blodtrycksmätning uppföljning,425.0,Other,-476182.9521,618359.4166291934,0.0,0,1,Clinics_CH,Clinics
Clinics-ESA118,501121,173.6214534572197,-0.328316700801118,0.7713701648699007,0.7641692251807638,-0.0025,0.994,Clinics,ESA118,Cystocentes urinprov utan ultraljud,553.0,Other,-1252.8025,386549.7883897695,498114.274,1,0,Clinics_CH,Clinics
Clinics-FPL,1072603,260.0727050230304,0.1362249870117439,0.7803857474958895,0.7737307701472801,-0.5007,0.074,Clinics,FPL,Spec fPL® (feline pancreas-specific lipase) (IDEXX),561.0,Internal,-537052.3221,837044.0939213336,79372.622,0,1,Clinics_CH,Clinics
Clinics-FPL2,882649,239.8162088271152,-0.4438635989326249,0.7523014044118492,0.7390656015941618,0.3481,0.358,Clinics,FPL2,fPL (V-check),284.0,Internal,307250.1169,664018.0823027143,315988.342,0,0,Clinics_CH,Clinics
Clinics-FRU,1433007,454.8186146055043,0.03800954940423742,0.9107327979900651,0.9067357590940979,-0.3158,0.482,Clinics,FRU,FRU (Fruktosamin) Catalyst,422.0,Internal,-452543.6106,1305086.4746493492,690709.374,0,0,Clinics_CH,Clinics
Clinics-FSAA3.0,835536,318.5252448310785,-0.0323470160837383,0.7399706472853333,0.7283275419399005,-0.2787,0.503,Clinics,FSAA3.0,SAA (Serum Amyloid A) V-check,351.0,Internal,-232863.8832,618272.1147501983,420274.608,1,0,Clinics_CH,Clinics
Clinics-GLU,969969,453.1819085291974,0.2408343587244078,0.5117351162111985,0.4973743843350573,-0.0759,0.807,Clinics,GLU,GLU (Glukos) Catalyst,556.0,Internal,-73620.6471,496367.19893626,782764.983,0,0,Clinics_CH,Clinics
Clinics-HFE111,30882065,1101.901568816846,-0.1028156946436839,0.909013399792539,0.9042246313605674,-0.1572,0.125,Clinics,HFE111,Receptarvode vid besök,27.0,Admin,-4854660.618,28072210.898264177,3860258.125,1,1,Clinics_CH,Clinics
Clinics-HFE112,4450624,749.1263996648552,-0.02846062997720523,0.907488574653599,0.9026195522669463,-1.1275,0.007,Clinics,HFE112,Receptarvode utan besök,159.0,Admin,-5018078.56,4038890.4300790993,31154.368000000002,1,1,Clinics_CH,Clinics
Clinics-HFE113,27474187,1061.786391918875,0.1799142391997722,0.8489954098292971,0.8398436164856181,0.2096,0.082,Clinics,HFE113,Direktregleringsavgift,19.0,Admin,5758589.5952,23325458.651791748,2252883.3340000003,1,1,Clinics_CH,Clinics
Clinics-LANABA01,319154,77.2872036037885,0.04164650559783332,0.3650342378626936,0.3350830226675376,0.5139,0.167,Clinics,LANABA01,Bakt + res (aerob),232.0,Internal,164013.24060000002,116502.13715083012,53298.718,1,0,Clinics_CH,Clinics
Clinics-LANABA03,194040,96.5751157026658,-0.0007797976490526297,0.2424937467904819,0.2168155687155831,1.5941,0.361,Clinics,LANABA03,"Baktodling - screening, urin (utan res.best)",579.0,Internal,309319.164,47053.48662722511,70048.44,0,0,Clinics_CH,Clinics
Clinics-LANABA06,888834,330.9096264988269,-0.07926400882449536,0.5014359166840862,0.4829705802649783,-0.0737,0.624,Clinics,LANABA06,Baktodling Uricult/Selma,430.0,Internal,-65507.065800000004,445693.29156998306,554632.416,1,0,Clinics_CH,Clinics
Clinics-LANACY01,2047593,388.5642549661043,-0.1883139811594038,0.5682762833145738,0.5522865160299284,-0.487,0.184,Clinics,LANACY01,Cytologi FNA hudknöl (1-2 st)  inkl provtagning,149.0,Internal,-997177.791,1163598.539780938,376757.11199999996,1,1,Clinics_CH,Clinics
Clinics-LANACY05,1804610,422.9599517155833,-0.2846101151568294,0.8939289387663026,0.8883462513329502,0.2248,0.528,Clinics,LANACY05,Cytologi hud inkl provtagning,176.0,Internal,405676.328,1613193.1021870575,952834.0800000001,0,0,Clinics_CH,Clinics
Clinics-LANACY06,7567323,691.697065233305,-0.02801229454361804,0.5319132246724343,0.510954115329409,-0.4543,0.162,Clinics,LANACY06,Cytologi öron inkl provtagning,94.0,Internal,-3437834.8389,4025159.1790678794,1225906.3260000001,1,1,Clinics_CH,Clinics
Clinics-LANAMA01,109398,106.5766407786508,0.001036280900706455,0.5716633123323476,0.5441554516564433,-0.5568,0.083,Clinics,LANAMA01,Glukos med glukometer,476.0,Internal,-60912.806399999994,62538.82304253416,9080.034,0,1,Clinics_CH,Clinics
Clinics-LCY125,2333402,516.1426879897456,-0.1426663629537878,0.4729983962989867,0.4494013095661055,-0.0882,0.846,Clinics,LCY125,I-Cyt Öron,458.0,Internal,-205806.0564,1103695.4039208482,1974058.092,1,0,Clinics_CH,Clinics
Clinics-LPROCHEM010,10342600,564.3153905367735,-0.5886297294812017,0.9122662431337499,0.9076486769828946,0.7799,0.197,Clinics,LPROCHEM010,Chem 10,100.0,Internal,8066193.74,9435204.846235123,2037492.2000000002,0,1,Clinics_CH,Clinics
Clinics-LPROCHEM015,2413886,254.9327511305533,-0.3875889614076932,0.7485958082170108,0.7391445228116352,-0.1982,0.822,Clinics,LPROCHEM015,Chem 15,374.0,Internal,-478432.20519999997,1807024.9411137272,1984214.292,1,0,Clinics_CH,Clinics
Clinics-LPROHEM027,11476540,639.8140546928973,0.1141828949360476,0.8339055133418962,0.8251636982546275,1.343,0.0,Clinics,LPROHEM027,Hematologi,71.0,Internal,15412993.219999999,9570349.980088806,0.0,1,1,Clinics_CH,Clinics
Clinics-LPROLYTE04,2169653,422.1875401857461,0.4131981935454654,0.6379073384967743,0.62449649918184,0.8648,0.019,Clinics,LPROLYTE04,Lyte 4,170.0,Internal,1876315.9144000001,1384037.5706915418,41223.407,1,1,Clinics_CH,Clinics
Clinics-LPRONB001,28432665,618.2787186146256,0.4096861571910828,0.8847533467176628,0.8786877333870134,-0.4262,0.08,Clinics,LPRONB001,Normalblod standard hund/katt,16.0,Internal,-12118001.823,25155895.514852155,2274613.2,0,1,Clinics_CH,Clinics
Clinics-LPRONB002,26534961,566.1603269727051,0.8712922808730824,0.9130653004501523,0.9091727019628457,-0.0096,0.99,Clinics,LPRONB002,Normalblod utökad hund,21.0,Internal,-254735.62559999997,24228152.137898076,26269611.39,0,0,Clinics_CH,Clinics
Clinics-LPRONB003,7706409,428.3641069016423,0.3403799084462353,0.6370183360843542,0.6207654257597731,-1.7986,0.0,Clinics,LPRONB003,Normalblod utökad katt (Indiko),103.0,Internal,-13860747.2274,4909123.838365492,0.0,0,1,Clinics_CH,Clinics
Clinics-LPRONB004,8963056,417.716798364947,0.3135253062536655,0.7552237619393488,0.7480244608199179,-0.9732,0.008,Clinics,LPRONB004,Normalblod utökad katt inkl SAA,58.0,Internal,-8722846.0992,6769112.870793052,71704.448,0,1,Clinics_CH,Clinics
Clinics-LPRONJU002,565532,53.97983200144473,0.05650202508329666,0.7023094056822101,0.687572247547666,-0.5259,0.001,Clinics,LPRONJU002,Njurprofil (UTAN blodgasmaskin),396.0,Internal,-297413.27880000003,397178.44281427166,565.532,0,1,Clinics_CH,Clinics
Clinics-LPROPRE001,3123703,387.8502758972064,-0.5538449495648995,0.8425558193973401,0.8342692835761475,1.3649,0.137,Clinics,LPROPRE001,Preanestetisk profil MINI,111.0,Internal,4263542.2247,2631894.1407189295,427947.31100000005,0,1,Clinics_CH,Clinics
Clinics-LPROPRE002,19282904,623.0751520112049,0.03534862753511996,0.6269828356899281,0.6102805746014175,-0.0158,0.974,Clinics,LPROPRE002,Preanestetisk profil STANDARD,36.0,Internal,-304669.88320000004,12090049.830256658,18781548.496,0,0,Clinics_CH,Clinics
Clinics-LPROPRE004,2488814,237.9015155609109,0.08529609564065217,0.5868872630864093,0.5676727171834515,-0.8653,0.012,Clinics,LPROPRE004,Preanestetisk profil UTÖKAD/GERIATRISK (UTAN blodgas),314.0,Internal,-2153570.7542,1460653.2367911385,29865.768,0,1,Clinics_CH,Clinics
Clinics-LPROSEN001,4698489,368.3699839936144,-0.408087290113626,0.9152964340845432,0.911416881447194,-1.1458,0.029,Clinics,LPROSEN001,Seniorprofil hund,183.0,Internal,-5383528.6962,4300510.227285451,136256.181,1,1,Clinics_CH,Clinics
Clinics-LPROSEN002,11862638,493.5673470720403,-0.2007478408058368,0.9392323091573561,0.9360340096393223,-1.6789,0.001,Clinics,LPROSEN002,Seniorprofil katt,91.0,Internal,-19916182.9382,11141772.8814378,11862.638,1,1,Clinics_CH,Clinics
Clinics-LPROURI001,2617711,421.9866764383103,0.1999295229910819,0.6321911854616298,0.6157221340643894,-0.9292,0.058,Clinics,LPROURI001,Urinprov fullständig (SediVue),287.0,Internal,-2432377.0612,1654893.8202859485,151827.238,0,1,Clinics_CH,Clinics
Clinics-LPROURI002,876831,272.776887412249,0.4687258085290365,0.7696999631575709,0.7611703321634069,-0.2494,0.502,Clinics,LPROURI002,Urinprov UPC (catalyst),307.0,Internal,-218681.6514,674896.7883954161,440169.162,0,0,Clinics_CH,Clinics
Clinics-LPROURI003,13639523,684.3501901408328,0.1080917441010553,0.7540691071487439,0.7411253759460462,-0.3431,0.021,Clinics,LPROURI003,Urinprov fullständig,44.0,Internal,-4679720.3413,10285142.930544756,286429.983,0,1,Clinics_CH,Clinics
Clinics-LPROURI004,656658,252.7884670309096,0.2099264085079638,0.7827813638112305,0.7711742611141207,-0.2984,0.015,Clinics,LPROURI004,Urinprov sediment,364.0,Internal,-195946.7472,514019.644797555,9849.869999999999,0,1,Clinics_CH,Clinics
Clinics-LPROURI005,1570867,481.2439114354925,-0.4701367266196531,0.8512783388002011,0.8434508829475801,-0.1554,0.621,Clinics,LPROURI005,Urinprov stix + densitet,390.0,Internal,-244112.7318,1337245.0502360554,975508.407,1,0,Clinics_CH,Clinics
Clinics-MAN111,11863851,534.1058741047887,-0.4897239107191315,0.7860655922230441,0.7781420956387124,-0.3679,0.145,Clinics,MAN111,Tandnarkos uppstart,83.0,Dental,-4364710.7829,9325765.062360954,1720258.3949999998,1,1,Clinics_CH,Clinics
Clinics-MAN112,68579571,917.6730249133885,-0.03608881141315122,0.9002524945021938,0.8957861882858741,-0.6179,0.0,Clinics,MAN112,Tandnarkos per 15 min,12.0,Dental,-42375316.9209,61738929.86464031,0.0,1,1,Clinics_CH,Clinics
Clinics-MBAS0004,570813,33.56255798254024,-0.3069148498288011,0.4836419399473587,0.4605902408378658,-0.0984,0.688,Clinics,MBAS0004,"Alizin vet, inj, 30 mg/ml, flaska 10 ml",773.0,Medicin,-56167.9992,276069.10666717164,392719.344,1,0,Clinics_CH,Clinics
Clinics-MBAS0005,286602,8.849740065205927,-0.8069991818347333,0.5899116274469403,0.5743779769714457,-0.535,0.003,Clinics,MBAS0005,"Apomorfin vet. APL, inj, 5 mg/ml, ampull 1 ml",640.0,Medicin,-153332.07,169069.85224954798,859.806,1,1,Clinics_CH,Clinics
Clinics-MBAS0033,235936,-12.29957541394842,-0.6570207749261503,0.5563526063848689,0.5387475510826811,-0.5504,0.0,Clinics,MBAS0033,"Doktacillin, inj/inf, flaska 1 g",138.0,Medicin,-129859.1744,131263.60854002045,0.0,1,1,Clinics_CH,Clinics
Clinics-MBAS0097,297664,313.0227789135728,-0.3194615869821697,0.538862033620293,0.5145916143371505,-0.304,0.021,Clinics,MBAS0097,"Ringer-Acetat, inf, påse 500 ml",192.0,Medicin,-90489.856,160399.8283755509,6250.944,1,1,Clinics_CH,Clinics
Clinics-MBAS0098,51858,71.23516661880916,-0.7448388724284514,0.8012267986338945,0.7932758705792502,-1.0485,0.0,Clinics,MBAS0098,"Ringer-Acetat, inf, påse 1000 ml",225.0,Medicin,-54373.113,41550.0193235565,0.0,1,1,Clinics_CH,Clinics
Clinics-MBAS0176,316674,168.0058073183003,-0.1930936703311408,0.512553709741536,0.4868986418331959,-0.0103,0.979,Clinics,MBAS0176,"Bupaq Multidose vet, inj, 0,3 mg/ml, flaska 10 ml",623.0,Medicin,-3261.7422,162312.43347869118,310023.846,1,0,Clinics_CH,Clinics
Clinics-MBAS0198,67163,-223.37084251315,-0.3712833191200465,0.4712692923513025,0.4507758540703453,-0.1114,0.885,Clinics,MBAS0198,"Cerenia, inj, 10 mg/ml, flaska 20 ml",620.0,Medicin,-7481.9582,31651.859482190528,59439.255,1,0,Clinics_CH,Clinics
Clinics-MBAS0237,734690,440.5515859968564,-0.01277193857252578,0.8757193117287037,0.8691782228723196,-1.8395,0.0,Clinics,MBAS0237,"Droncit vet, tabl, 50 mg",741.0,Medicin,-1351462.255,643382.2211339613,0.0,1,1,Clinics_CH,Clinics
Clinics-MBAS0275,247404,-71.03869148019662,-0.1408113415650602,0.605391358403142,0.5877223147495514,1.8607,0.505,Clinics,MBAS0275,"Gabapentin, kapsel, 100 mg",848.0,Medicin,460344.6228,149776.24363437094,124939.02,0,0,Clinics_CH,Clinics
Clinics-MBAS0356,472603,65.14240702549081,-0.7681765703197833,0.7480590917164721,0.7327899457598948,0.7435,0.166,Clinics,MBAS0356,"Metacam för hund och katt, inj 5 mg/ml, flaska 20 ml",813.0,Medicin,351380.33050000004,353534.9709224799,78452.098,0,1,Clinics_CH,Clinics
Clinics-MBAS0409,853771,207.5246102546537,0.06970578950602702,0.680313033061731,0.665998691258525,-0.3409,0.195,Clinics,MBAS0409,"Onsior, inj, 20 mg/ml, flaska 20 ml",431.0,Medicin,-291050.5339,580831.5385501471,166485.345,0,1,Clinics_CH,Clinics
Clinics-MBAS0471,132954,-39.1621933496338,-0.2511775370158096,0.5762288977058863,0.5471148525101075,-0.0016,0.998,Clinics,MBAS0471,"Semfortan vet, inj, 10 mg/ml, flaska 10 ml",346.0,Medicin,-212.7264,76611.9368655884,132688.092,1,0,Clinics_CH,Clinics
Clinics-MBAS0495,5457124,450.4796605241767,-0.04276183180399983,0.8289256531535806,0.8212656077723977,0.3458,0.006,Clinics,MBAS0495,"Suprelorin, implantat, 4,7 mg",185.0,Medicin,1887073.4792,4523550.07604008,32742.744000000002,0,1,Clinics_CH,Clinics
Clinics-MBAS0496,3689589,294.2157275020639,-0.008126961101016352,0.8292582926731464,0.8229345257351148,0.6908,0.017,Clinics,MBAS0496,"Suprelorin, implantat, 9,4 mg",251.0,Medicin,2548768.0812,3059622.2748056217,62723.013000000006,0,1,Clinics_CH,Clinics
Clinics-MBAS0575,1761405,446.9408073881641,-0.260768790422322,0.8590194244413341,0.8504751471347483,-0.0428,0.577,Clinics,MBAS0575,"Cytopoint, inj, 10mg/ml, flaska 1ml",389.0,Medicin,-75388.13399999999,1513081.109308088,1016330.6849999999,1,0,Clinics_CH,Clinics
Clinics-MBAS0576,2669758,464.9143941202058,-0.2589789838052259,0.8176332969981778,0.8094676237294395,0.1302,0.197,Clinics,MBAS0576,"Cytopoint, inj, 20mg/ml, flaska 1ml",288.0,Medicin,347602.4916,2182883.035727261,525942.326,0,1,Clinics_CH,Clinics
Clinics-MBAS0577,2460245,393.3182625723246,-0.1425068282598745,0.8096197751632808,0.8025686557248838,0.1519,0.193,Clinics,MBAS0577,"Cytopoint, inj, 30mg/ml, flaska 1ml",269.0,Medicin,373711.2155,1991863.0037465857,474827.28500000003,0,1,Clinics_CH,Clinics
Clinics-MBAS0578,3375586,409.2494483466494,-0.1479367738046626,0.7709228387573486,0.7551847131757924,0.1547,0.194,Clinics,MBAS0578,"Cytopoint, inj, 40mg/ml, flaska 1ml",217.0,Medicin,522203.1542,2602316.341589563,654863.684,0,1,Clinics_CH,Clinics
Clinics-MBAS0618,3636153,238.9419399830232,-0.4018747615351493,0.8397320875263103,0.8325019561365198,-0.2144,0.507,Clinics,MBAS0618,"Artuvetrin Therapy, inj, 1-4 allergener",191.0,Medicin,-779591.2032,3053394.349255056,1843529.571,1,0,Clinics_CH,Clinics
Clinics-MBAS0619,1099886,62.13418884887377,-0.1730601833008672,0.888157729563146,0.8825091300461332,-0.005,0.96,Clinics,MBAS0619,"Artuvetrin Therapy Forte, inj, 5-8 allergener",392.0,Medicin,-5499.43,976872.2525382903,1055890.56,1,0,Clinics_CH,Clinics
Clinics-MBAS0635,744687,149.3328276345087,0.3236658703679607,0.6072287682999524,0.5865565982104763,-0.494,0.177,Clinics,MBAS0635,"Prevomax, inj, 10 mg/ml, flaska 20 ml",171.0,Medicin,-367875.37799999997,452195.3697789867,131809.599,0,1,Clinics_CH,Clinics
Clinics-MBAS0703,146639,-57.89087101376327,-0.004726742198719497,0.6588475413298893,0.6429799851126748,-320.6091,0.009,Clinics,MBAS0703,"Novalgin, tabl, 500 mg",883.0,Medicin,-47013797.8149,96612.74461307364,1319.751,1,1,Clinics_CH,Clinics
Clinics-MBAS0842,60420,120.5252336297875,0.1329161285378175,0.4124454025985577,0.3815214764195344,-2.9559,0.084,Clinics,MBAS0842,"Bupaq vet, inj, 0,3 mg/ml, flaska 2 ml",885.0,Medicin,-178595.478,24919.951225004857,5075.280000000001,0,0,Clinics_CH,Clinics
Clinics-MBAS0854,317942,119.8231566309448,0.2307247231328376,0.8071829314438905,0.8015118411922403,-0.0988,0.797,Clinics,MBAS0854,"Clevor, ögondroppar, 30 mg/ml, endosbehållare",679.0,Medicin,-31412.6696,256637.35558913345,253399.774,0,0,Clinics_CH,Clinics
Clinics-MBAS0907,2957754,543.5375657728174,0.05938626203521076,0.8621593235577256,0.8549045511133954,-0.1815,0.094,Clinics,MBAS0907,"Librela, inj, 5 mg, flaska 1 ml",248.0,Medicin,-536832.351,2550055.187890157,278028.876,0,1,Clinics_CH,Clinics
Clinics-MBAS0908,3662407,564.3754252873575,0.178327142833085,0.882824353610238,0.8784845148550616,-0.0302,0.766,Clinics,MBAS0908,"Librela, inj, 10 mg, flaska 1 ml",221.0,Medicin,-110604.69140000001,3233262.092432611,2805403.762,0,0,Clinics_CH,Clinics
Clinics-MBAS0909,4332395,577.7943083679581,-0.07919997140041855,0.8128846632526123,0.8030364876343288,0.0828,0.472,Clinics,MBAS0909,"Librela, inj, 15 mg, flaska 1 ml",186.0,Medicin,358722.306,3521737.4506523013,2044890.44,0,0,Clinics_CH,Clinics
Clinics-MBAS0910,5532659,592.9289899321288,0.2351897972795299,0.8041803679112836,0.7954123246834306,-0.011,0.919,Clinics,MBAS0910,"Librela, inj, 20 mg, flaska 1 ml",152.0,Medicin,-60859.248999999996,4449255.750147674,5084513.621,0,0,Clinics_CH,Clinics
Clinics-MBAS0911,3380114,477.7625000423379,0.114899080259526,0.9048858057290218,0.9013630577930596,-0.1521,0.173,Clinics,MBAS0911,"Librela, inj, 30 mg, flaska 1 ml",233.0,Medicin,-514115.33940000006,3058617.180345947,584759.722,0,1,Clinics_CH,Clinics
Clinics-MBAS0965,5341441,615.0525722123413,-0.7250134450312515,0.9417929082289361,0.9391866205376944,0.1365,0.069,Clinics,MBAS0965,"Solensia, inj, 7 mg/ml, ampull 1 ml",166.0,Medicin,729106.6965000001,5030531.253523277,368559.429,0,1,Clinics_CH,Clinics
Clinics-MCO111,19642079,913.6873964067993,-0.008147474420125233,0.9036564864182398,0.8993425977503998,-0.6036,0.0,Clinics,MCO111,Förbrukning tand per 15 min,66.0,Dental,-11855958.8844,17749692.095089495,0.0,1,1,Clinics_CH,Clinics
Clinics-MOP111,76254568,918.3214097553672,-0.1183682377575995,0.9068743863668332,0.9027045827713183,-0.8085,0.0,Clinics,MOP111,Tandbehandling per 15 min,8.0,Dental,-61651818.228,69153314.56266795,0.0,1,1,Clinics_CH,Clinics
Clinics-MPA111,40456107,540.3590468584896,-0.6638923756640801,0.939463218323729,0.9357089993050456,-0.7631,0.185,Clinics,MPA111,"Tandvårdspaket hund (PTR, klinisk undersökning och röntgen) PAKET",26.0,Dental,-30872055.2517,38007024.483069144,7484379.795,1,1,Clinics_CH,Clinics
Clinics-MPA112,24838958,505.5913157029942,-0.6789837541989089,0.9423648282192747,0.9397250493590888,-0.1227,0.773,Clinics,MPA112,"Tandvårdspaket katt  (PTR, klinisk undersökning och röntgen) PAKET",47.0,Dental,-3047740.1466,23407360.38881578,19200514.534,1,0,Clinics_CH,Clinics
Clinics-MPA117,33069752,453.0643330684102,-0.9152766221237076,0.9588858598665927,0.9572008541234203,-2.5094,0.0,Clinics,MPA117,Klinisk undersökning inkl del av narkos och röntgen PTR/TVP Hund,34.0,Dental,-82985235.6688,31710117.582094975,0.0,1,1,Clinics_CH,Clinics
Clinics-MPA118,21149407,418.406986471598,-0.8036322044761475,0.9545583360646769,0.9514244282070684,-0.9266,0.158,Clinics,MPA118,Klinisk undersökning inkl del av narkos och röntgen PTR/TVP Katt,61.0,Dental,-19597040.5262,20188342.75467463,3341606.306,1,1,Clinics_CH,Clinics
Clinics-NEXT10066,2908104,142.3694540874535,0.01627265178667823,0.8063197120679911,0.7955596960717684,0.424,0.387,Clinics,NEXT10066,PAX Complete Miljö (Nextmune),257.0,Internal,1233036.096,2344861.5799437733,1125436.2480000001,1,0,Clinics_CH,Clinics
Clinics-NIH111,8646742,354.5957552900194,-0.2700883007149892,0.6600498018830383,0.6421576861926719,-0.9481,0.001,Clinics,NIH111,"Narkos inhalation < 0,5 tim",49.0,Anaesthesia,-8197976.0902,5707280.344033746,8646.742,1,1,Clinics_CH,Clinics
Clinics-NIH112,23585104,469.4504140259467,-0.2274186994537087,0.7803965779339607,0.7688385030883796,-0.4747,0.001,Clinics,NIH112,"Narkos inhalation  0,5-1,0 tim",18.0,Anaesthesia,-11195848.8688,18405734.451816566,23585.104,1,1,Clinics_CH,Clinics
Clinics-NIH113,21582058,424.9927542785777,-0.3046838557217674,0.75495151898482,0.7420542305103369,-0.3399,0.01,Clinics,NIH113,"Narkos inhalation 1,0-1,5 tim",11.0,Anaesthesia,-7335741.514199999,16293407.469918488,215820.58000000002,1,1,Clinics_CH,Clinics
Clinics-NIH114,6348756,194.8104225077056,-0.1275433237524105,0.626782739424631,0.6095573273980754,-0.6918,0.02,Clinics,NIH114,"Narkos inhalation 1,5-2,0 tim",30.0,Anaesthesia,-4392069.4008,3979290.6776185627,126975.12000000001,1,1,Clinics_CH,Clinics
Clinics-NIV110,16650215,536.6548899793813,-0.1712960798244994,0.6378737676546806,0.6272229961151125,-0.1662,0.095,Clinics,NIV110,Narkos intravenös kort anestesi,32.0,Anaesthesia,-2767265.733,10620735.374310479,1581770.425,1,1,Clinics_CH,Clinics
Clinics-NSE111,51777533,836.4240575960451,-0.01470547606035564,0.8282541220428902,0.8192148653083055,-0.0929,0.159,Clinics,NSE111,Sedering Hund/Katt,9.0,Anaesthesia,-4810132.8157,42884955.13646177,8232627.747,1,1,Clinics_CH,Clinics
Clinics-NSE112,17505076,626.0206855147204,-0.4520354734671674,0.7199122754521435,0.7069851497037809,-0.0177,0.906,Clinics,NSE112,Sedering >20 kg,35.0,Anaesthesia,-309839.8452,12602119.095122706,15859598.856,1,0,Clinics_CH,Clinics
Clinics-OER114,4930609,584.3438891023012,-0.3941699178440417,0.8017153033683938,0.7923475224251684,-0.8977,0.0,Clinics,OER114,Otoskopi,238.0,Surgery,-4426207.6993,3952944.6902259327,0.0,1,1,Clinics_CH,Clinics
Clinics-OMO127,1422769,276.5787832890644,-0.1357744511600951,0.8405590079552945,0.8346537860277128,-0.1738,0.188,Clinics,OMO127,Inspektion munhåla/svalg,239.0,Other,-247277.25220000002,1195921.2991895464,267480.572,1,1,Clinics_CH,Clinics
Clinics-OOT124,7672119,480.8573778724523,-0.1829771789635832,0.7551801680298492,0.744218086001335,-0.0174,0.911,Clinics,OOT124,Klokapselextirpation,125.0,Surgery,-133494.8706,5793832.115564999,6989300.409,1,0,Clinics_CH,Clinics
Clinics-OSA112,1515252,203.837994423358,-0.2570983425222268,0.8063032539031214,0.7975650548310818,-0.0037,0.986,Clinics,OSA112,Biopsi hud en till flera,377.0,Surgery,-5606.432400000001,1221752.6180832125,1494038.472,1,0,Clinics_CH,Clinics
Clinics-OSA130,1295297,249.2627389426095,0.2021153132688464,0.9385830991997027,0.9337660873722284,-0.8452,0.002,Clinics,OSA130,Provtagning FNA finnålsaspirat,559.0,Other,-1094785.0244,1215743.8726440773,2590.594,0,1,Clinics_CH,Clinics
Clinics-OSK117,12519755,540.7017318341487,0.02050203983283569,0.7566797043529504,0.7438733730031057,-0.1239,0.183,Clinics,OSK117,Dränering,53.0,Surgery,-1551197.6445,9473444.511971373,2291115.165,0,1,Clinics_CH,Clinics
Clinics-OSK118,1258511,104.6933220554707,-0.294590132035021,0.5770457245320577,0.5622052236384456,-0.4195,0.032,Clinics,OSK118,Dränering komplicerad,327.0,Surgery,-527945.3645,726218.3918265644,40272.352,1,1,Clinics_CH,Clinics
Clinics-OSK137,5397605,396.133376529271,-0.04659101657111606,0.7656663289518185,0.7551737765168254,0.1253,0.415,Clinics,OSK137,Sårsuturering/debridering < 4 stygn,96.0,Surgery,676319.9064999999,4132764.40548198,2240006.0749999997,0,0,Clinics_CH,Clinics
Clinics-OSK138,2100224,163.5617479535519,0.003319774785925855,0.5728357347989672,0.5565317552111415,-0.4508,0.165,Clinics,OSK138,Sårsuturering/debridering 5-8 stygn,146.0,Surgery,-946780.9792,1203083.3582824261,346536.96,0,1,Clinics_CH,Clinics
Clinics-OSK141,10246152,446.0225056425431,-0.3359357303754456,0.7118189285250396,0.7011455555074484,-0.5306,0.118,Clinics,OSK141,Hudtumör extirpation inkl marginal < 3 cm,102.0,Surgery,-5436608.2512,7293404.938144691,1209045.936,1,1,Clinics_CH,Clinics
Clinics-OSK142,5881000,276.3594536915662,0.04686935602797779,0.5880255184879802,0.5695788999128152,-0.3155,0.132,Clinics,OSK142,Hudtumör extirpation inkl marginal  3-5 cm,129.0,Surgery,-1855455.5,3458178.074227812,776292.0,0,1,Clinics_CH,Clinics
Clinics-OSK143,2266907,70.66322737671312,0.006077623560937967,0.6544564588508366,0.636644936111189,-0.3828,0.152,Clinics,OSK143,Hudtumör extirpation inkl marginal > 5 cm,236.0,Surgery,-867771.9996,1483591.9277641734,344569.864,0,1,Clinics_CH,Clinics
Clinics-OUR116,3756832,185.9221854362125,-0.387705454718149,0.726112571409038,0.71774959649023,-0.0982,0.801,Clinics,OUR116,Juvertumör 1 del solitär hund,193.0,Surgery,-368920.90239999996,2727882.943871759,3009222.432,1,0,Clinics_CH,Clinics
Clinics-OUR118,4537805,144.6376421974,-0.05730294300081581,0.8529753668452544,0.8447419873885886,-0.3715,0.061,Clinics,OUR118,Juvertumör 2 delar hund,180.0,Surgery,-1685794.5574999999,3870635.88454723,276806.105,1,1,Clinics_CH,Clinics
Clinics-OUR120,2719852,61.61071406067731,-0.01775173771698215,0.6750740289099253,0.6586636263296184,-0.3251,0.225,Clinics,OUR120,Juvertumör 3 delar hund,215.0,Surgery,-884223.8852,1836101.447678718,611966.7000000001,1,0,Clinics_CH,Clinics
Clinics-OUR130,872537,46.90205634445791,-0.1579958411248538,0.9165421320146401,0.9099034379703501,-0.1072,0.199,Clinics,OUR130,"Kastration hanhund - operationspris, endast i samband med annan op",478.0,Surgery,-93535.9664,799716.922241658,173634.863,1,1,Clinics_CH,Clinics
Clinics-OUR151,18158565,258.2362354590646,-0.02502358772943861,0.6408245573274698,0.6219205866604945,-0.0957,0.729,Clinics,OUR151,Pyometra/endometrit/livmoderförändring tik,15.0,Surgery,-1737774.6704999998,11636454.377827086,13237593.885,1,0,Clinics_CH,Clinics
Clinics-OUR174,889101,95.1017943916791,0.0497588580077228,0.7940300446777885,0.7852279098349589,-0.1015,0.578,Clinics,OUR174,Urinsten/FUS spolning katt < 15 min,207.0,Surgery,-90243.75150000001,705972.9067530665,513900.37799999997,0,0,Clinics_CH,Clinics
Clinics-OUR178,6762748,130.0955624821234,0.2211901660394648,0.8342761066338286,0.8261257512223775,-0.6483,0.036,Clinics,OUR178,Vesikotomi/cystotomi,79.0,Surgery,-4384289.5284,5641999.071585711,243458.92799999999,0,1,Clinics_CH,Clinics
Clinics-OVR0001,1687302,744.5170154386624,-0.1856373664823919,0.6850538668124314,0.6733891952128919,-0.1506,0.176,Clinics,OVR0001,Övrig försäljning (endast butik!),381.0,N/D,-254107.68120000002,1155892.759580349,296965.152,1,1,Clinics_CH,Clinics
Clinics-PFU111,22534207,511.7413824327829,-0.4092163389171015,0.790888711616633,0.7831438490839158,-0.4054,0.16,Clinics,PFU111,Kastration hanhund normal TOTALPRIS,56.0,Surgery,-9135367.5178,17822049.94153251,3605473.12,1,1,Clinics_CH,Clinics
Clinics-PFU116,17715881,387.3407024067205,-0.02746743736907616,0.8247727541888561,0.8182828561958508,-0.2823,0.313,Clinics,PFU116,Kastration/OHE tik normal TOTALPRIS,57.0,Surgery,-5001193.2063,14611575.965252027,5545070.753,1,0,Clinics_CH,Clinics
Clinics-PFU120,16525340,722.9368241872644,-0.3307814704626785,0.9137835210829608,0.9105903181601075,-0.1555,0.177,Clinics,PFU120,Kastration hankatt TOTALPRIS,77.0,Surgery,-2569690.37,15100583.372293096,2924985.1799999997,1,1,Clinics_CH,Clinics
Clinics-PFU123,28021667,708.5626975739868,-0.30049347204995,0.9475115552209611,0.9451613263502578,-0.1405,0.161,Clinics,PFU123,Kastration/OHE honkatt TOTALPRIS,42.0,Surgery,-3937044.2135000005,26550853.27905388,4511488.387,1,1,Clinics_CH,Clinics
Clinics-PROG,1483115,326.6243182353853,-0.03749502423239919,0.5584852732046011,0.5454995459459129,-0.1065,0.907,Clinics,PROG,Progesteron (Catalyst),461.0,Internal,-157951.7475,828297.885968842,1345185.305,1,0,Clinics_CH,Clinics
Clinics-RPH230,992856,286.6518114820611,0.04038840964433146,0.3654208034526526,0.336132532842775,-0.6559,0.141,Clinics,RPH230,Rehab/ fysioterapi sjukgymnast/fysioterapeut 30 min,406.0,Other,-651214.2504,362810.23723278684,139992.696,0,0,Clinics_CH,Clinics
Clinics-RPH245,3913959,471.1037791065904,0.05064388936712162,0.5888002896530697,0.5671581996348103,-0.0576,0.862,Clinics,RPH245,Rehab/ fysioterapi sjukgymnast/fysioterapeut 45 min,261.0,Other,-225444.0384,2304540.1928902394,3373832.658,0,0,Clinics_CH,Clinics
Clinics-RPH260,1623222,272.6376807862753,-0.08472945772768257,0.5362982750184052,0.5150600280726833,-0.0526,0.905,Clinics,RPH260,Rehab/ fysioterapi sjukgymnast/fysioterapeut 60 min,282.0,Other,-85381.47720000001,870531.1585719257,1469015.9100000001,1,0,Clinics_CH,Clinics
Clinics-RPH307,1760410,115.1479809089919,0.209973733882265,0.535531385118635,0.5201770507423915,-0.202,0.577,Clinics,RPH307,Rehab/ fysioterapi sjukgymnast/fysioterapeut 45 min 5 kort,298.0,Other,-355602.82,942754.8056766961,1015756.57,0,0,Clinics_CH,Clinics
Clinics-RPH308,3936288,152.6349130820213,0.04168018612232488,0.5207160447424681,0.5021391472518661,-0.4485,0.336,Clinics,RPH308,Rehab/ fysioterapi sjukgymnast/fysioterapeut 45 min 10 kort,204.0,Other,-1765425.168,2049688.3183272404,1322592.7680000002,0,0,Clinics_CH,Clinics
Clinics-SBAS0004,1187009,661.8646814249885,-0.2692818164377104,0.643994843930318,0.630809467779589,-1.166,0.118,Clinics,SBAS0004,Accesia Softy Swipe 3-pack | 1,609.0,Other,-1384052.494,764427.6756988829,140067.062,1,1,Clinics_CH,Clinics
Clinics-SBAS0090,483648,481.8117897572612,-0.191364594700369,0.5939735031199891,0.5757932122149141,-3.7001,0.096,Clinics,SBAS0090,Canikur Pro 15 ml | 1,732.0,Nutraceuticals,-1789545.9648,287274.0968369765,46430.208,1,1,Clinics_CH,Clinics
Clinics-SBAS0091,1081119,569.5759376185397,-0.1691965409910129,0.6833615956343149,0.6691837566328663,2.882,0.176,Clinics,SBAS0091,Canikur Pro 30 ml | 1,437.0,Nutraceuticals,3115784.958,738795.2049105748,190276.944,0,1,Clinics_CH,Clinics
Clinics-SBAS0092,1059691,490.0684699075004,-0.08554840392047867,0.7781316836363681,0.7681972814111309,4.9444,0.13,Clinics,SBAS0092,Canikur Pro 60 ml | 1,467.0,Nutraceuticals,5239536.1804,824579.1419643066,137759.83000000002,0,1,Clinics_CH,Clinics
Clinics-SBAS0093,578779,521.5597665556418,-0.09079475546176183,0.7240998411486657,0.7117461026926357,-2.1924,0.187,Clinics,SBAS0093,Canikur 12 tuggtabletter | 1,737.0,Nutraceuticals,-1268915.0796,419093.7819601836,108231.673,1,1,Clinics_CH,Clinics
Clinics-SBAS0098,332704,322.1109114184932,-0.0423707797402488,0.760700506803896,0.7477152629870532,-6.3287,0.111,Clinics,SBAS0098,"Viacutan Plus omega 3 & 6, 95 ml  | 1",1149.0,Nutraceuticals,-2105583.8048,253088.10141568343,36930.144,1,1,Clinics_CH,Clinics
Clinics-SBAS0102,174084,167.78310275421,-0.06221945758603326,0.5740530187547966,0.5575434458383159,-13.4597,0.11,Clinics,SBAS0102,"Adaptil Calm Halsband Small 46,5 cm | 1",1642.0,Nutraceuticals,-2343118.4148,99933.44571691002,19149.24,1,1,Clinics_CH,Clinics
Clinics-SBAS0114,378098,347.508517479967,-0.05078048261883576,0.7852472314940193,0.7772934252530571,-0.3295,0.882,Clinics,SBAS0114,Feliway Classic Spray 60 ml | 1,1095.0,Nutraceuticals,-124583.29100000001,296900.40773342573,333482.436,1,0,Clinics_CH,Clinics
Clinics-SBAS0116,203868,302.9213222331438,-0.06891466756476852,0.8424686189560512,0.8354149750287102,0.9896,0.041,Clinics,SBAS0116,Cat Malt 50 g | 1,1460.0,Nutraceuticals,201747.7728,171752.39240933224,8358.588,0,1,Clinics_CH,Clinics
Clinics-SBAS0130,714139,464.0779298813584,-0.2332664163894091,0.7750778508892928,0.7632398430413609,-0.0248,0.974,Clinics,SBAS0130,MalAcetic Aural 118 ml | 1,775.0,Healthcare,-17710.6472,553513.3213562287,695571.3859999999,1,0,Clinics_CH,Clinics
Clinics-SBAS0136,341433,321.6596568431272,-0.2821928306932751,0.7358709244652288,0.7260153619452747,-0.216,0.849,Clinics,SBAS0136,TrizAural 118 ml | 1,1215.0,Healthcare,-73749.528,251250.61735293648,289876.61699999997,1,0,Clinics_CH,Clinics
Clinics-SBAS0137,383573,344.5289558804647,-0.3092979735177345,0.4962413807096778,0.4697277691680819,2.0458,0.175,Clinics,SBAS0137,TrizChlor 118 ml | 1,1059.0,Healthcare,784713.6434,190344.79512295325,67125.275,0,0,Clinics_CH,Clinics
Clinics-SBAS0138,659248,420.0680604674769,-0.4488272055963317,0.879171416979893,0.8728120178735715,-0.0428,0.963,Clinics,SBAS0138,TrizChlor Schampo 230 ml | 1,867.0,Healthcare,-28215.8144,579591.9983011605,634855.824,1,0,Clinics_CH,Clinics
Clinics-SBAS0295,1132030,546.3658588122631,-0.1893379576308677,0.7689911533079596,0.758647473605331,-0.4921,0.136,Clinics,SBAS0295,"Comfort Shield ögondroppar 15x0,3 ml | 1",487.0,Healthcare,-557071.963,870521.0552792095,153956.08000000002,1,1,Clinics_CH,Clinics
Clinics-SBAS0299,169428,71.43504129536444,-0.07321460421699749,0.591039731122248,0.5693250265800665,-0.2587,0.751,Clinics,SBAS0299,Flexadin plus max 90 tuggbitar | 1,1249.0,Nutraceuticals,-43831.0236,100138.67956458022,127240.428,1,0,Clinics_CH,Clinics
Clinics-SBAS0308,234408,256.432302536133,-0.3192934250326155,0.7291349021008764,0.7209885833670682,-0.5715,0.355,Clinics,SBAS0308,Zylkene 75 mg | 1,1453.0,Nutraceuticals,-133964.172,170915.05413166224,83214.84,1,0,Clinics_CH,Clinics
Clinics-SBAS0331,3467350,640.2830073998268,-0.2706229669082968,0.7615867593067762,0.7527566392811013,0.9819,0.015,Clinics,SBAS0331,Purina PPVD Feline Fortiflora 30x1 g | 1=6,220.0,Accessories,3404590.965,2640687.8498823503,52010.25,0,1,Clinics_CH,Clinics
Clinics-SBAS0332,7739948,766.9875250623829,-0.2843290047727495,0.7117784385851786,0.6943104651660985,-0.0251,0.947,Clinics,SBAS0332,Purina PPVD Canine Fortiflora 30x1 g | 1=6,112.0,Accessories,-194272.6948,5509128.102170477,7329730.756,1,0,Clinics_CH,Clinics
Clinics-SBAS0403,32347,145.0002437600084,-0.08719188248030638,0.8076702516598354,0.7959632234999993,5.7277,0.198,Clinics,SBAS0403,KONG Cat Kickeroo Kitten | 1,3309.0,Toys,185273.91189999998,26125.709630440695,6404.706,0,1,Clinics_CH,Clinics
Clinics-SBAS0415,28825,53.43912845101296,-0.2004464861308625,0.8546335480124372,0.847216892298786,-0.0732,0.0,Clinics,SBAS0415,KONG Phatz Flodhäst Medium | 1,2812.0,Toys,-2109.9900000000002,24634.812021458503,0.0,1,1,Clinics_CH,Clinics
Clinics-SBAS0416,33865,68.78243293237082,-0.1992783909750012,0.7911581795296802,0.7794474232416249,-0.1129,0.0,Clinics,SBAS0416,"KONG Phatz Lejon, Medium | 1",2837.0,Toys,-3823.3585,26792.57174977262,0.0,1,1,Clinics_CH,Clinics
Clinics-SBAS0417,43581,152.5712744767085,0.02650999814363184,0.8416762023063967,0.8378764311617503,-0.0007,0.972,Clinics,SBAS0417,KONG Phatz Gris Small | 1,2626.0,Toys,-30.5067,36681.090572715075,42360.731999999996,0,0,Clinics_CH,Clinics
Clinics-SBAS0418,21173,68.1960033784035,0.05970776970150544,0.860767079124864,0.8550841027626136,-0.1007,0.0,Clinics,SBAS0418,KONG Phatz Rhino Small | 1,3330.0,Toys,-2132.1211,18225.021366310746,0.0,0,1,Clinics_CH,Clinics
Clinics-SBAS0427,40099,98.30392235924609,-0.09648795805247765,0.852153213060755,0.8415927282793804,-4.6919,0.149,Clinics,SBAS0427,UTGÅR HOS LEV! KONG Squeezz Action Röd Large | 1,2951.0,Toys,-188140.49810000003,34170.49169052322,5974.750999999999,1,1,Clinics_CH,Clinics
Clinics-SBAS0428,61997,177.8527685684543,-0.1451703571670159,0.8090644898383701,0.7982858723292459,-1.0652,0.168,Clinics,SBAS0428,KONG Squeezz Action Röd Medium | 1,2547.0,Toys,-66039.2044,50159.57117650943,10415.496000000001,1,1,Clinics_CH,Clinics
Clinics-SBAS0429,32534,113.4130924223867,-0.05048631562964181,0.5605934548501734,0.5416535175592326,-8.0824,0.333,Clinics,SBAS0429,KONG Squeezz Action Röd Small | 1,3185.0,Toys,-262952.8016,18238.34746009554,10833.822,1,0,Clinics_CH,Clinics
Clinics-SBAS0440,199082,149.3812147062472,-0.2582134847432866,0.8131905101373073,0.8070656088303337,1.4887,0.115,Clinics,SBAS0440,Flexadin Advanced Bos 30 tuggbitar | 1,1417.0,Nutraceuticals,296373.3734,161891.5931391554,22894.43,0,1,Clinics_CH,Clinics
Clinics-SBAS0441,1256713,364.4047935499837,-0.4446812939239801,0.532067706296897,0.5183049917762176,-0.0281,0.975,Clinics,SBAS0441,Flexadin Advanced Bos 60 tuggbitar | 1,463.0,Nutraceuticals,-35313.6353,668656.4033834924,1225295.175,1,0,Clinics_CH,Clinics
Clinics-SBAS0487,911074,488.0035589423496,-0.5256431989472099,0.595546437327692,0.5805666757472361,0.8793,0.146,Clinics,SBAS0487,Comfort Shield ögondroppar 10 ml  | 1,529.0,Healthcare,801107.3682,542586.8748418896,133016.804,0,1,Clinics_CH,Clinics
Clinics-SBAS0489,410548,343.2024127019761,-0.2553349871420141,0.8644329009306705,0.8592977835416807,-0.3134,0.876,Clinics,SBAS0489,Aptus Relax Chews 30 tuggbitar  | 1,1075.0,Nutraceuticals,-128665.74320000001,354891.1986112849,359640.048,1,0,Clinics_CH,Clinics
Clinics-SBAS0497,33130,169.5262363518715,0.005648060798336373,0.540735399897431,0.5223648158933283,-2.862,0.083,Clinics,SBAS0497,KONG Air Squeaker Tennisboll Small | 1,3381.0,Toys,-94818.06,17914.56379860189,2749.79,0,1,Clinics_CH,Clinics
Clinics-SBAS0498,33664,177.8486095717143,-0.04932416760905303,0.7389536546229126,0.7198527025221502,-0.0005,1.0,Clinics,SBAS0498,KONG Cat Påfyllningsbar Catnip Igelkott  | 1,3082.0,Toys,-16.832,24876.135829225732,33664.0,1,0,Clinics_CH,Clinics
Clinics-SBAS0503,18646,60.24152321433727,0.03703953852169423,0.807799880721536,0.7976840849700378,-0.0456,0.96,Clinics,SBAS0503,KONG Cat Kickeroo Giraffmönstrad | 1,3614.0,Toys,-850.2576,15062.236575933759,17900.16,0,0,Clinics_CH,Clinics
Clinics-SBAS0506,25821,79.20025992797274,-0.1424968481211865,0.840009476258911,0.830214138070681,-0.7539,0.175,Clinics,SBAS0506,KONG Classic Röd Small | 1,3485.0,Toys,-19466.4519,21689.884686481342,4518.674999999999,1,1,Clinics_CH,Clinics
Clinics-SBAS0513,41236,141.8491171358619,-0.1463354548326486,0.853829378156447,0.8490368987517403,-0.0353,0.031,Clinics,SBAS0513,KONG Laserpekare  | 1,2761.0,Toys,-1455.6308,35208.50823765925,1278.316,1,1,Clinics_CH,Clinics
Clinics-SBAS0514,46885,114.1961602370206,-0.2256233185095655,0.5434052874285997,0.5197883195369756,1.3118,0.149,Clinics,SBAS0514,KONG Classic Röd Medium  | 1,2718.0,Toys,61503.743,25477.556901089898,6985.865,0,1,Clinics_CH,Clinics
Clinics-SBAS0516,65510,141.3293828113972,-0.1214862794727988,0.842979129618995,0.8377883570444163,-0.0893,0.0,Clinics,SBAS0516,KONG Floppy Knots Kanin Small/Medium | 1,2230.0,Toys,-5850.043000000001,55223.56278134036,0.0,1,1,Clinics_CH,Clinics
Clinics-SBAS0517,72851,161.484607495649,-0.04710166841595383,0.8444596087046891,0.8368100812639361,-0.2127,0.888,Clinics,SBAS0517,KONG Floppy Knots Räv Small/Medium  | 1,2131.0,Toys,-15495.4077,61519.7269537453,64691.688,1,0,Clinics_CH,Clinics
Clinics-SBAS0521,107687,226.5839684521416,0.08429684584849594,0.8427294255684542,0.8356874595491313,-0.036,0.971,Clinics,SBAS0521,KONG Cuteseas Bläckfisk Large  | 1,1841.0,Toys,-3876.7319999999995,90751.00365119013,104564.07699999999,0,0,Clinics_CH,Clinics
Clinics-SBAS0523,53726,117.8865847843995,-0.04326883279947575,0.6425272752505492,0.6273801258967588,-0.2521,0.875,Clinics,SBAS0523,KONG Cuteseas Val Large | 1,2382.0,Toys,-13544.3246,34520.42039011101,47010.25,1,0,Clinics_CH,Clinics
Clinics-SBAS0524,79092,172.8295464617566,-0.1363020413587288,0.8014178806591581,0.792181503015398,-0.8715,0.094,Clinics,SBAS0524,KONG Wild Knots Björn Medium/Large  | 1,1967.0,Toys,-68928.678,63385.74301709413,7434.648,1,1,Clinics_CH,Clinics
Clinics-SBAS0525,108295,224.5673892320866,-0.09280663771948577,0.6296059666866131,0.6182092272000473,18.9991,0.189,Clinics,SBAS0525,KONG Wubba Ballistic Friend Large  | 1,2004.0,Toys,2057507.5344999998,68183.17816232676,20467.755,0,1,Clinics_CH,Clinics
Clinics-SBAS0526,51320,92.61007678027384,-0.3284405581890668,0.8254733192368415,0.8132258328674971,-0.0039,0.991,Clinics,SBAS0526,KONG Classic Röd Large | 1,2513.0,Toys,-200.148,42363.290743234706,50858.12,1,0,Clinics_CH,Clinics
Clinics-SBAS0529,98572,172.369569478637,0.01104336752869923,0.8415157496116017,0.8339688805454875,-2.0709,0.144,Clinics,SBAS0529,KONG Dragon Knots Medium/Large | 1,1826.0,Toys,-204132.7548,82949.8904707148,14194.367999999999,0,1,Clinics_CH,Clinics
Clinics-SBAS0531,71470,124.3643199332171,-0.05500810683110884,0.8658354075442553,0.8590708062439656,-0.0271,0.148,Clinics,SBAS0531,KONG Floppy Knots Elefant Medium/Large | 1,2104.0,Toys,-1936.837,61881.25657718792,10577.56,1,1,Clinics_CH,Clinics
Clinics-SBAS0532,70050,120.7462869192395,-0.1897205277011301,0.8063883318594207,0.798581409756978,-0.69,0.853,Clinics,SBAS0532,KONG Floppy Knots Flodhäst Medium/Large | 1,2121.0,Toys,-48334.49999999999,56487.50264675242,59752.65,1,0,Clinics_CH,Clinics
Clinics-SBAS0842,467452,414.5082647982302,-0.2374424220407749,0.6553757794625421,0.6372376625921496,-10.2314,0.065,Clinics,SBAS0842,Otoclean mild öronrens 18 endospipetter a' 5 ml/fp | 1,1025.0,Healthcare,-4782688.3928000005,306356.71886132425,30384.38,1,1,Clinics_CH,Clinics
Clinics-SBAS0850,306587,129.9953056991459,0.05588556981868514,0.7919969335574082,0.783107913623964,0.9288,0.19,Clinics,SBAS0850,Flexadin Advanced Original 60 | 1,1261.0,Nutraceuticals,284758.0056,242815.9638685651,58251.53,1,1,Clinics_CH,Clinics
Clinics-SBAS0857,105345,248.5534362146958,-0.02598638578821075,0.8106022215815744,0.8021217240404508,0.8246,0.827,Clinics,SBAS0857,KONG Wild Knots Björn Small/Medium | 1,1886.0,Toys,86867.487,85392.89103251095,87120.315,0,0,Clinics_CH,Clinics
Clinics-SBAS0917,31834,63.59083319241541,-0.09435664307686427,0.8083121881087048,0.7970364344680403,-0.0675,0.0,Clinics,SBAS0917,"EJ SORTIMENT UTGÅR Yeowww Kattleksak Catnip Cigarr 17,5 cm | 1",2776.0,Toys,-2148.795,25731.810196252507,0.0,1,1,Clinics_CH,Clinics
Clinics-SBAS0920,112649,238.367719112102,-0.1710264284871447,0.6828583239093506,0.6709357045074464,2.7206,0.159,Clinics,SBAS0920,"EJ SORTIMENT UTGÅR Yeowww Kattleksak Catnip Banan 17,5 cm | 1",1888.0,Toys,306472.8694,76923.30733006445,17911.191,0,1,Clinics_CH,Clinics
Clinics-SBAS0991,31445,97.82032708139721,-0.01844283455549845,0.8016999509518005,0.7868737790603463,1.496,0.603,Clinics,SBAS0991,Snacksorm TRP-Gummi ihopringlad 18 cm | 3,3200.0,Toys,47041.72,25209.454957679365,18961.335,0,0,Clinics_CH,Clinics
Clinics-SBAS0994,51323,133.5583933327295,-0.002586644170251431,0.7441462301235475,0.7310255239760372,-0.4506,0.81,Clinics,SBAS0994,Snacksorm TRP-Gummi 42 cm  | 3,2608.0,Toys,-23126.1438,38191.81696863083,41571.630000000005,1,0,Clinics_CH,Clinics
Clinics-SBAS0995,48871,188.9308143775844,-0.1062598117179951,0.8405310771107409,0.8355084338701344,-0.1368,0.0,Clinics,SBAS0995,Igelkott Plysch 17 cm  | 3,2466.0,Toys,-6685.5528,41077.59426947902,0.0,1,1,Clinics_CH,Clinics
Clinics-SBAS0996,48758,208.6227952110305,0.1938100553626517,0.7301550138071375,0.7145441468373025,-0.4832,0.004,Clinics,SBAS0996,Igelkott Plysch 12 cm  | 3,2509.0,Toys,-23559.8656,35600.89816320841,195.032,0,1,Clinics_CH,Clinics
Clinics-SBAS1001,34459,138.2497208273909,-0.253367594803008,0.7417511241731216,0.7313378630510701,-0.1222,0.0,Clinics,SBAS1001,EJ SORTIMENT UTGÅR Yeowww Kattleksak Catnip Stinkies Dots refill  9 cm | 1,2825.0,Toys,-4210.8898,25560.0019878816,0.0,1,1,Clinics_CH,Clinics
Clinics-SBAS1002,42977,165.5656111646041,-0.1065295228679143,0.7637863353053591,0.7564046582836516,-0.0705,0.014,Clinics,SBAS1002,EJ SORTIMENT UTGÅR Yeowww Kattleksak Catnip Stinkies Stars refill  9 cm | 1,2630.0,Toys,-3029.8785,32825.24533241842,601.678,1,1,Clinics_CH,Clinics
Clinics-SBAS1003,31073,124.3406034065998,-0.1002615443201502,0.7830208113177741,0.7740547291408226,-0.0738,0.007,Clinics,SBAS1003,EJ SORTIMENT UTGÅR Yeowww Kattleksak Catnip Stinkies Stripes refill  9 cm | 1,2900.0,Toys,-2293.1874000000003,24330.805670077196,217.511,1,1,Clinics_CH,Clinics
Clinics-SBAS1047,58186,156.6959716666099,0.2353877380463989,0.8256790819304126,0.8168897919437107,0.8563,0.136,Clinics,SBAS1047,Aktiveringsmatta Silikon S | 1,2584.0,Toys,49824.6718,48042.96306120299,7913.296,1,1,Clinics_CH,Clinics
Clinics-SBAS1048,116446,192.833004240155,-0.1153715309863154,0.7599386119005674,0.7504123663410661,-0.2188,0.517,Clinics,SBAS1048,Aktiveringsmatta Silikon M | 1,2012.0,Toys,-25478.3848,88491.81160137347,60202.582,1,0,Clinics_CH,Clinics
Clinics-SBAS1142,179039,175.4118619574171,-0.0362743810024013,0.6701506504994097,0.6529709968795874,-0.3543,0.489,Clinics,SBAS1142,Denamarin Hund & Katt Tabletter 30x90 mg | 1,1232.0,Nutraceuticals,-63433.517700000004,119983.10231476382,87550.071,1,0,Clinics_CH,Clinics
Clinics-SBAS1143,349553,200.0969440742518,-0.02427007806623193,0.7273349275121789,0.7135639642552182,0.6589,0.102,Clinics,SBAS1143,Denamarin Hund Tabletter 30x225 mg | 1,872.0,Nutraceuticals,230320.47170000002,254242.10591666467,35654.405999999995,0,1,Clinics_CH,Clinics
Clinics-SBAS1144,312142,147.7318953303425,-0.3802748272615611,0.4395965155315112,0.4104088340487775,-5.118,0.178,Clinics,SBAS1144,Denamarin Hund Tabletter 30x425 mg | 1,904.0,Nutraceuticals,-1597542.756,137216.53555103697,55561.276,1,0,Clinics_CH,Clinics
Clinics-SBBS0437,672183,641.2852933252673,-0.06650355417436171,0.73817233576458,0.7264487090077701,-1.2723,0.171,Clinics,SBBS0437,Filt 100x150 cm | 1 = 20,648.0,Other,-855218.4309,496186.89517124265,114943.293,1,1,Clinics_CH,Clinics
Clinics-SBBS0792,21993,225.7980321105816,-0.03580029979269492,0.427285645371569,0.4060740026075531,-0.1103,0.311,Clinics,SBBS0792,Kattvippa med Fjäder 50 cm | 4,3589.0,Toys,-2425.8278999999998,9397.293198656917,6839.823,1,0,Clinics_CH,Clinics
Clinics-SBBS0894,20683,171.9226216256912,0.00786417374959169,0.8194276741838773,0.8126392408825193,-0.133,0.002,Clinics,SBBS0894,Catnipboll 4 cm | 4,3429.0,Toys,-2750.839,16948.222585145133,41.366,0,1,Clinics_CH,Clinics
Clinics-SBBS0902,23706,192.6373953418241,0.1075965655361099,0.7865500831872592,0.778276830597618,-0.0552,0.094,Clinics,SBBS0902,Kattvippa med Plyschfisk 42 cm | 4,3500.0,Toys,-1308.5712,18645.956272037165,2228.364,0,1,Clinics_CH,Clinics
Clinics-SBBS0904,34231,101.0640479462625,0.02605908596221011,0.8325010009084607,0.8242089712504637,1.2402,0.187,Clinics,SBBS0904,UTGÅR HOS LEVERANTÖR Enhörning Plysch 28 cm | 3,3042.0,Toys,42453.2862,28497.341762097516,6401.197,1,1,Clinics_CH,Clinics
Clinics-SBBS0987,158775,255.3838473639959,-0.1564953085380141,0.6088883075224614,0.594073470686191,-1.5359,0.004,Clinics,SBBS0987,"Sköldpadda, Originalljud, Plysch 40 cm | 3",1470.0,Toys,-243862.52250000002,96676.24102687881,635.1,1,1,Clinics_CH,Clinics
Clinics-SBBS1491,1116589,498.4279557042533,-0.6699473978051336,0.774218206674697,0.7623349543944179,-2.4003,0.0,Clinics,SBBS1491,Kattsand Ever Clean Extra Strong Unscented 10 L | 1,485.0,Other,-2680148.5767,864483.5331726932,0.0,1,1,Clinics_CH,Clinics
Clinics-SBBS1503,1633670,560.1338031404838,-0.7676320108798765,0.686262381143311,0.674642469333804,-1.2617,0.113,Clinics,SBBS1503,Kattsand Ever Clean Fresh Lavender 10 L | 1,416.0,Other,-2061201.439,1121126.264202393,184604.71,1,1,Clinics_CH,Clinics
Clinics-SBBS1620,313348,281.5169082235681,-0.00976653923289146,0.5483741225860641,0.5350910085444778,-0.1052,0.022,Clinics,SBBS1620,Douxo S3 Calm Mousse 150 ml | 1,1062.0,Healthcare,-32964.2096,171831.93456409802,6893.656,1,1,Clinics_CH,Clinics
Clinics-SBBS1621,326749,352.4524896377344,-0.122955795579595,0.795305893389859,0.7892854784895608,-0.1162,0.991,Clinics,SBBS1621,Douxo S3 Calm Schampo 200 ml | 1,1155.0,Healthcare,-37968.2338,259865.40535924304,323808.259,1,0,Clinics_CH,Clinics
Clinics-SBBS1624,928441,459.2442101945771,0.07974657337969279,0.7973494935605389,0.7866836774321462,14.3374,0.071,Clinics,SBBS1624,Douxo S3 Pyo Mousse 150 ml | 1,593.0,Healthcare,13311429.9934,740291.9611508403,65919.31099999999,1,1,Clinics_CH,Clinics
Clinics-SBBS1625,1150289,550.119672488736,-0.1085078997898441,0.7437519109883908,0.7302651694614639,-13.144,0.009,Clinics,SBBS1625,Douxo S3 Pyo Schampo 200 ml | 1,547.0,Healthcare,-15119398.616,855529.641938925,10352.600999999999,1,1,Clinics_CH,Clinics
Clinics-SBBS1626,324260,236.8358373780856,-0.2032432839833045,0.5524732599529316,0.5357745009959515,-0.0905,0.06,Clinics,SBBS1626,Douxo S3 Pyo Schampo 500 ml | 1,977.0,Healthcare,-29345.53,179144.9792723376,19455.6,1,1,Clinics_CH,Clinics
Clinics-SBBS1680,29398,224.1964216499877,-0.05289058109102607,0.8044425037442798,0.7971455822422007,-1.0582,0.628,Clinics,SBBS1680,Kattvippa med Läderband & Fjäder 50 cm | 4,3171.0,Toys,-31108.9636,23649.00072507434,18461.944,1,0,Clinics_CH,Clinics
Clinics-SBBS1681,17911,54.71136907155632,-0.04178997278740613,0.6098264899631523,0.5901207571330084,-718.3575,0.044,Clinics,SBBS1681,"Tusenfoting, Plysch/Bast 33 cm | 4",3585.0,Toys,-12866501.1825,10922.60226173002,788.084,1,1,Clinics_CH,Clinics
Clinics-SBBS1772,99556,248.3058036724599,0.04842203828655803,0.5453456708255289,0.5236954646743636,-1.9332,0.199,Clinics,SBBS1772,Dr. Baddaky Solo Coniglio Kanin 300 g | 18,1499.0,General,-192461.6592,54292.433604706355,19811.644,0,1,Clinics_CH,Clinics
Clinics-SBBS1773,98131,295.3019330570401,-0.2398221033891936,0.5740736460685993,0.5431596365090623,1.9769,0.029,Clinics,SBBS1773,Dr. Baddaky Solo Coniglio Kanin 100 g | 32,1884.0,General,193995.17390000002,56334.42096235772,2845.799,0,1,Clinics_CH,Clinics
Clinics-SBBS1781,1004443,547.5573208249056,-0.03456583367437775,0.7910255750376314,0.7800269210922436,-2.0167,0.179,Clinics,SBBS1781,Douxo S3 Pyo Pads 30 st | 1,595.0,Healthcare,-2025660.1981000002,794540.1016675236,179795.297,1,1,Clinics_CH,Clinics
Clinics-SBBS1782,761560,400.7428593873056,-0.1317454048557145,0.5339673213605903,0.5094392856427267,-0.9031,0.852,Clinics,SBBS1782,Feliway Optimum Doftavgivare (startpaket) | 1,729.0,Nutraceuticals,-687764.836,406648.15325537114,648849.12,1,0,Clinics_CH,Clinics
Clinics-SBBS1783,640427,409.3126879066893,-0.153985013587422,0.7771509426747587,0.770596558635781,-5.4624,0.018,Clinics,SBBS1783,Feliway Optimum refill 48 ml | 1,800.0,Nutraceuticals,-3498268.4447999997,497708.4467643677,11527.686,1,1,Clinics_CH,Clinics
Clinics-SBBS1786,312897,357.1086132122185,-0.2219411567005852,0.6897459471133925,0.6806208279108452,-1.1559,0.129,Clinics,SBBS1786,Vetramil Honungssalva 30g | 1,1183.0,Healthcare,-361677.64229999995,215819.4376139392,40363.713,1,1,Clinics_CH,Clinics
Clinics-SBBS1822,866628,782.8260952316543,-0.01386430037716641,0.5468315754861776,0.5229806057749238,-0.5144,0.143,Clinics,SBBS1822,"Bajspåsar Green Bone Svart Handtag 50 påsar, Stor | 1=50",625.0,Other,-445793.4432,473899.5546004351,123927.80399999999,1,1,Clinics_CH,Clinics
Clinics-SBBS1823,854808,778.55174779059,-0.3381899932806947,0.7092055187207246,0.6939005460218153,-0.0106,0.966,Clinics,SBBS1823,"Bajspåsar Green Bone Blandade Färger 50 påsar, Stor | 1=50",585.0,Other,-9060.9648,606234.5510466251,825744.5279999999,1,0,Clinics_CH,Clinics
Clinics-SBBS1823 7350040121245,28721,205.1111446737291,-0.1938879447219748,0.2234528757351131,0.1946918711327099,0.7236,0.608,Clinics,SBBS1823 7350040121245,"Bajspåsar Green Bone Blandade Färger 70 påsar, Stor | 1=50 7350040124031",3926.0,N/D,20782.5156,6417.790043988183,17462.368,0,0,Clinics_CH,Clinics
Clinics-SBBS1832,40411,198.3553285703736,-0.1218192473408425,0.780922635764915,0.7672303005002222,-0.4204,0.001,Clinics,SBBS1832,Små möss med päls 6 st | 1,2842.0,Toys,-16988.7844,31557.86463389598,40.411,1,1,Clinics_CH,Clinics
Clinics-SBBS1836,276185,462.0992731915013,-0.09431824293664308,0.8637094200997256,0.858213832200521,2.111,0.2,Clinics,SBBS1836,Monster Dog Treats Lamb 45 g | 1,1312.0,N/D,583026.535,238543.58619024273,55237.0,0,1,Clinics_CH,Clinics
Clinics-SBC0148,110280,306.5746335465446,-0.15744106832683,0.4752887140903039,0.4598560292106071,-0.155,0.041,Clinics,SBC0148,Oralade katt 330 ml | 1,1670.0,Nutraceuticals,-17093.4,52414.83938987871,4521.4800000000005,1,0,Clinics_CH,Clinics
Clinics-SBCS0028,157441,164.1083330481813,-0.03113631262402552,0.8049642294749817,0.7988213705608079,-0.0848,0.102,Clinics,SBCS0028,Cobalaplex 60 kapslar | 1,1377.0,Nutraceuticals,-13350.9968,126734.37325277059,16058.981999999998,1,1,Clinics_CH,Clinics
Clinics-SBCS0031,171729,272.4953845585115,-0.07010065272714862,0.6188875966070797,0.6076784082719939,-0.0518,0.147,Clinics,SBCS0031,Cystophan Katt 30 kapslar | 1,1468.0,Nutraceuticals,-8895.5622,106280.9480777372,25244.162999999997,1,1,Clinics_CH,Clinics
Clinics-SBCS0033,179894,184.0739131834302,-0.01369894568645927,0.7357124095872821,0.7277036947262907,-0.1906,0.003,Clinics,SBCS0033,Cystopro Hund 30 kapslar | 1,1464.0,Nutraceuticals,-34287.7964,132350.24821029452,539.682,1,1,Clinics_CH,Clinics
Clinics-SBCS0044,557564,525.7571435708276,-0.05218261845503178,0.5697262789959638,0.5470802936799619,-0.2327,0.956,Clinics,SBCS0044,Oralade 500 ml | 1,770.0,Nutraceuticals,-129745.1428,317658.8630221056,533031.184,1,0,Clinics_CH,Clinics
Clinics-SBCS0045,1066236,523.7891490395035,-0.2293128873085652,0.6747108314454222,0.662573175902341,-0.4759,0.93,Clinics,SBCS0045,Pro-Fibre 500 g | 1,459.0,Nutraceuticals,-507421.71239999996,719400.9780770412,991599.4800000001,1,0,Clinics_CH,Clinics
Clinics-SBCS0087,154885,269.2263778994545,0.225192087850832,0.6876672224964436,0.6735770220075614,-1.9411,0.167,Clinics,SBCS0087,Aptus Attapectin 30 tabletter | 1,1354.0,Nutraceuticals,-300647.2735,106509.33775636167,25865.795000000002,0,1,Clinics_CH,Clinics
Clinics-SBCS0112,805857,480.3809200293501,-0.2958052334805344,0.5769596289493519,0.5612914670585872,0.8052,0.157,Clinics,SBCS0112,Aptus Sentrx eye drops 10 ml  | 1,641.0,Healthcare,648876.0564,464946.9557062379,126519.549,0,1,Clinics_CH,Clinics
Clinics-SBCS0114,400273,503.2000844290209,-0.2468536141377796,0.5225277674688236,0.5084844665120243,-9.9904,0.118,Clinics,SBCS0114,Aptus Sentrx eye gel 3 ml  | 1=10,961.0,Healthcare,-3998887.3792,209153.7570680484,47232.214,1,1,Clinics_CH,Clinics
Clinics-SBCS0116,310728,296.4624425951922,-0.05753136305214111,0.8296398065741325,0.8217770284160155,-0.0052,0.997,Clinics,SBCS0116,Aptus UriBalance 60 tuggbitar | 1,1157.0,Nutraceuticals,-1615.7856,257792.31781716703,309795.816,1,0,Clinics_CH,Clinics
Clinics-SBCS0117,656122,366.6135453103083,-0.1827031566385108,0.4232885614625189,0.3974656612294974,-0.1317,0.116,Clinics,SBCS0117,Dr. Baddaky Omega 3 500 ml | 6,821.0,Nutraceuticals,-86411.26740000001,277728.93752391083,76110.152,1,0,Clinics_CH,Clinics
Clinics-SBCS0118,230147,275.1375260057664,-0.1456347592580545,0.7923221134357933,0.7830231035896348,-0.0258,0.994,Clinics,SBCS0118,Dr. Baddaky Omega 3 200 ml | 12,1321.0,Nutraceuticals,-5937.7926,182350.55744090752,228766.118,1,0,Clinics_CH,Clinics
Clinics-SBCS0119,204379,95.81743000096829,-0.06277551295484944,0.7991249626912145,0.7876463891307124,-0.2065,0.861,Clinics,SBCS0119,Dr. Baddaky Omega 3 1000 ml | 1,1403.0,Nutraceuticals,-42204.2635,163324.36074986772,175970.319,1,0,Clinics_CH,Clinics
Clinics-SBCS0124,5177755,699.4077263221245,-0.1338219722195844,0.7572044936111704,0.7444257827486004,-8.5366,0.112,Clinics,SBCS0124,Dr. Baddaky Otodine 100 ml | 1,174.0,Healthcare,-44200423.333,3920619.3528177054,579908.56,1,1,Clinics_CH,Clinics
Clinics-SBCS0126,789112,430.5171268953339,-0.06138206723323325,0.6445133390831035,0.6285960259077201,-4.0557,0.464,Clinics,SBCS0126,Dr. Baddaky Otoact 100 ml  | 1,768.0,Healthcare,-3200401.5384,508593.21003054595,366147.968,1,0,Clinics_CH,Clinics
Clinics-SBCS0128,374358,282.8767614861213,0.06345227041827918,0.6622869807940175,0.6471655023221079,-0.0806,0.028,Clinics,SBCS0128,Dr. Baddaky Clorexyderm Oto Piu 150 ml | 1,1040.0,Healthcare,-30173.254800000002,247932.4295560868,10482.024,0,1,Clinics_CH,Clinics
Clinics-SBCS0130,496884,308.3871722084702,-0.01661509702383268,0.466701899144923,0.4510166608844796,-0.224,0.0,Clinics,SBCS0130,Dr. Baddaky Tris-Nac 120 ml | 1,945.0,Healthcare,-111302.016,231896.7064547259,0.0,1,0,Clinics_CH,Clinics
Clinics-SBCS0152,241063,306.0598928431646,0.1120030132557602,0.7303713417924949,0.718298416798129,-1.5581,0.112,Clinics,SBCS0152,Pro-Kolin Advanced 30 ml | 1,812.0,Nutraceuticals,-375600.2603,176065.5067665242,26999.056,0,1,Clinics_CH,Clinics
Clinics-SBCS0153,225102,249.1112174393774,-0.2324650769726751,0.6844539556586016,0.6751044432336712,60.8449,0.008,Clinics,SBCS0153,Pro-Kolin Advanced 60 ml | 1,846.0,Nutraceuticals,13696308.6798,154071.95432666253,1800.816,0,1,Clinics_CH,Clinics
Clinics-SBCS0154,81566,144.4755233479236,-0.06963845441901798,0.7570582637841425,0.7510842866640806,-0.0802,0.001,Clinics,SBCS0154,Pro-Kolin Advanced Cat 15 ml | 1,1609.0,Nutraceuticals,-6541.593199999999,61750.21434381737,81.566,1,1,Clinics_CH,Clinics
Clinics-SBCS0163,109141,125.3978750852519,-0.09715409675318648,0.7955673844814818,0.7860144585226725,-1.6924,0.197,Clinics,SBCS0163,Aptus Hop-Flex Plus Mini | 1,1574.0,Nutraceuticals,-184710.2284,86829.01990969341,21500.777000000002,1,1,Clinics_CH,Clinics
Clinics-SBCS0164,309062,178.487618390821,-0.3633387494652058,0.8485440751150317,0.8373251177161452,5.2667,0.051,Clinics,SBCS0164,Aptus Hop-Flex Plus | 1,1004.0,Nutraceuticals,1627736.8354,262252.72894320195,15762.161999999998,0,1,Clinics_CH,Clinics
Clinics-SDMA,1437716,373.9190241470925,0.02009862422648514,0.6537003166625109,0.6408744024648262,-0.2952,0.639,Clinics,SDMA,SDMA (Catalyst),339.0,Internal,-424413.76320000004,939835.4044707586,918700.524,0,0,Clinics_CH,Clinics
Clinics-SFH027,1871037,362.9380393001165,-0.3998523718307918,0.5801001369243788,0.5546516603743412,-0.0891,0.865,Clinics,SFH027,Hills PD Canine i/d 12 kg  | 1,378.0,Prescription,-166709.39669999998,1085388.819890579,1618447.005,1,0,Clinics_CH,Clinics
Clinics-SFH028,1120332,790.470686854533,-0.3390403526153034,0.5866769936092616,0.5616271144340654,-0.0784,0.717,Clinics,SFH028,Hills PD Canine i/d 360 g burk | 12,543.0,Prescription,-87834.0288,657273.0096042512,803278.044,1,0,Clinics_CH,Clinics
Clinics-SFH035,1311960,296.2912243164931,-0.3761684313257326,0.5721850572602248,0.5530291643017275,-1.2221,0.077,Clinics,SFH035,Hills PD Canine i/d Low fat 12 kg  | 1,450.0,Prescription,-1603346.3159999999,750683.9077231246,101020.92,1,1,Clinics_CH,Clinics
Clinics-SFH036,463378,632.8508717081924,-0.1520566136738343,0.568875011022796,0.5495709070387422,-0.1939,0.297,Clinics,SFH036,Hills PD Canine i/d Low fat 360 g burk  | 12,835.0,Prescription,-89848.9942,263604.1648577212,137623.266,1,0,Clinics_CH,Clinics
Clinics-SFH044,664519,189.2525377575706,-0.4117730758376502,0.6575313789111479,0.6444600574955428,-0.491,0.44,Clinics,SFH044,Hills PD Canine j/d 12 kg  | 1,673.0,Prescription,-326278.82899999997,436942.0943826571,292388.36,1,0,Clinics_CH,Clinics
Clinics-SFH065,1021310,251.7108612538542,-0.3707423757791802,0.5569924207625896,0.5439627860791364,-0.6731,0.198,Clinics,SFH065,Hills PD Canine Metabolic 12 kg  | 1,530.0,Prescription,-687443.761,568861.9292490403,202219.38,1,1,Clinics_CH,Clinics
Clinics-SFH069,730242,266.8868992306091,-0.4399105291370595,0.6376800860432519,0.6213348267670076,-0.6087,0.14,Clinics,SFH069,Hills PD Canine Metabolic Mini 6 kg | 1,677.0,Prescription,-444498.3054,465660.7813923963,102233.88,1,1,Clinics_CH,Clinics
Clinics-SFH071,750903,329.0376613527595,-0.540432810025919,0.8709157968945733,0.8651359072032856,-0.0235,0.942,Clinics,SFH071,Hills PD Canine Metabolic + Mobility 4 kg  | 1,728.0,Prescription,-17646.2205,653973.2846355258,707350.6259999999,1,0,Clinics_CH,Clinics
Clinics-SFH072,3263601,436.2226184494714,-0.5008843930379095,0.6242810363970639,0.6103655192265848,-1.205,0.001,Clinics,SFH072,Hills PD Canine Metabolic + Mobility 12 kg  | 1,226.0,Prescription,-3932639.205,2037404.2146664942,3263.601,1,1,Clinics_CH,Clinics
Clinics-SFH101,1479571,313.339003145322,-0.3774818878124439,0.7967944465035993,0.7844789584129084,-0.5185,0.19,Clinics,SFH101,Hills PD Canine z/d 10 kg  | 1,404.0,Prescription,-767157.5634999999,1178913.956007777,281118.49,1,1,Clinics_CH,Clinics
Clinics-SFH131,677431,399.229968745715,-0.2541322347193042,0.8101429563592073,0.798636468865826,-0.019,0.975,Clinics,SFH131,"Hills PD Feline i/d 1,5 kg  | 1",788.0,Prescription,-12871.189,548815.9530693742,660495.225,1,0,Clinics_CH,Clinics
Clinics-SFH168,690656,387.4132441020023,-0.3949421416840535,0.7839947781189055,0.7691547247072272,-0.0269,0.955,Clinics,SFH168,"Hills PD Feline Metabolic 1,5 kg  | 1",760.0,Prescription,-18578.6464,541470.6974764907,659576.48,1,0,Clinics_CH,Clinics
Clinics-SFH170,698226,194.0389677430272,-0.321112826058958,0.8528088459376097,0.8483144595540253,-0.0999,0.745,Clinics,SFH170,Hills PD Feline Metabolic 8 kg  | 1,676.0,Prescription,-69752.7774,595453.3092636334,520178.37,1,0,Clinics_CH,Clinics
Clinics-SFH439,778032,699.5571768322258,-0.101375719712648,0.4508333558791039,0.4219298482937937,-0.0745,0.818,Clinics,SFH439,Hills PD Canine i/d Low Fat Stew Chicken & Vegetables 354 g burk | 12,713.0,Prescription,-57963.384,350762.77754133096,636430.176,1,0,Clinics_CH,Clinics
Clinics-SFH441,1289197,782.714164921801,-0.1941602433170625,0.4047323273888823,0.3826853765514335,-0.378,0.169,Clinics,SFH441,Hills PD Canine i/d Stew Chicken & Vegetables 354 g burk | 12,504.0,Prescription,-487316.466,521779.70227276493,217874.293,1,0,Clinics_CH,Clinics
Clinics-SFH452,1868101,373.2171143297548,0.159895054377324,0.8263068042852694,0.8198737229625016,-0.1553,0.601,Clinics,SFH452,Hills PD Canine Biome 10 kg  | 1,353.0,Prescription,-290116.0853,1543624.567392116,1122728.701,0,0,Clinics_CH,Clinics
Clinics-SFH454,632521,366.2330683972734,-0.1539928993707017,0.555497751851238,0.5424241563174509,-1.0695,0.049,Clinics,SFH454,"Hills PD Feline Biome 1,5 kg  | 1",797.0,Prescription,-676481.2094999999,351363.9934986969,30993.529000000002,1,1,Clinics_CH,Clinics
Clinics-SFH567,659615,375.1735850856303,-0.01818785161479294,0.585494104372154,0.5733027545007467,-1.78,0.339,Clinics,SFH567,"Hills PD Feline c/d Multicare Stress + Metabolic 1,5 kg | 1",749.0,Prescription,-1174114.7,386200.6936554384,223609.48500000002,1,0,Clinics_CH,Clinics
Clinics-SFH569,700016,418.4730527089177,-0.0425236399965218,0.7727163167959359,0.7625394354584405,-0.0321,0.975,Clinics,SFH569,Hills PD Feline c/d Multicare Stress + Metabolic 12x85 g pouch | 1,716.0,Prescription,-22470.5136,540913.7852182238,682515.6,1,0,Clinics_CH,Clinics
Clinics-SFH570,833918,219.9032042327793,-0.1820319776441081,0.8278585244669393,0.8187298098553376,-0.5765,0.067,Clinics,SFH570,Hills PD Feline c/d Multicare Stress + Metabolic 8 kg  | 1,518.0,Prescription,-480753.727,690366.1250064211,55872.506,1,1,Clinics_CH,Clinics
Clinics-SFH576,738207,686.0212675491989,0.1670012545879571,0.4855573747270824,0.4665039441614188,-0.0063,0.989,Clinics,SFH576,Hills PD Canine Biome Stew Chicken & Vegetables 354 g burk  | 12,651.0,Prescription,-4650.7041,358441.8529251553,730086.723,0,0,Clinics_CH,Clinics
Clinics-SFH675,721302,445.3139084191205,-0.2112102851725142,0.5503162618129522,0.5301811690583084,-0.2283,0.624,Clinics,SFH675,Hills PD Canine i/d 1.5 kg | 1,734.0,Prescription,-164673.2466,396944.22027820605,450092.448,1,0,Clinics_CH,Clinics
Clinics-SFH691,749818,329.8180976631616,0.4742120492113966,0.8328254395701072,0.8264930698568538,-0.1834,0.793,Clinics,SFH691,Hills PD Canine Biome GI Mini 3 kg | 1,740.0,Prescription,-137516.6212,624467.5054475786,594605.674,0,0,Clinics_CH,Clinics
Clinics-SFH694,1170882,418.7717294508678,-0.4506496421608287,0.5050594954284074,0.4867283656294596,-0.6808,0.162,Clinics,SFH694,Hills PD Canine i/d 4 kg | 1,527.0,Prescription,-797136.4656,591365.0721262046,189682.88400000002,1,1,Clinics_CH,Clinics
Clinics-SFH702,919073,364.1964221823368,-0.2638943233551074,0.8260182629796737,0.8182280359489129,-0.1685,0.547,Clinics,SFH702,Hills PD Feline Metabolic 3kg | 1,630.0,Prescription,-154863.8005,759171.0830115177,502732.93100000004,1,0,Clinics_CH,Clinics
Clinics-SFH708,795785,318.9745815762345,0.5122941736342365,0.8682800192357243,0.8613473886691835,-1.314,0.007,Clinics,SFH708,Hills PD Canine Biome GI 4 kg | 1,662.0,Prescription,-1045661.49,690964.2151075009,5570.495,0,1,Clinics_CH,Clinics
Clinics-SFH709,766907,335.8795613494353,-0.4570973149875963,0.621919571714556,0.6020206018047958,2.3919,0.103,Clinics,SFH709,Hills PD Feline i/d 3 kg | 1,690.0,Prescription,1834364.8533,476954.472984895,78991.421,0,1,Clinics_CH,Clinics
Clinics-SFH712,551744,257.4705312622802,0.122822934395079,0.7407876376624485,0.7311155345901518,-0.0378,0.954,Clinics,SFH712,Hills PD Feline Biome GI 3 kg | 1,782.0,Prescription,-20855.9232,408725.13435442996,526363.776,0,0,Clinics_CH,Clinics
Clinics-SFH714,1302721,411.6522763941687,-0.1699187729484249,0.5790821192246596,0.5634925680848322,-1.0075,0.199,Clinics,SFH714,Hills PD Feline c/d Multicare Stress + Metabolic 3 kg | 1,489.0,Prescription,-1312491.4075,754382.4374384678,259241.47900000002,1,1,Clinics_CH,Clinics
Clinics-SFH727,782683,350.0306284951441,-0.01404275264495662,0.8239993712053716,0.8161187460354629,0.1273,0.652,Clinics,SFH727,Hills PD Canine i/d Low Fat 4 kg | 1,694.0,Prescription,99635.5459,644930.2998531339,510309.316,0,0,Clinics_CH,Clinics
Clinics-SFP065,531361,369.5070072130856,-0.2549357434419416,0.8416999326210808,0.8358369671626023,-0.1659,0.461,Clinics,SFP065,"Purina PPVD Feline UR 1,5 kg | 1=4",886.0,Prescription,-88152.78989999999,447246.5178974701,244957.421,1,0,Clinics_CH,Clinics
Clinics-SFP066,1013336,338.1513742585449,-0.295177052017391,0.6530876911855357,0.6402390871553704,1.9967,0.07,Clinics,SFP066,Purina PPVD Feline UR 5 kg | 1,616.0,Prescription,2023327.9911999998,661797.268635186,70933.52,0,1,Clinics_CH,Clinics
Clinics-SFP069,4267556,571.5392352251386,-0.5437260214072024,0.7815938482925768,0.7718144683653788,-0.0416,0.951,Clinics,SFP069,Purina PPVD Feline OM 5 kg | 1,231.0,Prescription,-177530.3296,3335495.516844076,4058445.7559999996,1,0,Clinics_CH,Clinics
Clinics-SFP070,1198022,488.406553523033,0.09865870056167231,0.80134519038206,0.7924501989066298,-1.025e-05,1.0,Clinics,SFP070,"Purina PPVD Feline HA 1,3 kg | 1=4",517.0,Prescription,-12.2797255,960029.1676718963,1198022.0,0,0,Clinics_CH,Clinics
Clinics-SFP071,2868333,518.5056346689843,-0.1574677412261817,0.8505878276595861,0.8450540434988301,-0.4157,0.157,Clinics,SFP071,"Purina PPVD Feline HA 3,5 kg | 1",264.0,Prescription,-1192366.0281,2439769.1354743033,450328.281,1,1,Clinics_CH,Clinics
Clinics-SFP073,1960812,578.4095246893942,-0.0480412034445897,0.7123040778079781,0.6994221708441563,-0.0298,0.875,Clinics,SFP073,"Purina PPVD Feline EN 1,5 kg | 1=4",337.0,Prescription,-58432.1976,1396694.3834148173,1715710.5,1,0,Clinics_CH,Clinics
Clinics-SFP074,2210878,466.3368433879501,-0.4688426015837492,0.8874872236851414,0.882449338178506,-0.0288,0.948,Clinics,SFP074,Purina PPVD Feline EN 5 kg | 1,330.0,Prescription,-63673.2864,1962125.9781265582,2095912.3439999998,1,0,Clinics_CH,Clinics
Clinics-SFP075,660202,731.1265181645647,-0.2911281110046274,0.5140134733559845,0.4922528826107301,-3.3194,0.123,Clinics,SFP075,Purina PPVD Canine & Feline CN Mousse 195 g burk | 1=24,718.0,Prescription,-2191474.5187999997,339352.7231365676,81204.846,1,1,Clinics_CH,Clinics
Clinics-SFP085,2834254,542.9857640743794,-0.0603198374479138,0.5128761166079842,0.4910645994411775,-0.9769,0.177,Clinics,SFP085,Purina PPVD Canine EN 5 kg | 1,243.0,Prescription,-2768782.7325999998,1453621.1850006455,501662.958,1,1,Clinics_CH,Clinics
Clinics-SFP086,6168122,584.4339079032875,-0.3994352132029459,0.7357060223560341,0.7238719636555581,-0.4582,0.195,Clinics,SFP086,Purina PPVD Canine EN 12 kg | 1,136.0,Prescription,-2826233.5004,4537924.502026746,1202783.79,1,1,Clinics_CH,Clinics
Clinics-SFP087,2915983,567.56924119918,-0.1012263255350158,0.6832382680379423,0.6690549069053129,-0.2828,0.154,Clinics,SFP087,Purina PPVD Canine HA 3 kg | 1=2,265.0,Prescription,-824639.9924,1992311.174548083,449061.382,1,1,Clinics_CH,Clinics
Clinics-SFP088,8016367,607.4631855958113,-0.2904129758048282,0.6842755678077441,0.6676584924292044,-0.3189,0.174,Clinics,SFP088,Purina PPVD Canine HA 11 kg | 1,115.0,Prescription,-2556419.4363,5485404.080680262,1394847.858,1,1,Clinics_CH,Clinics
Clinics-SFP089,1181106,322.6972397002838,-0.003250371562513163,0.7366382009020809,0.7268840601947506,-0.0131,0.973,Clinics,SFP089,Purina PPVD Canine DRM 12 kg | 1,552.0,Prescription,-15472.4886,870047.7989146531,1149216.138,1,0,Clinics_CH,Clinics
Clinics-SFP090,562276,185.3038456854718,-0.1631832687923436,0.6512020419857444,0.637786735908273,-0.5398,0.67,Clinics,SFP090,Purina PPVD Canine NF 12 kg | 1,810.0,Prescription,-303516.58479999995,366155.2793595764,376724.92000000004,1,0,Clinics_CH,Clinics
Clinics-SFP091,7413936,615.5260546826248,-0.3515727812913205,0.7964783537587088,0.7857666881670619,0.5965,0.102,Clinics,SFP091,Purina PPVD Canine OM 12 kg | 1,140.0,Prescription,4422412.824,5905039.540152427,756221.472,0,1,Clinics_CH,Clinics
Clinics-SFP092,1886813,413.2844799675467,-0.2903180363316362,0.5769940481989426,0.5580534831929251,-0.1236,0.866,Clinics,SFP092,Purina PPVD Canine JM 12 kg | 1,397.0,Prescription,-233210.0868,1088679.8710643915,1633980.058,1,0,Clinics_CH,Clinics
Clinics-SFP093,5088386,1021.466162280606,-0.7185168568955556,0.8201599076533177,0.8121073662049588,0.3334,0.04,Clinics,SFP093,Purina PPVD Canine EN Mousse 400 g burk | 1=12,144.0,Prescription,1696467.8923999998,4173290.1918644346,203535.44,0,1,Clinics_CH,Clinics
Clinics-SFP192,1703243,556.7697246690724,-0.2174529979344907,0.5687546506478933,0.5460575269977825,-0.0068,0.977,Clinics,SFP192,"Purina PPVD Feline OM 1,5 kg | 1=4",451.0,Prescription,-11582.052399999999,968727.3774334698,1664068.411,1,0,Clinics_CH,Clinics
Clinics-SFP194,1970762,622.4723623484256,-0.2477108881898996,0.4142145849418337,0.3969856021460053,-0.9734,0.191,Clinics,SFP194,"Purina PPVD Canine EN 1,5 kg | 1=4",332.0,Prescription,-1918339.7308,816318.3638491381,376415.542,1,0,Clinics_CH,Clinics
Clinics-SFP197,2353514,549.0000502031847,-0.2703027466512835,0.5154323717305038,0.4937353137482876,-0.1584,0.715,Clinics,SFP197,Purina PPVD Canine OM 3 kg | 1=2,373.0,Prescription,-372796.61760000006,1213077.302920945,1682762.51,1,0,Clinics_CH,Clinics
Clinics-SFP201,2223642,873.9337877220229,-0.2747869819575254,0.7853439627092043,0.7688319598406815,-0.0067,0.984,Clinics,SFP201,Purina PPVD Canine HA Mousse 400 g burk | 1=12,313.0,Prescription,-14898.4014,1746323.8199266205,2188063.728,1,0,Clinics_CH,Clinics
Clinics-SFP203,507735,653.7194577296597,-0.2831611032780931,0.5719140853785905,0.5493832477669374,-2.3656,0.058,Clinics,SFP203,Purina PPVD Canine OM Mousse 400 g burk | 1=12,875.0,Prescription,-1201097.916,290380.7981396986,29448.63,1,1,Clinics_CH,Clinics
Clinics-SFP208,2380171,699.4883201948966,0.1385395195505724,0.7742930848118937,0.7606138778307964,0.3648,0.052,Clinics,SFP208,Purina PPVD Feline EN Chicken 10x85 g pouch | 1=4,293.0,Prescription,868286.3808,1842949.94596981,123768.89199999999,1,1,Clinics_CH,Clinics
Clinics-SFP211,1157908,584.7158066110156,0.04689647235266207,0.7384318983538273,0.7267198938025061,-0.5028,0.055,Clinics,SFP211,Purina PPVD Feline UR Chicken 10x85 g pouch | 1=4,557.0,Prescription,-582196.1424,855036.2025590835,63684.94,0,1,Clinics_CH,Clinics
Clinics-SFP215,1067384,571.5150435342409,0.01497833551068378,0.587657014744148,0.565954752362261,0.5415,0.178,Clinics,SFP215,Purina PPVD Feline OM Chicken 10x85 g pouch | 1=4,605.0,Prescription,577988.436,627255.6950256677,189994.35199999998,1,1,Clinics_CH,Clinics
Clinics-SFP219,795915,421.1144694050056,0.08516419911052803,0.8446508692939694,0.8350909227889829,-0.0678,0.856,Clinics,SFP219,"Purina PPVD FELINE NF AdvCare 1,5 kg N1 XE | 1 =4",717.0,Prescription,-53963.037,672270.2966341097,681303.24,0,0,Clinics_CH,Clinics
Clinics-SFP220,837783,299.7067013250668,-0.4119896807216405,0.861324722735229,0.8550213010413757,-1.1363,0.158,Clinics,SFP220,Purina PPVD FELINE NF AdvCare 5 kg N2 XE | 1,703.0,Prescription,-951972.8229,721603.2101872884,132369.714,1,1,Clinics_CH,Clinics
Clinics-SFP222,952095,568.0941528274715,-0.3900866349107829,0.8089882262410336,0.8026211671157347,-0.1878,0.178,Clinics,SFP222,Purina PPVD Canine Fortiflora 7x1 g | 1 = 20,566.0,Accessories,-178803.441,770233.6452629569,169472.91,1,1,Clinics_CH,Clinics
Clinics-SFP224,1029937,525.2942448441537,0.07757256347392262,0.8368858732686945,0.8289932542333087,-0.0123,0.973,Clinics,SFP224,Purina PPVD FELINE NF Advanced Care Chicken 10x85g | 1=4,613.0,Prescription,-12668.2251,861939.7256567393,1002128.701,0,0,Clinics_CH,Clinics
Clinics-SFP225,896780,502.173357689874,0.1565913790899502,0.8818833015605158,0.8741379442857955,-0.084,0.816,Clinics,SFP225,Purina PPVD FELINE NF Advanced Care Salmon 10x85g | 1=4,665.0,Prescription,-75329.52,790855.3071734393,731772.48,0,0,Clinics_CH,Clinics
Clinics-SFR074,1891884,805.9845384777776,-0.5714266333915696,0.5854590934503985,0.5668975603213119,-0.2346,0.173,Clinics,SFR074,Royal V Dog Derma Hypoallergenic 400 g burk | 12,325.0,Prescription,-443835.9864,1107620.6915533138,327295.932,1,1,Clinics_CH,Clinics
Clinics-SFR078,710295,679.5473209086263,-0.5773281034368007,0.4899546418554532,0.4710640730352849,-0.7611,0.19,Clinics,SFR078,Royal V Dog Weight Satiety 410 g burk | 12,672.0,Prescription,-540605.5244999999,348012.3323367191,134956.05,1,0,Clinics_CH,Clinics
Clinics-SFR156,1151754,471.3555960295054,-0.2659425229803612,0.73300858418808,0.7168272862600849,-0.2903,0.299,Clinics,SFR156,Royal V Dog Derma Hypoallergenic 2 kg | 1,470.0,Prescription,-334354.1862,844245.568872958,344374.446,1,0,Clinics_CH,Clinics
Clinics-SFR157,2299015,424.9201923657423,-0.420585726519775,0.6455571198398011,0.6324296057597938,-0.3054,0.198,Clinics,SFR157,Royal V Dog Derma Hypoallergenic 7 kg | 1,285.0,Prescription,-702119.181,1484145.5018685004,455204.97000000003,1,1,Clinics_CH,Clinics
Clinics-SFR158,4940899,467.8382759639136,-0.5929798870755573,0.7150201067272013,0.7022598129985685,-0.1206,0.691,Clinics,SFR158,Royal V Dog Derma Hypoallergenic 14 kg | 1,137.0,Prescription,-595872.4194,3532842.130308322,3414161.209,1,0,Clinics_CH,Clinics
Clinics-SFR162,3804699,691.9890667442448,-0.5088375005897217,0.7065475730932658,0.6887625775231607,-9.8375,0.038,Clinics,SFR162,Royal V Dog Gastrointestinal 2 kg | 1,201.0,Prescription,-37428726.4125,2688200.8448003754,144578.562,1,1,Clinics_CH,Clinics
Clinics-SFR163,3133718,493.2660510846486,-0.4788889747054982,0.4979837336571448,0.4832185493529432,-0.4664,0.181,Clinics,SFR163,"Royal V Dog Gastrointestinal 7,5 kg | 1",234.0,Prescription,-1461566.0751999998,1560540.5898686005,567202.958,1,0,Clinics_CH,Clinics
Clinics-SFR174,2144413,460.169460791084,-0.4477510604954336,0.4578121367619793,0.4377311047902008,-0.3809,0.174,Clinics,SFR174,Royal V Dog Gastrointestinal Low Fat 6 kg | 1,336.0,Prescription,-816806.9117,981738.2976301663,373127.86199999996,1,0,Clinics_CH,Clinics
Clinics-SFR175,2182464,352.9614047908685,-0.4465417954233971,0.7265353088281816,0.7184922296760694,-0.477,0.09,Clinics,SFR175,Royal V Dog Gastrointestinal Low Fat 12 kg | 1,317.0,Prescription,-1041035.328,1585637.1562463886,196421.75999999998,1,1,Clinics_CH,Clinics
Clinics-SFR185,934828,332.2662254082363,-0.3722022338715764,0.4459091104533569,0.4210990706229103,-0.0006,0.999,Clinics,SFR185,Royal V Dog Weight Satiety 6 kg | 1,582.0,Prescription,-560.8968,416848.3219068907,933893.172,1,0,Clinics_CH,Clinics
Clinics-SFR186,2687069,399.4682716219672,-0.5936720328398143,0.5850512690620653,0.563211862170595,-0.7087,0.2,Clinics,SFR186,Royal V Dog Weight Satiety 12 kg | 1,280.0,Prescription,-1904325.8003,1572073.1285073347,537413.8,1,1,Clinics_CH,Clinics
Clinics-SFR189,487696,378.4175371637293,0.009863959812558087,0.792549356974499,0.7782970227208387,-0.3679,0.327,Clinics,SFR189,"Royal V Dog Derma Hypoallergenic Moderate Calorie 1,5 kg | 1",804.0,Prescription,-179423.3584,386523.1511990353,159476.592,0,0,Clinics_CH,Clinics
Clinics-SFR190,1493851,354.6107676247322,-0.3621812131597947,0.8578082459736598,0.8514414510172565,0.3164,0.074,Clinics,SFR190,Royal V Dog Derma Hypoallergenic Moderate Calorie 7 kg | 1,388.0,Prescription,472654.4564,1281437.7060559976,110544.97399999999,0,1,Clinics_CH,Clinics
Clinics-SFR191,2923310,383.786968933032,-0.5468954449959492,0.6585354908819989,0.6432460352498497,-0.52,0.189,Clinics,SFR191,Royal V Dog Derma Hypoallergenic Moderate Calorie 14 kg | 1,210.0,Prescription,-1520121.2,1925103.3858502563,552505.59,1,1,Clinics_CH,Clinics
Clinics-SFR194,1438461,489.6324087662721,-0.4160754563562689,0.7121832129101968,0.6970349609581019,1.1286,0.164,Clinics,SFR194,"Royal V Dog Gastrointestinal Puppy 2,5 kg | 1",391.0,Prescription,1623447.0846000002,1024447.7766260146,235907.60400000002,0,1,Clinics_CH,Clinics
Clinics-SFR195,597858,175.7472113385759,-0.3478137819632037,0.8240556311730985,0.8159971104634695,-0.3927,0.191,Clinics,SFR195,Royal V Dog Gastrointestinal Puppy 10 kg | 1,638.0,Prescription,-234778.8366,492668.25154188636,114190.878,1,1,Clinics_CH,Clinics
Clinics-SFR196,1012861,475.6428738292948,-0.4532220499587286,0.7096139344127887,0.6943304572766198,-1.2038,0.149,Clinics,SFR196,Royal V Dog Gastrointestinal Moderate Calorie 2 kg | 1,598.0,Prescription,-1219282.0718,718740.2792232716,150916.289,1,1,Clinics_CH,Clinics
Clinics-SFR197,1147299,314.8223226966518,-0.3267206118385742,0.6811980635033932,0.6693905843738892,-0.2981,0.468,Clinics,SFR197,"Royal V Dog Gastrointestinal Moderate Calorie 7,5 kg | 1",521.0,Prescription,-342009.8319,781537.8570593795,536935.932,1,0,Clinics_CH,Clinics
Clinics-SFR208,3172655,530.0966031235483,-0.5049220659671391,0.5096645741226224,0.4877092565460235,-0.5172,0.156,Clinics,SFR208,"Royal V Dog Derma Hypoallergenic Small Dog 3,5 kg | 1",229.0,Prescription,-1640897.166,1616989.8594130087,494934.18,1,1,Clinics_CH,Clinics
Clinics-SFR215,2646313,534.1225532824587,-0.4402118318759626,0.7968069711419749,0.7861126012020788,0.8317,0.005,Clinics,SFR215,Royal V Dog Derma Anallergenic 3 kg | 1,286.0,Prescription,2200938.5221,2108600.646223633,13231.565,0,1,Clinics_CH,Clinics
Clinics-SFR216,7794228,573.8371905685326,-0.4943553566192191,0.599682569476909,0.581757908408711,-0.0468,0.813,Clinics,SFR216,Royal V Dog Derma Anallergenic 8 kg | 1,114.0,Prescription,-364769.8704,4674062.67412887,6336707.363999999,1,0,Clinics_CH,Clinics
Clinics-SFR220,868015,479.5570631173151,-0.4174283887671901,0.6668487941609389,0.6493145201694094,0.3567,0.194,Clinics,SFR220,"Royal V Dog Weight Satiety Small Dog 1,5 kg | 1",735.0,Prescription,309620.95050000004,578834.7560636074,168394.91,0,1,Clinics_CH,Clinics
Clinics-SFR221,2008094,519.8008820006852,-0.6004931858252964,0.7844243124739103,0.7730782236567477,1.3876,0.002,Clinics,SFR221,Royal V Dog Weight Satiety Small Dog 3 kg | 1,362.0,Prescription,2786431.2344,1575197.7553329845,4016.188,0,1,Clinics_CH,Clinics
Clinics-SFR223,1657290,345.6594775290329,-0.552303265806978,0.6320800784246763,0.6184534146626273,-0.5358,0.139,Clinics,SFR223,Royal V Dog Weight Satiety Small Dog 8 kg | 1,408.0,Prescription,-887975.9820000001,1047539.9931724317,230363.31000000003,1,1,Clinics_CH,Clinics
Clinics-SFR237,1016346,365.7867954096414,-0.3246209091628025,0.6734148540384552,0.6613191078917313,-0.321,0.19,Clinics,SFR237,"Royal V Cat Derma Hypoallergenic 2,5 kg | 1",475.0,Prescription,-326247.066,684422.4932425679,193105.74,1,1,Clinics_CH,Clinics
Clinics-SFR238,1025078,286.5418503809663,-0.627106973979464,0.8535392977702208,0.848114827317266,0.9866,0.032,Clinics,SFR238,"Royal V Cat Derma Hypoallergenic 4,5 kg | 1",488.0,Prescription,1011341.9548000001,874944.3562797024,32802.496,0,1,Clinics_CH,Clinics
Clinics-SFR239,872906,347.0757847531534,-0.0434342868630345,0.5500686862125064,0.5334045634796363,-0.0008,0.998,Clinics,SFR239,Royal V Cat Derma Anallergenic 2 kg | 1,602.0,Prescription,-698.3248,480158.2566070141,871160.188,1,0,Clinics_CH,Clinics
Clinics-SFR240,716666,211.9254717333042,-0.3327724054589476,0.8498969523984929,0.8419369422984131,-0.3976,0.078,Clinics,SFR240,Royal V Cat Derma Anallergenic 4 kg | 1,667.0,Prescription,-284946.4016,609092.2492876183,55899.948,1,1,Clinics_CH,Clinics
Clinics-SFR245,1853539,517.8353061762259,-0.4028205010860441,0.5075911865234244,0.4931085743623487,-0.0032,0.991,Clinics,SFR245,Royal V Cat Gastrointestinal 2 kg | 1,345.0,Prescription,-5931.3248,940840.0602774415,1836857.149,1,0,Clinics_CH,Clinics
Clinics-SFR246,1726646,414.6611627713037,-0.4744716105258953,0.6422796719219113,0.629030770881982,-0.4784,0.109,Clinics,SFR246,Royal V Cat Gastrointestinal 4 kg | 1,347.0,Prescription,-826027.4464,1108989.6264052803,188204.414,1,1,Clinics_CH,Clinics
Clinics-SFR247,639515,332.84108994907,-0.4556809045748027,0.8566854713065237,0.8524703381096568,-0.001,0.997,Clinics,SFR247,Royal V Cat Renal 2 kg | 1,719.0,Prescription,-639.515,547863.2091825915,637596.455,1,0,Clinics_CH,Clinics
Clinics-SFR261,1085132,460.0021143956365,-0.3979935681466911,0.7979361502616236,0.7888885151987112,-0.0321,0.851,Clinics,SFR261,"Royal V Cat Weight Satiety 1,5 kg | 1",587.0,Prescription,-34832.737199999996,865866.0506056962,923447.3319999999,1,0,Clinics_CH,Clinics
Clinics-SFR262,1733880,432.8566221403484,-0.4473087084861716,0.5895454748643754,0.5711669140374072,-0.004,0.991,Clinics,SFR262,"Royal V Cat Weight Satiety 3,5 kg | 1",398.0,Prescription,-6935.52,1022201.1079578431,1718275.08,1,0,Clinics_CH,Clinics
Clinics-SFR263,1390159,329.0098518627167,-0.5648363691369926,0.7422252136437562,0.7326779993342656,-0.7967,0.029,Clinics,SFR263,Royal V Cat Weight Satiety 6 kg | 1,440.0,Prescription,-1107539.6753,1031811.0607737905,40314.611000000004,1,1,Clinics_CH,Clinics
Clinics-SFR272,818552,381.0315604515879,-0.2001174105377237,0.8078360514109836,0.7992316955040127,-0.0261,0.909,Clinics,SFR272,Royal V Cat Gastrointestinal Moderate Calorie 2 kg | 1,639.0,Prescription,-21364.2072,661255.8155545634,744063.768,1,0,Clinics_CH,Clinics
Clinics-SFR273,1144454,335.2634496022328,-0.5766964538158684,0.6598063907427203,0.6472066274368952,-0.6534,0.197,Clinics,SFR273,Royal V Cat Gastrointestinal Moderate Calorie 4 kg | 1,513.0,Prescription,-747786.2435999999,755118.0631110693,225457.43800000002,1,1,Clinics_CH,Clinics
Clinics-SFR280,604671,324.3166362975725,-0.4804991496902906,0.7638831764683826,0.7514559752298764,1.0358,0.044,Clinics,SFR280,Royal V Cat Renal Select 2 kg | 1,744.0,Prescription,626318.2218,461898.00419831334,26605.523999999998,0,1,Clinics_CH,Clinics
Clinics-SFR295,769787,336.2099158743375,-0.1792405112545123,0.6990641128671607,0.6879183392696482,-0.039,0.933,Clinics,SFR295,Royal V Cat Multi Renal-Hypoallergenic (GFR-AFR) 2 kg | 1,540.0,Prescription,-30021.693,538130.4662516731,718211.2710000001,1,0,Clinics_CH,Clinics
Clinics-SFR455,582637,370.8917802619651,-0.1608507538395447,0.6419049857061867,0.6258708805885533,-0.7711,0.009,Clinics,SFR455,"Royal V Cat Urinary S/O 1,5 kg | 1",786.0,Prescription,-449271.3907,373997.5951568955,5243.732999999999,1,1,Clinics_CH,Clinics
Clinics-SFR456,727891,305.6737890852661,-0.3456174298453147,0.7175257791606795,0.7070637709814453,-0.5271,0.192,Clinics,SFR456,"Royal V Cat Urinary S/O 3,5 kg | 1",664.0,Prescription,-383671.3461,522280.55691904615,139755.07200000001,1,1,Clinics_CH,Clinics
Clinics-SFR457,527584,158.4918231368244,-0.5132791781191667,0.7410514405368047,0.7308566153610884,-1.0152,0.042,Clinics,SFR457,Royal V Cat Urinary S/O 7 kg | 1,751.0,Prescription,-535603.2768000001,390966.8832041696,22158.528000000002,1,1,Clinics_CH,Clinics
Clinics-SFR458,694347,398.7132379324569,-0.2885194906578566,0.7879502035128428,0.7767896879082556,0.3065,0.036,Clinics,SFR458,"Royal V Cat Urinary S/O Moderate Calorie 1,5 kg | 1",762.0,Prescription,212817.3555,547110.8599585319,24996.492,0,1,Clinics_CH,Clinics
Clinics-SFR459,1198875,379.108191595965,-0.5498223813382115,0.7215347424477452,0.7133445878138553,-0.9287,0.006,Clinics,SFR459,"Royal V Cat Urinary S/O Moderate Calorie 3,5 kg | 1",519.0,Prescription,-1113395.2125,865029.9643520406,7193.25,1,1,Clinics_CH,Clinics
Clinics-SFR460,915385,242.3046750765115,-0.4990689488955596,0.7644451041700893,0.7535733397471702,-0.5671,0.126,Clinics,SFR460,Royal V Cat Urinary S/O Moderate Calorie 7 kg | 1,571.0,Prescription,-519114.83350000007,699761.5816807372,115338.51,1,1,Clinics_CH,Clinics
Clinics-SFR474,773392,307.6536347735237,-0.2948192112388451,0.6903560997334177,0.6812489261961654,-0.5607,0.021,Clinics,SFR474,Royal V Dog Urinary S/O Small Dog 4 kg | 1,684.0,Prescription,-433640.8944,533915.8846850274,16241.232000000002,1,1,Clinics_CH,Clinics
Clinics-SFR481,580244,640.8152521438454,-0.2182715127721056,0.5192011974113442,0.5013938343525051,-0.0111,0.98,Clinics,SFR481,Royal V Dog Urinary S/O 410 g burk | 12,824.0,Prescription,-6440.7084,301263.379590748,568639.12,1,0,Clinics_CH,Clinics
Clinics-SFR487,3146564,408.4823080825376,-0.5456765485451721,0.9011593547429267,0.8943687760611431,-0.3316,0.133,Clinics,SFR487,Royal V Dog Gastrointestinal 15 kg | 1,214.0,Prescription,-1043400.6224,2835555.5838973224,418493.01200000005,1,1,Clinics_CH,Clinics
Clinics-SFR488,1204968,229.5499938153549,-0.3787337615212696,0.6527156276941269,0.6369299744074963,-1.1569,0.008,Clinics,SFR488,Royal V Dog Gastrointestinal Moderate Calorie 15 kg | 1,439.0,Prescription,-1394027.4792,786501.4444713368,9639.744,1,1,Clinics_CH,Clinics
Clinics-SFR489,1315436,555.3168318345465,-0.4336804645009847,0.5474983617296989,0.5272370943444615,-0.1616,0.858,Clinics,SFR489,"Royal V Dog Gastrointestinal Low Fat 1,5 kg | 1",454.0,Prescription,-212574.4576,720199.0549602682,1128644.088,1,0,Clinics_CH,Clinics
Clinics-SFR490,4965523,992.9474378460073,-0.5611213760267394,0.6293052496244351,0.6097949996046685,0.1332,0.62,Clinics,SFR490,Royal V Dog Gastrointestinal 400 g burk | 12,156.0,Prescription,661407.6636000001,3124829.691030874,3078624.26,0,0,Clinics_CH,Clinics
Clinics-SFR491,4046885,944.1826398078243,-0.2622615932361859,0.6015112883515112,0.5836685102179968,0.0972,0.453,Clinics,SFR491,Royal V Dog Gastrointestinal Wet Low Fat 420 g burk | 12,199.0,Prescription,393357.22199999995,2434247.0101604057,1833238.905,0,0,Clinics_CH,Clinics
Clinics-SFR492,882840,785.9507431723027,-0.3028911520334562,0.589556564788352,0.5613581608425137,-0.3737,0.029,Clinics,SFR492,Royal V Dog Gastrointestinal Puppy Mousse 195 g burk | 12,496.0,Prescription,-329917.30799999996,520484.11765774875,25602.36,1,1,Clinics_CH,Clinics
Clinics-SFR500,606973,317.4108453604965,-0.4880601751627695,0.7336938701457592,0.7238306801511576,-0.4459,0.137,Clinics,SFR500,Royal V Cat Gastrointestinal Kitten 2 kg | 1,678.0,Prescription,-270649.2607,445332.36944398185,83155.301,1,1,Clinics_CH,Clinics
Clinics-SFR501,761853,705.9804185948253,-0.3648358527800297,0.6142799356530224,0.5970088879956951,-0.4201,0.032,Clinics,SFR501,Royal V Cat Gastrointestinal Kitten Mousse 195 g burk | 12,548.0,Prescription,-320054.44529999996,467991.0118170621,24379.296000000002,1,1,Clinics_CH,Clinics
Clinics-SFR518,1247764,524.3667651704915,-0.3730943425452372,0.5302705786663414,0.5092379180096105,-0.3848,0.117,Clinics,SFR518,Royal V Cat Gastrointestinal Moderate Calorie Slices in Gravy 12x85 g pouch | 1,484.0,Prescription,-480139.58719999995,661652.5383190288,145988.388,1,1,Clinics_CH,Clinics
Clinics-SFR519,2179655,618.1470926246465,-0.4334416268846218,0.3864478317125778,0.3637236773315622,-0.3242,0.188,Clinics,SFR519,Royal V Cat Gastrointestinal Slices in Gravy 12x85 g pouch | 1,290.0,Prescription,-706644.151,842322.9486314787,409775.14,1,0,Clinics_CH,Clinics
Clinics-SFR521,674293,431.0128343338702,0.03202672206890253,0.680883453242108,0.6690643218807046,-0.6753,0.001,Clinics,SFR521,Royal V Cat Renal Loaf 12x85 g pouch | 1,657.0,Prescription,-455350.0629,459114.94633698073,674.293,0,1,Clinics_CH,Clinics
Clinics-SFR528,923437,480.327237028436,-0.2504515215259604,0.7216037675669333,0.7069513342809826,-0.0043,0.986,Clinics,SFR528,Royal V Cat Urinary S/O Moderate Calorie Morcels in Gravy Pouch 12x85g | 1,603.0,Prescription,-3970.7791,666355.6183107062,910508.882,1,0,Clinics_CH,Clinics
Clinics-SFR530,852472,467.2757988474601,-0.07695323623423692,0.6329998652761828,0.6136840687117714,-0.0661,0.866,Clinics,SFR530,Royal V Cat Urinary S/O Morcels in gravy 12x85 g pouch | 1,617.0,Prescription,-56348.39920000001,539614.6611517181,738240.752,1,0,Clinics_CH,Clinics
Clinics-SFR532,980414,508.228138642865,-0.1823857515768177,0.4942822865944342,0.4755520009127466,-0.0158,0.965,Clinics,SFR532,Royal V Cat Weight Satiety Slices In Gravy 12x85 g pouch | 1,591.0,Prescription,-15490.541200000001,484601.2737291956,946099.51,1,0,Clinics_CH,Clinics
Clinics-SFR533,1719979,586.2328206097169,-0.59589727078664,0.7789442040899256,0.7673096885157111,0.5586,0.008,Clinics,SFR533,Royal V Cat Renal Chicken Slices in Gravy 12x85 g pouch | 1,380.0,Prescription,960780.2694,1339767.6732063862,13759.832,0,1,Clinics_CH,Clinics
Clinics-SFR534,1127752,518.3617037595179,-0.5797315265505054,0.7937341778607687,0.7844983947799076,0.6552,0.013,Clinics,SFR534,Royal V Cat Renal Fish Slices in Gravy 12x85 g pouch | 1,525.0,Prescription,738903.1104,895135.3065508376,14660.776,0,1,Clinics_CH,Clinics
Clinics-SFR535,817621,465.1095184661669,-0.6641214160933552,0.84402671992528,0.8358175999213474,0.6579,0.036,Clinics,SFR535,Royal V Cat Renal Beef Slices in Gravy 12x85 g pouch | 1,632.0,Prescription,537912.8559000001,690093.9707720274,29434.355999999996,0,1,Clinics_CH,Clinics
Clinics-SFR649,853000,270.5308639360763,-0.1255047463753363,0.8404329359267303,0.8327614424616693,-2.0834,0.384,Clinics,SFR649,Royal V Dog Derma Anallergenic Small dog 3 kg | 1,629.0,Prescription,-1777140.2000000002,716889.294345501,327552.0,1,0,Clinics_CH,Clinics
Clinics-SFS022,723195,207.4408672781124,-0.1166419665219171,0.6230857584860895,0.6059532929627299,-2.5944,0.051,Clinics,SFS022,Specific CJD Joint Support (3 st x 4 kg) 12 kg | 1,844.0,Prescription,-1876257.1079999998,450612.5051083475,36882.945,1,1,Clinics_CH,Clinics
Clinics-SFS029,367687,148.3305594219781,-0.2926725668281918,0.6570135243122858,0.6408094388467245,-0.2297,0.765,Clinics,SFS029,Specific COD-HY Allergen Management 7 kg | 1,806.0,Prescription,-84457.7039,241575.3317138114,281280.555,1,0,Clinics_CH,Clinics
Clinics-SFS058,351453,103.344885238674,-0.03723180398962881,0.539425470763482,0.5156026502857312,-1.499,0.059,Clinics,SFS058,Specific CDD-HY Food Allergy Management 12 kg | 1,778.0,Prescription,-526828.047,189582.69997623804,20735.727,1,1,Clinics_CH,Clinics
Clinics-SFS121,613048,627.2677142161687,-0.1959415509285523,0.5798068711210194,0.5576914432852835,-0.5072,0.062,Clinics,SFS121,Specific CT-HY Hypoallergenic Treats 300 g | 6,750.0,Other,-310937.9456,355449.4427269987,38008.976,1,1,Clinics_CH,Clinics
Clinics-SFS173,640534,162.021829592745,-0.3457660996544258,0.8383060249546458,0.830606311857248,-0.9166,0.133,Clinics,SFS173,Specific COD-HY Allergen Management (3 st x 4 kg) 12 kg  | 1,642.0,Prescription,-587113.4643999999,536963.511388299,85191.02200000001,1,1,Clinics_CH,Clinics
Clinics-TAG111,2659723,554.1133007626241,-0.3044170264426703,0.6401551255706723,0.6183463453022282,-0.1197,0.112,Clinics,TAG111,Analsäckstömning,361.0,Other,-318368.8431,1702635.3110482052,297888.976,1,1,Clinics_CH,Clinics
Clinics-TAG112,5265780,533.1253766711933,-0.2405537814205862,0.6193390996032822,0.599304315371876,-0.0695,0.345,Clinics,TAG112,Analsäcksspolning,157.0,Other,-365971.71,3261303.4439089713,1816694.0999999999,1,0,Clinics_CH,Clinics
Clinics-TAN110,2851428,561.6638324477107,-0.05858782698048783,0.6728098328666823,0.6555892977544024,-0.2824,0.003,Clinics,TAN110,Behandling/arvode sköterska 10 min,218.0,Other,-805243.2672,1918468.7961113781,8554.284,1,1,Clinics_CH,Clinics
Clinics-TAN115,1866131,435.8423526810737,-0.8095077833556892,0.9268567187708001,0.9230070723903159,0.7584,0.046,Clinics,TAN115,Behandling/arvode sköterska 15 min,379.0,Other,1415273.7504,1729636.055456472,85842.026,0,1,Clinics_CH,Clinics
Clinics-TAV110,959312,321.3551137085647,0.1250551251502709,0.7715546731001297,0.7595312348422418,-0.9006,0.0,Clinics,TAV110,Behandling/arvode veterinär 10 min,493.0,Other,-863956.3872,740161.6565610316,0.0,0,1,Clinics_CH,Clinics
Clinics-TAV115,2570651,394.8832677577474,-0.330528223182671,0.8678649496010252,0.8609104732642371,-0.0261,0.872,Clinics,TAV115,Behandling/arvode veterinär 15 min,270.0,Other,-67093.9911,2230977.900556825,2241607.672,1,0,Clinics_CH,Clinics
Clinics-TAV130,1525533,268.6374826912544,-0.5325287254233343,0.8061921487531022,0.7973154532761451,-0.1906,0.483,Clinics,TAV130,Behandling/arvode veterinär 30 min,297.0,Other,-290766.5898,1229872.7272637663,736832.439,1,0,Clinics_CH,Clinics
Clinics-TBD110,2718104,452.4392829740558,0.6153419564749727,0.8451010081313127,0.8405114083722405,-0.3191,0.191,Clinics,TBD110,Bandageläggning tass (tassbandage),253.0,Other,-867346.9863999999,2297072.430605754,519157.864,0,1,Clinics_CH,Clinics
Clinics-TBD111,1348682,427.0826818601949,-0.541556243548838,0.6863814967389459,0.6723388771899435,0.4193,0.063,Clinics,TBD111,Bandageläggning litet,281.0,Other,565502.3626,925710.369784875,84966.966,0,1,Clinics_CH,Clinics
Clinics-TBD112,512631,201.2860689392331,-0.3253030767076479,0.8250614337327775,0.8168611884390015,0.5781,0.079,Clinics,TBD112,Bandageläggning medel,583.0,Other,296351.9811,422952.06783586746,40497.849,0,1,Clinics_CH,Clinics
Clinics-TCL111,12589102,855.4608870512982,-0.359465090458016,0.7936534172797611,0.7844140180534818,0.0269,0.717,Clinics,TCL111,Kloklippning enkel,107.0,Other,338646.84380000003,9991383.822783476,9026386.134,0,0,Clinics_CH,Clinics
Clinics-TCL116,1188664,365.0516325997117,0.1184154672455762,0.7792360218748461,0.7710595782405811,-0.0083,0.953,Clinics,TCL116,Pälsvård < 20 min,624.0,Other,-9865.9112,926249.806705842,1132796.792,0,0,Clinics_CH,Clinics
Clinics-TCL117,1048089,247.4438068933992,0.1380408655854461,0.8465499593281123,0.8384124571712698,-0.0302,0.87,Clinics,TCL117,Pälsvård 20-40 min,697.0,Other,-31652.287800000002,887259.7003222419,911837.43,0,0,Clinics_CH,Clinics
Clinics-TCL122,3605500,345.7499950235621,0.04039370083667246,0.8076969374550151,0.8005214500466202,-0.2288,0.373,Clinics,TCL122,Pälsvård Lejonklippning,266.0,Other,-824938.4,2912151.307994057,1344851.5,0,0,Clinics_CH,Clinics
Clinics-TER144,4142838,582.1867956083858,0.03654007351433024,0.666383287220174,0.6488245128633411,-0.1712,0.016,Clinics,TER144,Öronrengöring/behandling < 10 min inkl eventuell otoskopering,249.0,Other,-709253.8656,2760718.004860651,66285.408,0,1,Clinics_CH,Clinics
Clinics-TEY309,364750,75.74010688890219,0.09621678908983942,0.8063827075000373,0.7978155706637557,-0.1798,0.177,Clinics,TEY309,"Cornea ulcus, debridering epitel",537.0,Other,-65582.04999999999,294128.0925606386,64560.75,0,1,Clinics_CH,Clinics
Clinics-TID114,4764041,549.9534882378919,-0.6441907786507716,0.9220125600935267,0.9191241363932869,-0.0312,0.907,Clinics,TID114,ID-märkning inkl chip,209.0,Other,-148638.0792,4392505.638800525,4320985.187,1,0,Clinics_CH,Clinics
Clinics-TID115,7218261,680.5298137526897,0.1802210001339543,0.8786847642269323,0.8722997518178235,-0.3713,0.035,Clinics,TID115,ID-märkning inkl chip i samband med annat besök,148.0,Other,-2680140.3093000003,6342575.96491346,252639.13500000004,0,1,Clinics_CH,Clinics
Clinics-TID117,4472435,668.8522131122592,-0.3781655800980911,0.8798493610916187,0.874469481737512,-0.4094,0.182,Clinics,TID117,ID-märkning inkl chip per valp/kattunge i en kull,241.0,Other,-1831014.889,3935069.0772737935,813983.1699999999,1,1,Clinics_CH,Clinics
Clinics-TII111,2236479,544.729773182028,-0.5587180330354213,0.8972658293997201,0.8934608601182282,-0.2221,0.174,Clinics,TII111,Injektion im/intramuskulärt,244.0,Other,-496721.98589999997,2006716.1848700566,389147.34599999996,1,1,Clinics_CH,Clinics
Clinics-TII112,15357318,871.7078371277761,0.2303365380329658,0.7375795062394611,0.7258293348770489,-0.1551,0.036,Clinics,TII112,Injektion sc/subcutant,59.0,Other,-2381920.0217999998,11327243.027602388,552863.448,0,1,Clinics_CH,Clinics
Clinics-TII113,1676892,421.8935261616737,0.2023346745094951,0.5212312462979203,0.5034990702348803,-0.2658,0.136,Clinics,TII113,Injektion iv/intravenöst,141.0,Other,-445717.89359999995,874048.5070670121,228057.312,0,1,Clinics_CH,Clinics
Clinics-TII117,2577911,368.6848155596027,0.05943704262120567,0.6491984323176565,0.6307351919133226,-0.3324,0.02,Clinics,TII117,Infusion intravenös/dropp,162.0,Other,-856897.6163999999,1673575.7798544422,51558.22,0,1,Clinics_CH,Clinics
Clinics-TII119,4763825,545.5275611156253,-0.03988953674275024,0.5196353219070459,0.505506949021959,-0.1492,0.193,Clinics,TII119,Infusion subcutan,147.0,Other,-710762.69,2475451.7373838327,919418.225,1,1,Clinics_CH,Clinics
Clinics-TOX116,259302,58.38499008954574,0.03660626443308755,0.5930078493773191,0.5703971743427256,-0.4995,0.076,Clinics,TOX116,Syrgasbehandling per timme,546.0,Other,-129521.349,153768.1213592376,19706.952,0,1,Clinics_CH,Clinics
Clinics-TOX119,13870170,746.2600940651362,0.6978150404688056,0.9348653416445393,0.931437201731094,-0.0002,0.999,Clinics,TOX119,Librelabehandling sköterska (exkl medicin),81.0,Other,-2774.034,12966741.21571784,13856299.83,0,0,Clinics_CH,Clinics
Clinics-TOX120,3835326,549.8981990217833,0.5584859781075544,0.8704875522681342,0.8656907949447318,-0.2886,0.177,Clinics,TOX120,Cytopointbehandling sköterska (exkl medicin),242.0,Other,-1106875.0836,3338603.5418903343,678852.7019999999,0,1,Clinics_CH,Clinics
Clinics-TOX123,4056861,522.5612664395022,0.7627872339239083,0.9413438542061923,0.9391714043619772,-1.3802,0.001,Clinics,TOX123,Solensiabehandling sköterska (exkl medicin),223.0,Other,-5599279.552200001,3818901.1697187875,4056.861,0,1,Clinics_CH,Clinics
Clinics-TOX124,1303680,382.1768948179512,-0.201375726895315,0.7294724905752494,0.7173593185114546,-0.5081,0.021,Clinics,TOX124,Cartrophenbehandling sköterska (exkl medicin),471.0,Other,-662399.808,950998.6965131412,27377.280000000002,1,1,Clinics_CH,Clinics
Clinics-TT4,8063682,643.1066075877839,0.03114059459878499,0.8013748309534218,0.7893369419202958,-0.7111,0.015,Clinics,TT4,TT4 (Total T4) Catalyst,121.0,Internal,-5734084.270199999,6462031.79961215,120955.23,0,1,Clinics_CH,Clinics
Clinics-TWO111,4689788,603.0905910464332,-0.2916897680940808,0.8144901533580982,0.8047264772190507,-0.1482,0.121,Clinics,TWO111,Sårbehandling/rengöring enkel,158.0,Other,-695026.5816,3819786.147336968,567464.348,1,1,Clinics_CH,Clinics
Clinics-TWO112,2455628,418.6202147401857,-0.1861642893027642,0.7530691016138489,0.7420124942234243,-0.2271,0.186,Clinics,TWO112,Sårbehandling/rengöring medel,289.0,Other,-557673.1187999999,1849257.5718578126,456746.808,1,1,Clinics_CH,Clinics
Clinics-TWO113,648368,136.2508831591937,-0.05481941873458699,0.8363361139274517,0.827021909029014,-0.0019,0.992,Clinics,TWO113,Sårbehandling/rengöring omfattande,555.0,Other,-1231.8992,542253.573514914,643181.056,1,0,Clinics_CH,Clinics
Clinics-UREA,629487,372.8748639074462,0.1106961222678257,0.7442592616617951,0.7287598229746313,-0.7189,0.104,Clinics,UREA,Urea (Catalyst),576.0,Internal,-452538.2043,468501.52984569845,65466.647999999994,0,1,Clinics_CH,Clinics
Clinics-VCA111,32144813,945.0660976810871,-0.3308751523360636,0.7712437893552204,0.7592039887949689,-0.0856,0.036,Clinics,VCA111,Vaccination kattpest/kattsnuva (Nobivac Tricat),39.0,Vacc,-2751595.9927999997,24791487.38623495,1157213.268,1,1,Clinics_CH,Clinics
Clinics-VCA112,20368374,866.9832551941316,-0.0617373940489671,0.8190062709864036,0.8094802852488459,-0.0854,0.104,Clinics,VCA112,Vaccination Kattsnuva (Nobivac Ducat),72.0,Vacc,-1739459.1396,16681826.035796417,2118310.8959999997,1,1,Clinics_CH,Clinics
Clinics-VDO112,32054711,931.6913414562235,-0.01634611729803727,0.8277713836720955,0.8187067196548373,-0.0866,0.032,Clinics,VDO112,Vaccination Parvo/Valpsjuka/Hepatit/Kennelhosta (Nobivac DHPPI),37.0,Vacc,-2775937.9726,26533972.477679137,1025750.752,1,1,Clinics_CH,Clinics
Clinics-VDO113,26951519,915.1360372592015,0.1991995426809013,0.8682498209926246,0.8602649616588443,-0.0797,0.084,Clinics,VDO113,Vaccination Kennelhosta (Nobivac Pi),45.0,Vacc,-2148036.0642999997,23400651.54722932,2263927.5960000004,0,1,Clinics_CH,Clinics
Clinics-VDO114,14003075,738.8954592583283,0.09805476743166623,0.8879936062215428,0.8838452212667851,-0.1805,0.192,Clinics,VDO114,Vaccination Rabies (Nobivac Rabies),93.0,Vacc,-2527555.0375,12434641.06744073,2688590.4,0,1,Clinics_CH,Clinics
Clinics-VDO115,10899961,708.9737230345635,0.3493922852668326,0.8766940957058397,0.8711729358120713,-0.7459,0.0,Clinics,VDO115,Vaccination Leptospiros (Nobivac L4),116.0,Vacc,-8130280.9099,9555931.45212392,0.0,0,1,Clinics_CH,Clinics
Clinics-XPF117,2513777,300.2806492500163,-0.4137121401390132,0.7797662993844566,0.7681750519836386,-0.1284,0.676,Clinics,XPF117,EXO Smådjur kastration hankanin - TOTALPRIS,363.0,Surgery,-322768.9668,1960158.5887677611,1699313.252,1,0,Clinics_CH,Clinics
Clinics-YHÖLB0367,49642,124.1655028064043,-0.2393980199840423,0.1931112406646411,0.1513756151817778,-0.4697,0.42,Clinics,YHÖLB0367,RADERAS NÄR LAGRET ÄR SLUT ID bricka,3240.0,N/D,-23316.8474,9586.428209074114,20849.64,1,0,Clinics_CH,Clinics
Hospital-AAP115,2671476,437.8897459711206,-0.6391008894114732,0.7358298343587268,0.7240013194792669,0.4202,0.548,Hospital,AAP115,Veterinärkonsultation 15 min,90.0,Consult,1122554.2152,1965751.742573314,1463968.848,0,0,Hospital_CH,Hospital
Hospital-AAP120,9178923,604.8768072817887,-0.3130229798999472,0.6538359810311161,0.6328563435178505,-0.2349,0.144,Hospital,AAP120,Veterinärkonsultation 20 min,70.0,Consult,-2156129.0127,6001510.124514075,1321764.912,1,1,Hospital_CH,Hospital
Hospital-AAP130,104959983,967.2867176586528,-0.4607400078976926,0.7830115659313297,0.7698607517453497,-0.1216,0.386,Hospital,AAP130,Veterinärkonsultation 30 min,1.0,Consult,-12763133.9328,82184880.64895575,40514553.438,1,0,Hospital_CH,Hospital
Hospital-AAP140,23762890,690.3058111172633,-0.4582382395253289,0.7407956657255756,0.7250863121331863,-0.0448,0.821,Hospital,AAP140,Veterinärkonsultation 40 min,31.0,Consult,-1064577.472,17603445.917113625,19509332.689999998,1,0,Hospital_CH,Hospital
Hospital-AAP145,16117944,593.4759423218367,0.1794497581297075,0.5050098575551755,0.4789577447949216,-0.0499,0.878,Hospital,AAP145,Veterinärkonsultation 45 min,17.0,Consult,-804285.4056,8139720.603522295,14151554.832,0,0,Hospital_CH,Hospital
Hospital-ACTHT2,848202,153.0609974773322,0.09707984158831613,0.5313477399132234,0.50867101765096,-0.3153,0.602,Hospital,ACTHT2,ACTH stimulation test (2 cortisol tests) (IDEXX),589.0,External,-267438.0906,450690.2156898759,510617.604,0,0,Hospital_CH,Hospital
Hospital-AEM110,131405824,942.3351099495113,-0.5833371216778633,0.8242478424213198,0.8163783428282445,0.2441,0.088,Hospital,AEM110,Veterinärkonsultation akuten,5.0,Consult,32076161.638400003,108310966.91359568,11563712.512,0,1,Hospital_CH,Hospital
Hospital-AEM111,136438702,910.9899223319301,-0.3815184606633702,0.8744007817056244,0.8667887078696017,-0.2372,0.113,Hospital,AEM111,Veterinärkonsultation inkl. akutavgift vardag/mån-fre 07-17,2.0,Consult,-32363260.1144,119302107.68370074,15417573.326000001,1,1,Hospital_CH,Hospital
Hospital-AEM112,53898248,732.2593300689128,-0.5777477804419582,0.8042542637782641,0.7970044216959776,-0.1788,0.188,Hospital,AEM112,Veterinärkonsultation inkl. akutavgift vardag/mån-tors 17-22,25.0,Consult,-9637006.7424,43347895.7641783,10132870.624,1,1,Hospital_CH,Hospital
Hospital-AEM114,62959007,719.7573538943287,0.3560482267223381,0.5007907786439012,0.4745166090988434,-1.1485,0.078,Hospital,AEM114,Veterinärkonsultation inkl. akutavgift helg 07-17,20.0,Consult,-72308419.5395,31529290.138176825,4910802.546,0,1,Hospital_CH,Hospital
Hospital-AEM115,28548569,567.6421919691409,0.6927228406512493,0.862864840130674,0.8545536183204119,-0.0551,0.916,Hospital,AEM115,Veterinärkonsultation inkl. akutavgift helgdag/ fre-sön 17-07,55.0,Consult,-1573026.1519000002,24633556.426144514,26150489.204,0,0,Hospital_CH,Hospital
Hospital-AEY130,21425789,678.2298514448654,0.05619238566664549,0.3660571958468621,0.3425778327300792,-0.0364,0.885,Hospital,AEY130,Veterinärkonsultation oftalmologi 30 min,76.0,Consult,-779898.7196000001,7843064.240146543,18961823.265,0,0,Hospital_CH,Hospital
Hospital-ALB,1300966,462.3963081984465,0.1511974842331634,0.4159399799577517,0.3897880387618302,-0.0158,0.978,Hospital,ALB,ALB (Albumin) Catalyst,542.0,Internal,-20555.2628,541123.7719657164,1272344.748,0,0,Hospital_CH,Hospital
Hospital-ALKP,1182687,446.8606622612393,0.004337337688239144,0.6181023974050093,0.594957088156828,-0.2991,0.46,Hospital,ALKP,ALKP (Alkaliskt fosfatas) Catalyst,456.0,Internal,-353741.68169999996,731021.6700797383,544036.02,0,0,Hospital_CH,Hospital
Hospital-ALT,2351086,553.0658855824153,0.06770810372886016,0.4632630263175691,0.4350137119132307,-0.3518,0.196,Hospital,ALT,ALT (Alanin aminotransferas) Catalyst,292.0,Internal,-827112.0548,1089171.2154928683,460812.856,0,0,Hospital_CH,Hospital
Hospital-ARCCRE,1716537,516.614049168468,-0.484360806536294,0.4562741998704419,0.4319282685213572,-0.039,0.868,Hospital,ARCCRE,CREA (Kreatinin) Architect,570.0,Internal,-66944.943,783211.5462230087,1489954.116,1,0,Hospital_CH,Hospital
Hospital-ARCCRP,3390573,548.7606696976596,-0.2273087122026581,0.6781662810146396,0.6637558159854444,-0.7392,0.086,Hospital,ARCCRP,CRP (C-reaktivt protein) Architect,352.0,Internal,-2506311.5615999997,2299372.2819186496,291589.278,1,1,Hospital_CH,Hospital
Hospital-ASU130,14565587,552.9249133171492,0.2372405989405027,0.6667936562039,0.6492564802146316,0.6346,0.152,Hospital,ASU130,Veterinärkonsultation kirurgi/ortopedi 30 min,99.0,Consult,9243321.510200001,9712241.010485996,2213969.224,1,1,Hospital_CH,Hospital
Hospital-B12,1520117,335.0494852027041,0.05034017092171809,0.6041447784062086,0.5833102930591669,-0.5986,0.183,Hospital,B12,Vitamin B12 (Cobalamin) (IDEXX),432.0,External,-909942.0362000001,918370.7481165106,278181.411,0,1,Hospital_CH,Hospital
Hospital-CANINE CRP,4826708,574.2373881536925,0.1843110403373553,0.8691672486500105,0.8643215911926034,-0.6245,0.055,Hospital,CANINE CRP,CRP (C-reaktivt protein) V-check,208.0,Internal,-3014279.146,4195216.512396995,265468.94,0,1,Hospital_CH,Hospital
Hospital-CDF114,6727366,517.7421538058338,-0.07611172635183448,0.8845082977310047,0.8811114829583873,-0.3166,0.184,Hospital,CDF114,Dagvårdavgift 4 -  post op tillsyn och droppassning,67.0,Hospitalisation,-2129884.0756,5950411.0488734385,1237835.344,1,1,Hospital_CH,Hospital
Hospital-COKR_Q,453965,80.42556395299599,-0.04954727865777051,0.758765884860533,0.7504474670971031,-0.0728,0.888,Hospital,COKR_Q,Cortisol/Creatinine ratio 1 measurement (IDEXX),776.0,External,-33048.652,344453.1549207119,403120.92,1,0,Hospital_CH,Hospital
Hospital-CORT,220901,59.8076586317074,-0.1866950213957238,0.6213407707307689,0.6018222537581281,-0.2469,0.535,Hospital,CORT,Cortisol (IDEXX),1012.0,External,-54540.456900000005,137254.79759519757,118182.035,1,0,Hospital_CH,Hospital
Hospital-CPL,1903519,322.9321042222754,-0.2476107685023033,0.795152707994492,0.7872128904748986,-0.3564,0.322,Hospital,CPL,cPL (SNAP),296.0,Internal,-678414.1716,1513588.2875689673,612933.118,1,0,Hospital_CH,Hospital
Hospital-CPL2,9279394,586.5155624043757,-0.2993534646263332,0.6321745842018134,0.6157047894645812,-0.0009,0.995,Hospital,CPL2,cPL (V-check),127.0,Internal,-8351.4546,5866197.043594802,9232997.03,1,0,Hospital_CH,Hospital
Hospital-CREA,4505819,644.3962671988312,-0.09548260768117316,0.3802154613870855,0.3572604784754961,-0.0052,0.979,Hospital,CREA,CREA (Kreatinin) Catalyst,177.0,Internal,-23430.2588,1713182.0500116963,4411196.801,1,0,Hospital_CH,Hospital
Hospital-CRP,4922139,589.447821474486,0.2599458823409442,0.4930905216810852,0.4781814193775878,-0.0441,0.851,Hospital,CRP,CRP (C-reaktivt protein) Catalyst,132.0,Internal,-217066.3299,2427060.087296815,4188740.289,0,0,Hospital_CH,Hospital
Hospital-CSF111,55577360,673.6918185574285,-0.4269654815194732,0.5229305677282262,0.5052613294959383,-0.0614,0.671,Hospital,CSF111,Vårdavgift 1 - inkl. medicin som administreras via injektioner och exkl. dropp,29.0,Hospitalisation,-3412449.904,29063100.41763601,37292408.56,1,0,Hospital_CH,Hospital
Hospital-CSF112,168893445,817.8556023370876,-0.7233464115939899,0.7702376739802423,0.7617279582017328,-0.0068,0.962,Hospital,CSF112,Vårdavgift 2 - inkl. medicingiva och infusion/dropp,3.0,Hospitalisation,-1148475.426,130088094.22730999,162475494.09,1,0,Hospital_CH,Hospital
Hospital-CSF212,85515458,689.3876973756395,-0.5614031257407325,0.676865163665282,0.6623964396502947,-0.0292,0.858,Hospital,CSF212,Vårdavgift infektion 2 - inkl. medicingiva och infusion/dropp,13.0,Hospitalisation,-2497051.3736,57882434.475081556,73372262.964,1,0,Hospital_CH,Hospital
Hospital-CSF310,66226496,645.962243713441,0.07028846042180903,0.4686210803948452,0.4489403796687284,0.2058,0.175,Hospital,CSF310,Vårdavgift IVA A,24.0,Hospitalisation,13629412.8768,31035132.106284894,11589636.799999999,1,0,Hospital_CH,Hospital
Hospital-CSR112,80224150,704.9635934355255,-0.643640422110558,0.6729136211879653,0.6607993108615937,0.2336,0.196,Hospital,CSR112,Inskrivningsavgift vård 2 - inkl. medicin och dropp,14.0,Hospitalisation,18740361.44,53983923.283226505,15723933.4,0,1,Hospital_CH,Hospital
Hospital-CSR212,47465281,603.3222815860273,-0.5381451418555193,0.6284733302789247,0.6118378077541005,0.242,0.161,Hospital,CSR212,Inskrivningsavgift vård infektion 2 - inkl. medicin och dropp,33.0,Hospitalisation,11486598.002,29830663.22269497,7641910.241,0,1,Hospital_CH,Hospital
Hospital-CSR310,33615626,537.2223969503615,0.3605045052567872,0.5576312970827884,0.5412472710488176,-0.2009,0.192,Hospital,CSR310,Inskrivningsavgift IVA A,52.0,Hospitalisation,-6753379.2634,18745125.128629904,6454200.192,0,1,Hospital_CH,Hospital
Hospital-CSR311,22668838,448.0300058371898,-0.479749266715417,0.5259513948736521,0.5083940391282318,-0.0795,0.778,Hospital,CSR311,Inskrivningsavgift IVA B,74.0,Hospitalisation,-1802172.621,11922706.96626485,17636355.964,1,0,Hospital_CH,Hospital
Hospital-CSR411,36784805,638.5057475056932,-0.09353317332786891,0.5383897412455345,0.5140944644689838,0.0435,0.625,Hospital,CSR411,Vårdavgift sen inskrivning kl: 17 - 07,43.0,Hospitalisation,1600139.0174999998,19804561.645717446,22990503.125,0,0,Hospital_CH,Hospital
Hospital-CYTU,638795,102.1003190373828,-0.3950903674713644,0.6889110589101124,0.671466819222829,0.4706,0.173,Hospital,CYTU,"Cytological Examination (1 – 2 sites, max of 4 slides) (IDEXX)",182.0,External,300616.927,440072.93987648527,110511.53499999999,0,1,Hospital_CH,Hospital
Hospital-DCT111,19227313,428.3280728447836,0.4306718804938676,0.6838274272271231,0.6671867655022348,-0.1583,0.736,Hospital,DCT111,DT ett område,78.0,Imaging,-3043683.6478999997,13148163.981280617,14151302.367999999,0,0,Hospital_CH,Hospital
Hospital-DCT112,29492343,461.207427539315,-0.4033866311760839,0.6800064522886973,0.6606129039425577,-0.5057,0.04,Hospital,DCT112,DT ett område med kontrast,50.0,Imaging,-14914277.8551,20054983.533111393,1179693.72,1,1,Hospital_CH,Hospital
Hospital-DIFF,2263178,469.8092399535662,0.1460670762420856,0.3629881092510922,0.3344651887697978,0.4688,0.099,Hospital,DIFF,Diff manuell internt,438.0,Internal,1060977.8464,821506.7031186684,224054.622,1,0,Hospital_CH,Hospital
Hospital-DMR115,28759300,355.5956629081613,0.4973112125603101,0.6142668874275358,0.5969952555213061,-2.0423,0.054,Hospital,DMR115,MRT ett område,64.0,Imaging,-58735118.39,17665885.695594728,1553002.2,0,1,Hospital_CH,Hospital
Hospital-DUS111,42785156,682.8237667408943,-0.5544921230970355,0.580891939508023,0.558833620534761,-0.1,0.383,Hospital,DUS111,Ultraljud buk enkel (ett organ) inkl ev. sedering,23.0,Imaging,-4278515.600000001,24853552.250993326,16386714.748,1,0,Hospital_CH,Hospital
Hospital-DUS112,80906881,730.5064854534437,-0.5794285305457901,0.646644945003835,0.6280473105303526,-0.1311,0.199,Hospital,DUS112,Ultraljud buk medel (1-2 organsystem) inkl ev. sedering,10.0,Imaging,-10606892.0991,52318025.61467682,16100469.319,1,1,Hospital_CH,Hospital
Hospital-DUS113,98014997,725.1260450620442,-0.1447503839073739,0.712910158109057,0.6978001664305864,-0.1375,0.183,Hospital,DUS113,Ultraljud buk omfattande  (>2 organsystem) inkl ev. sedering,7.0,Imaging,-13477062.0875,69875887.00832875,17936744.451,1,1,Hospital_CH,Hospital
Hospital-DUS121,27825756,575.3646013589175,-0.3002692896233556,0.7806605885311928,0.7673672908664166,-0.5624,0.007,Hospital,DUS121,Ultraljud hjärta enkel inkl ev. sedering,46.0,Imaging,-15649205.1744,21722471.055285368,194780.29200000002,1,1,Hospital_CH,Hospital
Hospital-DUS122,28873566,531.4300747599763,-0.03903195895532587,0.5062845955157318,0.4841779356134511,-0.0251,0.959,Hospital,DUS122,Ultraljud hjärta omfattande inkl ev. sedering,40.0,Imaging,-724726.5066000001,14618241.683406785,27689749.794,1,0,Hospital_CH,Hospital
Hospital-DXR100,17238067,645.1195074396544,-0.4686730118937026,0.436504286273708,0.4112731349128292,-0.0028,0.995,Hospital,DXR100,Röntgen grundavgift (röntgenträdet),89.0,Imaging,-48266.5876,7524490.13257336,17151876.665,1,0,Hospital_CH,Hospital
Hospital-DXR110,80190351,916.3284914903314,0.4370727695205535,0.7538077490366929,0.7408502621438873,-0.087,0.647,Hospital,DXR110,Röntgen per bild (röntgenträdet),4.0,Imaging,-6976560.537,60448107.98177232,51883157.097,0,0,Hospital_CH,Hospital
Hospital-DXR111,67224239,732.3386043737067,-0.9114415939871798,0.9698613400383645,0.9685118478012764,-0.0286,0.896,Hospital,DXR111,Röntgen upp till två bilder (inkl grundavgift),6.0,Imaging,-1922613.2354000001,65198190.51959929,60232918.144,1,0,Hospital_CH,Hospital
Hospital-DXR114,10832218,625.1850288582514,-0.8154129666563066,0.9418864273869696,0.9392843271207145,-0.0453,0.836,Hospital,DXR114,Röntgen per extra bild över två bilder,92.0,Imaging,-490699.4754,10202719.112696825,9055734.248,1,0,Hospital_CH,Hospital
Hospital-ECE111,707703,198.4483380268088,-0.2247919630507798,0.7003883996919742,0.6889528424283091,-0.0009,0.997,Hospital,ECE111,"Besiktning, intyg hund/katt",252.0,Other,-636.9327,495666.9716272092,705579.891,1,0,Hospital_CH,Hospital
Hospital-ECE113,227523,78.60095065889686,-0.1126159337504243,0.443608574978416,0.4115090696887093,-0.4526,0.177,Hospital,ECE113,"Besiktning, intyg valp/kattunge enstaka ej kull",608.0,Other,-102976.9098,100931.15380481414,40271.570999999996,1,0,Hospital_CH,Hospital
Hospital-ECE114,432884,148.82953825633,-0.03293261948662874,0.5502246142168514,0.5208914368831679,-1.1704,0.064,Hospital,ECE114,"Besiktning, intyg, vacc (Nobivac Tricat) kattunge i en kull",254.0,Other,-506647.43360000005,238183.43190064753,27704.576,1,1,Hospital_CH,Hospital
Hospital-ECE122,741038,204.0937194235743,-0.05414178548931169,0.5890831651378174,0.5701177727595628,-0.0597,0.884,Hospital,ECE122,Undersökning patella inkl SKK intyg,683.0,Other,-44239.9686,436533.010527398,655077.5920000001,1,0,Hospital_CH,Hospital
Hospital-ECE127,1986585,413.5079797749903,-0.2030663114712095,0.8036391063232858,0.793304322445564,-0.1469,0.548,Hospital,ECE127,Passutfärdande inkl pass,122.0,Other,-291829.33650000003,1596497.3940352448,1088648.58,1,0,Hospital_CH,Hospital
Hospital-ECE131,1519221,417.6921850899534,-0.1189720987239491,0.8052151482769868,0.7964934384983444,-0.3844,0.125,Hospital,ECE131,"Intyg/avmaskning, exkl tablett",126.0,Other,-583988.5524,1223299.7627805122,189902.625,1,1,Hospital_CH,Hospital
Hospital-EEX112,1949743,413.1493465198768,0.5427107030837872,0.7838994916108071,0.7725257806429549,-0.2594,0.086,Hospital,EEX112,Operationsintag sköterska,403.0,Surgery,-505763.33420000004,1528402.5464717299,167677.898,0,1,Hospital_CH,Hospital
Hospital-EEX113,8596925,622.9640179800804,0.5023298111465485,0.7898217095435265,0.7787596942563437,-0.1358,0.351,Hospital,EEX113,Operationsintag,105.0,Surgery,-1167462.415,6790038.000317481,3017520.675,0,0,Hospital_CH,Hospital
Hospital-EEY213,1350393,489.0082664237788,-0.432302326850427,0.5233006596102359,0.4982112206423536,-0.0048,0.978,Hospital,EEY213,Schirmer tårtest (STT),400.0,Other,-6481.886399999999,706661.5476330452,1320684.354,1,0,Hospital_CH,Hospital
Hospital-EEY231,6912870,712.3106320915035,-0.5343167569569749,0.6627543984139119,0.6528354101319682,0.2182,0.082,Hospital,EEY231,Fluoresceinfärgning,108.0,Other,1508388.234,4581534.998163579,566855.34,0,1,Hospital_CH,Hospital
Hospital-EEY237,3354010,550.9041574483682,0.6324252884842585,0.77399896234813,0.7638795129010314,-0.5014,0.101,Hospital,EEY237,Biomikroskopi /spaltlampa,299.0,Other,-1681700.6139999998,2596000.2597052515,338755.01,0,1,Hospital_CH,Hospital
Hospital-EEY238,1619479,323.3722284521845,-0.5125312688462664,0.8710335708583408,0.8641246550114662,-0.4237,0.08,Hospital,EEY238,Biomikroskopi /spaltlampa komplicerad,574.0,Other,-686173.2523,1410620.5763000948,129558.32,1,1,Hospital_CH,Hospital
Hospital-EEY241,5213419,596.4565981517272,-0.3910494867319744,0.3827931972268805,0.3551570717295768,-0.0935,0.533,Hospital,EEY241,Tonometri/Ögontrycksmätning,160.0,Other,-487454.6765,1995661.327493366,2778752.327,1,0,Hospital_CH,Hospital
Hospital-EEY263,2682916,412.8964071217061,0.01420132495789018,0.4980233565552884,0.4716035332160931,-0.5908,0.101,Hospital,EEY263,Ögonspegling/ögonlysning första djuret,311.0,Other,-1585066.7728,1336154.831675888,270974.516,0,0,Hospital_CH,Hospital
Hospital-EMS111,4379874,540.3921919103974,-0.397843286706377,0.6610588727462647,0.6405169862460384,0.2073,0.125,Hospital,EMS111,Blodtrycksmätning,188.0,Other,907947.8802,2895354.5692106737,547484.25,0,1,Hospital_CH,Hospital
Hospital-EMS112,1625813,440.0489504044627,-0.3656634957718533,0.5506437533997588,0.5340009294516017,-0.3757,0.17,Hospital,EMS112,Blodtrycksmätning uppföljning,425.0,Other,-610817.9441,895243.772646122,276388.21,1,1,Hospital_CH,Hospital
Hospital-ESA118,1175952,251.0003410546102,-0.5793923344489726,0.9084652630923525,0.9038885262469701,-0.2188,0.572,Hospital,ESA118,Cystocentes urinprov utan ultraljud,553.0,Other,-257298.2976,1068311.5430639782,672644.544,1,0,Hospital_CH,Hospital
Hospital-ETA113,1114846,119.3181624348094,0.02342608130320685,0.5899391825431028,0.5724152159851157,0.183,0.197,Hospital,ETA113,Tappning thorax/thoracocentes,695.0,Other,204016.818,657691.337901448,219624.662,1,1,Hospital_CH,Hospital
Hospital-EUICRP,1534151,399.1086857262064,-0.4689534704701604,0.6056895642937474,0.5893957446364642,-0.5558,0.364,Hospital,EUICRP,CRP (C-reaktivt protein) Euris,615.0,Internal,-852681.1257999999,929219.2507508169,558430.964,1,0,Hospital_CH,Hospital
Hospital-FOL,492210,146.5224416978979,-0.3227140077754386,0.6257440734933928,0.6046167228035038,-1.5223,0.018,Hospital,FOL,Folic acid (IDEXX),880.0,External,-749291.2829999999,307997.4904141829,8859.779999999999,1,1,Hospital_CH,Hospital
Hospital-FPL,628528,150.1129137327929,0.07491185436851043,0.7126445874621417,0.6995829778013299,-0.0383,0.906,Hospital,FPL,Spec fPL® (feline pancreas-specific lipase) (IDEXX),561.0,Internal,-24072.6224,447917.07726840494,569446.368,0,0,Hospital_CH,Hospital
Hospital-FPL2,3210584,426.9976973619786,-0.3808773448290124,0.5944454339580414,0.5698663693494379,0.3112,0.103,Hospital,FPL2,fPL (V-check),284.0,Internal,999133.7407999999,1908516.9991387443,330690.152,0,1,Hospital_CH,Hospital
Hospital-FRU,812814,369.9903950957814,-0.3181444820032049,0.7170754948879705,0.7065968095134509,0.3653,0.171,Hospital,FRU,FRU (Fruktosamin) Catalyst,422.0,Internal,296920.95420000004,582849.0013018709,138991.19400000002,0,1,Hospital_CH,Hospital
Hospital-FRUK,468851,200.3763449647258,-0.324844216104862,0.5468804824581757,0.5254732611569872,-1.2733,0.073,Hospital,FRUK,Fructosamine (IDEXX),1058.0,External,-596987.9783000001,256405.46108099812,34226.123,1,1,Hospital_CH,Hospital
Hospital-FSAA3.0,2232053,447.9166700264339,-0.2217194753390078,0.6196951054710929,0.6085096673967132,-0.0801,0.77,Hospital,FSAA3.0,SAA (Serum Amyloid A) V-check,351.0,Internal,-178787.44530000002,1383192.319252069,1718680.81,1,0,Hospital_CH,Hospital
Hospital-GCUPI,663444,105.4447580852264,-0.1889973881216301,0.3619894466717308,0.3198566742821281,-0.1288,0.63,Hospital,GCUPI,"Check-up, large (IDEXX)",187.0,External,-85451.5872,240159.72645767976,417969.72000000003,1,0,Hospital_CH,Hospital
Hospital-GERIPI,1114095,152.4754979768421,-0.478424087608838,0.5900081772561729,0.5661251584555617,1.1846,0.001,Hospital,GERIPI,Geriatric profile (IDEXX),68.0,External,1319756.9370000002,657325.160240216,1114.095,0,1,Hospital_CH,Hospital
Hospital-GLU,698201,354.2513319579281,0.286040385938785,0.6140721959487732,0.5937602062618665,-1.5826,0.002,Hospital,GLU,GLU (Glukos) Catalyst,556.0,Internal,-1104972.9026,428745.8212836294,1396.402,0,1,Hospital_CH,Hospital
Hospital-HEM111,23962142,802.0570547730836,-0.511783470830037,0.8129424564009107,0.8045667454934888,0.1213,0.569,Hospital,HEM111,Akutavgift vardag mån-fre 08-17,73.0,Consult,2906607.8246,19479842.57810743,13634458.797999999,0,0,Hospital_CH,Hospital
Hospital-HEM114,34105062,682.5148259956721,-0.0937913538023304,0.3847555898475181,0.3523743051026507,-0.0165,0.96,Hospital,HEM114,Akutavgift helg dag 08-17,54.0,Consult,-562733.523,13122113.246596176,32740859.52,1,0,Hospital_CH,Hospital
Hospital-HEM115,35973463,631.8039967818283,-0.3366672003233449,0.4830550554540771,0.4558474267937654,0.3714,0.392,Hospital,HEM115,Akutavgift helg kväll/natt fre-sönd 17-08/ kväll innan storhelg 17-00,48.0,Consult,13360544.1582,17377163.16434019,14101597.496000001,0,0,Hospital_CH,Hospital
Hospital-HFE111,23481713,1053.520127189855,-0.302703956038291,0.8340694739246757,0.8240130784049591,-0.1361,0.179,Hospital,HFE111,Receptarvode vid besök,27.0,Admin,-3195861.1393,19585380.008760218,4203226.626999999,1,1,Hospital_CH,Hospital
Hospital-HFE112,3425764,704.9340760791972,-0.7846811956029804,0.9159483881592393,0.9121848831514441,-1.7097,0.096,Hospital,HFE112,Receptarvode utan besök,159.0,Admin,-5857028.7108,3137823.0140139484,328873.344,1,1,Hospital_CH,Hospital
Hospital-HFE113,48985900,1119.151486648481,-0.3299624803548957,0.7109003639793723,0.6979556041575532,-0.1301,0.13,Hospital,HFE113,Direktregleringsavgift,19.0,Admin,-6373065.59,34824094.139857136,6368167.0,1,1,Hospital_CH,Hospital
Hospital-HISTGI,783798,67.50946725655794,-0.2020338388017551,0.6075955421232816,0.5887299431869009,-1.0232,0.035,Hospital,HISTGI,Histopathological examination - GI tract Profile (IDEXX),912.0,External,-801982.1136,476232.17072514386,27432.930000000004,1,1,Hospital_CH,Hospital
Hospital-HISTU,8926769,468.0068819785532,0.198410304869632,0.6553516955817151,0.6399196819510458,0.0731,0.746,Hospital,HISTU,Histopathological Examination (1site) (IDEXX),88.0,External,652546.8139,5850173.2002162915,6659369.674,1,0,Hospital_CH,Hospital
Hospital-HISTU3,605862,41.19691675886691,-0.001605730322520984,0.4685534593153216,0.4408739519879946,-0.7812,0.0,Hospital,HISTU3,Histopathological Examination (3 – 8 sites) (IDEXX),545.0,External,-473299.3944,283878.7359676994,0.0,1,0,Hospital_CH,Hospital
Hospital-INDALB,1646564,553.8197305476393,-0.163974925639316,0.3042793189622722,0.2785118863312454,-0.1907,0.175,Hospital,INDALB,ALB (Albumin) Indiko,565.0,Internal,-313999.7548,501015.37254779483,288148.69999999995,1,0,Hospital_CH,Hospital
Hospital-INDALT,2184074,593.3834208607511,-0.1484378785712614,0.5156791870105346,0.4901886179058259,-0.1292,0.146,Hospital,INDALT,ALT (Alanin aminotransferas) Indiko,455.0,Internal,-282182.3608,1126281.5046908464,318874.804,1,1,Hospital_CH,Hospital
Hospital-INDCRP,3777100,598.9566945444017,-0.6014582578450408,0.5692116465884882,0.5499226158387192,-0.1399,0.741,Hospital,INDCRP,CRP (C-reaktivt protein) Indiko,305.0,Internal,-528416.29,2149969.310329379,2798831.1,1,0,Hospital_CH,Hospital
Hospital-INDKRE,1974463,571.1882127251758,-0.6196515537789986,0.647274122814456,0.6287096029625852,-0.0056,0.973,Hospital,INDKRE,CREA (Kreatinin) Indiko,492.0,Internal,-11056.9928,1278018.806354599,1921152.499,1,0,Hospital_CH,Hospital
Hospital-LANAB10,1834880,363.9446183440092,0.3652910314471702,0.936289466992827,0.9329362810450811,-0.2103,0.378,Hospital,LANAB10,Anaplasmainklusioner blodutstryk,520.0,Internal,-385875.26399999997,1717978.8171957985,693584.64,0,0,Hospital_CH,Hospital
Hospital-LANABA01,5583855,531.2733832593918,-0.4290846754214468,0.3847773147703407,0.3572300303570725,0.4201,0.194,Hospital,LANABA01,Bakt + res (aerob),232.0,Internal,2345777.4855,2148540.732966941,1083267.87,0,0,Hospital_CH,Hospital
Hospital-LANABA03,1496073,244.8259703386923,-0.2215371375973511,0.893190209499696,0.8854822864739008,0.6058,0.11,Hospital,LANABA03,"Baktodling - screening, urin (utan res.best)",579.0,Internal,906321.0234000001,1336277.7562968386,164568.03,0,1,Hospital_CH,Hospital
Hospital-LANABA06,1192529,387.9018659751893,-0.4279105692570514,0.5503831079997058,0.5337306305182135,-0.0314,0.952,Hospital,LANABA06,Baktodling Uricult/Selma,430.0,Internal,-37445.410599999996,656347.8173997812,1135287.608,1,0,Hospital_CH,Hospital
Hospital-LANABA13,1900883,251.0915775622534,-0.673946366032591,0.6762162024941919,0.6614987571530189,-0.3292,0.194,Hospital,LANABA13,Baktodling urin - om växt res - Idexx,528.0,Internal,-625770.6836,1285407.8836457669,368771.302,1,1,Hospital_CH,Hospital
Hospital-LANACY01,5730522,498.6466529064675,0.3146465040429696,0.6461423112831217,0.6302979371614705,-0.7024,0.038,Hospital,LANACY01,Cytologi FNA hudknöl (1-2 st)  inkl provtagning,149.0,Internal,-4025118.6528000003,3702732.729938777,217759.83599999998,0,1,Hospital_CH,Hospital
Hospital-LANACY01A,1331723,321.4754450886232,-0.5481720210914575,0.5104577231204782,0.4846923401268192,-0.0006,0.999,Hospital,LANACY01A,Cytologi FNA hudknöl (1 knöl) inkl provtagning,645.0,Internal,-799.0337999999999,679788.2904071726,1330391.277,1,0,Hospital_CH,Hospital
Hospital-LANACY03,2285225,345.5662552054301,-0.3208252471304424,0.6237371309742024,0.6068895398237936,0.6527,0.115,Hospital,LANACY03,Cytologi FNA inre organ,436.0,Internal,1491566.3575,1425379.6851305217,262800.875,0,1,Hospital_CH,Hospital
Hospital-LANACY05,5531458,574.2901038815795,0.2276984171230979,0.5159059683918059,0.4904273351492694,0.2977,0.113,Hospital,LANACY05,Cytologi hud inkl provtagning,176.0,Internal,1646715.0466,2853712.196108602,625054.7540000001,1,1,Hospital_CH,Hospital
Hospital-LANACY06,9357109,681.4499019298211,0.439327784710984,0.7479989274472795,0.7367152973329786,-0.0187,0.947,Hospital,LANACY06,Cytologi öron inkl provtagning,94.0,Internal,-174977.9383,6999107.496007286,8861182.223,0,0,Hospital_CH,Hospital
Hospital-LANACY24,2258685,362.9150684699658,-0.1428708175164454,0.4836879429740495,0.4605694926594548,-0.388,0.19,Hospital,LANACY24,Cytologi fri vätska,465.0,Internal,-876369.78,1092498.7014763409,429150.15,1,0,Hospital_CH,Hospital
Hospital-LANAMA01,1971818,584.6675093950186,-0.237772505404328,0.4414453553403975,0.4120477424635763,0.2146,0.169,Hospital,LANAMA01,Glukos med glukometer,476.0,Internal,423152.14280000003,870449.897676592,333237.242,0,0,Hospital_CH,Hospital
Hospital-LDIFF,3855938,550.4498737580516,-0.1926007805728236,0.7960870528971461,0.7853547925233118,-0.4037,0.372,Hospital,LDIFF,Leukogram inkl manuell diff,331.0,Internal,-1556642.1706,3069662.3185741156,1434408.936,1,0,Hospital_CH,Hospital
Hospital-LPOOVR014,2683766,273.5101814901156,-0.09565986200986473,0.2154639032481986,0.1864070107759097,-0.4698,0.684,Hospital,LPOOVR014,Jour Blodstatus (Abaxis),415.0,Internal,-1260833.2668,578254.697764805,1835695.9440000001,1,0,Hospital_CH,Hospital
Hospital-LPROBAS01,8357870,288.1289821931322,0.4835859845754741,0.9392118378358303,0.9363975710689706,-0.8803,0.185,Hospital,LPROBAS01,Basprofil,168.0,Internal,-7357432.961,7849810.443092951,1546205.95,0,1,Hospital_CH,Hospital
Hospital-LPROBGA015,2281067,223.9616720485532,0.7206598663233994,0.8002284570009905,0.7908052710104712,1.502,0.001,Hospital,LPROBGA015,Blodgas venös,315.0,Internal,3426162.634,1825374.7257258785,2281.067,1,1,Hospital_CH,Hospital
Hospital-LPROBGA016,13625096,656.8060480408524,-0.4731942182399482,0.7560653421015147,0.7451428947329257,-0.0029,0.992,Hospital,LPROBGA016,Blodgas venöst hund (ABL),119.0,Internal,-39512.778399999996,10301462.86840598,13516095.232,1,0,Hospital_CH,Hospital
Hospital-LPROBGA018,3354567,323.2936917315398,-0.1197399530910456,0.7616063604548583,0.7465499200625336,-2.2772,0.001,Hospital,LPROBGA018,Blodgas venöst katt (ABL),356.0,Internal,-7639019.9724,2554859.5637719724,3354.567,1,1,Hospital_CH,Hospital
Hospital-LPROBGA020,2713367,449.9211445979494,0.08383927502467863,0.5380392151136845,0.5173544038501181,-0.5606,0.363,Hospital,LPROBGA020,Blodgas uppföljande venöst hund (ABL),407.0,Internal,-1521113.5402,1459897.8509953727,984952.221,0,0,Hospital_CH,Hospital
Hospital-LPROBGA025,6612985,521.8533990542269,0.03167115959356397,0.4646766022920183,0.4448498097843153,-0.7282,0.2,Hospital,LPROBGA025,i-STAT CG8+ venöst,206.0,Internal,-4815575.677,3072899.4008080824,1322597.0,0,0,Hospital_CH,Hospital
Hospital-LPROBGA026,1665552,294.0789604200137,0.1315201867724398,0.3793165644499793,0.3464015337768722,-1.1171,0.114,Hospital,LPROBGA026,i-STAT CHEM8+ venöst,580.0,Internal,-1860588.1391999999,631771.4625527919,189872.928,0,0,Hospital_CH,Hospital
Hospital-LPROCHEM010,6064571,471.3331621380293,-0.5622160905720481,0.7122920757669904,0.6994096313983482,-0.5636,0.144,Hospital,LPROCHEM010,Chem 10,100.0,Internal,-3417992.2155999998,4319745.866226292,873298.2239999999,1,1,Hospital_CH,Hospital
Hospital-LPROHEM027,12779401,646.057974560532,-0.6334305599538036,0.6943871257980797,0.6758651334222058,0.2783,0.155,Hospital,LPROHEM027,Hematologi,71.0,Internal,3556507.2983,8873851.529811105,1980807.155,0,1,Hospital_CH,Hospital
Hospital-LPROHEM028,6792420,517.6913108800686,-0.1465860101493628,0.4030830585163575,0.3669062741840156,-0.5378,0.177,Hospital,LPROHEM028,Hematologi inkl. manuell diff,200.0,Internal,-3652963.476,2737909.428327677,1202258.3399999999,1,0,Hospital_CH,Hospital
Hospital-LPROKOAG01,3094029,410.716625788858,-0.2112992693717363,0.3202873023809018,0.2951127580246389,-0.2364,0.528,Hospital,LPROKOAG01,Koagulation Blödningstider (aPTT + PT),372.0,Internal,-731428.4556,990978.2018982793,1633647.3120000002,1,0,Hospital_CH,Hospital
Hospital-LPROLEV001,1500272,195.1520849031679,-0.5218332601250042,0.6878338292583347,0.6729687735087315,-1.275,0.0,Hospital,LPROLEV001,Leverprofil katt,600.0,Internal,-1912846.7999999998,1031937.8346890603,0.0,1,1,Hospital_CH,Hospital
Hospital-LPROLEV002,3574620,320.8582567070472,-0.02158276894326203,0.4815144100830155,0.4623112400860903,-0.336,0.182,Hospital,LPROLEV002,Leverprofil hund (Indiko),321.0,Internal,-1201072.32,1721231.0405709487,650580.84,1,0,Hospital_CH,Hospital
Hospital-LPROLYTE04,5190628,537.134245756561,0.4398920932763389,0.681124972197194,0.6668469858776654,-0.0248,0.97,Hospital,LPROLYTE04,Lyte 4,170.0,Internal,-128727.5744,3535466.3521859767,5034909.16,0,0,Hospital_CH,Hospital
Hospital-LPRONATT01,4573865,369.0103332607061,-0.3131078688844078,0.5088995649557504,0.4907106599541116,-0.0912,0.902,Hospital,LPRONATT01,Nattprofil hund,283.0,Internal,-417136.488,2327637.908666333,4125626.23,1,0,Hospital_CH,Hospital
Hospital-LPRONB001,52699746,697.976739936332,0.1518593376225472,0.6743217855076069,0.6647430144931248,-0.1089,0.775,Hospital,LPRONB001,Normalblod standard hund/katt,16.0,Internal,-5739002.3394,35536586.818517365,40842303.15,0,0,Hospital_CH,Hospital
Hospital-LPRONB002,41923025,649.3769354443468,0.8708366850676519,0.8703207345471858,0.8645142002731793,-0.2368,0.507,Hospital,LPRONB002,Normalblod utökad hund,21.0,Internal,-9927372.32,36486477.91244004,21254973.675,0,0,Hospital_CH,Hospital
Hospital-LPRONB003,8991660,415.8865854559542,0.0612618509642946,0.3779766838509833,0.3501248935756542,-0.0036,0.992,Hospital,LPRONB003,Normalblod utökad katt (Indiko),103.0,Internal,-32369.976,3398637.829115533,8919726.72,0,0,Hospital_CH,Hospital
Hospital-LPRONB004,18267575,513.3883073942416,0.8478791842593093,0.829489384876873,0.8205151419756558,-0.9545,0.019,Hospital,LPRONB004,Normalblod utökad katt inkl SAA,58.0,Internal,-17436400.3375,15152759.549942143,347083.925,0,1,Hospital_CH,Hospital
Hospital-LPRONJU002,2195962,254.6006207776975,-0.1442740380453787,0.5519046156111544,0.5313811628910546,-0.5942,0.004,Hospital,LPRONJU002,Njurprofil (UTAN blodgasmaskin),396.0,Internal,-1304840.6204,1211961.563506702,8783.848,1,1,Hospital_CH,Hospital
Hospital-LPROPRE001,11678628,571.4574259143071,-0.5521840386244501,0.8623892276165837,0.8572925323431237,-0.0111,0.976,Hospital,LPROPRE001,Preanestetisk profil MINI,111.0,Internal,-129632.77080000001,10071522.980541406,11398340.928,1,0,Hospital_CH,Hospital
Hospital-LPROPRE002,26725230,651.5194194943998,-0.2354847203911997,0.7744867824905867,0.7661344411013491,-0.2685,0.097,Hospital,LPROPRE002,Preanestetisk profil STANDARD,36.0,Internal,-7175724.255000001,20698337.3940209,2592347.31,1,1,Hospital_CH,Hospital
Hospital-LPROSEN001,2531600,264.2765547748166,0.5855676256654088,0.8752408227828679,0.869438070354164,-0.358,0.152,Hospital,LPROSEN001,Seniorprofil hund,183.0,Internal,-906312.7999999999,2215759.6669571083,384803.2,0,1,Hospital_CH,Hospital
Hospital-LPROSEN002,5939004,395.9794100864789,-0.05930563740120265,0.85911299974625,0.8549692644446691,-1.6117,0.007,Hospital,LPROSEN002,Seniorprofil katt,91.0,Internal,-9571892.7468,5102275.541944978,41573.028,1,1,Hospital_CH,Hospital
Hospital-LPROURI001,1119204,246.4733178338077,-0.1643093912793205,0.397072652099411,0.3747420095845744,-0.1826,0.648,Hospital,LPROURI001,Urinprov fullständig (SediVue),287.0,Internal,-204366.6504,444405.3005202692,725244.192,1,0,Hospital_CH,Hospital
Hospital-LPROURI002,3181731,495.6149408795178,0.03240540674556424,0.5582712152655456,0.535022331858469,-0.3307,0.004,Hospital,LPROURI002,Urinprov UPC (catalyst),307.0,Internal,-1052198.4417,1776268.8320180597,12726.924,0,1,Hospital_CH,Hospital
Hospital-LPROURI003,22588519,755.4895569344259,-0.7215911314736105,0.5918838317816206,0.5767684181439029,-0.0109,0.938,Hospital,LPROURI003,Urinprov fullständig,44.0,Internal,-246214.8571,13369779.179991942,21188030.821999997,1,0,Hospital_CH,Hospital
Hospital-LPROURI004,2464038,458.8096869850636,0.5357708856823865,0.6334592852122365,0.6170470144008442,-0.0709,0.508,Hospital,LPROURI004,Urinprov sediment,364.0,Internal,-174700.2942,1560867.7502157888,1251731.304,0,0,Hospital_CH,Hospital
Hospital-LPROURI005,1184427,397.406528181248,-0.02078817108953378,0.4206662088152348,0.385555069955552,0.2379,0.061,Hospital,LPROURI005,Urinprov stix + densitet,390.0,Internal,281775.1833,498248.4157084021,72250.04699999999,0,0,Hospital_CH,Hospital
Hospital-LROPNATT02,1562970,250.0921917943267,-0.01278189662855467,0.3299028376371161,0.3050844242162686,-0.0476,0.955,Hospital,LROPNATT02,Nattprofil katt,610.0,Internal,-74397.372,515628.23814168334,1492636.3499999999,1,0,Hospital_CH,Hospital
Hospital-LSVA02,878024,95.98755763531868,-0.01032013725584537,0.2709975968288119,0.2381596507400197,1.2279,0.032,Hospital,LSVA02,Bakt. res bestämning (aerob) - SVA,876.0,External,1078125.6696,237942.39395802075,28096.768,0,0,Hospital_CH,Hospital
Hospital-MAN111,7535232,449.8118493944042,0.2427372557210787,0.6352279526037898,0.6188948758547058,-0.3624,0.025,Hospital,MAN111,Tandnarkos uppstart,83.0,Dental,-2730768.0768,4786589.99575456,188380.80000000002,0,1,Hospital_CH,Hospital
Hospital-MAN112,20917069,728.7758955571859,0.0646796007737278,0.8219719018917183,0.8126020019912824,-0.364,0.003,Hospital,MAN112,Tandnarkos per 15 min,12.0,Dental,-7613813.115999999,17193242.9879303,62751.207,0,1,Hospital_CH,Hospital
Hospital-MBAS0004,366223,-20.88471927922182,0.002883200538273931,0.2832808113401332,0.2326036969904456,-0.6436,0.194,Hospital,MBAS0004,"Alizin vet, inj, 30 mg/ml, flaska 10 ml",773.0,Medicin,-235701.12279999998,103743.94857141761,71047.262,0,0,Hospital_CH,Hospital
Hospital-MBAS0005,1014587,189.9116761051933,-0.6159084553018406,0.376165973935141,0.3433326041422536,-0.6436,0.007,Hospital,MBAS0005,"Apomorfin vet. APL, inj, 5 mg/ml, ampull 1 ml",640.0,Medicin,-652988.1932,381653.1069969329,7102.109,1,0,Hospital_CH,Hospital
Hospital-MBAS0020,1404096,351.051429552811,-0.4928739216084697,0.5334750446869152,0.5125858675833443,-0.7465,0.0,Hospital,MBAS0020,"Carbomix, gran t oral susp, flaska 50 gram",634.0,Medicin,-1048157.6640000001,749050.1763447189,0.0,1,1,Hospital_CH,Hospital
Hospital-MBAS0033,9247994,689.2473259662349,-0.6089814038495639,0.5088200105776626,0.4868268767229311,-0.1284,0.515,Hospital,MBAS0033,"Doktacillin, inj/inf, flaska 1 g",138.0,Medicin,-1187442.4296,4705564.40490216,4762716.91,1,0,Hospital_CH,Hospital
Hospital-MBAS0085,1354648,683.4966588454909,-0.5984335682801769,0.8610429847343393,0.8558964286133889,-1.1224,0.012,Hospital,MBAS0085,"Ondansetron, inj, 2mg/ml, ampull 2 ml",631.0,Medicin,-1520456.9152000002,1166410.1571844032,16255.776,1,1,Hospital_CH,Hospital
Hospital-MBAS0097,6453795,875.1400105513666,-0.4221032274493413,0.8151265571789461,0.8082793926300182,-0.7068,0.09,Hospital,MBAS0097,"Ringer-Acetat, inf, påse 500 ml",192.0,Medicin,-4561542.306,5260659.699088696,580841.5499999999,1,1,Hospital_CH,Hospital
Hospital-MBAS0098,5685371,873.3799272952581,-0.1773948479464094,0.8984151229493831,0.8930685504730348,-1.583,0.024,Hospital,MBAS0098,"Ringer-Acetat, inf, påse 1000 ml",225.0,Medicin,-8999942.293,5107823.285977857,136448.904,1,1,Hospital_CH,Hospital
Hospital-MBAS0176,933183,338.1143345487823,-0.2697332704341571,0.6865241806112796,0.6749139650783641,0.2702,0.359,Hospital,MBAS0176,"Bupaq Multidose vet, inj, 0,3 mg/ml, flaska 10 ml",623.0,Medicin,252146.0466,640652.6944353757,335012.697,0,0,Hospital_CH,Hospital
Hospital-MBAS0198,1406914,267.0280073330281,-0.02079769525609676,0.3909181768372922,0.368359590794229,-0.0019,0.994,Hospital,MBAS0198,"Cerenia, inj, 10 mg/ml, flaska 20 ml",620.0,Medicin,-2673.1366,549988.2558468621,1398472.516,1,0,Hospital_CH,Hospital
Hospital-MBAS0237,146265,172.6301462088956,0.07190060805229134,0.6921980185314305,0.676807919458002,-0.2044,0.856,Hospital,MBAS0237,"Droncit vet, tabl, 50 mg",741.0,Medicin,-29896.566,101244.34318049968,125202.84,0,0,Hospital_CH,Hospital
Hospital-MBAS0253,892123,378.4880180854912,-0.3680006298976425,0.4397759771122156,0.4058230060281075,2.0318,0.193,Hospital,MBAS0253,"Fentadon vet, inj, 50 µg/ml, flaska 10 ml",860.0,Medicin,1812615.5114,392334.26402928116,172179.739,0,0,Hospital_CH,Hospital
Hospital-MBAS0275,602118,70.81079930479225,-0.00371856088281278,0.3012347258940966,0.275354530556841,-13.1416,0.596,Hospital,MBAS0275,"Gabapentin, kapsel, 100 mg",848.0,Medicin,-7912793.9088,181378.85068590165,358862.328,1,0,Hospital_CH,Hospital
Hospital-MBAS0356,405209,39.99442728101755,-0.6178007665932554,0.7023304493880389,0.6866636309347778,-0.0197,0.968,Hospital,MBAS0356,"Metacam för hund och katt, inj 5 mg/ml, flaska 20 ml",813.0,Medicin,-7982.6173,284590.61906607787,392242.312,1,0,Hospital_CH,Hospital
Hospital-MBAS0382,2367899,430.1544985409812,-0.600506426675111,0.6513002943398636,0.627343826012068,-0.6512,0.022,Hospital,MBAS0382,"Nexium, inj/inf, flaska 40 mg",441.0,Medicin,-1541975.8288,1542213.3156670686,52093.778,1,1,Hospital_CH,Hospital
Hospital-MBAS0409,1464819,290.7889427066994,-0.1377124385432978,0.7254548739836926,0.71100513050915,-0.8303,0.011,Hospital,MBAS0409,"Onsior, inj, 20 mg/ml, flaska 20 ml",431.0,Medicin,-1216239.2157,1062660.0830539186,16113.008999999998,1,1,Hospital_CH,Hospital
Hospital-MBAS0471,3086692,461.2077252523374,-0.7187175200253919,0.786039682698163,0.7747786133664875,0.551,0.188,Hospital,MBAS0471,"Semfortan vet, inj, 10 mg/ml, flaska 10 ml",346.0,Medicin,1700767.2920000001,2426262.4002669584,580298.096,0,1,Hospital_CH,Hospital
Hospital-MBAS0495,1216456,204.0536559671574,-0.1194026815186729,0.7681145087188961,0.7590564817157279,-0.0314,0.884,Hospital,MBAS0495,"Suprelorin, implantat, 4,7 mg",185.0,Medicin,-38196.7184,934377.5028181535,1075347.104,1,0,Hospital_CH,Hospital
Hospital-MBAS0496,921608,83.5876408288208,0.09996462628786042,0.775146579559949,0.7631008606078035,-0.2411,0.539,Hospital,MBAS0496,"Suprelorin, implantat, 9,4 mg",251.0,Medicin,-222199.6888,714381.2888950855,496746.71200000006,0,0,Hospital_CH,Hospital
Hospital-MBAS0575,757315,304.6522382599508,-0.1343233399028902,0.6137736598314929,0.593445957717361,-0.0266,0.904,Hospital,MBAS0575,"Cytopoint, inj, 10mg/ml, flaska 1ml",389.0,Medicin,-20144.578999999998,464819.99919528706,684612.76,1,0,Hospital_CH,Hospital
Hospital-MBAS0576,1210921,332.158767586044,-0.1918269809786866,0.5928370835233082,0.5714074563403244,0.2966,0.174,Hospital,MBAS0576,"Cytopoint, inj, 20mg/ml, flaska 1ml",288.0,Medicin,359159.1686,717878.8740171279,210700.254,0,1,Hospital_CH,Hospital
Hospital-MBAS0577,1657383,326.0032361860362,-0.04149093990696039,0.4062539353933481,0.3796682907094682,0.3008,0.158,Hospital,MBAS0577,"Cytopoint, inj, 30mg/ml, flaska 1ml",269.0,Medicin,498540.8064,673318.3662040335,261866.514,0,0,Hospital_CH,Hospital
Hospital-MBAS0578,2012678,321.91563747578,-0.1577766591253861,0.5072035331874198,0.4889518121943613,-0.0159,0.943,Hospital,MBAS0578,"Cytopoint, inj, 40mg/ml, flaska 1ml",217.0,Medicin,-32001.5802,1020837.3927685898,1897955.3539999998,1,0,Hospital_CH,Hospital
Hospital-MBAS0618,3088081,191.5887133888686,-0.33410589064869,0.7518269980664835,0.7393140735992474,-0.0205,0.962,Hospital,MBAS0618,"Artuvetrin Therapy, inj, 1-4 allergener",191.0,Medicin,-63305.660500000005,2321702.668016144,2970733.922,1,0,Hospital_CH,Hospital
Hospital-MBAS0635,6754705,499.1966308667858,-0.4829451302100408,0.5693049262780976,0.5500200722308483,-0.0721,0.786,Hospital,MBAS0635,"Prevomax, inj, 10 mg/ml, flaska 20 ml",171.0,Medicin,-487014.2305,3845486.832055297,5309198.13,1,0,Hospital_CH,Hospital
Hospital-MBAS0703,722956,210.5231304599055,-0.1184692161384005,0.3999797015449934,0.3777567275281414,-187.8504,0.123,Hospital,MBAS0703,"Novalgin, tabl, 500 mg",883.0,Medicin,-135807573.7824,289167.7251101622,88923.588,1,0,Hospital_CH,Hospital
Hospital-MBAS0842,769323,540.4097985736611,-0.3808214449467004,0.8187594935961127,0.8092205195748554,-0.0543,0.939,Hospital,MBAS0842,"Bupaq vet, inj, 0,3 mg/ml, flaska 2 ml",885.0,Medicin,-41774.238900000004,629890.5098918421,722394.2969999999,1,0,Hospital_CH,Hospital
Hospital-MBAS0854,869356,281.7140865057791,0.3234405360323933,0.4549057880308293,0.4304985845098217,-0.4206,0.459,Hospital,MBAS0854,"Clevor, ögondroppar, 30 mg/ml, endosbehållare",679.0,Medicin,-365651.1336,395475.0762593296,399034.40400000004,0,0,Hospital_CH,Hospital
Hospital-MBAS0877,966241,684.086265982655,-0.4600732602447478,0.5855591032250294,0.5637464244473993,-0.7976,0.084,Hospital,MBAS0877,"Ondansetron, inj, 2mg/ml, ampull 4 ml",793.0,Medicin,-770673.8216,565791.2134592556,81164.244,1,1,Hospital_CH,Hospital
Hospital-MBAS0907,1482077,427.6035642820517,-0.07605578695672167,0.7673004930448282,0.7550531505735034,-0.0124,0.956,Hospital,MBAS0907,"Librela, inj, 5 mg, flaska 1 ml",248.0,Medicin,-18377.7548,1137198.4128303998,1416865.612,1,0,Hospital_CH,Hospital
Hospital-MBAS0908,1734134,443.7604899306791,-0.08255850491560406,0.8117836124218458,0.8018774867598377,-0.0107,0.955,Hospital,MBAS0908,"Librela, inj, 10 mg, flaska 1 ml",221.0,Medicin,-18555.233799999998,1407741.5629435452,1656097.97,1,0,Hospital_CH,Hospital
Hospital-MBAS0909,2045399,459.9175869070924,-0.1888847014885044,0.6133032700685239,0.5989811689599507,-0.0225,0.905,Hospital,MBAS0909,"Librela, inj, 15 mg, flaska 1 ml",186.0,Medicin,-46021.4775,1254449.8952948886,1851086.095,1,0,Hospital_CH,Hospital
Hospital-MBAS0910,2399237,463.0438502445828,-0.1679487402295288,0.6446257898267347,0.6314637820425397,0.2659,0.165,Hospital,MBAS0910,"Librela, inj, 20 mg, flaska 1 ml",152.0,Medicin,637957.1183000001,1546610.0461065255,395874.10500000004,0,1,Hospital_CH,Hospital
Hospital-MBAS0911,1407675,341.2192178646865,-0.2410406153377174,0.6698852343082935,0.6525107729560984,-0.2898,0.2,Hospital,MBAS0911,"Librela, inj, 30 mg, flaska 1 ml",233.0,Medicin,-407944.215,942980.6972049271,281535.0,1,1,Hospital_CH,Hospital
Hospital-MBAS0965,2042359,466.066452551928,-0.545435638166217,0.7518619030102862,0.7426716031217784,-0.0009,0.994,Hospital,MBAS0965,"Solensia, inj, 7 mg/ml, ampull 1 ml",166.0,Medicin,-1838.1231,1535571.9243701852,2030104.846,1,0,Hospital_CH,Hospital
Hospital-MBAS1028,1325853,176.1378385565566,0.3617189311879032,0.8856907038547536,0.8779968089219005,-0.2224,0.692,Hospital,MBAS1028,"Entyce, oral lösn, 30 mg/ml, flaska 15 ml",622.0,Medicin,-294869.7072,1174295.6767779365,917490.276,0,0,Hospital_CH,Hospital
Hospital-MCO111,6474349,721.1213260237998,0.1549852675534234,0.8276137171727226,0.8185407549186554,-0.4382,0.002,Hospital,MCO111,Förbrukning tand per 15 min,66.0,Dental,-2837059.7317999997,5358260.0421635,12948.698,0,1,Hospital_CH,Hospital
Hospital-MOP111,25926294,729.9907283814007,0.1121593143110244,0.8190189207599177,0.8094936007999134,-0.5275,0.001,Hospital,MOP111,Tandbehandling per 15 min,8.0,Dental,-13676120.084999999,21234125.331184328,25926.294,0,1,Hospital_CH,Hospital
Hospital-MPA111,18350903,421.6594469922018,-0.5546770832033916,0.8369320337425084,0.8320643332572101,-0.005,0.99,Hospital,MPA111,"Tandvårdspaket hund (PTR, klinisk undersökning och röntgen) PAKET",26.0,Dental,-91754.515,15358458.568801498,18167393.97,1,0,Hospital_CH,Hospital
Hospital-MPA112,10163046,359.6901565087422,-0.7734477595340551,0.8227111832820115,0.8118011022532122,-0.055,0.942,Hospital,MPA112,"Tandvårdspaket katt  (PTR, klinisk undersökning och röntgen) PAKET",47.0,Dental,-558967.53,8361251.600409514,9573589.332,1,0,Hospital_CH,Hospital
Hospital-NIH111,25269458,498.5660224960375,-0.4961661984932179,0.519153703213999,0.4976232720146259,-0.0141,0.961,Hospital,NIH111,"Narkos inhalation < 0,5 tim",49.0,Anaesthesia,-356299.3578,13118732.698910613,24283949.138,1,0,Hospital_CH,Hospital
Hospital-NIH112,54904480,575.543946224978,-0.4694073204608044,0.5164070166392347,0.4870983509810065,-0.0151,0.921,Hospital,NIH112,"Narkos inhalation  0,5-1,0 tim",18.0,Anaesthesia,-829057.648,28353058.71692853,50567026.080000006,1,0,Hospital_CH,Hospital
Hospital-NIH113,72668319,587.7754986015354,-0.6755241021503489,0.6689210446175543,0.6514958364395309,-0.034,0.871,Hospital,NIH113,"Narkos inhalation 1,0-1,5 tim",11.0,Anaesthesia,-2470722.8460000004,48609367.85608167,63294105.849,1,0,Hospital_CH,Hospital
Hospital-NIH114,46536171,495.3208997713697,-0.5502556519049697,0.6956815522162758,0.6820553530617808,0.2942,0.174,Hospital,NIH114,"Narkos inhalation 1,5-2,0 tim",30.0,Anaesthesia,13690941.508200001,32374355.67548204,8097293.754,0,1,Hospital_CH,Hospital
Hospital-NIV110,34637959,624.8766790824427,0.09380516262206236,0.5734574340753739,0.5609120644893555,-0.3126,0.179,Hospital,NIV110,Narkos intravenös kort anestesi,32.0,Anaesthesia,-10827825.9834,19863395.089748003,6200194.660999999,0,1,Hospital_CH,Hospital
Hospital-NSE111,48670814,800.0820068370285,0.2864407737826354,0.7652560281878319,0.7510291208052763,-0.591,0.0,Hospital,NSE111,Sedering Hund/Katt,9.0,Anaesthesia,-28764451.073999997,37245633.810308725,0.0,0,1,Hospital_CH,Hospital
Hospital-NSE112,28455548,679.5887915252465,-0.6485583144637986,0.7775099631008546,0.7672411921670479,-0.5682,0.009,Hospital,NSE112,Sedering >20 kg,35.0,Anaesthesia,-16168442.3736,22124472.0754946,256099.93199999997,1,1,Hospital_CH,Hospital
Hospital-OAB148,9438987,187.098568844934,-0.1984488777791889,0.650076424969127,0.6313782186697674,0.3728,0.126,Hospital,OAB148,Provlaparotomi hund,131.0,Surgery,3518854.3536,6136062.924290065,1189312.362,0,1,Hospital_CH,Hospital
Hospital-OAB149,5504630,121.2889167262864,-0.2441659583646963,0.757740970798298,0.7497324078494815,-0.5075,0.018,Hospital,OAB149,Provlaparotomi katt,219.0,Surgery,-2793599.7249999996,4171083.6800854355,99083.34,1,1,Hospital_CH,Hospital
Hospital-OEF113,7465683,162.82685460449,-0.1060539788790815,0.5398015840448482,0.5144363170236982,-0.45,0.065,Hospital,OEF113,Enukleering /bulbextirpation,150.0,Surgery,-3359557.35,4029987.509376695,485269.395,1,1,Hospital_CH,Hospital
Hospital-OEN127,3530066,81.36224537451788,-0.196660907169549,0.7491176529860348,0.7399109613524948,-0.0439,0.832,Hospital,OEN127,Gastroduodenokoloskopi inkl biopsitagning,328.0,Surgery,-154969.89740000002,2644434.7568058,2937014.912,1,0,Hospital_CH,Hospital
Hospital-OEN132,2208225,56.72719198996968,-0.001689472625917393,0.7003181475028349,0.6886800173087703,-0.0119,0.958,Hospital,OEN132,Gastroskopi,433.0,Surgery,-26277.877500000002,1546460.0412694477,2115479.55,1,0,Hospital_CH,Hospital
Hospital-OEN134,3763705,87.93457956101054,0.1751694737838473,0.5774596278794544,0.5530822987186537,-0.0059,0.96,Hospital,OEN134,Gastroskopi vid främmande kropp/corp al,303.0,Surgery,-22205.8595,2173387.6887480416,3613156.8,0,0,Hospital_CH,Hospital
Hospital-OER114,533588,271.8892142203796,-0.4375647127874983,0.6186011778220193,0.5947637514358954,-0.9454,0.0,Hospital,OER114,Otoskopi,238.0,Surgery,-504454.0952,330078.16527169565,0.0,1,1,Hospital_CH,Hospital
Hospital-OGA115,23557501,280.5364341713563,-0.016900248068735,0.7402223114341485,0.7265498015096301,-0.4477,0.056,Hospital,OGA115,Enterotomi/corp al/främmande kropp en till två tarmöppningar,63.0,Surgery,-10546693.1977,17437787.841832265,1319220.056,1,1,Hospital_CH,Hospital
Hospital-OGA116,7931773,105.6566076299219,-0.3474819334083115,0.4644907780618646,0.4241836323245856,-0.0073,0.951,Hospital,OGA116,Enterotomi/corp al/främmande kropp tre eller fler tarmöppningar,169.0,Surgery,-57901.9429,3684235.4121800903,7543116.123,1,0,Hospital_CH,Hospital
Hospital-OGA118,7616094,115.4626351013538,0.1119664051436231,0.7258352956387708,0.7064254050645244,0.1687,0.411,Hospital,OGA118,Gastrotomi vid corp al/främmande kropp,143.0,Surgery,1284835.0577999998,5528029.840102669,3130214.6339999996,1,0,Hospital_CH,Hospital
Hospital-OJO117,7742626,120.6683913040706,-0.1439582291184054,0.7036344871285012,0.6888162114849262,-0.5186,0.142,Hospital,OJO117,Artroskopi armbåge behandling,145.0,Surgery,-4015325.8436,5447978.674537798,1099452.892,1,1,Hospital_CH,Hospital
Hospital-OJO120,4505956,58.77940012175014,-0.0273072241176348,0.5241646080073332,0.5060375454552316,-0.6559,0.079,Hospital,OJO120,Artroskopi bog behandling,255.0,Surgery,-2955456.5404000003,2361862.6604382913,355970.524,1,1,Hospital_CH,Hospital
Hospital-OJO147,3963054,70.53709970215847,-0.1187736850885602,0.8235541764325437,0.811678015230888,-0.1728,0.183,Hospital,OJO147,Höftled caputresekt katt,275.0,Surgery,-684815.7312,3263789.6731276982,725238.882,1,1,Hospital_CH,Hospital
Hospital-OJO165,2205291,145.3005268087567,-0.04810347647654297,0.7123383100390577,0.6945185593335126,-0.0007,0.995,Hospital,OJO165,Ledspolning en led,426.0,Surgery,-1543.7037,1570913.2640843436,2194264.545,1,0,Hospital_CH,Hospital
Hospital-OJO169,11546110,161.9955493784356,-0.1099545981372668,0.7801532763088648,0.7675391200315046,-0.4954,0.114,Hospital,OJO169,"Patellaluxation crista tibia transposition, sulcoplasti och kapselresektion",113.0,Surgery,-5719942.894,9007735.545122547,1316256.54,1,1,Hospital_CH,Hospital
Hospital-OJO185,9607419,121.6186715389537,-0.2998316516646265,0.624252429099986,0.60097603090264,1.0774,0.137,Hospital,OJO185,TPLO (tibial plateau leveling osteotomi),139.0,Surgery,10351033.2306,5997454.648131358,1316216.4030000002,0,1,Hospital_CH,Hospital
Hospital-OJO188,18035519,207.3926502578038,0.1667789727105206,0.6939353766711764,0.6822535208189313,-0.6366,0.097,Hospital,OJO188,TPLO (tibial plateau leveling osteotomi) inkl artroskopi,85.0,Surgery,-11481411.3954,12515484.67072516,1749445.343,0,1,Hospital_CH,Hospital
Hospital-OMO127,3617517,367.5226165524867,0.07550318832332173,0.8415240317410355,0.8344280928637684,-0.0147,0.912,Hospital,OMO127,Inspektion munhåla/svalg,239.0,Other,-53177.499899999995,3044227.4907317357,3299175.504,0,0,Hospital_CH,Hospital
Hospital-OOR117,16225177,199.2591466444918,-0.1137746151276069,0.7299731386415571,0.7152060446610173,0.672,0.01,Hospital,OOR117,Intern fixation AO/frakturkirugi typ 1,101.0,Surgery,10903318.944,11843943.379704803,162251.77,0,1,Hospital_CH,Hospital
Hospital-OOR118,6197218,65.23765382223064,-0.2672687597457299,0.3783188513750972,0.3509922074794971,-0.3809,0.181,Hospital,OOR118,Intern fixation AO/frakturkirugi typ 2,184.0,Surgery,-2360520.3362000003,2344524.395481077,1121696.4579999999,1,0,Hospital_CH,Hospital
Hospital-OOR120,4220372,56.73609383039709,-0.1586738841937114,0.6265929674924627,0.604410371501916,-0.7432,0.002,Hospital,OOR120,Intern fixation stift/tensionband/crosspin/cerclage,301.0,Surgery,-3136580.4704,2644455.4154021,8440.744,1,1,Hospital_CH,Hospital
Hospital-OOT124,3842180,359.4590052050302,-0.2625624565191864,0.7118850696392979,0.6989844011156844,0.0665,0.595,Hospital,OOT124,Klokapselextirpation,125.0,Surgery,255504.97,2735190.5768667175,2286097.1,0,0,Hospital_CH,Hospital
Hospital-OSA112,1376809,156.3881464530315,-0.06203288665683001,0.7739046889361076,0.7651413047863443,0.1197,0.509,Hospital,OSA112,Biopsi hud en till flera,377.0,Surgery,164804.0373,1065518.9408694333,700795.781,0,0,Hospital_CH,Hospital
Hospital-OSA129,1504177,141.4725938074985,0.2553872626043492,0.5392843674771803,0.5249986114299611,-0.2206,0.28,Hospital,OSA129,Provtagning CSF,614.0,Other,-331821.4462,811179.1420187227,421169.56000000006,0,0,Hospital_CH,Hospital
Hospital-OSA130,441530,164.449015235897,0.5411720589183545,0.8557048435714706,0.8428786074444902,-0.3915,0.11,Hospital,OSA130,Provtagning FNA finnålsaspirat,559.0,Other,-172858.995,377819.3595821114,48568.3,0,1,Hospital_CH,Hospital
Hospital-OSK117,18875725,540.8883832322565,-0.3858448265664833,0.6977941437184809,0.6842625382133383,-0.0996,0.356,Hospital,OSK117,Dränering,53.0,Surgery,-1880022.21,13171370.363440523,6719758.1,1,0,Hospital_CH,Hospital
Hospital-OSK118,2339036,132.0555421008149,0.07091273473512591,0.7402071163838695,0.7269973087423713,-0.0242,0.92,Hospital,OSK118,Dränering komplicerad,327.0,Surgery,-56604.6712,1731371.0926780605,2151913.12,0,0,Hospital_CH,Hospital
Hospital-OSK137,11476543,465.8376629795143,-0.3993026062024005,0.5671541338845788,0.544372772510083,-0.1946,0.12,Hospital,OSK137,Sårsuturering/debridering < 4 stygn,96.0,Surgery,-2233335.2678,6508968.805154126,1377185.16,1,1,Hospital_CH,Hospital
Hospital-OSK138,6440071,299.5351346179101,0.1646899542384537,0.5686462430868144,0.5526701780159557,-0.4529,0.188,Hospital,OSK138,Sårsuturering/debridering 5-8 stygn,146.0,Surgery,-2916708.1559,3662122.179362344,1210733.348,0,1,Hospital_CH,Hospital
Hospital-OSK139,5397350,161.6896801259853,0.160355621203404,0.7500212811453812,0.735909579274556,-0.3601,0.199,Hospital,OSK139,Sårsuturering/debridering > 8 stygn,197.0,Surgery,-1943585.7349999999,4048127.3617900233,1074072.6500000001,0,1,Hospital_CH,Hospital
Hospital-OSK141,5892161,333.6886346182462,-0.3176812273486788,0.7178987005937454,0.7030512637828898,-0.3096,0.17,Hospital,OSK141,Hudtumör extirpation inkl marginal < 3 cm,102.0,Surgery,-1824213.0455999998,4229974.725589143,1001667.3700000001,1,1,Hospital_CH,Hospital
Hospital-OSK142,4672387,220.4889275942594,-0.2791743388387561,0.5828506085366059,0.5671683005868542,-0.4172,0.179,Hospital,OSK142,Hudtumör extirpation inkl marginal  3-5 cm,129.0,Surgery,-1949319.8564000002,2723303.606268526,836357.2729999999,1,1,Hospital_CH,Hospital
Hospital-OSK143,2754050,85.98667773677391,0.04543039912751527,0.7098545646159713,0.6966661357348791,0.3312,0.103,Hospital,OSK143,Hudtumör extirpation inkl marginal > 5 cm,236.0,Surgery,912141.36,1954974.9636806156,283667.14999999997,1,1,Hospital_CH,Hospital
Hospital-OUR116,2633985,124.7131393636469,-0.08134494017207312,0.6125593290709306,0.5964159677822194,0.5339,0.167,Hospital,OUR116,Juvertumör 1 del solitär hund,193.0,Surgery,1406284.5915,1613472.0843828951,439875.49500000005,0,1,Hospital_CH,Hospital
Hospital-OUR118,2164669,59.05953285499378,0.1040327094675001,0.8385138232319851,0.825195375663489,-0.0553,0.637,Hospital,OUR118,Juvertumör 2 delar hund,180.0,Surgery,-119706.19570000001,1815104.8792217579,1378894.153,0,0,Hospital_CH,Hospital
Hospital-OUR120,3071710,75.2360938164464,-0.3180067041708852,0.8211062320701786,0.810153552401006,-0.0932,0.685,Hospital,OUR120,Juvertumör 3 delar hund,215.0,Surgery,-286283.37200000003,2522200.2241122886,2104121.35,1,0,Hospital_CH,Hospital
Hospital-OUR130,1233275,65.57733673843597,-0.07582242407483282,0.6952311804850726,0.6767603429387135,-0.0554,0.755,Hospital,OUR130,"Kastration hanhund - operationspris, endast i samband med annan op",478.0,Surgery,-68323.435,857411.2341127279,931122.625,1,0,Hospital_CH,Hospital
Hospital-OUR133,1645499,52.62277465874555,-0.1715418866224213,0.4658815269870814,0.4391756033364355,-0.5096,0.19,Hospital,OUR133,"Kastration/OHE tik - operationspris, endast i samband med annan op",384.0,Surgery,-838546.2904,766607.5867757155,312644.81,1,0,Hospital_CH,Hospital
Hospital-OUR134,23666015,232.1473807688135,-0.297877511693754,0.6625607252928176,0.6525625245607529,-0.0118,0.972,Hospital,OUR134,Kejsarsnitt hund,65.0,Surgery,-279258.977,15680172.0631907,23003366.58,1,0,Hospital_CH,Hospital
Hospital-OUR151,63289328,448.9312124611914,-0.2195810210437069,0.5476436439697283,0.5308897048574961,-0.0029,0.989,Hospital,OUR151,Pyometra/endometrit/livmoderförändring tik,15.0,Surgery,-183539.0512,34659998.210315354,62593145.392,1,0,Hospital_CH,Hospital
Hospital-OUR174,5467146,332.0983537990852,-0.01119848936752053,0.5227195557946613,0.5013487896362134,-0.3914,0.268,Hospital,OUR174,Urinsten/FUS spolning katt < 15 min,207.0,Surgery,-2139840.9444,2857784.1285845595,1465195.128,1,0,Hospital_CH,Hospital
Hospital-OUR178,13349591,231.5401492450391,-0.07201240552492666,0.7228946202179454,0.7083101265452056,0.4797,0.026,Hospital,OUR178,Vesikotomi/cystotomi,79.0,Surgery,6403798.8027,9650347.5160099,347089.366,0,1,Hospital_CH,Hospital
Hospital-OVR0001,612904,610.3704755550467,-0.0865629072866041,0.5934868105266458,0.5784307664720771,-0.1233,0.055,Hospital,OVR0001,Övrig försäljning (endast butik!),381.0,N/D,-75571.0632,363750.4401190233,33709.72,1,1,Hospital_CH,Hospital
Hospital-PB,762900,194.0598312006621,0.1213226203687477,0.4333138118649453,0.4023231609513095,-0.0223,0.963,Hospital,PB,Phenobarbitone (IDEXX),669.0,External,-17012.670000000002,330575.10707176675,734672.7,0,0,Hospital_CH,Hospital
Hospital-PFU111,7661005,310.8160530269116,-0.3362820229145596,0.7427803792396934,0.7311764865738148,-0.2544,0.58,Hospital,PFU111,Kastration hanhund normal TOTALPRIS,56.0,Surgery,-1948959.672,5690444.199257188,4443382.899999999,1,0,Hospital_CH,Hospital
Hospital-PFU116,10877031,314.6652924190025,-0.3478169212162453,0.7158317832878052,0.7031078332857665,-0.2011,0.618,Hospital,PFU116,Kastration/OHE tik normal TOTALPRIS,57.0,Surgery,-2187370.9341,7786124.4976067385,6722005.158,1,0,Hospital_CH,Hospital
Hospital-PFU119,4786783,103.8828812390731,0.02244508323308294,0.6819315365688614,0.6676041283061975,-0.0232,0.943,Hospital,PFU119,Kastration/OE/OHE tik laparoskopi normal TOTALPRIS,246.0,Surgery,-111053.36559999999,3264258.286411704,4513936.369,0,0,Hospital_CH,Hospital
Hospital-PFU120,3460436,449.0039509505312,-0.4784615089834029,0.868898568824268,0.8630283554880411,0.1476,0.501,Hospital,PFU120,Kastration hankatt TOTALPRIS,77.0,Surgery,510760.35360000003,3006767.8879079744,1733678.436,0,0,Hospital_CH,Hospital
Hospital-PFU123,6065788,448.9471608842252,-0.451444453918699,0.8506957444245261,0.8451246901120084,-0.3789,0.158,Hospital,PFU123,Kastration/OHE honkatt TOTALPRIS,42.0,Surgery,-2298327.0732,5160140.038181357,958394.504,1,1,Hospital_CH,Hospital
Hospital-PK1,3184636,354.0797301487134,-0.1496680922210932,0.5505034218647411,0.5338554004523242,-0.233,0.548,Hospital,PK1,Bacteriologic culture (aerobic) – incl. differentiation and resistance testing (IDEXX),130.0,External,-742020.1880000001,1753153.0153936415,1745180.5280000002,1,0,Hospital_CH,Hospital
Hospital-PROFB,973489,147.9166021930564,-0.3014403973163208,0.5670645856988203,0.5426246832785925,-0.1858,0.772,Hospital,PROFB,Diarrhea profile B (dog) (IDEXX),621.0,External,-180874.2562,552031.1364673589,751533.508,1,0,Hospital_CH,Hospital
Hospital-PROFBK,806676,79.12419880266141,-0.2277929738273124,0.6019685214809818,0.5756834238429334,-0.0314,0.948,Hospital,PROFBK,Diarrhea profile B (cat) (IDEXX),771.0,External,-25329.626399999997,485593.55903419247,764728.848,1,0,Hospital_CH,Hospital
Hospital-PROFC,971941,129.0648862457292,-0.3428807997815471,0.7538228971000798,0.7365473109316643,-0.6796,0.194,Hospital,PROFC,"Diarrhea profile C (dog, cat, ferret) (IDEXX)",413.0,External,-660531.1036,732671.3804303487,188556.554,1,1,Hospital_CH,Hospital
Hospital-PROFP,1806413,246.90045740154,-0.006082428697209581,0.4704966319249587,0.446787525891748,-0.1521,0.676,Hospital,PROFP,Gastrointestinal diseases cat (IDEXX),420.0,External,-274755.41730000003,849911.2323654605,1221135.188,1,0,Hospital_CH,Hospital
Hospital-PROFPH,4332140,365.7040974254604,0.02660219394322107,0.4939531543723321,0.4712943403890038,0.366,0.172,Hospital,PROFPH,"Gastrointestinal Diseases (Profile P), canine (IDEXX)",222.0,External,1585563.24,2139874.218182555,745128.08,1,0,Hospital_CH,Hospital
Hospital-PROFPHS,360975,68.46657998295234,-0.05399535187544515,0.6872647674133976,0.6649265365143546,-0.0272,0.953,Hospital,PROFPHS,Gastrointestinal diseases dog (profile P); add-on test (IDEXX),387.0,External,-9818.519999999999,248085.3994170512,344009.175,1,0,Hospital_CH,Hospital
Hospital-PROG,516937,125.2033189907896,-0.1466354149254952,0.3945494432101189,0.373305564024509,-0.3227,0.405,Hospital,PROG,Progesteron (Catalyst),461.0,Internal,-166815.5699,203957.20552470925,209359.48500000002,1,0,Hospital_CH,Hospital
Hospital-RPH113,3101643,388.7645530881111,-0.3323649112527152,0.3893207488972311,0.3511532957033081,-0.031,0.926,Hospital,RPH113,Rehab Sjukgymnastarvode,375.0,Other,-96150.933,1207533.9755718545,2872121.418,1,0,Hospital_CH,Hospital
Hospital-RPH120,1930855,153.1566090796363,-0.001924069721236301,0.1407876846682102,0.09357821679283718,-1.325,0.192,Hospital,RPH120,Rehab Sjukgymnast/fysioterapeut 45 min 5 kort,523.0,Other,-2558382.875,271840.604880037,370724.16000000003,1,0,Hospital_CH,Hospital
Hospital-RPH230,1723310,301.5282439543076,0.3027063476877417,0.5048096002626483,0.4826368957967968,-0.615,0.089,Hospital,RPH230,Rehab/ fysioterapi sjukgymnast/fysioterapeut 30 min,406.0,Other,-1059835.65,869943.4322286245,153374.59,0,1,Hospital_CH,Hospital
Hospital-RPH240,2124871,334.4716821755944,0.3940896908351033,0.8252597553122996,0.8200822665808121,-0.155,0.643,Hospital,RPH240,Rehab/ fysioterapi sjukgymnast/fysioterapeut 40 min,453.0,Other,-329355.005,1753570.5215302012,1366292.053,0,0,Hospital_CH,Hospital
Hospital-RPH245,940988,157.671623965105,-0.04628074057657363,0.4739878026997445,0.4474661793064543,-0.5164,0.365,Hospital,RPH245,Rehab/ fysioterapi sjukgymnast/fysioterapeut 45 min,261.0,Other,-485926.2032,446016.8344868272,343460.62,1,0,Hospital_CH,Hospital
Hospital-RPH260,2937326,378.685285276739,0.08760273253299315,0.5036863619308347,0.4814633632113199,-0.4259,0.103,Hospital,RPH260,Rehab/ fysioterapi sjukgymnast/fysioterapeut 60 min,282.0,Other,-1251007.1434,1479491.046744851,302544.578,0,1,Hospital_CH,Hospital
Hospital-RPH305,2184208,123.8598749601695,-0.2580982188408301,0.6015679933591135,0.5725911201488671,-1.3693,0.039,Hospital,RPH305,Rehab/ fysioterapi sjukgymnast/fysioterapeut 40 min 5 kort,479.0,Other,-2990836.0143999998,1313949.6236389226,85184.112,1,1,Hospital_CH,Hospital
Hospital-RPH307,2402285,151.1158803888362,0.2807810451584876,0.4240326178489778,0.4008081266332109,-1.5,0.193,Hospital,RPH307,Rehab/ fysioterapi sjukgymnast/fysioterapeut 45 min 5 kort,298.0,Other,-3603427.5,1018647.1973693316,463641.005,0,0,Hospital_CH,Hospital
Hospital-RPH308,2617590,96.75434002004518,-0.08131578821874935,0.3110540684864055,0.2595440922984732,-1.4647,0.184,Hospital,RPH308,Rehab/ fysioterapi sjukgymnast/fysioterapeut 45 min 10 kort,204.0,Other,-3833984.073,814212.0191293302,481636.56,1,0,Hospital_CH,Hospital
Hospital-RWA111,3402048,156.2889815448669,-0.2774140474731014,0.4296029864597137,0.3982624912102475,-0.0328,0.971,Hospital,RWA111,Rehab Träningskort Water Treadmill 10 ggr med instruktör,349.0,Other,-111587.1744,1461529.980879296,3303388.608,1,0,Hospital_CH,Hospital
Hospital-RWA202,1128439,52.32922215572609,-0.1298992414761596,0.4576492909606201,0.4281737089476103,-0.047,0.691,Hospital,RWA202,Rehab träningskort Water Treadmill/vattenterapi med Rehabpersonal 5 kort,715.0,Other,-53036.633,516429.30824231124,779751.3489999999,1,0,Hospital_CH,Hospital
Hospital-SA,532201,93.12648526776901,-0.08496178433266902,0.4146982565571267,0.3946879405419856,-0.2534,0.573,Hospital,SA,Stone analysis (IDEXX),832.0,External,-134859.7334,220702.8268379594,304951.17299999995,1,0,Hospital_CH,Hospital
Hospital-SBAS0004,283496,432.9056189049411,-0.2179116120877689,0.6205681762972335,0.6005980803128774,-0.1019,0.94,Hospital,SBAS0004,Accesia Softy Swipe 3-pack | 1,609.0,Other,-28888.242400000003,175928.5957075605,266486.24,1,0,Hospital_CH,Hospital
Hospital-SBAS0090,630972,523.440572888869,-0.01082573281468859,0.5719710593551841,0.5528055844009387,-0.4669,0.885,Hospital,SBAS0090,Canikur Pro 15 ml | 1,732.0,Nutraceuticals,-294600.8268,360897.7232634592,558410.22,1,0,Hospital_CH,Hospital
Hospital-SBAS0091,1251240,591.1913782279619,-0.05057113695806494,0.6296978548311206,0.6159829605656066,1.4627,0.486,Hospital,SBAS0091,Canikur Pro 30 ml | 1,437.0,Nutraceuticals,1830188.748,787903.1438788914,608102.64,0,0,Hospital_CH,Hospital
Hospital-SBAS0092,1057195,489.5639207513883,-0.0688764867891997,0.5742802784714816,0.561759110191231,-0.5792,0.878,Hospital,SBAS0092,Canikur Pro 60 ml | 1,467.0,Nutraceuticals,-612327.344,607126.2389986579,928217.21,1,0,Hospital_CH,Hospital
Hospital-SBAS0093,492791,496.2617704214617,-0.0261774042645834,0.5892304169303447,0.5708377490317035,1.1873,0.456,Hospital,SBAS0093,Canikur 12 tuggtabletter | 1,737.0,Nutraceuticals,585090.7543,290367.44638952153,224712.696,0,0,Hospital_CH,Hospital
Hospital-SBAS0097,210453,95.09243853807533,0.0531538854909473,0.6603529914192645,0.6454561927973025,-0.1027,0.0,Hospital,SBAS0097,Seraquin Gonex 1300 g  | 1,1508.0,Nutraceuticals,-21613.5231,138973.26810315848,0.0,0,1,Hospital_CH,Hospital
Hospital-SBAS0098,173681,213.9118501603807,-0.2970751035069015,0.7991836805668637,0.7907460200864799,-0.7086,0.038,Hospital,SBAS0098,"Viacutan Plus omega 3 & 6, 95 ml  | 1",1149.0,Nutraceuticals,-123070.3566,138803.02082453345,6599.878,1,1,Hospital_CH,Hospital
Hospital-SBAS0102,80574,72.0909209159287,0.08370813877126879,0.8705804224493121,0.8628921307136277,-0.0462,0.946,Hospital,SBAS0102,"Adaptil Calm Halsband Small 46,5 cm | 1",1642.0,Nutraceuticals,-3722.5188,70146.14695843088,76223.004,0,0,Hospital_CH,Hospital
Hospital-SBAS0114,174007,215.9886280569744,0.05873338085324616,0.6035380345719625,0.5823530440529071,-0.0282,0.993,Hospital,SBAS0114,Feliway Classic Spray 60 ml | 1,1095.0,Nutraceuticals,-4906.9974,105019.84278176348,172788.951,0,0,Hospital_CH,Hospital
Hospital-SBAS0116,121952,215.5249913160108,-0.07338622501270348,0.709259678604359,0.693957556425641,-1.1887,0.136,Hospital,SBAS0116,Cat Malt 50 g | 1,1460.0,Nutraceuticals,-144964.34240000002,86495.63632515879,16585.472,1,1,Hospital_CH,Hospital
Hospital-SBAS0130,258909,299.8481094176202,-0.1865163195128998,0.6556837276738656,0.6402665811518,3.0813,0.032,Hospital,SBAS0130,MalAcetic Aural 118 ml | 1,775.0,Healthcare,797776.3017000001,169762.41824831287,8285.088,0,1,Hospital_CH,Hospital
Hospital-SBAS0136,60678,76.23828139511463,-0.009279870233787142,0.7501555509728483,0.7299661005464118,-0.0438,0.957,Hospital,SBAS0136,TrizAural 118 ml | 1,1215.0,Healthcare,-2657.6964,45517.93852193049,58068.846,1,0,Hospital_CH,Hospital
Hospital-SBAS0137,108061,137.1656287978029,-0.171784084075527,0.6891245603785792,0.6739599047872904,2.4953,0.107,Hospital,SBAS0137,TrizChlor 118 ml | 1,1059.0,Healthcare,269644.61329999997,74467.48911906964,11562.527,0,1,Hospital_CH,Hospital
Hospital-SBAS0138,194804,227.7154959860666,-0.2319943949194666,0.6989099611960363,0.6782243860110312,4.0833,0.019,Hospital,SBAS0138,TrizChlor Schampo 230 ml | 1,867.0,Healthcare,795443.1732000001,136150.45608083266,3701.276,0,1,Hospital_CH,Hospital
Hospital-SBAS0295,886186,506.5718475344885,-0.1869248421497,0.6068881768900063,0.5861980809368488,0.7081,0.145,Hospital,SBAS0295,"Comfort Shield ögondroppar 15x0,3 ml | 1",487.0,Healthcare,627508.3066,537815.8059254471,128496.96999999999,0,1,Hospital_CH,Hospital
Hospital-SBAS0299,284353,142.5777581855975,-0.3123208363809037,0.5258563358303814,0.5061003498233139,-0.2557,0.861,Hospital,SBAS0299,Flexadin plus max 90 tuggbitar | 1,1249.0,Nutraceuticals,-72709.0621,149528.82666237644,244827.933,1,0,Hospital_CH,Hospital
Hospital-SBAS0308,85834,108.3879992411361,-0.4365600907609935,0.7598244441535804,0.7530270227617006,-1.5258,0.126,Hospital,SBAS0308,Zylkene 75 mg | 1,1453.0,Nutraceuticals,-130965.5172,65218.77133947842,10815.084,1,1,Hospital_CH,Hospital
Hospital-SBAS0331,2528347,592.4412537363994,-0.1209890550188544,0.442530826626727,0.417569520356282,-0.1853,0.686,Hospital,SBAS0331,Purina PPVD Feline Fortiflora 30x1 g | 1=6,220.0,Accessories,-468502.69909999997,1118871.4879092053,1734446.0420000001,1,0,Hospital_CH,Hospital
Hospital-SBAS0332,6289048,734.942386870873,-0.146132344183557,0.7054268220916038,0.6945167043912928,-0.189,0.605,Hospital,SBAS0332,Purina PPVD Canine Fortiflora 30x1 g | 1=6,112.0,Accessories,-1188630.072,4436463.144621557,3804874.04,1,0,Hospital_CH,Hospital
Hospital-SBAS0403,13581,57.48135701209604,0.03808538400605797,0.7513117031460231,0.7313022999508756,0.4675,0.723,Hospital,SBAS0403,KONG Cat Kickeroo Kitten | 1,3309.0,Toys,6349.1175,10203.56424042614,9819.063,1,0,Hospital_CH,Hospital
Hospital-SBAS0415,38812,87.24834940596803,-0.07966081685224714,0.8101341401021124,0.8031665856104467,-0.1125,0.0,Hospital,SBAS0415,KONG Phatz Flodhäst Medium | 1,2812.0,Toys,-4366.35,31442.926245643186,0.0,1,1,Hospital_CH,Hospital
Hospital-SBAS0416,31255,62.009566156948,-0.143540301224876,0.780566970669951,0.7693714079490301,-0.1402,0.0,Hospital,SBAS0416,"KONG Phatz Lejon, Medium | 1",2837.0,Toys,-4381.951,24396.620668289317,0.0,1,1,Hospital_CH,Hospital
Hospital-SBAS0417,37529,135.5255212623125,-0.01317283202092853,0.8013880157630316,0.7918546405196571,-0.0598,0.013,Hospital,SBAS0417,KONG Phatz Gris Small | 1,2626.0,Toys,-2244.2342,30075.290843570816,487.87699999999995,1,1,Hospital_CH,Hospital
Hospital-SBAS0418,24212,87.50321826877352,-0.05877345345164417,0.709252572909614,0.6929184477921766,-0.0817,0.003,Hospital,SBAS0418,KONG Phatz Rhino Small | 1,3330.0,Toys,-1978.1203999999998,17172.42329528757,72.636,1,1,Hospital_CH,Hospital
Hospital-SBAS0428,28849,78.05731182548458,-0.0359437353068624,0.7504800004526417,0.7330136004843266,-0.4103,0.03,Hospital,SBAS0428,KONG Squeezz Action Röd Medium | 1,2547.0,Toys,-11836.7447,21650.597533058262,865.4699999999999,1,1,Hospital_CH,Hospital
Hospital-SBAS0429,19085,60.13616269867944,-0.07235016299577306,0.56401610826732,0.5419967197959724,-0.0756,0.003,Hospital,SBAS0429,KONG Squeezz Action Röd Small | 1,3185.0,Toys,-1442.826,10764.247426281801,57.255,1,1,Hospital_CH,Hospital
Hospital-SBAS0440,152276,106.7760271881229,-0.4497132431349862,0.8103676511840903,0.8001172539507979,-0.0512,0.959,Hospital,SBAS0440,Flexadin Advanced Bos 30 tuggbitar | 1,1417.0,Nutraceuticals,-7796.5312,123399.54445170853,146032.684,1,0,Hospital_CH,Hospital
Hospital-SBAS0441,956346,317.968390089633,-0.1695928224326016,0.548628383626335,0.5284177142364694,1.7725,0.076,Hospital,SBAS0441,Flexadin Advanced Bos 60 tuggbitar | 1,463.0,Nutraceuticals,1695123.285,524678.560167511,72682.296,0,1,Hospital_CH,Hospital
Hospital-SBAS0487,920389,492.3733153672361,-0.3799943672146087,0.4512735197961651,0.4267036773989785,1.0353,0.067,Hospital,SBAS0487,Comfort Shield ögondroppar 10 ml  | 1,529.0,Healthcare,952878.7317000001,415347.1836116726,61666.063,0,0,Hospital_CH,Hospital
Hospital-SBAS0489,129314,159.6575959487145,-0.2434224042308589,0.7832291781429773,0.7739654678072071,-4.3623,0.015,Hospital,SBAS0489,Aptus Relax Chews 30 tuggbitar  | 1,1075.0,Nutraceuticals,-564106.4622000001,101282.49794238097,1939.71,1,1,Hospital_CH,Hospital
Hospital-SBAS0498,20114,109.5055237673079,-0.09923010853881338,0.724859609030783,0.7099871554648793,-0.168,0.0,Hospital,SBAS0498,KONG Cat Påfyllningsbar Catnip Igelkott  | 1,3082.0,Toys,-3379.152,14579.826176045168,0.0,1,1,Hospital_CH,Hospital
Hospital-SBAS0503,17213,53.76317816763561,-0.03631316345948714,0.7133434507597174,0.6974180869130351,-0.11,0.003,Hospital,SBAS0503,KONG Cat Kickeroo Giraffmönstrad | 1,3614.0,Toys,-1893.43,12278.780817927016,51.639,1,1,Hospital_CH,Hospital
Hospital-SBAS0513,30455,106.167392638463,-0.05302294513496916,0.6662225725796921,0.6495337012086766,-0.158,0.0,Hospital,SBAS0513,KONG Laserpekare  | 1,2761.0,Toys,-4811.89,20289.808447914522,0.0,1,1,Hospital_CH,Hospital
Hospital-SBAS0514,26237,57.3511514564411,-0.0695458365743534,0.7776070151980659,0.7632590806947153,-0.426,0.443,Hospital,SBAS0514,KONG Classic Röd Medium  | 1,2718.0,Toys,-11176.962,20402.075257751654,11622.991,1,0,Hospital_CH,Hospital
Hospital-SBAS0516,54115,117.0725573287686,-0.07825549199526494,0.8128368891607649,0.803238780912599,-0.7999,0.706,Hospital,SBAS0516,KONG Floppy Knots Kanin Small/Medium | 1,2230.0,Toys,-43286.588500000005,43986.66825693479,38205.189999999995,1,0,Hospital_CH,Hospital
Hospital-SBAS0517,62384,136.7089882196053,0.1367060146849274,0.8054321013962982,0.7971172339346015,-0.1244,0.0,Hospital,SBAS0517,KONG Floppy Knots Räv Small/Medium  | 1,2131.0,Toys,-7760.5696,50246.07621350666,0.0,0,1,Hospital_CH,Hospital
Hospital-SBAS0521,81599,185.733613528354,-0.06923565398824891,0.5533259924452536,0.5358777890251463,2.7985,0.05,Hospital,SBAS0521,KONG Cuteseas Bläckfisk Large  | 1,1841.0,Toys,228354.80150000003,45150.847657540246,4079.9500000000003,0,1,Hospital_CH,Hospital
Hospital-SBAS0523,48100,110.7082529008686,-0.05353425433971629,0.627570763665415,0.6014353786594793,-0.4538,0.1,Hospital,SBAS0523,KONG Cuteseas Val Large | 1,2382.0,Toys,-21827.78,30186.153732306462,4810.0,1,1,Hospital_CH,Hospital
Hospital-SBAS0524,82264,175.9345971436033,-0.24311474604569,0.7009305805615982,0.684047629464269,-0.0147,0.989,Hospital,SBAS0524,KONG Wild Knots Björn Medium/Large  | 1,1967.0,Toys,-1209.2808,57661.353279319315,81359.096,1,0,Hospital_CH,Hospital
Hospital-SBAS0525,49646,114.0076035861727,0.03382504080587645,0.6594254838764966,0.6415005093436806,2.3075,0.317,Hospital,SBAS0525,KONG Wubba Ballistic Friend Large  | 1,2004.0,Toys,114558.145,32737.83757253255,15737.782000000001,1,0,Hospital_CH,Hospital
Hospital-SBAS0526,37740,70.55844404463073,-0.251375095427943,0.5748422189067914,0.5495853210200661,-0.5215,0.041,Hospital,SBAS0526,KONG Classic Röd Large | 1,2513.0,Toys,-19681.41,21694.545341542307,1547.3400000000001,1,1,Hospital_CH,Hospital
Hospital-SBAS0529,96538,173.721652903951,-0.0597255293209565,0.7749668227269354,0.7626603208448147,2.5541,0.03,Hospital,SBAS0529,KONG Dragon Knots Medium/Large | 1,1826.0,Toys,246567.7058,74813.74713241289,2896.14,0,1,Hospital_CH,Hospital
Hospital-SBAS0531,67019,118.5546583274074,-0.146913502886598,0.7881819790472597,0.7757220954618045,-4.254,0.04,Hospital,SBAS0531,KONG Floppy Knots Elefant Medium/Large | 1,2104.0,Toys,-285098.82599999994,52823.1680537683,2680.76,1,1,Hospital_CH,Hospital
Hospital-SBAS0532,68246,123.6803959976307,-0.08156196126166128,0.8459889586693411,0.83653214034202,1.7848,0.093,Hospital,SBAS0532,KONG Floppy Knots Flodhäst Medium/Large | 1,2121.0,Toys,121805.4608,57735.36247334785,6346.878,0,1,Hospital_CH,Hospital
Hospital-SBAS0842,143084,212.1246532252149,0.01957105115817697,0.6620857583842139,0.6491882682462069,-0.159,0.001,Hospital,SBAS0842,Otoclean mild öronrens 18 endospipetter a' 5 ml/fp | 1,1025.0,Healthcare,-22750.356,94733.87865264686,143.084,0,1,Hospital_CH,Hospital
Hospital-SBAS0857,75174,189.4746704039927,-0.1121527335194679,0.7608511180133098,0.7479738705217188,10.0317,0.189,Hospital,SBAS0857,KONG Wild Knots Björn Small/Medium | 1,1886.0,Toys,754123.0158,57196.221945532554,14207.886,0,1,Hospital_CH,Hospital
Hospital-SBAS0917,33962,72.15545943706628,-0.2052756585957613,0.6019983968698515,0.5863904908647475,-0.1156,0.007,Hospital,SBAS0917,"EJ SORTIMENT UTGÅR Yeowww Kattleksak Catnip Cigarr 17,5 cm | 1",2776.0,Toys,-3926.0072,20445.069554493894,237.734,1,1,Hospital_CH,Hospital
Hospital-SBAS0920,64720,152.4230504155509,-0.1141344846991339,0.6913583248180429,0.6689569129096751,-4.3466,0.347,Hospital,SBAS0920,"EJ SORTIMENT UTGÅR Yeowww Kattleksak Catnip Banan 17,5 cm | 1",1888.0,Toys,-281311.952,44744.71078222374,22457.84,1,0,Hospital_CH,Hospital
Hospital-SBAS0994,31643,74.40569993136631,-0.1913619196751592,0.7719725546736453,0.760903261211201,6.6239,0.1,Hospital,SBAS0994,Snacksorm TRP-Gummi 42 cm  | 3,2608.0,Toys,209600.06769999999,24427.52754753816,3164.3,0,1,Hospital_CH,Hospital
Hospital-SBAS0995,38938,156.5850368072155,-0.2224152686255187,0.7334407934430881,0.7163223122880571,-0.251,0.058,Hospital,SBAS0995,Igelkott Plysch 17 cm  | 3,2466.0,Toys,-9773.438,28558.717615086964,2258.404,1,1,Hospital_CH,Hospital
Hospital-SBAS0996,36110,159.5405818106705,-0.1281684348619187,0.6775903909595529,0.6635725818708378,-0.2288,0.124,Hospital,SBAS0996,Igelkott Plysch 12 cm  | 3,2509.0,Toys,-8261.968,24467.789017549454,4477.64,1,1,Hospital_CH,Hospital
Hospital-SBAS1001,33583,136.7568378527251,0.1156412757381024,0.6393463684323758,0.6250347163860415,-0.0953,0.002,Hospital,SBAS1001,EJ SORTIMENT UTGÅR Yeowww Kattleksak Catnip Stinkies Dots refill  9 cm | 1,2825.0,Toys,-3200.4599,21471.169091064476,67.166,0,1,Hospital_CH,Hospital
Hospital-SBAS1002,40261,156.9007017743038,0.03249397836997144,0.7256308949355983,0.7146561307330221,-0.2398,0.0,Hospital,SBAS1002,EJ SORTIMENT UTGÅR Yeowww Kattleksak Catnip Stinkies Stars refill  9 cm | 1,2630.0,Toys,-9654.587800000001,29214.625461002124,0.0,0,1,Hospital_CH,Hospital
Hospital-SBAS1003,32785,131.4489916503857,-0.05258467768737271,0.708569662546729,0.6970049666160436,-0.0741,0.002,Hospital,SBAS1003,EJ SORTIMENT UTGÅR Yeowww Kattleksak Catnip Stinkies Stripes refill  9 cm | 1,2900.0,Toys,-2429.3685,23230.456386594513,65.57000000000001,1,1,Hospital_CH,Hospital
Hospital-SBAS1047,27456,76.50908659721846,0.001476968427744276,0.5784268810922989,0.5566963079527267,-0.7951,0.195,Hospital,SBAS1047,Aktiveringsmatta Silikon S | 1,2584.0,Toys,-21830.265600000002,15881.288447270159,5353.92,0,1,Hospital_CH,Hospital
Hospital-SBAS1048,42248,68.93771212557787,-0.16726025729043,0.7350199826026889,0.7182844025565429,-0.552,0.014,Hospital,SBAS1048,Aktiveringsmatta Silikon M | 1,2012.0,Toys,-23320.896,31053.1242249984,591.472,1,1,Hospital_CH,Hospital
Hospital-SBAS1077,171655,72.03435056444032,-0.1337583535732583,0.7809163696522434,0.7644262039271434,-1.0723,0.501,Hospital,SBAS1077,Feliway Optimum refill 3-pack 48 ml | 1,1487.0,Nutraceuticals,-184065.6565,134048.19943265585,85999.155,1,0,Hospital_CH,Hospital
Hospital-SBAS1142,235140,214.3808873219134,-0.2685243406338123,0.7160684396578916,0.6953650967162794,0.738,0.109,Hospital,SBAS1142,Denamarin Hund & Katt Tabletter 30x90 mg | 1,1232.0,Nutraceuticals,173533.32,168376.33290115662,25630.26,0,1,Hospital_CH,Hospital
Hospital-SBAS1143,393892,218.0979772274461,-0.2002000790020436,0.6982693788675678,0.6799826745565113,-0.1408,0.707,Hospital,SBAS1143,Denamarin Hund Tabletter 30x225 mg | 1,872.0,Nutraceuticals,-55459.9936,275042.722180904,278481.644,1,0,Hospital_CH,Hospital
Hospital-SBAS1144,392433,172.0838594441027,-0.08199583719664305,0.6918512292449273,0.6696136890873448,-4.0181,0.196,Hospital,SBAS1144,Denamarin Hund Tabletter 30x425 mg | 1,904.0,Nutraceuticals,-1576835.0372999997,271505.25344627455,76916.868,1,1,Hospital_CH,Hospital
Hospital-SBBS0437,672245,639.7683429404462,-0.1979847026753211,0.7480416886055841,0.7307315756090211,-1.0904,0.519,Hospital,SBBS0437,Filt 100x150 cm | 1 = 20,648.0,Other,-733015.948,502867.2849566609,348895.155,1,0,Hospital_CH,Hospital
Hospital-SBBS0792,15068,165.1283830143463,-0.1415934872128003,0.6851829842063445,0.672690245484374,-1.1301,0.465,Hospital,SBBS0792,Kattvippa med Fjäder 50 cm | 4,3589.0,Toys,-17028.346800000003,10324.337206021199,7006.620000000001,1,0,Hospital_CH,Hospital
Hospital-SBBS0894,20672,167.4982364232247,-0.07638484813870056,0.7457811661498881,0.7276226780177373,-0.3449,0.961,Hospital,SBBS0894,Catnipboll 4 cm | 4,3429.0,Toys,-7129.7728,15416.788266650487,19865.791999999998,1,0,Hospital_CH,Hospital
Hospital-SBBS0902,15592,127.4784451403116,-0.1116895543004515,0.7142506184447964,0.6947121991931586,-0.1855,0.001,Hospital,SBBS0902,Kattvippa med Plyschfisk 42 cm | 4,3500.0,Toys,-2892.316,11136.595642791266,15.592,1,1,Hospital_CH,Hospital
Hospital-SBBS0987,147392,249.3693559510505,0.003728641986836667,0.7594573942329539,0.7448790544894965,-0.6407,0.115,Hospital,SBBS0987,"Sköldpadda, Originalljud, Plysch 40 cm | 3",1470.0,Toys,-94434.05440000001,111937.94425078353,16950.08,0,1,Hospital_CH,Hospital
Hospital-SBBS1491,943103,477.5182140025042,-0.588170693470802,0.373463918913764,0.3550363871171101,-1.536,0.194,Hospital,SBBS1491,Kattsand Ever Clean Extra Strong Unscented 10 L | 1,485.0,Other,-1448606.208,352214.94231932756,182961.98200000002,1,0,Hospital_CH,Hospital
Hospital-SBBS1503,936157,474.0592835306314,-0.6551229172689105,0.4577719394289935,0.4292336204515722,-0.013,0.992,Hospital,SBBS1503,Kattsand Ever Clean Fresh Lavender 10 L | 1,416.0,Other,-12170.041,428546.4055000283,928667.744,1,0,Hospital_CH,Hospital
Hospital-SBBS1620,258849,252.8852819794711,-0.05083308113154026,0.7457837497024467,0.7363683330247595,-9.673,0.183,Hospital,SBBS1620,Douxo S3 Calm Mousse 150 ml | 1,1062.0,Healthcare,-2503846.377,193045.37782672863,47369.367,1,1,Hospital_CH,Hospital
Hospital-SBBS1621,170723,243.9777373124936,0.07462066630281008,0.6064084431689425,0.5886524330863383,-8.8337,0.158,Hospital,SBBS1621,Douxo S3 Calm Schampo 200 ml | 1,1155.0,Healthcare,-1508115.7651,103527.86864313137,26974.234,0,1,Hospital_CH,Hospital
Hospital-SBBS1624,528563,369.6652644129161,-0.001070867482595254,0.5656461080952886,0.5495589269136326,-0.3153,0.946,Hospital,SBBS1624,Douxo S3 Pyo Mousse 150 ml | 1,593.0,Healthcare,-166655.9139,298979.60383317,500020.598,1,0,Hospital_CH,Hospital
Hospital-SBBS1625,526323,427.9292754892926,-0.1149110600406691,0.6880976612332739,0.6741318848705846,-3.8515,0.14,Hospital,SBBS1625,Douxo S3 Pyo Schampo 200 ml | 1,547.0,Healthcare,-2027133.0345,362161.6253532804,73685.22,1,1,Hospital_CH,Hospital
Hospital-SBBS1626,368569,260.1941625528013,0.01494241540777043,0.7429807158369448,0.7314723896803901,-4.3288,0.664,Hospital,SBBS1626,Douxo S3 Pyo Schampo 500 ml | 1,977.0,Healthcare,-1595461.4872,273839.6594553069,244729.81600000002,0,0,Hospital_CH,Hospital
Hospital-SBBS1680,20871,173.3082065044188,-0.0550680187285545,0.6833594788493231,0.6686320127492916,-0.106,0.099,Hospital,SBBS1680,Kattvippa med Läderband & Fjäder 50 cm | 4,3171.0,Toys,-2212.326,14262.395683064224,2066.2290000000003,1,1,Hospital_CH,Hospital
Hospital-SBBS1681,17986,52.98154734176578,0.08472128424185306,0.8253489467853319,0.8152729244844856,-0.098,0.917,Hospital,SBBS1681,"Tusenfoting, Plysch/Bast 33 cm | 4",3585.0,Toys,-1762.6280000000002,14844.726156880979,16493.162,0,0,Hospital_CH,Hospital
Hospital-SBBS1772,189131,372.1729668134539,-0.1060051144305698,0.4976780079808738,0.4790734897579433,3.0273,0.084,Hospital,SBBS1772,Dr. Baddaky Solo Coniglio Kanin 300 g | 18,1499.0,General,572556.2763,94126.33932743064,15887.004,0,0,Hospital_CH,Hospital
Hospital-SBBS1773,84898,288.8175290707891,-0.271396526971409,0.5449769976888248,0.5204757591028384,0.1954,0.826,Hospital,SBBS1773,Dr. Baddaky Solo Coniglio Kanin 100 g | 32,1884.0,General,16589.069199999998,46267.45714978585,70125.74799999999,0,0,Hospital_CH,Hospital
Hospital-SBBS1781,510988,442.3006376376154,-0.01607617913839893,0.6356997210528799,0.6165260221609261,2.062,0.178,Hospital,SBBS1781,Douxo S3 Pyo Pads 30 st | 1,595.0,Healthcare,1053657.2559999998,324834.929061369,90955.864,0,1,Hospital_CH,Hospital
Hospital-SBBS1782,328703,262.8351357080582,-0.1071781253909876,0.789466805758076,0.7783861113242906,-0.068,0.196,Hospital,SBBS1782,Feliway Optimum Doftavgivare (startpaket) | 1,729.0,Nutraceuticals,-22351.804,259500.10745309686,64425.788,1,1,Hospital_CH,Hospital
Hospital-SBBS1783,312986,288.7549317004917,0.02448739377154449,0.6893099377015908,0.6778028983572053,-4.5734,0.068,Hospital,SBBS1783,Feliway Optimum refill 48 ml | 1,800.0,Nutraceuticals,-1431410.1724,215744.36016147007,21283.048000000003,0,1,Hospital_CH,Hospital
Hospital-SBBS1786,140379,218.527459793211,-0.06990834347192097,0.731610620290557,0.7194111030310368,0.4514,0.682,Hospital,SBBS1786,Vetramil Honungssalva 30g | 1,1183.0,Healthcare,63367.0806,102702.7672657681,95738.478,0,0,Hospital_CH,Hospital
Hospital-SBBS1822,614524,726.611699630797,0.1457769396714208,0.5807489958680954,0.5553398441025255,-0.2024,0.529,Hospital,SBBS1822,"Bajspåsar Green Bone Svart Handtag 50 påsar, Stor | 1=50",625.0,Other,-124379.65759999999,356884.19593684544,325083.196,0,0,Hospital_CH,Hospital
Hospital-SBBS1823,738138,756.8672064900211,-0.04915906857178828,0.548268825087266,0.520891178122858,-0.0289,0.917,Hospital,SBBS1823,"Bajspåsar Green Bone Blandade Färger 50 påsar, Stor | 1=50",585.0,Other,-21332.1882,404698.05401226436,676872.546,1,0,Hospital_CH,Hospital
Hospital-SBBS1832,27956,133.1336254331286,-0.2282261713504979,0.6244408749123933,0.6055051207062955,-0.0563,0.809,Hospital,SBBS1832,Små möss med päls 6 st | 1,2842.0,Toys,-1573.9228,17456.869099050866,22616.404000000002,1,0,Hospital_CH,Hospital
Hospital-SBBS1836,120139,349.1653092131313,0.04183508710207043,0.5890475259398009,0.5652734158702026,-2.4202,0.068,Hospital,SBBS1836,Monster Dog Treats Lamb 45 g | 1,1312.0,N/D,-290760.4078,70767.58071888174,8169.452,0,1,Hospital_CH,Hospital
Hospital-SBC0148,134420,339.6138010589515,0.1028699703856155,0.5562531861137971,0.5398181189328267,-0.1425,0.047,Hospital,SBC0148,Oralade katt 330 ml | 1,1670.0,Nutraceuticals,-19154.85,74771.5532774166,6317.74,0,1,Hospital_CH,Hospital
Hospital-SBCS0028,189616,198.39098305386,-0.03924363961373552,0.69502324257744,0.6805005398430324,-0.1892,0.004,Hospital,SBCS0028,Cobalaplex 60 kapslar | 1,1377.0,Nutraceuticals,-35875.347200000004,131787.52716456386,758.464,1,1,Hospital_CH,Hospital
Hospital-SBCS0031,150866,252.9278816457975,0.009543753354955761,0.7337414415088631,0.721638779759266,-0.1054,0.007,Hospital,SBCS0031,Cystophan Katt 30 kapslar | 1,1468.0,Nutraceuticals,-15901.276399999999,110696.63631467614,1056.0620000000001,0,1,Hospital_CH,Hospital
Hospital-SBCS0033,126987,139.379730245487,-0.08482774510993248,0.6758916728017363,0.6654365654727601,-0.0588,0.006,Hospital,SBCS0033,Cystopro Hund 30 kapslar | 1,1464.0,Nutraceuticals,-7466.835599999999,85829.4558540741,761.922,1,1,Hospital_CH,Hospital
Hospital-SBCS0044,458835,494.6009038690022,-0.02455896451016805,0.5175606732283322,0.4959589123281083,-3.2433,0.373,Hospital,SBCS0044,Oralade 500 ml | 1,770.0,Nutraceuticals,-1488139.5555,237474.9515007218,171145.455,1,0,Hospital_CH,Hospital
Hospital-SBCS0045,1083218,530.9274636257028,-0.3912751504155461,0.4967581768054934,0.4738835484784704,-2.5293,0.29,Hospital,SBCS0045,Pro-Fibre 500 g | 1,459.0,Nutraceuticals,-2739783.2874000003,538097.3987628929,314133.22,1,0,Hospital_CH,Hospital
Hospital-SBCS0087,177161,318.4883944348984,-0.2770660138032536,0.3951731931983713,0.3680913958788954,-0.1714,0.909,Hospital,SBCS0087,Aptus Attapectin 30 tabletter | 1,1354.0,Nutraceuticals,-30365.3954,70009.27808021665,161039.34900000002,1,0,Hospital_CH,Hospital
Hospital-SBCS0112,469889,393.6974729724782,-0.3154293520778283,0.582531352663841,0.5638387266637146,-0.0451,0.959,Hospital,SBCS0112,Aptus Sentrx eye drops 10 ml  | 1,641.0,Healthcare,-21191.9939,273725.0747718596,450623.551,1,0,Hospital_CH,Hospital
Hospital-SBCS0114,221495,405.3522180357301,0.05048888769222437,0.5108916051505235,0.488991229261741,20.1114,0.195,Hospital,SBCS0114,Aptus Sentrx eye gel 3 ml  | 1=10,961.0,Healthcare,4454574.543,113159.9360828152,43191.525,1,1,Hospital_CH,Hospital
Hospital-SBCS0116,162907,197.4697439650242,-0.2739178605616322,0.7799799648544528,0.7705773992499422,-0.8661,0.005,Hospital,SBCS0116,Aptus UriBalance 60 tuggbitar | 1,1157.0,Nutraceuticals,-141093.75269999998,127064.19613454434,814.535,1,1,Hospital_CH,Hospital
Hospital-SBCS0117,239899,198.4978886627828,-0.06607666412784352,0.7900532323148933,0.7806526307767543,-3.5684,0.182,Hospital,SBCS0117,Dr. Baddaky Omega 3 500 ml | 6,821.0,Nutraceuticals,-856055.5916,189532.98037911058,43661.618,1,1,Hospital_CH,Hospital
Hospital-SBCS0118,151648,208.1642519289662,-0.1462293169748478,0.7897475462397735,0.7819604183227281,-0.0915,0.12,Hospital,SBCS0118,Dr. Baddaky Omega 3 200 ml | 12,1321.0,Nutraceuticals,-13875.792,119763.63589216917,18197.76,1,1,Hospital_CH,Hospital
Hospital-SBCS0119,117770,44.1926490324209,0.1412953631061919,0.857528734069564,0.8513343312030233,-0.0872,0.0,Hospital,SBCS0119,Dr. Baddaky Omega 3 1000 ml | 1,1403.0,Nutraceuticals,-10269.544,100991.15901137255,0.0,0,1,Hospital_CH,Hospital
Hospital-SBCS0124,2023410,550.3914855393342,0.1112752283549746,0.7292062713149988,0.7127945301825745,-4.0326,0.184,Hospital,SBCS0124,Dr. Baddaky Otodine 100 ml | 1,174.0,Healthcare,-8159603.166000001,1475483.2614414818,372307.44,0,1,Hospital_CH,Hospital
Hospital-SBCS0126,236541,230.2380253553497,0.0244331023246015,0.4733645843802998,0.457760572065642,-0.0798,0.168,Hospital,SBCS0126,Dr. Baddaky Otoact 100 ml  | 1,768.0,Healthcare,-18875.9718,111970.1321539005,39738.888,0,0,Hospital_CH,Hospital
Hospital-SBCS0128,256702,221.4026462929745,0.1233730206504855,0.4631608575461696,0.4467688226620832,-0.1833,0.0,Hospital,SBCS0128,Dr. Baddaky Clorexyderm Oto Piu 150 ml | 1,1040.0,Healthcare,-47053.476599999995,118894.31845381683,0.0,0,0,Hospital_CH,Hospital
Hospital-SBCS0130,210057,162.6687082258229,-0.1840508730094575,0.7323060841258189,0.7216833096863673,-0.2271,0.0,Hospital,SBCS0130,Dr. Baddaky Tris-Nac 120 ml | 1,945.0,Healthcare,-47703.9447,153826.01911321713,0.0,1,1,Hospital_CH,Hospital
Hospital-SBCS0152,545648,443.8523826196405,-0.2717152061809113,0.5254876581655574,0.5042408368893885,0.5845,0.567,Hospital,SBCS0152,Pro-Kolin Advanced 30 ml | 1,812.0,Nutraceuticals,318931.256,286731.28970272007,309382.41599999997,0,0,Hospital_CH,Hospital
Hospital-SBCS0153,571276,403.7588307703585,0.09583753366240572,0.6122431310326264,0.5948808831684157,-11.1633,0.109,Hospital,SBCS0153,Pro-Kolin Advanced 60 ml | 1,846.0,Nutraceuticals,-6377325.3708,349759.8069237947,62269.084,0,1,Hospital_CH,Hospital
Hospital-SBCS0154,148186,244.9943221914337,-0.07945711161835428,0.5158691789646463,0.4898005962935119,-7.4591,0.01,Hospital,SBCS0154,Pro-Kolin Advanced Cat 15 ml | 1,1609.0,Nutraceuticals,-1105334.1926,76444.59015405508,1481.8600000000001,1,1,Hospital_CH,Hospital
Hospital-SBCS0163,157454,169.7729943941925,0.05266443996857011,0.7107595181402486,0.6974916061283334,-0.0946,0.194,Hospital,SBCS0163,Aptus Hop-Flex Plus Mini | 1,1574.0,Nutraceuticals,-14895.1484,111911.92916925471,30546.076,0,1,Hospital_CH,Hospital
Hospital-SBCS0164,340592,198.5361882214862,-0.04169326387821683,0.5568731601467148,0.5284154731836598,-1.6664,0.642,Hospital,SBCS0164,Aptus Hop-Flex Plus | 1,1004.0,Nutraceuticals,-567562.5088000001,189666.5433606899,218660.064,1,0,Hospital_CH,Hospital
Hospital-SD1,780794,125.666482963766,-0.02587617599010595,0.4038736776866138,0.3794422710344258,-0.4353,0.193,Hospital,SD1,Thyroid profile 1 (dog) (IDEXX),366.0,External,-339879.62820000004,315342.1442956419,150693.242,1,0,Hospital_CH,Hospital
Hospital-SDMA,1788536,387.3852234152554,-0.3060061893687571,0.6841014393893847,0.6699567277202527,-0.7753,0.09,Hospital,SDMA,SDMA (Catalyst),339.0,Internal,-1386651.9608,1223540.0519997326,160968.24,1,1,Hospital_CH,Hospital
Hospital-SFH027,939642,243.0176390714815,-0.14874175493204,0.8005679669134054,0.7915710330899499,-0.0342,0.946,Hospital,SFH027,Hills PD Canine i/d 12 kg  | 1,378.0,Prescription,-32135.756400000002,752247.285566446,888901.3319999999,1,0,Hospital_CH,Hospital
Hospital-SFH028,575003,679.5230501832784,-0.2360792612110092,0.4742169424489517,0.446544149946265,-0.0465,0.881,Hospital,SFH028,Hills PD Canine i/d 360 g burk | 12,543.0,Prescription,-26737.6395,272676.16455897456,506577.643,1,0,Hospital_CH,Hospital
Hospital-SFH035,916368,231.8593595004492,-0.3369107107512315,0.8084804163079016,0.7997749806855334,0.2579,0.61,Hospital,SFH035,Hills PD Canine i/d Low fat 12 kg  | 1,450.0,Prescription,236331.3072,740865.5821312391,558984.48,0,0,Hospital_CH,Hospital
Hospital-SFH036,421485,595.2788065223637,-0.027763255008857,0.5882254190249285,0.5695083926169707,-0.2103,0.495,Hospital,SFH036,Hills PD Canine i/d Low fat 360 g burk  | 12,835.0,Prescription,-88638.2955,247928.190737722,208635.075,1,0,Hospital_CH,Hospital
Hospital-SFH044,503469,144.5806552660264,-0.1639333013829625,0.8093260594382446,0.7986483187667863,-0.0165,0.966,Hospital,SFH044,Hills PD Canine j/d 12 kg  | 1,673.0,Prescription,-8307.238500000001,407470.5818193136,486351.054,1,0,Hospital_CH,Hospital
Hospital-SFH065,686043,181.9158554452686,-0.2110005916253565,0.8347505146233902,0.8272391743789989,-0.0121,0.975,Hospital,SFH065,Hills PD Canine Metabolic 12 kg  | 1,530.0,Prescription,-8301.1203,572674.7473037745,668891.9249999999,1,0,Hospital_CH,Hospital
Hospital-SFH069,421786,171.0842914352863,-0.2930998247148585,0.621964374350854,0.601127765063106,1.4066,0.016,Hospital,SFH069,Hills PD Canine Metabolic Mini 6 kg | 1,677.0,Prescription,593284.1876000001,262335.8655999493,6748.576,0,1,Hospital_CH,Hospital
Hospital-SFH071,382921,214.9881200478095,-0.3455426553854768,0.7883000747267025,0.7788209735950623,0.2488,0.543,Hospital,SFH071,Hills PD Canine Metabolic + Mobility 4 kg  | 1,728.0,Prescription,95270.7448,301856.65291442367,207926.103,0,0,Hospital_CH,Hospital
Hospital-SFH072,2177545,371.6789589177422,-0.5652197822054089,0.6917138984289697,0.6779100431347445,-1.0286,0.002,Hospital,SFH072,Hills PD Canine Metabolic + Mobility 12 kg  | 1,226.0,Prescription,-2239822.787,1506238.1409545108,4355.09,1,1,Hospital_CH,Hospital
Hospital-SFH101,1034323,249.8801209805405,-0.2539053021902105,0.7123976946564319,0.6972607312172967,0.3149,0.458,Hospital,SFH101,Hills PD Canine z/d 10 kg  | 1,404.0,Prescription,325708.3127,736849.3207301246,473719.934,0,0,Hospital_CH,Hospital
Hospital-SFH131,289706,259.343246789544,-0.1820336286820537,0.6783744119735322,0.6562779975289657,-0.8661,0.343,Hospital,SFH131,"Hills PD Feline i/d 1,5 kg  | 1",788.0,Prescription,-250914.3666,196529.13739520413,99369.15800000001,1,0,Hospital_CH,Hospital
Hospital-SFH168,333437,267.0394992075085,-0.1837887542886313,0.577200375587467,0.5582690491212341,1.2032,0.123,Hospital,SFH168,"Hills PD Feline Metabolic 1,5 kg  | 1",760.0,Prescription,401191.3984,192459.96163475822,41012.751,0,1,Hospital_CH,Hospital
Hospital-SFH170,436347,117.4021785045614,-0.2829380241595487,0.8209334013904878,0.8083673242950834,-0.8022,0.028,Hospital,SFH170,Hills PD Feline Metabolic 8 kg  | 1,676.0,Prescription,-350037.5634,358211.8268965352,12217.716,1,1,Hospital_CH,Hospital
Hospital-SFH439,399429,589.4182482436622,-0.238379700816612,0.3838173225873217,0.3464729178956443,0.7554,0.195,Hospital,SFH439,Hills PD Canine i/d Low Fat Stew Chicken & Vegetables 354 g burk | 12,713.0,Prescription,301728.6666,153307.7693437313,77888.655,0,0,Hospital_CH,Hospital
Hospital-SFH441,693906,679.3187651588945,-0.08564527032138189,0.4850570880621607,0.4579548295391166,-0.3909,0.302,Hospital,SFH441,Hills PD Canine i/d Stew Chicken & Vegetables 354 g burk | 12,504.0,Prescription,-271247.8554,336584.0237488617,209559.612,1,0,Hospital_CH,Hospital
Hospital-SFH452,1282687,310.3356632691527,0.06338725639856285,0.7003332396990397,0.6845613049463576,0.8757,0.114,Hospital,SFH452,Hills PD Canine Biome 10 kg  | 1,353.0,Prescription,1123249.0059,898308.3422298422,146226.318,1,1,Hospital_CH,Hospital
Hospital-SFH454,325308,254.5143718864325,0.1190936977039379,0.7568973838115043,0.7441025092752677,-0.2279,0.678,Hospital,SFH454,"Hills PD Feline Biome 1,5 kg  | 1",797.0,Prescription,-74137.6932,246224.77413295285,220558.82400000002,0,0,Hospital_CH,Hospital
Hospital-SFH567,390369,286.3731877267581,0.04021936284863596,0.635229554528648,0.6160311100301559,-1.1816,0.434,Hospital,SFH567,"Hills PD Feline c/d Multicare Stress + Metabolic 1,5 kg | 1",749.0,Prescription,-461260.01039999997,247973.9259717938,169420.146,0,0,Hospital_CH,Hospital
Hospital-SFH569,478662,353.2899959812275,-0.2355004712752415,0.5790939198336504,0.5635048057534153,-0.6456,0.64,Hospital,SFH569,Hills PD Feline c/d Multicare Stress + Metabolic 12x85 g pouch | 1,716.0,Prescription,-309024.1872,277190.2538554148,306343.68,1,0,Hospital_CH,Hospital
Hospital-SFH570,960136,240.0777552044862,-0.1261501390087809,0.7615863035019009,0.7526902700504793,-0.1906,0.637,Hospital,SFH570,Hills PD Feline c/d Multicare Stress + Metabolic 8 kg  | 1,518.0,Prescription,-183001.9216,731226.4270991011,611606.632,1,0,Hospital_CH,Hospital
Hospital-SFH576,554632,646.3851363596187,0.02625784904250004,0.4206324766044642,0.403592255328125,-0.0074,0.983,Hospital,SFH576,Hills PD Canine Biome Stew Chicken & Vegetables 354 g burk  | 12,651.0,Prescription,-4104.276800000001,233296.23176408716,545203.2559999999,0,0,Hospital_CH,Hospital
Hospital-SFH670,192376,255.9875505465839,-0.03840692600824937,0.7238432660011849,0.7071064942436809,-0.2155,0.616,Hospital,SFH670,Hills PD Canine Biome GI Mini 1 kg | 1,1125.0,Lifestage,-41457.028,139250.07214024395,118503.616,1,0,Hospital_CH,Hospital
Hospital-SFH675,329885,317.521442499546,-0.2838836750075525,0.4223162829200354,0.4009205896948516,-1.211,0.181,Hospital,SFH675,Hills PD Canine i/d 1.5 kg | 1,734.0,Prescription,-399490.73500000004,139315.8069910759,59709.185,1,0,Hospital_CH,Hospital
Hospital-SFH691,328317,211.1417535993264,0.1604524530174593,0.7582619432746266,0.7449377984157477,-0.0556,0.908,Hospital,SFH691,Hills PD Canine Biome GI Mini 3 kg | 1,740.0,Prescription,-18254.425199999998,248950.28643009558,298111.836,0,0,Hospital_CH,Hospital
Hospital-SFH694,542107,292.8010481913402,-0.3773853634866787,0.7267887063032454,0.7145553647944356,-0.2434,0.624,Hospital,SFH694,Hills PD Canine i/d 4 kg | 1,527.0,Prescription,-131948.8438,393997.2452079335,338274.768,1,0,Hospital_CH,Hospital
Hospital-SFH702,408670,225.1048836562329,-0.1884310956675297,0.7416563883800532,0.7300887639791601,-0.2664,0.556,Hospital,SFH702,Hills PD Feline Metabolic 3kg | 1,630.0,Prescription,-108869.68800000001,303092.71623927634,227220.52000000002,1,0,Hospital_CH,Hospital
Hospital-SFH708,470996,240.5018273964623,0.1683790972310333,0.7439882665714848,0.7345063505185768,-0.5273,0.192,Hospital,SFH708,Hills PD Canine Biome GI 4 kg | 1,662.0,Prescription,-248356.19079999998,350415.49760210305,90431.232,0,1,Hospital_CH,Hospital
Hospital-SFH709,421287,232.3168142635623,-0.3159656640323661,0.7446882422734057,0.7331704186165668,-1.6387,0.056,Hospital,SFH709,Hills PD Feline i/d 3 kg | 1,690.0,Prescription,-690363.0069,313727.47552263626,23592.072,1,1,Hospital_CH,Hospital
Hospital-SFH712,422273,210.6229363106418,0.1926926464626973,0.6736002196688939,0.6588754175486936,-0.0745,0.931,Hospital,SFH712,Hills PD Feline Biome GI 3 kg | 1,782.0,Prescription,-31459.338499999998,284443.18556024285,393136.163,0,0,Hospital_CH,Hospital
Hospital-SFH714,693966,312.387853774193,-0.1790785157620261,0.6931368616338103,0.6793967211099511,-0.0188,0.979,Hospital,SFH714,Hills PD Feline c/d Multicare Stress + Metabolic 3 kg | 1,489.0,Prescription,-13046.560800000001,481013.4153205688,679392.714,1,0,Hospital_CH,Hospital
Hospital-SFH727,406155,236.3910234953175,-0.1337538457925521,0.7690396720545037,0.7586981648330636,-0.0035,0.993,Hospital,SFH727,Hills PD Canine i/d Low Fat 4 kg | 1,694.0,Prescription,-1421.5425,312349.30800329696,403311.915,1,0,Hospital_CH,Hospital
Hospital-SFP024,338079,179.4545689444047,-0.005840226804374655,0.6533600589240444,0.634253920439543,0.0574,0.758,Hospital,SFP024,Purina Pro Plan Dog All Sizes Adult Performance 14 kg | 1,971.0,Lifestage,19405.7346,220887.315360982,256263.882,0,0,Hospital_CH,Hospital
Hospital-SFP042,561955,511.4700492938113,-0.08757262494180382,0.5528925807529013,0.5257951614045923,-0.1135,0.416,Hospital,SFP042,Purina Pro Plan Cat Delicate Ocean Fish 10x85 g pouch | 1=4,807.0,Lifestage,-63781.8925,310700.75021699665,233773.28,1,0,Hospital_CH,Hospital
Hospital-SFP043,513091,497.6889327480001,-0.3251116434333698,0.6227106504708138,0.6058170975068204,-0.2283,0.191,Hospital,SFP043,Purina Pro Plan Cat Sterilised Chicken 10x85 g pouch | 1=4,544.0,Lifestage,-117138.6753,319507.2303607203,98000.38100000001,1,1,Hospital_CH,Hospital
Hospital-SFP065,311309,278.5117457397669,-0.06136166876937058,0.745146654631057,0.7317333206642705,0.8714,0.057,Hospital,SFP065,"Purina PPVD Feline UR 1,5 kg | 1=4",886.0,Prescription,271274.6626,231970.85990653973,17744.613,0,1,Hospital_CH,Hospital
Hospital-SFP066,457097,218.2039445382507,0.102507111178308,0.7887662668045248,0.7791647334774577,-0.0253,0.959,Hospital,SFP066,Purina PPVD Feline UR 5 kg | 1,616.0,Prescription,-11564.5541,360542.69425754785,438356.023,0,0,Hospital_CH,Hospital
Hospital-SFP069,1471031,413.0647278043529,-0.06489337392535521,0.6277832014474296,0.6052246075957587,-0.7719,0.191,Hospital,SFP069,Purina PPVD Feline OM 5 kg | 1,231.0,Prescription,-1135488.8289,923488.5506084139,280966.92100000003,1,1,Hospital_CH,Hospital
Hospital-SFP070,666380,396.4313980198316,0.03842906942987995,0.3850782486984559,0.3575444389386853,0.4469,0.2,Hospital,SFP070,"Purina PPVD Feline HA 1,3 kg | 1=4",517.0,Prescription,297805.222,256608.44336767704,133276.0,1,0,Hospital_CH,Hospital
Hospital-SFP071,1809210,453.5148389445142,-0.1563077284985732,0.621104400060936,0.6011625263799327,0.5488,0.175,Hospital,SFP071,"Purina PPVD Feline HA 3,5 kg | 1",264.0,Prescription,992894.448,1123708.291634246,316611.75,0,1,Hospital_CH,Hospital
Hospital-SFP073,1593362,546.6997813819983,-0.2374542508008149,0.3251592172018282,0.3001651141352293,-0.4903,0.136,Hospital,SFP073,"Purina PPVD Feline EN 1,5 kg | 1=4",337.0,Prescription,-781225.3886000001,518096.3406391394,216697.23200000002,1,0,Hospital_CH,Hospital
Hospital-SFP074,1541444,417.7478580863219,-0.2961745762961253,0.4243083884475758,0.3985311521094076,-0.0414,0.951,Hospital,SFP074,Purina PPVD Feline EN 5 kg | 1,330.0,Prescription,-63815.7816,654047.6195221851,1465913.244,1,0,Hospital_CH,Hospital
Hospital-SFP075,491881,688.1260083535956,-0.4061809614344876,0.321756711739141,0.2913876092796996,-2.9131,0.03,Hospital,SFP075,Purina PPVD Canine & Feline CN Mousse 195 g burk | 1=24,718.0,Prescription,-1432898.5411,158266.0131269604,14756.43,1,0,Hospital_CH,Hospital
Hospital-SFP085,2347325,515.0626162368321,-0.2448163297653306,0.2785123465419566,0.240539312149428,-0.072,0.91,Hospital,SFP085,Purina PPVD Canine EN 5 kg | 1,243.0,Prescription,-169007.4,653758.9938465983,2136065.75,1,0,Hospital_CH,Hospital
Hospital-SFP086,4295742,536.8960399109131,-0.3083786701451353,0.5781142985398355,0.555909787936669,0.8884,0.039,Hospital,SFP086,Purina PPVD Canine EN 12 kg | 1,136.0,Prescription,3816337.1928,2483429.8730381103,167533.938,0,1,Hospital_CH,Hospital
Hospital-SFP087,1730235,486.8720282984465,-0.07149641577811777,0.5744301547153472,0.5486380428799137,-0.0036,0.988,Hospital,SFP087,Purina PPVD Canine HA 3 kg | 1=2,265.0,Prescription,-6228.846,993899.1587439087,1709472.18,1,0,Hospital_CH,Hospital
Hospital-SFP088,5627799,559.6427526415684,-0.2542464517217011,0.6128402722564521,0.5893760463326008,0.3714,0.099,Hospital,SFP088,Purina PPVD Canine HA 11 kg | 1,115.0,Prescription,2090164.5486,3448941.871364589,557152.101,0,1,Hospital_CH,Hospital
Hospital-SFP089,521530,209.0560225960915,0.05230798020111881,0.7885962352840107,0.779130395072847,-0.0022,0.994,Hospital,SFP089,Purina PPVD Canine DRM 12 kg | 1,552.0,Prescription,-1147.366,411276.5945876701,518400.82,0,0,Hospital_CH,Hospital
Hospital-SFP090,416708,148.5507208912632,-0.1285516372039921,0.5951067458199721,0.5727897948021754,-0.0345,0.965,Hospital,SFP090,Purina PPVD Canine NF 12 kg | 1,810.0,Prescription,-14376.426000000001,247985.74183714896,402123.22,1,0,Hospital_CH,Hospital
Hospital-SFP091,2895542,480.4780326405514,-0.2578234954776543,0.4415043082490404,0.4121097981568846,-0.0257,0.971,Hospital,SFP091,Purina PPVD Canine OM 12 kg | 1,140.0,Prescription,-74415.42940000001,1278394.267716043,2811571.282,1,0,Hospital_CH,Hospital
Hospital-SFP092,832611,290.8592991366331,0.002908771710569138,0.778257633345885,0.7665869824693528,-0.8307,0.012,Hospital,SFP092,Purina PPVD Canine JM 12 kg | 1,397.0,Prescription,-691649.9577,647985.8663577507,9991.332,0,1,Hospital_CH,Hospital
Hospital-SFP093,4335220,997.5597819943177,-0.6493096247862465,0.8076023059548059,0.8004764654346135,0.3312,0.116,Hospital,SFP093,Purina PPVD Canine EN Mousse 400 g burk | 1=12,144.0,Prescription,1435824.864,3501133.6688213935,502885.52,0,1,Hospital_CH,Hospital
Hospital-SFP150,215792,100.8730462863248,-0.1660614322892669,0.6714466860059807,0.6574059460917063,-0.2755,0.299,Hospital,SFP150,Purina Pro Plan Cat Sterilised 7+ Turkey 10 kg | 1,940.0,Lifestage,-59450.696,144892.8232666026,64521.808,1,0,Hospital_CH,Hospital
Hospital-SFP166,271537,321.0975238688137,0.003505955327524911,0.6192586897700172,0.6022105714015105,-0.3465,0.369,Hospital,SFP166,"Purina Pro Plan Cat ECN Acti Protect Kitten Turkey 1,5 kg | 1=6",892.0,Lifestage,-94087.57049999999,168151.64684408114,100197.153,0,0,Hospital_CH,Hospital
Hospital-SFP167,670234,377.2139883849053,-0.1521998937715219,0.5430709704245644,0.5296318813194045,-0.0077,0.982,Hospital,SFP167,Purina Pro Plan Cat ECN Acti Protect Sterilised Salmon 3 kg | 1=4,386.0,Lifestage,-5160.8018,363984.6287915375,658169.788,1,0,Hospital_CH,Hospital
Hospital-SFP168,891065,415.341743798064,-0.1435326851165895,0.5257089820651395,0.5007462969106732,0.7421,0.085,Hospital,SFP168,Purina Pro Plan Cat ECN Acti Protect Sterilised Turkey 3 kg | 1=4,309.0,Lifestage,661259.3365,468440.8741038735,75740.52500000001,0,1,Hospital_CH,Hospital
Hospital-SFP169,1806117,449.7438328541098,-0.0911269991495382,0.7331946968582869,0.7148645615279401,-0.5952,0.119,Hospital,SFP169,Purina Pro Plan Cat ECN Acti Protect Sterilised Turkey 7 kg | 1,224.0,Lifestage,-1075000.8384,1324235.4063055986,214927.92299999998,1,1,Hospital_CH,Hospital
Hospital-SFP170,147198,184.3995028514142,-0.06526375912417552,0.8310061493199636,0.8230221878705131,-0.575,0.371,Hospital,SFP170,"Purina Pro Plan Cat ECN Acti Protect Sterilised 7+ Turkey 1,5 kg | 1=6",1008.0,Lifestage,-84638.84999999999,122322.44316760001,54610.458,1,0,Hospital_CH,Hospital
Hospital-SFP171,148998,173.0177356679367,0.1140060814154964,0.4695802873234288,0.4532596807795344,-0.2416,0.705,Hospital,SFP171,Purina Pro Plan Dog ECN Acti Protect Small Puppy Lamb 3 kg | 1=4,1056.0,Lifestage,-35997.9168,69966.52365061625,105043.59,0,0,Hospital_CH,Hospital
Hospital-SFP172,209524,135.3093308074372,-0.1873386276840667,0.8234108471226197,0.8129352194095547,-0.2028,0.313,Hospital,SFP172,Purina Pro Plan Dog ECN Acti Protect Small Adult Chicken 7 kg | 1,949.0,Lifestage,-42491.4672,172524.33433251976,65581.012,1,0,Hospital_CH,Hospital
Hospital-SFP173,184297,190.9081434107065,-0.05423290752662947,0.7309009134911394,0.7160686803764778,-0.4444,0.412,Hospital,SFP173,Purina Pro Plan Dog ECN Acti Protect Small Adult Salmon 3 kg | 1=4,1042.0,Lifestage,-81901.5868,134702.84565367652,75930.364,1,0,Hospital_CH,Hospital
Hospital-SFP174,1007446,362.2503226406318,-0.01316910696627865,0.4862392596909049,0.4632350474382588,-0.6348,0.153,Hospital,SFP174,Purina Pro Plan Dog ECN Acti Protect Puppy Lamb 10 kg | 1,449.0,Lifestage,-639526.7208,489859.7972185634,154139.23799999998,1,0,Hospital_CH,Hospital
Hospital-SFP175,1571241,438.2650448538963,-0.06588824051194718,0.4930528402612077,0.4703537137057394,-0.0061,0.988,Hospital,SFP175,Purina Pro Plan Dog ECN Acti Protect Adult Chicken 10 kg  | 1,247.0,Lifestage,-9584.5701,774704.8377848603,1552386.108,1,0,Hospital_CH,Hospital
Hospital-SFP176,1872236,443.4876187156102,-0.03088410048216825,0.5618608801607393,0.5388009264849888,0.4556,0.194,Hospital,SFP176,Purina Pro Plan Dog ECN Acti Protect Derma Salmon 10 kg | 1,294.0,Lifestage,852990.7216,1051936.1668286219,363213.784,0,1,Hospital_CH,Hospital
Hospital-SFP177,2390153,476.8714693565661,0.02363208478203213,0.4304805634949901,0.4049796932037211,-0.0023,0.996,Hospital,SFP177,Purina Pro Plan Dog ECN Acti Protect Digestion Lamb 10 kg | 1,203.0,Lifestage,-5497.3519,1028914.410279241,2380592.388,0,0,Hospital_CH,Hospital
Hospital-SFP178,1965797,438.8405615697908,-0.138944621156201,0.5977531028377208,0.5828550696094883,-0.0512,0.897,Hospital,SFP178,Purina Pro Plan Dog ECN Acti Protect Lt Sterilised Chicken 10 kg | 1,196.0,Lifestage,-100648.8064,1175061.256299083,1763319.909,1,0,Hospital_CH,Hospital
Hospital-SFP179,628674,283.8710737672217,-0.07357068844021486,0.7402379030712283,0.7286067644027758,0.2821,0.194,Hospital,SFP179,Purina Pro Plan Dog ECN Acti Protect Adult 7+ Chicken10 kg  | 1,526.0,Lifestage,177348.93540000002,465368.3234754014,121962.75600000001,0,1,Hospital_CH,Hospital
Hospital-SFP181,112724,148.4394337569358,-0.1374693015223266,0.7732213036180814,0.7627545945543005,-0.5314,0.195,Hospital,SFP181,"Pro Plan Cat ECN ActiProtect Sterilised Turkey 1,5kg | 1 = 6",1130.0,Lifestage,-59901.533599999995,87160.59822904461,21981.18,1,1,Hospital_CH,Hospital
Hospital-SFP185,247544,247.6007108973266,-0.08340584855093167,0.4590510933872345,0.4390159486978729,-0.8702,0.185,Hospital,SFP185,Purina Pro Plan Dog ECN Acti Protect Small Adult Chicken 3 kg | 1=4,743.0,Lifestage,-215412.78879999998,113635.34386144957,45795.64,1,0,Hospital_CH,Hospital
Hospital-SFP186,180636,211.4191647648398,-0.1731724296158841,0.7644702477740816,0.7520739450253491,-0.4302,0.175,Hospital,SFP186,Purina Pro Plan Dog ECN Acti Protect Puppy Lamb 3 kg | 1=4,1131.0,Lifestage,-77709.6072,138090.847676919,31611.3,1,1,Hospital_CH,Hospital
Hospital-SFP187,191365,224.9456582971987,-0.1952135257434416,0.7273917813766455,0.713043980396469,-0.0038,0.992,Hospital,SFP187,Purina Pro Plan Dog ECN Acti Protect Adult Chicken 3 kg  | 1=4,1046.0,Lifestage,-727.187,139197.32824314176,189834.08,1,0,Hospital_CH,Hospital
Hospital-SFP188,219864,211.0063229275229,-0.0860622340814419,0.8151941545243373,0.8082465663485605,0.828,0.1,Hospital,SFP188,Purina Pro Plan Dog ECN Acti Protect Derma Salmon 3 kg | 1=4,1091.0,Lifestage,182047.392,179231.8475903389,21986.4,0,1,Hospital_CH,Hospital
Hospital-SFP189,582035,375.9751761547212,-0.1197035463286165,0.5200515046457856,0.4947910575218797,-0.1452,0.736,Hospital,SFP189,Purina Pro Plan Dog ECN Acti Protect Digestion Lamb 3 kg | 1=4,594.0,Lifestage,-84511.482,302688.1775065098,428377.76,1,0,Hospital_CH,Hospital
Hospital-SFP190,465016,345.4770468550396,-0.4730126957859502,0.5739761481361336,0.5581974869559905,0.8313,0.198,Hospital,SFP190,Purina Pro Plan Dog ECN Acti Protect Lt Sterilised Chicken 3 kg | 1=4,524.0,Lifestage,386567.8008,266908.09250167233,92073.168,0,1,Hospital_CH,Hospital
Hospital-SFP191,135559,167.1548110901645,-0.13584277949468,0.5797822233173803,0.5634947125932477,-0.7155,0.129,Hospital,SFP191,Purina Pro Plan Dog ECN Acti Protect Adult 7+ Chicken 3 kg  | 1=4,1172.0,Lifestage,-96992.4645,78594.69841068075,17487.111,1,1,Hospital_CH,Hospital
Hospital-SFP192,563479,381.5126854320915,-0.3547797780495603,0.7172706738382661,0.7001355631617974,-0.0066,0.985,Hospital,SFP192,"Purina PPVD Feline OM 1,5 kg | 1=4",451.0,Prescription,-3718.9614,404166.96202371235,555026.815,1,0,Hospital_CH,Hospital
Hospital-SFP194,1691444,598.3962196425845,-0.2154095550972917,0.5440228712201517,0.5236059848568749,1.4128,0.088,Hospital,SFP194,"Purina PPVD Canine EN 1,5 kg | 1=4",332.0,Prescription,2389672.0832,920184.2213880983,148847.072,0,1,Hospital_CH,Hospital
Hospital-SFP197,664154,349.1466957699088,-0.1233845009340036,0.7221930038083801,0.7053562161604032,-0.0153,0.98,Hospital,SFP197,Purina PPVD Canine OM 3 kg | 1=2,373.0,Prescription,-10161.556199999999,479647.3722513509,650870.92,1,0,Hospital_CH,Hospital
Hospital-SFP201,1649387,809.6771882066121,-0.121819331224907,0.7804583183880549,0.7704791510420574,0.881,0.085,Hospital,SFP201,Purina PPVD Canine HA Mousse 400 g burk | 1=12,313.0,Prescription,1453109.947,1287277.8043911187,140197.89500000002,0,1,Hospital_CH,Hospital
Hospital-SFP203,346035,587.0129740134141,-0.06180320597141593,0.5112507485804234,0.4855271037688668,-2.0173,0.142,Hospital,SFP203,Purina PPVD Canine OM Mousse 400 g burk | 1=12,875.0,Prescription,-698056.4055,176910.65278502682,49136.969999999994,1,1,Hospital_CH,Hospital
Hospital-SFP204,186828,343.2468736798057,-0.1880549884260795,0.6539667213508258,0.6301934426650047,-0.0051,0.976,Hospital,SFP204,Purina Pro Plan Cat Kitten Turkey 10x85 g pouch | 1=4,1225.0,Lifestage,-952.8228,122179.29461653208,182344.128,1,0,Hospital_CH,Hospital
Hospital-SFP208,1856678,663.9796015243196,0.1390048588403519,0.4986208853846302,0.4800512885470239,0.3419,0.122,Hospital,SFP208,Purina PPVD Feline EN Chicken 10x85 g pouch | 1=4,293.0,Prescription,634798.2082,925778.4282341644,226514.716,1,0,Hospital_CH,Hospital
Hospital-SFP211,587937,474.6701954909932,-0.1042349464007123,0.6276292441623178,0.6050613195660947,0.441,0.191,Hospital,SFP211,Purina PPVD Feline UR Chicken 10x85 g pouch | 1=4,557.0,Prescription,259280.217,369006.4549250606,112295.967,0,1,Hospital_CH,Hospital
Hospital-SFP212,229735,375.3875106345354,-0.1306612682045619,0.5581614827724127,0.5383776685681925,-0.0758,0.762,Hospital,SFP212,Purina Pro Plan Cat Sterilised Cod 10x75 g pouch | 1=4,1070.0,Lifestage,-17413.913,128229.22824472025,175058.07,1,0,Hospital_CH,Hospital
Hospital-SFP215,487161,451.0831830318909,0.08483564270310391,0.538276786599057,0.5211759268434666,0.9675,0.086,Hospital,SFP215,Purina PPVD Feline OM Chicken 10x85 g pouch | 1=4,605.0,Prescription,471328.2675,262227.4576363832,41895.846,1,1,Hospital_CH,Hospital
Hospital-SFP219,377917,304.7212569289986,-0.238405519562278,0.6950817611025488,0.6786630867003784,0.5905,0.234,Hospital,SFP219,"Purina PPVD FELINE NF AdvCare 1,5 kg N1 XE | 1 =4",717.0,Prescription,223159.9885,262683.21391059196,88432.57800000001,0,0,Hospital_CH,Hospital
Hospital-SFP220,391591,183.2925213860889,-0.1599493419277573,0.6382897512479886,0.621971995665191,-0.0508,0.97,Hospital,SFP220,Purina PPVD FELINE NF AdvCare 5 kg N2 XE | 1,703.0,Prescription,-19892.822799999998,249948.5219809511,379843.27,1,0,Hospital_CH,Hospital
Hospital-SFP222,626214,509.5294772673134,-0.1091094005259925,0.4769805111551197,0.4550049023801247,-0.0849,0.73,Hospital,SFP222,Purina PPVD Canine Fortiflora 7x1 g | 1 = 20,566.0,Accessories,-53165.5686,298691.8738124921,457136.22,1,0,Hospital_CH,Hospital
Hospital-SFP224,476811,418.000995700804,-0.1979003444034452,0.6300011440174067,0.609114111824841,0.8043,0.14,Hospital,SFP224,Purina PPVD FELINE NF Advanced Care Chicken 10x85g | 1=4,613.0,Prescription,383499.0873,300391.4754800837,66753.54000000001,0,1,Hospital_CH,Hospital
Hospital-SFP225,429709,396.9051355332124,-0.2241899437044328,0.6227675348781359,0.6014721537825467,-0.1144,0.847,Hospital,SFP225,Purina PPVD FELINE NF Advanced Care Salmon 10x85g | 1=4,665.0,Prescription,-49158.7096,267608.81464494887,363963.523,1,0,Hospital_CH,Hospital
Hospital-SFP226,247034,181.2667200302672,0.06054120281371523,0.7595851160115542,0.738904265775989,-0.1586,0.784,Hospital,SFP226,UTGÅR HOS LEV. Purina Pro Plan Cat ECN Acti Protect Sterilised 7+ Turkey 3 kg | 1=4,915.0,Lifestage,-39179.5924,187643.3495487983,193674.65600000002,0,0,Hospital_CH,Hospital
Hospital-SFR074,1735648,795.0755505112805,-0.5994643581612618,0.6343109222667984,0.6121479478587256,-0.0723,0.729,Hospital,SFR074,Royal V Dog Derma Hypoallergenic 400 g burk | 12,325.0,Prescription,-125487.35040000001,1100940.483610524,1265287.392,1,0,Hospital_CH,Hospital
Hospital-SFR078,513898,619.5128033352398,-0.4120245868602502,0.3984158571673191,0.3714792537569006,-0.0158,0.981,Hospital,SFR078,Royal V Dog Weight Satiety 410 g burk | 12,672.0,Prescription,-8119.588400000001,204745.11216657094,504133.93799999997,1,0,Hospital_CH,Hospital
Hospital-SFR156,831586,419.5033731281219,-0.132974300253222,0.47406826493432,0.4545893117837393,0.4196,0.331,Hospital,SFR156,Royal V Dog Derma Hypoallergenic 2 kg | 1,470.0,Prescription,348933.48559999996,394228.53216367145,275254.966,0,0,Hospital_CH,Hospital
Hospital-SFR157,1728720,380.5881143410978,-0.5460121869847683,0.6800871422806346,0.6657626859648422,0.4213,0.176,Hospital,SFR157,Royal V Dog Derma Hypoallergenic 7 kg | 1,285.0,Prescription,728309.736,1175680.2446033787,304254.72,0,1,Hospital_CH,Hospital
Hospital-SFR158,4726150,461.1695564752339,-0.4910224134700085,0.5107629268264611,0.4850136071857485,-0.0236,0.96,Hospital,SFR158,Royal V Dog Derma Hypoallergenic 14 kg | 1,137.0,Prescription,-111537.14,2413942.206620879,4537104.0,1,0,Hospital_CH,Hospital
Hospital-SFR162,2250620,610.4457106239712,-0.4508204756720895,0.493876010948148,0.4672379062612085,-0.829,0.677,Hospital,SFR162,Royal V Dog Gastrointestinal 2 kg | 1,201.0,Prescription,-1865763.98,1111527.2277601208,1523669.74,1,0,Hospital_CH,Hospital
Hospital-SFR163,1984103,421.1392947408025,-0.4364081311331776,0.5675653715744492,0.5515492742253547,0.4075,0.161,Hospital,SFR163,"Royal V Dog Gastrointestinal 7,5 kg | 1",234.0,Prescription,808521.9724999999,1126108.1564369793,319440.583,0,1,Hospital_CH,Hospital
Hospital-SFR174,1264774,372.8956430491043,-0.3749706093050074,0.4134813069887622,0.3917583924327904,-0.0035,0.993,Hospital,SFR174,Royal V Dog Gastrointestinal Low Fat 6 kg | 1,336.0,Prescription,-4426.709,522960.4065654047,1255920.582,1,0,Hospital_CH,Hospital
Hospital-SFR175,1490733,287.4644005467088,-0.4297200590660948,0.6024813502719844,0.5846820077468493,-0.0861,0.846,Hospital,SFR175,Royal V Dog Gastrointestinal Low Fat 12 kg | 1,317.0,Prescription,-128352.11129999999,898138.830735006,1261160.118,1,0,Hospital_CH,Hospital
Hospital-SFR185,542159,234.9072849842156,-0.2781844616521589,0.7673242379554408,0.7587066171389757,-0.0424,0.914,Hospital,SFR185,Royal V Dog Weight Satiety 6 kg | 1,582.0,Prescription,-22987.5416,416011.74152568384,495533.326,1,0,Hospital_CH,Hospital
Hospital-SFR186,1407816,287.7149689871639,-0.4663866260527948,0.6887491421476992,0.6723675180502098,0.5995,0.192,Hospital,SFR186,Royal V Dog Weight Satiety 12 kg | 1,280.0,Prescription,843985.692,969632.0623018054,270300.672,0,1,Hospital_CH,Hospital
Hospital-SFR189,438085,362.9909402705866,-0.175720410776885,0.5673940332211471,0.5446252981275232,-0.0466,0.929,Hospital,SFR189,"Royal V Dog Derma Hypoallergenic Moderate Calorie 1,5 kg | 1",804.0,Prescription,-20414.761000000002,248566.81504368625,406980.965,1,0,Hospital_CH,Hospital
Hospital-SFR190,1161092,313.2395549410879,-0.3775551394309634,0.7563534162059895,0.7473294686580632,-0.3917,0.139,Hospital,SFR190,Royal V Dog Derma Hypoallergenic Moderate Calorie 7 kg | 1,388.0,Prescription,-454799.7364,878195.9007294448,161391.788,1,1,Hospital_CH,Hospital
Hospital-SFR191,2906594,383.7522613779763,-0.4421280529832836,0.6281244660637277,0.6143512981401621,-0.1047,0.728,Hospital,SFR191,Royal V Dog Derma Hypoallergenic Moderate Calorie 14 kg | 1,210.0,Prescription,-304320.3918,1825702.8043140348,2116000.432,1,0,Hospital_CH,Hospital
Hospital-SFR194,1251819,467.4811893341732,-0.3367965302136274,0.6386431508871577,0.6196243693549028,1.9894,0.045,Hospital,SFR194,"Royal V Dog Gastrointestinal Puppy 2,5 kg | 1",391.0,Prescription,2490368.7186000003,799465.6305004109,56331.854999999996,0,1,Hospital_CH,Hospital
Hospital-SFR195,668847,196.351654024308,-0.3334817981476021,0.6760878545969204,0.6611380632706245,0.6029,0.102,Hospital,SFR195,Royal V Dog Gastrointestinal Puppy 10 kg | 1,638.0,Prescription,403247.8563,452199.3332835864,68222.394,0,1,Hospital_CH,Hospital
Hospital-SFR196,428254,332.615118807124,-0.2406796516542496,0.6785483741798345,0.6641550177998271,3.9814,0.07,Hospital,SFR196,Royal V Dog Gastrointestinal Moderate Calorie 2 kg | 1,598.0,Prescription,1705050.4756,290591.0554360108,29977.780000000002,0,1,Hospital_CH,Hospital
Hospital-SFR197,634740,225.5850881952526,-0.4323341876185777,0.781355996195394,0.7714923569260133,0.3325,0.316,Hospital,SFR197,"Royal V Dog Gastrointestinal Moderate Calorie 7,5 kg | 1",521.0,Prescription,211051.05000000002,495957.90502506436,200577.84,0,0,Hospital_CH,Hospital
Hospital-SFR208,2163631,470.0084250054464,-0.510025184814845,0.5283015293398208,0.5034752940419167,-0.0559,0.885,Hospital,SFR208,"Royal V Dog Derma Hypoallergenic Small Dog 3,5 kg | 1",229.0,Prescription,-120946.9729,1143049.5662270458,1914813.435,1,0,Hospital_CH,Hospital
Hospital-SFR215,1529620,447.2466237848593,-0.4948948060980118,0.6073596807372323,0.5928174466904632,0.4486,0.437,Hospital,SFR215,Royal V Dog Derma Anallergenic 3 kg | 1,286.0,Prescription,686187.532,929029.5148492854,668443.94,0,0,Hospital_CH,Hospital
Hospital-SFR216,5320035,513.4400937545084,-0.6206374244857017,0.6671634962082484,0.6522603691727968,-0.0091,0.976,Hospital,SFR216,Royal V Dog Derma Anallergenic 8 kg | 1,114.0,Prescription,-48412.3185,3549333.150550249,5192354.16,1,0,Hospital_CH,Hospital
Hospital-SFR220,186069,223.2301697711447,-0.3211962100496461,0.7161623105449946,0.7054917207158591,0.5818,0.367,Hospital,SFR220,"Royal V Dog Weight Satiety Small Dog 1,5 kg | 1",735.0,Prescription,108254.9442,133255.6049607966,68287.323,0,0,Hospital_CH,Hospital
Hospital-SFR221,1006780,407.9770103196527,-0.4465930966313728,0.6467935974406801,0.6309783853857852,-0.1534,0.773,Hospital,SFR221,Royal V Dog Weight Satiety Small Dog 3 kg | 1,362.0,Prescription,-154440.052,651178.858031328,778240.9400000001,1,0,Hospital_CH,Hospital
Hospital-SFR223,767160,204.1012575617302,-0.3351754966967848,0.852619896239202,0.8444965834334888,-0.0096,0.976,Hospital,SFR223,Royal V Dog Weight Satiety Small Dog 8 kg | 1,408.0,Prescription,-7364.735999999999,654095.8795988662,748748.16,1,0,Hospital_CH,Hospital
Hospital-SFR237,926925,353.0416921102545,-0.2563102278134937,0.586985533334649,0.5652479298259463,0.4637,0.079,Hospital,SFR237,"Royal V Cat Derma Hypoallergenic 2,5 kg | 1",475.0,Prescription,429815.1225,544091.5654862195,73227.075,0,1,Hospital_CH,Hospital
Hospital-SFR238,857750,252.3917803318136,-0.3964612959769537,0.587053967739031,0.5685638468915248,-0.0299,0.955,Hospital,SFR238,"Royal V Cat Derma Hypoallergenic 4,5 kg | 1",488.0,Prescription,-25646.725,503545.5408281538,819151.25,1,0,Hospital_CH,Hospital
Hospital-SFR239,557532,273.4551784923873,-0.2252462122892178,0.6839831664500613,0.669833158977676,-0.5198,0.1,Hospital,SFR239,Royal V Cat Derma Anallergenic 2 kg | 1,602.0,Prescription,-289805.1336,381342.50275723555,55753.200000000004,1,1,Hospital_CH,Hospital
Hospital-SFR240,516726,159.8541771125332,-0.4150911087459143,0.822150253700723,0.8106760765201245,-0.5879,0.178,Hospital,SFR240,Royal V Cat Derma Anallergenic 4 kg | 1,667.0,Prescription,-303783.2154,424826.4119937598,91977.228,1,1,Hospital_CH,Hospital
Hospital-SFR245,1319403,464.5853577063664,-0.4638078824531865,0.6166614377910727,0.596485723990603,0.6605,0.022,Hospital,SFR245,Royal V Cat Gastrointestinal 2 kg | 1,345.0,Prescription,871465.6815,813624.9510058548,29026.865999999998,0,1,Hospital_CH,Hospital
Hospital-SFR246,1399458,378.2358394139298,-0.5455987603008842,0.5961544487134633,0.5780718120886931,-0.4485,0.2,Hospital,SFR246,Royal V Cat Gastrointestinal 4 kg | 1,347.0,Prescription,-627656.9130000001,834293.1124876459,279891.60000000003,1,1,Hospital_CH,Hospital
Hospital-SFR247,434066,267.9119189215091,-0.3727745520876981,0.6116651982096605,0.5941463349709986,-0.0785,0.889,Hospital,SFR247,Royal V Cat Renal 2 kg | 1,719.0,Prescription,-34074.181,265503.06592607446,385884.674,1,0,Hospital_CH,Hospital
Hospital-SFR261,424965,310.1204454910819,-0.2818759709673535,0.6699170150023711,0.6525442263182855,0.6394,0.076,Hospital,SFR261,"Royal V Cat Weight Satiety 1,5 kg | 1",587.0,Prescription,271722.621,284691.2842804826,32297.34,0,1,Hospital_CH,Hospital
Hospital-SFR262,866688,320.2241650978111,-0.3146746265639197,0.6879189508047727,0.6714936324260765,-0.1456,0.78,Hospital,SFR262,"Royal V Cat Weight Satiety 3,5 kg | 1",398.0,Prescription,-126189.7728,596211.0996350868,676016.64,1,0,Hospital_CH,Hospital
Hospital-SFR263,755963,218.6555619911053,-0.51291731270841,0.6624760669446494,0.6470169555069998,-1.1092,0.054,Hospital,SFR263,Royal V Cat Weight Satiety 6 kg | 1,440.0,Prescription,-838514.1596,500807.39499567804,40822.002,1,1,Hospital_CH,Hospital
Hospital-SFR272,520600,305.6727073385509,-0.3924664900010766,0.6643119860533657,0.6466441958456481,0.9735,0.068,Hospital,SFR272,Royal V Cat Gastrointestinal Moderate Calorie 2 kg | 1,639.0,Prescription,506804.10000000003,345840.8199393822,35400.8,0,1,Hospital_CH,Hospital
Hospital-SFR273,682287,246.5407206126763,-0.4247328507857176,0.7995742677145354,0.7921510924447034,-0.0166,0.962,Hospital,SFR273,Royal V Cat Gastrointestinal Moderate Calorie 4 kg | 1,513.0,Prescription,-11325.9642,545539.1283961473,656360.0939999999,1,0,Hospital_CH,Hospital
Hospital-SFR280,448038,278.7784570078579,-0.4000805063356027,0.6922476039876895,0.6760501094607259,-0.124,0.721,Hospital,SFR280,Royal V Cat Renal Select 2 kg | 1,744.0,Prescription,-55556.712,310153.2319954364,323035.398,1,0,Hospital_CH,Hospital
Hospital-SFR295,940022,362.6814102548371,-0.3362665834300301,0.6492959956014077,0.6223187644938237,1.5474,0.021,Hospital,SFR295,Royal V Cat Multi Renal-Hypoallergenic (GFR-AFR) 2 kg | 1,540.0,Prescription,1454590.0428000002,610352.5203772265,19740.462,0,1,Hospital_CH,Hospital
Hospital-SFR455,348503,285.2835696823661,-0.2755204999277774,0.7389930990788258,0.7231744990229971,-0.4749,0.243,Hospital,SFR455,"Royal V Cat Urinary S/O 1,5 kg | 1",786.0,Prescription,-165504.0747,257541.31200826803,84686.22899999999,1,0,Hospital_CH,Hospital
Hospital-SFR456,492601,240.775137607311,-0.2638292712728584,0.7704262728086706,0.7599911033908829,-0.7137,0.058,Hospital,SFR456,"Royal V Cat Urinary S/O 3,5 kg | 1",664.0,Prescription,-351569.3337,379512.75241182395,28570.858,1,1,Hospital_CH,Hospital
Hospital-SFR457,517148,167.5272343910714,-0.2277896234198562,0.847913586479385,0.8383333399584013,-0.027,0.927,Hospital,SFR457,Royal V Cat Urinary S/O 7 kg | 1,751.0,Prescription,-13962.996,438496.815420641,479396.196,1,0,Hospital_CH,Hospital
Hospital-SFR458,302036,259.4552236995848,-0.2243691319535286,0.678525774051147,0.6666193212382265,-0.2164,0.454,Hospital,SFR458,"Royal V Cat Urinary S/O Moderate Calorie 1,5 kg | 1",762.0,Prescription,-65360.5904,204939.21069131224,137124.344,1,0,Hospital_CH,Hospital
Hospital-SFR459,608329,272.5338992217908,-0.1357286062602995,0.6489290896065036,0.6276520647341706,-0.0028,0.993,Hospital,SFR459,"Royal V Cat Urinary S/O Moderate Calorie 3,5 kg | 1",519.0,Prescription,-1703.3212,394762.38415123476,604070.697,1,0,Hospital_CH,Hospital
Hospital-SFR460,600658,170.2654359029168,-0.385969537615208,0.6302967203464096,0.6156259552807909,-0.6112,0.19,Hospital,SFR460,Royal V Cat Urinary S/O Moderate Calorie 7 kg | 1,571.0,Prescription,-367122.16959999996,378592.7674498337,114125.02,1,1,Hospital_CH,Hospital
Hospital-SFR474,407780,199.8413706615801,-0.3840420171196813,0.7992168366458938,0.7868609496702565,-0.0521,0.866,Hospital,SFR474,Royal V Dog Urinary S/O Small Dog 4 kg | 1,684.0,Prescription,-21245.338,325904.64164746256,353137.48,1,0,Hospital_CH,Hospital
Hospital-SFR481,288814,502.5869199047216,-0.517057461998986,0.5270276313579575,0.5095101362230671,1.4194,0.196,Hospital,SFR481,Royal V Dog Urinary S/O 410 g burk | 12,824.0,Prescription,409942.5916,152212.95832301714,56607.544,0,1,Hospital_CH,Hospital
Hospital-SFR487,2518526,374.2782584740004,-0.4179989036013963,0.5883880951595948,0.5667243106943103,-0.1759,0.67,Hospital,SFR487,Royal V Dog Gastrointestinal 15 kg | 1,214.0,Prescription,-443008.7234,1481870.7157499136,1687412.4200000002,1,0,Hospital_CH,Hospital
Hospital-SFR488,1046096,215.608481501617,-0.4084397018799104,0.8321767335552538,0.824431044334727,-0.156,0.613,Hospital,SFR488,Royal V Dog Gastrointestinal Moderate Calorie 15 kg | 1,439.0,Prescription,-163190.976,870536.7522652168,641256.848,1,0,Hospital_CH,Hospital
Hospital-SFR489,841716,483.037407868648,-0.265064798476003,0.5581155673425997,0.5383296972236117,-0.0011,0.999,Hospital,SFR489,"Royal V Dog Gastrointestinal Low Fat 1,5 kg | 1",454.0,Prescription,-925.8876,469774.80288134364,840874.284,1,0,Hospital_CH,Hospital
Hospital-SFR490,3216128,924.6800902276666,-0.5160051569026948,0.6140032137169642,0.5967197755251865,0.3438,0.147,Hospital,SFR490,Royal V Dog Gastrointestinal 400 g burk | 12,156.0,Prescription,1105704.8064,1974712.9277251125,472770.816,0,1,Hospital_CH,Hospital
Hospital-SFR491,2425425,863.5542012586836,-0.5428597699696032,0.5263339479996747,0.5051250202981676,0.085,0.755,Hospital,SFR491,Royal V Dog Gastrointestinal Wet Low Fat 420 g burk | 12,199.0,Prescription,206161.12500000003,1276583.515827111,1831195.875,0,0,Hospital_CH,Hospital
Hospital-SFR492,1062711,817.6188707848639,-0.4080520815122884,0.5337452966793325,0.5092055754519289,0.1734,0.382,Hospital,SFR492,Royal V Dog Gastrointestinal Puppy Mousse 195 g burk | 12,496.0,Prescription,184274.0874,567216.9979793901,405955.602,0,0,Hospital_CH,Hospital
Hospital-SFR500,592851,319.0399158830277,-0.2489119047479811,0.6863056149749418,0.6722595977350139,-0.1351,0.572,Hospital,SFR500,Royal V Cat Gastrointestinal Kitten 2 kg | 1,678.0,Prescription,-80094.1701,406876.9701435092,339110.772,1,0,Hospital_CH,Hospital
Hospital-SFR501,939184,744.7574413254387,-0.3137252854866771,0.4042473011955098,0.3681410770255407,-0.0134,0.938,Hospital,SFR501,Royal V Cat Gastrointestinal Kitten Mousse 195 g burk | 12,548.0,Prescription,-12585.0656,379662.59732600366,880954.592,1,0,Hospital_CH,Hospital
Hospital-SFR518,802723,455.5470625407854,-0.651799968729692,0.5715899034571892,0.5456256551818673,0.8254,0.07,Hospital,SFR518,Royal V Cat Gastrointestinal Moderate Calorie Slices in Gravy 12x85 g pouch | 1,484.0,Prescription,662567.5642,458828.36207286525,56190.61000000001,0,1,Hospital_CH,Hospital
Hospital-SFR519,1904294,597.2496535196377,-0.5468769212248192,0.4454772517126138,0.4206478749236263,-0.0111,0.97,Hospital,SFR519,Royal V Cat Gastrointestinal Slices in Gravy 12x85 g pouch | 1,290.0,Prescription,-21137.6634,848319.6575728202,1847165.18,1,0,Hospital_CH,Hospital
Hospital-SFR521,656482,419.4946851640729,-0.06213666871229,0.5393765762760445,0.51513323818531,-0.4678,0.138,Hospital,SFR521,Royal V Cat Renal Loaf 12x85 g pouch | 1,657.0,Prescription,-307102.2796,354091.01354685024,90594.516,1,1,Hospital_CH,Hospital
Hospital-SFR528,557562,392.9468533051829,-0.2400955978421577,0.6930219920145436,0.671931899862871,-0.1065,0.765,Hospital,SFR528,Royal V Cat Urinary S/O Moderate Calorie Morcels in Gravy Pouch 12x85g | 1,603.0,Prescription,-59380.352999999996,386402.72791161295,426534.93,1,0,Hospital_CH,Hospital
Hospital-SFR530,590606,407.4234808180286,-0.2075150764168509,0.5602747181964529,0.5336247011174501,1.0267,0.033,Hospital,SFR530,Royal V Cat Urinary S/O Morcels in gravy 12x85 g pouch | 1,617.0,Prescription,606375.1802,330901.6102151343,19489.998,0,1,Hospital_CH,Hospital
Hospital-SFR532,551993,413.6980485950376,-0.4054210476286328,0.6439260732484606,0.6307381500354406,-0.7617,0.112,Hospital,SFR532,Royal V Cat Weight Satiety Slices In Gravy 12x85 g pouch | 1,591.0,Prescription,-420453.06810000003,355442.6849506375,61823.216,1,1,Hospital_CH,Hospital
Hospital-SFR533,1166437,521.6099731959226,-0.65334977450226,0.605841806637798,0.5850966385661032,-0.5799,0.095,Hospital,SFR533,Royal V Cat Renal Chicken Slices in Gravy 12x85 g pouch | 1,380.0,Prescription,-676416.8163,706676.2994091732,110811.515,1,1,Hospital_CH,Hospital
Hospital-SFR534,702361,437.7491416919257,-0.5977822407397148,0.6146413716982604,0.5973865077444511,-0.5638,0.165,Hospital,SFR534,Royal V Cat Renal Fish Slices in Gravy 12x85 g pouch | 1,525.0,Prescription,-395991.1318,431700.12846736185,115889.565,1,1,Hospital_CH,Hospital
Hospital-SFR535,563403,404.4468557375164,-0.5872234519742575,0.5587962099668351,0.5390408163832605,-0.6233,0.189,Hospital,SFR535,Royal V Cat Renal Beef Slices in Gravy 12x85 g pouch | 1,632.0,Prescription,-351169.08989999996,314827.46108394477,106483.167,1,1,Hospital_CH,Hospital
Hospital-SFR544,382507,351.9380678275335,-0.2902921165603837,0.6550305367955974,0.636736701625667,0.1033,0.776,Hospital,SFR544,Royal V Cat Adult Neutered Satiety Balance 12x85 g pouch | 1,921.0,Lifestage,39512.9731,250553.76553807358,296825.43200000003,0,0,Hospital_CH,Hospital
Hospital-SFR552,254338,253.0190577583382,-0.3234136142792219,0.5874461805629843,0.5689736214837149,-0.5307,0.267,Hospital,SFR552,"Royal V Cat Adult Neutered Satiety Balance 1,5 kg | 1",839.0,Lifestage,-134977.17659999998,149409.88667202828,67908.246,1,0,Hospital_CH,Hospital
Hospital-SFR560,198703,146.7727410529685,-0.136398290830709,0.7174372819567626,0.7014861607769025,-0.1577,0.662,Hospital,SFR560,Royal V Dog Adult Small 4 kg | 1,1073.0,Lifestage,-31335.4631,142556.9402366546,131541.386,1,0,Hospital_CH,Hospital
Hospital-SFR562,198374,134.0046804353579,-0.2250001804616187,0.6575729369218555,0.6382423769093796,0.6151,0.188,Hospital,SFR562,"Royal V Dog Adult Neutered Small 3,5 kg | 1",951.0,Lifestage,122019.8474,130445.37378893617,37294.312,0,1,Hospital_CH,Hospital
Hospital-SFR566,796940,333.0146245986441,-0.2575260182310236,0.4772576620273591,0.4497449073972202,-0.492,0.268,Hospital,SFR566,"Royal V Cat Adult Neutered Satiety Balance 3,5 kg | 1",429.0,Lifestage,-392094.48,380345.72117608355,213579.92,1,0,Hospital_CH,Hospital
Hospital-SFR569,166082,61.50670870283119,-0.3517347115630395,0.7842836082059734,0.7726859527331763,-0.065,0.852,Hospital,SFR569,Royal V Dog Adult Small 8 kg | 1,1207.0,Lifestage,-10795.33,130255.39021806448,141501.864,1,0,Hospital_CH,Hospital
Hospital-SFR570,222269,87.98825331656805,-0.4513284904072588,0.7374802016712843,0.7253265073042141,-0.5458,0.133,Hospital,SFR570,Royal V Dog Adult 10 kg | 1,901.0,Lifestage,-121314.4202,163918.9869452747,29561.777000000002,1,1,Hospital_CH,Hospital
Hospital-SFR573,265559,84.27689288975188,-0.2849533991447237,0.8030662570191365,0.7901827411231921,-0.0085,0.979,Hospital,SFR573,Royal V Dog Adult Neutered Small 8 kg | 1,862.0,Lifestage,-2257.2515000000003,213261.47214774488,259982.261,1,0,Hospital_CH,Hospital
Hospital-SFR575,268284,104.6145250775173,-0.1859510521341376,0.760106505147345,0.7476982209308284,0.4828,0.183,Hospital,SFR575,Royal V Dog Adult Neutered 9 kg | 1,858.0,Lifestage,129527.51520000001,203924.41362695032,49095.972,0,1,Hospital_CH,Hospital
Hospital-SFR576,299459,104.5568262126491,-0.02223649076290084,0.7179908588894317,0.7030169221932954,0.4679,0.169,Hospital,SFR576,Royal V Dog Adult Large 13 kg | 1,870.0,Lifestage,140116.86609999998,215008.82461217034,50608.571,0,1,Hospital_CH,Hospital
Hospital-SFR580,310392,75.40706625758267,-0.5037053797381856,0.7082772208272523,0.6884514008834733,-0.2652,0.67,Hospital,SFR580,Royal V Dog Adult Neutered Large 12 kg | 1,764.0,Lifestage,-82315.9584,219843.5831270125,207962.64,1,0,Hospital_CH,Hospital
Hospital-SFR581,581882,173.8487887136413,-0.396293069023648,0.7714544232242775,0.758655870924837,0.1993,0.608,Hospital,SFR581,Royal V Cat Adult Neutered Satiety Balance 8 kg | 1,568.0,Lifestage,115969.08260000001,448895.44269458903,353784.256,0,0,Hospital_CH,Hospital
Hospital-SFR586,338126,69.46813055877732,-0.3555820476997307,0.5857666149250598,0.5581510559200638,-0.6148,0.214,Hospital,SFR586,Royal V Cat Adult Neutered Satiety Balance 12 kg | 1,688.0,Lifestage,-207879.8648,198062.92243815077,72358.96399999999,1,0,Hospital_CH,Hospital
Hospital-SFR649,443131,188.1002996540546,-0.3061514055172803,0.7150346420924654,0.695087067038938,4.7237,0.071,Hospital,SFR649,Royal V Dog Derma Anallergenic Small dog 3 kg | 1,629.0,Prescription,2093217.9047,316854.01598507626,31462.300999999996,0,1,Hospital_CH,Hospital
Hospital-SFS029,545369,203.9621963087088,0.06177198934798103,0.8118306498464513,0.801540138509929,-1.9205,0.005,Hospital,SFS029,Specific COD-HY Allergen Management 7 kg | 1,806.0,Prescription,-1047381.1645000001,442747.26967610925,2726.8450000000003,0,1,Hospital_CH,Hospital
Hospital-SFS058,645065,193.162701125459,-0.07488047904362916,0.5541363494846953,0.529561187645269,1.0103,0.159,Hospital,SFS058,Specific CDD-HY Food Allergy Management 12 kg | 1,778.0,Prescription,651709.1695,357453.96428034495,102565.335,0,1,Hospital_CH,Hospital
Hospital-SFS121,428660,572.3701858085909,-0.04712017415748162,0.3226674145427493,0.2870183310976309,-0.6993,0.1,Hospital,SFS121,Specific CT-HY Hypoallergenic Treats 300 g | 6,750.0,Other,-299761.938,138314.6139178949,42866.0,1,0,Hospital_CH,Hospital
Hospital-SFS173,647448,163.3832725737998,-0.09307770735598453,0.6853401650591535,0.667996709589973,1.271,0.2,Hospital,SFS173,Specific COD-HY Allergen Management (3 st x 4 kg) 12 kg  | 1,642.0,Prescription,822906.4079999999,443722.11918721884,129489.6,0,1,Hospital_CH,Hospital
Hospital-SLU060,753335,124.6064225210836,0.02562850630977147,0.615093462666236,0.5958481357995478,-0.0004,1.0,Hospital,SLU060,Cytologi (1-2 strukturer*) (SLU),435.0,External,-301.334,463371.4336976689,753335.0,0,0,Hospital_CH,Hospital
Hospital-SVA008,5385313,466.0253347121846,-0.01364883203708641,0.4987383621990228,0.4801731163545422,0.4206,0.182,Hospital,SVA008,Bakterieodling aerob (SVA artnr D110000),151.0,External,2265062.6478,2685862.185549106,980126.966,0,0,Hospital_CH,Hospital
Hospital-SVA059,617279,87.66699882279141,0.108309170155837,0.6977626808823236,0.6745136563348101,-0.012,0.973,Hospital,SVA059,"Paket: Luftvägsparasiter, hund, träck (flotation + Baermannmetod) (SVA artnr D160158)",708.0,External,-7407.348,430714.24989235983,600612.467,0,0,Hospital_CH,Hospital
Hospital-SVA061,1741295,259.5074851327407,0.1479433733374651,0.6279987387273629,0.6140137289050833,0.2668,0.639,Hospital,SVA061,"Paket: Mag-tarmparasiter, hund, träck (flotation + IF Giardia/Crypto + makroskopisk undersökning) (SVA artnr D160157)",263.0,External,464577.506,1093531.0637522633,1112687.5050000001,1,0,Hospital_CH,Hospital
Hospital-SVA062,702438,78.41416162997858,0.1406010484474245,0.5199694111423127,0.4964384999237985,-0.3235,0.192,Hospital,SVA062,"Paket: Mag-tarmparasiter, katt (SVA artnr D160159)",510.0,External,-227238.693,365246.2732239838,134868.096,0,1,Hospital_CH,Hospital
Hospital-SVA078,464965,85.72798147661882,0.08444292104796064,0.7640965212420219,0.7512756800051752,0.5694,0.066,Hospital,SVA078,Salmonella från djur och miljö (MSRV) odling inkl. anrikning (SVA artnr D112009),913.0,External,264751.071,355278.1389992967,30687.690000000002,1,1,Hospital_CH,Hospital
Hospital-SVA091,749162,110.1155953057319,-0.04197594223959959,0.6688374541086199,0.6488535073737953,-0.2346,0.356,Hospital,SVA091,Urinvägskonkrement (SVA artnr D170600),787.0,External,-175753.4052,501067.60479492194,266701.67199999996,1,0,Hospital_CH,Hospital
Hospital-SVA096,6469908,433.9093247052149,0.08041084702279357,0.53142622251549,0.5140716381642119,-0.357,0.188,Hospital,SVA096,"Histopatologi allmän, 1 fixerat material (SVA artnr D152035)",173.0,External,-2309757.156,3438278.7684627487,1216342.704,0,1,Hospital_CH,Hospital
Hospital-TAG111,314706,179.1150830789198,-0.05046802993895519,0.7333212190021774,0.7145703672132679,0.1005,0.477,Hospital,TAG111,Analsäckstömning,361.0,Other,31627.953,230780.58754729925,150114.762,0,0,Hospital_CH,Hospital
Hospital-TAG112,2973928,415.3360587887766,-0.1999491866162889,0.4994150904513217,0.4770008407700377,0.1297,0.194,Hospital,TAG112,Analsäcksspolning,157.0,Other,385718.46160000004,1485224.5211157182,576942.032,0,0,Hospital_CH,Hospital
Hospital-TAN110,2775192,517.8654611318046,0.1664051740456678,0.5572144017300682,0.5408149351274781,-0.0347,0.734,Hospital,TAN110,Behandling/arvode sköterska 10 min,218.0,Other,-96299.1624,1546376.9499660714,2036990.928,0,0,Hospital_CH,Hospital
Hospital-TAN115,989991,317.2807576745774,-0.3500571741654825,0.5427504727108905,0.5222766132800349,0.5735,0.136,Hospital,TAN115,Behandling/arvode sköterska 15 min,379.0,Other,567759.8385,537318.0832295272,134638.776,0,1,Hospital_CH,Hospital
Hospital-TAN173,2056679,213.8738977592601,-0.04257547417929518,0.4683625532674073,0.4362809832059578,-1.2913,0.001,Hospital,TAN173,FMT Fekal mikrobiotisk transplantation,482.0,Other,-2655789.5927,963271.4276914579,2056.679,1,0,Hospital_CH,Hospital
Hospital-TAV110,856666,278.4373755767431,-0.267520069759653,0.6294968912256129,0.6099967276059084,-0.1643,0.468,Hospital,TAV110,Behandling/arvode veterinär 10 min,493.0,Other,-140750.2238,539268.583818681,400919.688,1,0,Hospital_CH,Hospital
Hospital-TAV115,2084931,355.9605503412088,-0.4142278194687777,0.747186264221225,0.7318642196285721,-0.3967,0.147,Hospital,TAV115,Behandling/arvode veterinär 15 min,270.0,Other,-827092.1277,1557831.805049023,306484.85699999996,1,1,Hospital_CH,Hospital
Hospital-TAV130,2538237,312.7230707526105,0.2238735660996203,0.6521047782419648,0.6392197700287042,-0.008,0.946,Hospital,TAV130,Behandling/arvode veterinär 30 min,297.0,Other,-20305.896,1655196.47601055,2401172.202,0,0,Hospital_CH,Hospital
Hospital-TBD110,2017346,388.7592552437445,0.2166063261658391,0.7358743344171252,0.7219729835969739,-0.7232,0.0,Hospital,TBD110,Bandageläggning tass (tassbandage),253.0,Other,-1458944.6272,1484513.14503905,0.0,0,1,Hospital_CH,Hospital
Hospital-TBD111,2971998,510.5650657581213,-0.4321436355077817,0.6403462603045674,0.6270257514269588,0.3064,0.167,Hospital,TBD111,Bandageläggning litet,281.0,Other,910620.1872,1903107.8049326537,496323.666,0,1,Hospital_CH,Hospital
Hospital-TBD112,994794,275.0632820751,-0.4003815683395592,0.5960737434569279,0.5810018682127833,0.166,0.596,Hospital,TBD112,Bandageläggning medel,583.0,Other,165135.804,592970.5835484911,592897.2239999999,0,0,Hospital_CH,Hospital
Hospital-TBD116,1036747,185.7709164828392,-0.09595945619941491,0.6299948929729227,0.6156536097548189,-0.4167,0.0,Hospital,TBD116,Bandageläggning inkl skena litet,658.0,Other,-432012.47490000003,653145.3153049987,0.0,1,1,Hospital_CH,Hospital
Hospital-TBT112,1833069,107.8156412690692,-0.05394554576399278,0.4964366950241493,0.477957307685586,-0.3376,0.295,Hospital,TBT112,Blodtransfusion hund plasma/påbörjad enhet TOTALPRIS,536.0,Other,-618844.0944000001,910002.7161112223,540755.355,1,0,Hospital_CH,Hospital
Hospital-TBT113,1535319,71.65508760726406,-0.02381504267168572,0.5147239141490159,0.4864554042936188,-0.1821,0.443,Hospital,TBT113,Blodtransfusion hund pRBC/erytrocytkoncentrat/påbörjad enhet TOTALPRIS,592.0,Other,-279581.5899,790265.4051473528,680146.317,1,0,Hospital_CH,Hospital
Hospital-TCA112,1658440,307.4157426226606,-0.123392693581639,0.5139621422671192,0.4996669111573286,-0.1813,0.179,Hospital,TCA112,Kateterisering tömning/tappning/urinprovtagning hanhund,532.0,Other,-300675.17199999996,852375.3752214812,296860.76,1,1,Hospital_CH,Hospital
Hospital-TCA114,1348419,189.3775183603013,-0.1362073586863655,0.7239006333789739,0.7059429509971186,-0.0828,0.372,Hospital,TCA114,"Kateterisering tömning/tappning/urinprovtagning hankatt, ej FUS katt",569.0,Other,-111649.0932,976121.3681602427,501611.868,1,0,Hospital_CH,Hospital
Hospital-TCL111,1789504,545.1094410426656,-0.156228498985386,0.7143687378802868,0.6993355135581967,-0.0735,0.671,Hospital,TCL111,Kloklippning enkel,107.0,Other,-131528.544,1278365.7139117247,1200757.1840000001,1,0,Hospital_CH,Hospital
Hospital-TCL122,584220,83.39182034881239,-0.1053186948071407,0.404814668591429,0.3810072553350862,-0.1321,0.697,Hospital,TCL122,Pälsvård Lejonklippning,266.0,Other,-77175.462,236500.82568448465,407201.33999999997,1,0,Hospital_CH,Hospital
Hospital-TER144,492036,257.1908332410419,-0.2617971979161114,0.6620467413170298,0.6468007296471213,-0.3472,0.047,Hospital,TER144,Öronrengöring/behandling < 10 min inkl eventuell otoskopering,249.0,Other,-170834.8992,325750.83041066607,23125.692,1,1,Hospital_CH,Hospital
Hospital-TEY309,1428531,287.5042925228438,-0.2683442313956088,0.6955245898324579,0.6794995682446925,-0.2626,0.142,Hospital,TEY309,"Cornea ulcus, debridering epitel",537.0,Other,-375132.2406,993578.4378379509,202851.40199999997,1,1,Hospital_CH,Hospital
Hospital-TGA113,2388747,375.0201162567244,-0.03488689374371194,0.5251539362888444,0.5038921722420764,-0.5248,0.001,Hospital,TGA113,Sond nasal/nos iläggande inkl sond (inkl ev kontroll röntgen),419.0,Other,-1253614.4256000002,1254459.8898481682,2388.747,1,1,Hospital_CH,Hospital
Hospital-TGA114,1218169,110.7679204917715,0.14206141698901,0.750531028156507,0.7374010822700073,-0.0677,0.57,Hospital,TGA114,Sond esofagus iläggande inkl sond ( inkl ev kontroll rtg pharyngostomi),668.0,Other,-82470.0413,914273.632038384,694356.33,0,0,Hospital_CH,Hospital
Hospital-TID114,1469577,378.2520106422552,-0.6379047004622258,0.870291558660322,0.8634130807104906,-0.1615,0.659,Hospital,TID114,ID-märkning inkl chip,209.0,Other,-237336.6855,1278960.45790136,968451.243,1,0,Hospital_CH,Hospital
Hospital-TID115,1099852,366.4056926280472,-0.1010242740843643,0.7400722332852837,0.7280755671292198,-0.8537,0.003,Hospital,TID115,ID-märkning inkl chip i samband med annat besök,148.0,Other,-938943.6524,813969.9259232859,3299.556,1,1,Hospital_CH,Hospital
Hospital-TID117,519484,299.926688060762,0.1011482280221678,0.4497172686931096,0.4228742086293588,-0.5006,0.159,Hospital,TID117,ID-märkning inkl chip per valp/kattunge i en kull,241.0,Other,-260053.69040000002,233620.92560977134,82597.956,0,0,Hospital_CH,Hospital
Hospital-TII111,2777945,527.7601247781272,0.1359369712193996,0.6678371577603051,0.6529641946749456,-0.2856,0.128,Hospital,TII111,Injektion im/intramuskulärt,244.0,Other,-793381.0920000001,1855214.8932144507,355576.96,0,1,Hospital_CH,Hospital
Hospital-TII112,12866939,800.4391707490041,-0.3696830554729579,0.7010525584314685,0.687666852092579,-0.0123,0.835,Hospital,TII112,Injektion sc/subcutant,59.0,Other,-158263.3497,9020400.505131641,10743894.065,1,0,Hospital_CH,Hospital
Hospital-TII113,8179997,602.7056734203035,-0.3596476376369093,0.5710414985060841,0.555154146598902,-0.189,0.171,Hospital,TII113,Injektion iv/intravenöst,141.0,Other,-1546019.433,4671117.744655272,1398779.4870000002,1,1,Hospital_CH,Hospital
Hospital-TII117,5307794,446.5910285157447,-0.3684169612476247,0.6198962406546011,0.5998907796364223,-0.1125,0.53,Hospital,TII117,Infusion intravenös/dropp,162.0,Other,-597126.8250000001,3290281.546769048,2813130.8200000003,1,0,Hospital_CH,Hospital
Hospital-TII118,1853606,315.2115012294589,-0.1184042689384574,0.5756531627107383,0.5566525580559953,-0.1018,0.607,Hospital,TII118,Infusion intravenös CRI smärtdropp tex FK/FLK/SLK/MLK/MK/LK,472.0,Other,-188697.0908,1067034.1563196008,1125138.842,1,0,Hospital_CH,Hospital
Hospital-TII119,4005531,469.4000791276864,-0.3009284860527651,0.5507432023550318,0.5341040617015145,0.1676,0.2,Hospital,TII119,Infusion subcutan,147.0,Other,671326.9956,2206018.970072353,801106.2000000001,0,1,Hospital_CH,Hospital
Hospital-TII132,1104938,230.5384068517965,-0.02673517038741246,0.5638473045242247,0.5476935009880849,-0.7993,0.021,Hospital,TII132,Injektion i.v cellgift/cytostatika,736.0,Other,-883176.9434,623016.3129663878,23203.698,1,1,Hospital_CH,Hospital
Hospital-TII180,7675852,468.8257356154288,-0.5157335877267231,0.5394232505835865,0.5223648524570528,0.4683,0.147,Hospital,TII180,Dropp 16.30-08,179.0,Other,3594601.4916,4140533.036838524,1128350.244,0,1,Hospital_CH,Hospital
Hospital-TOX114,2780019,327.602583397799,-0.03528445999281549,0.4816894738999943,0.4584815398955164,-0.4477,0.162,Hospital,TOX114,Syrgasbehandling helt dygn bur,399.0,Other,-1244614.5063,1339105.8895419883,450363.07800000004,1,0,Hospital_CH,Hospital
Hospital-TOX115,2051162,345.6982635610626,0.1891282110585366,0.4719925822468363,0.4442027181545645,-0.3813,0.105,Hospital,TOX115,Syrgasbehandling halvt dygn bur,494.0,Other,-782108.0706,968133.2489865853,215372.00999999998,0,0,Hospital_CH,Hospital
Hospital-TOX116,1505837,333.2760896502395,-0.09396264559192753,0.5474093143848789,0.5271440598050974,-0.4108,0.081,Hospital,TOX116,Syrgasbehandling per timme,546.0,Other,-618597.8396,824309.199745383,121972.797,1,1,Hospital_CH,Hospital
Hospital-TOX119,5145167,593.7270575329358,0.4544076936453885,0.8826000381023801,0.874534391865139,-0.3628,0.082,Hospital,TOX119,Librelabehandling sköterska (exkl medicin),81.0,Other,-1866666.5876,4541124.590243109,421903.694,0,1,Hospital_CH,Hospital
Hospital-TOX120,845492,306.6002444543865,0.4866773415164701,0.7829307046678597,0.7697749897992452,-0.8637,0.04,Hospital,TOX120,Cytopointbehandling sköterska (exkl medicin),242.0,Other,-730251.4404,661961.6473510381,33819.68,0,1,Hospital_CH,Hospital
Hospital-TOX123,1327190,360.023426150945,0.5382242770978389,0.8318368406285676,0.822343759051148,-0.6833,0.055,Hospital,TOX123,Solensiabehandling sköterska (exkl medicin),223.0,Other,-906868.927,1104005.5365138287,72995.45,0,1,Hospital_CH,Hospital
Hospital-TOX124,460528,180.9667973512567,0.08943427806127605,0.5072774895145616,0.4764823326092218,-1.2329,0.068,Hospital,TOX124,Cartrophenbehandling sköterska (exkl medicin),471.0,Other,-567784.9712,233615.48769116204,31315.904000000002,0,1,Hospital_CH,Hospital
Hospital-TT4,3802352,515.0942860094274,-0.57025208451515,0.6071454111193852,0.5864688538098792,-0.0093,0.961,Hospital,TT4,TT4 (Total T4) Catalyst,121.0,Internal,-35361.8736,2308580.5682606166,3654060.272,1,0,Hospital_CH,Hospital
Hospital-TWO111,3370879,523.3153317038315,-0.1161496596904468,0.643459992048975,0.6329735212268861,0.0554,0.502,Hospital,TWO111,Sårbehandling/rengöring enkel,158.0,Other,186746.6966,2169025.774538057,1692181.258,0,0,Hospital_CH,Hospital
Hospital-TWO112,1517036,313.8299381198771,-0.08689929741616624,0.7026068351584136,0.6869545633246459,-0.2781,0.126,Hospital,TWO112,Sårbehandling/rengöring medel,289.0,Other,-421887.71160000004,1065879.8627813791,191146.536,1,1,Hospital_CH,Hospital
Hospital-TWO113,955201,170.4640265777061,-0.1366974616370847,0.7354543572227439,0.7253571952846807,-0.0024,0.987,Hospital,TWO113,Sårbehandling/rengöring omfattande,555.0,Other,-2292.4824,702506.7374735222,942783.387,1,0,Hospital_CH,Hospital
Hospital-UREA,982543,415.6366132222635,-0.09778691831103255,0.4879178146545301,0.4609661206889791,-0.6996,0.184,Hospital,UREA,Urea (Catalyst),576.0,Internal,-687387.0828,479400.233364106,180787.912,1,0,Hospital_CH,Hospital
Hospital-VB,1458181,308.6552969448097,0.1854657320012131,0.3369703109294042,0.3124136557786414,-0.3301,0.62,Hospital,VB,B12 (Immulite),633.0,Internal,-481345.5481,491363.70496134955,904072.22,0,0,Hospital_CH,Hospital
Hospital-VCA111,7086608,706.427516266976,-0.2182768245897354,0.6602706837279624,0.6450589232978712,-0.0013,0.99,Hospital,VCA111,Vaccination kattpest/kattsnuva (Nobivac Tricat),39.0,Vacc,-9212.5904,4679079.509472048,7015741.92,1,0,Hospital_CH,Hospital
Hospital-VCA112,4347305,620.7975285669107,0.009000442261388013,0.6898796433846217,0.6759936572675153,-0.1675,0.18,Hospital,VCA112,Vaccination Kattsnuva (Nobivac Ducat),72.0,Vacc,-728173.5875,2999117.223084183,782514.9,0,1,Hospital_CH,Hospital
Hospital-VDO112,7468425,708.4205986026832,0.06345587493115375,0.7776973295403526,0.7642244404215861,-0.0867,0.189,Hospital,VDO112,Vaccination Parvo/Valpsjuka/Hepatit/Kennelhosta (Nobivac DHPPI),37.0,Vacc,-647512.4475,5808174.178372408,1411532.325,0,1,Hospital_CH,Hospital
Hospital-VDO113,5827645,670.8209119679867,0.1639987204727864,0.7842069893828123,0.7711286251029827,-0.1255,0.199,Hospital,VDO113,Vaccination Kennelhosta (Nobivac Pi),45.0,Vacc,-731369.4475,4570079.940641799,1159701.355,0,1,Hospital_CH,Hospital
Hospital-VDO114,2658889,490.4205546913707,-0.1010993459217048,0.8247416663004463,0.814119949106534,-0.4078,0.01,Hospital,VDO114,Vaccination Rabies (Nobivac Rabies),93.0,Vacc,-1084294.9342,2192896.5443679276,26588.89,1,1,Hospital_CH,Hospital
Hospital-VDO115,1876832,443.4839080326596,0.3308232215168161,0.7446912055952796,0.7292179453283268,-0.3579,0.126,Hospital,VDO115,Vaccination Leptospiros (Nobivac L4),116.0,Vacc,-671718.1728,1397660.2847797996,236480.832,0,1,Hospital_CH,Hospital
Hospital-YGMSB0625,17295,221.1087134431094,-0.436021555823231,0.3887777589704096,0.3574330286611997,-3.3205,0.087,Hospital,YGMSB0625,Coca Cola Burk 33cl,4622.0,N/D,-57428.0475,6723.911341393235,1504.665,1,0,Hospital_CH,Hospital
Hospital-YGMSB0626,22934,314.4024851622522,-0.3307052140947719,0.4272745052078105,0.4060624498451368,-4.6868,0.026,Hospital,YGMSB0626,Coca Cola Zero Burk 33cl,4243.0,N/D,-107487.07119999999,9799.113502435926,596.284,1,0,Hospital_CH,Hospital
Hospital-YGMSB0635,12808,218.6060194590263,-0.3536437784402328,0.5636814747425611,0.5420458453909526,-4.7178,0.011,Hospital,YGMSB0635,Kexchoklad 60g,5105.0,N/D,-60425.58240000001,7219.632328502723,140.888,1,1,Hospital_CH,Hospital
Hospital-YGMSB0651,28840,207.4898205106652,-0.4174049875472191,0.5021312074624389,0.4716494446540167,-5.0618,0.008,Hospital,YGMSB0651,NOCCO BCAA Tropical 33cl,3930.0,N/D,-145982.312,14481.464023216737,230.72,1,1,Hospital_CH,Hospital
Hospital-YHSBL054,815470,175.0325432377725,-0.3448169625319305,0.4490974676602854,0.4143558665217448,1.2642,0.193,Hospital,YHSBL054,"S- PLI, B12, FOLSYRA HUND STRÖMSHOLM + IDEXX",918.0,External,1030917.174,366225.5119529329,157385.71,0,0,Hospital_CH,Hospital
Hospital-YHSBL058,629125,232.2374672651694,-0.2142160637832047,0.2406670624752439,0.2149269628981336,-0.0007,0.999,Hospital,YHSBL058,B12 FOLSYRA STRÖMSHOLM,1032.0,External,-440.3875,151409.6656797378,628495.875,1,0,Hospital_CH,Hospital
Hospital-YSTRF006,11069,115.9125037583775,0.02414522472479016,0.3129956125421729,0.2955293993017197,-0.1273,0.119,Hospital,YSTRF006,Buffé hund och katt,5360.0,N/D,-1409.0837,3464.548435229312,1317.211,0,0,Hospital_CH,Hospital
Hospital-YSTRP174,29871477,472.6139712786416,-0.1554257981154646,0.3055466965603948,0.2744517725257857,0.5175,0.071,Hospital,YSTRP174,"Narkos inhalation  0,5-1,5 tim",62.0,Anaesthesia,15458489.347499998,9127131.118729813,2120874.8669999996,0,0,Hospital_CH,Hospital
Hospital-YSÖDL098,1868083,152.1036836468326,-0.402061762404422,0.441403756079158,0.4181289125824562,-0.0397,0.96,Hospital,YSÖDL098,"PAD 1-3 biopsier, histopatologi - SVA",538.0,External,-74162.8951,824578.8528676217,1793359.68,1,0,Hospital_CH,Hospital
Hospital-YSÖDL250,807218,64.34519305714335,-0.123866523572235,0.2494310367682504,0.1941259552669636,0.3224,0.656,Hospital,YSÖDL250,"Paket Mag-tarmparasiter, Katt - SVA",925.0,External,260247.08320000002,201345.22263799355,529535.008,0,0,Hospital_CH,Hospital
Hospital-YSÖDL251,1373285,192.8238783464603,-0.3695886910796981,0.4243344300798862,0.4009333906522393,1.2159,0.188,Hospital,YSÖDL251,"Paket Mag-tarmparasiter, Hund - SVA",660.0,External,1669777.2315,582732.1078122566,258177.58,0,0,Hospital_CH,Hospital
Hospital-YSÖDL255,1360641,104.6649034587578,-0.216932613492769,0.4026782709830384,0.3757718867930853,-0.7834,0.093,Hospital,YSÖDL255,Bakt res bestämning (aerob) + (anaerob) - idexx,666.0,External,-1065926.1594,547900.5653086323,126539.613,1,0,Hospital_CH,Hospital
Hospital-YSÖDP277,2927941,283.6288719170956,-0.1496113388255494,0.409876172905948,0.392519589756123,0.5108,0.197,Hospital,YSÖDP277,Framkallande kräkning (exl medicin),394.0,Other,1495592.2628000001,1200093.2515744143,576804.377,0,0,Hospital_CH,Hospital
Hospital-YSÖDP431,34886760,580.8551898982805,-0.7216263640695108,0.6336162977009188,0.620046530949101,-0.4235,0.12,Hospital,YSÖDP431,Röntgen allmänt upp till 4 bilder (inkl grundavgift),51.0,Imaging,-14774542.86,22104819.709980506,4186411.1999999997,1,1,Hospital_CH,Hospital
Sjukhus A-FCR112,3792146,411.9204710077958,-0.2588564208569032,0.3732578628103276,0.340271434537187,-0.138,0.454,Sjukhus A,FCR112,Kremering hund,60.0,Euthansaia/Cremation,-523316.14800000004,1415448.3114247324,1721634.284,1,0,Hospital,Hospital
Sjukhus A-FCR113,2716750,403.485537840278,0.06423903401622479,0.2967561430453972,0.2597433084688392,-0.124,0.492,Sjukhus A,FCR113,Kremering katt,80.0,Euthansaia/Cremation,-336877.0,806212.2516185829,1336641.0,0,0,Hospital,Hospital
Sjukhus A-FCS112,13415930,465.152793394484,-0.04489974554999503,0.2176546985675922,0.1886789466626883,-0.4449,0.066,Sjukhus A,FCS112,Separatkremering hund,22.0,Euthansaia/Cremation,-5968747.257,2920040.200153917,885451.38,1,0,Hospital,Hospital
Sjukhus A-FCS113,5945768,356.9641083870761,0.1058865843888297,0.2039483219746616,0.1744649264922418,-0.0941,0.811,Sjukhus A,FCS113,Separatkremering katt,41.0,Euthansaia/Cremation,-559496.7688,1212629.4064506397,4822017.848,0,0,Hospital,Hospital
Sjukhus A-FEU112,5877039,445.820345148972,-0.1032156121917069,0.3860394918968061,0.3537257809440064,-0.4617,0.167,Sjukhus A,FEU112,Avlivning hund,28.0,Euthansaia/Cremation,-2713428.9063,2268769.1494177133,981465.513,1,0,Hospital,Hospital
Sjukhus A-FEU113,4055419,425.4758090201213,-0.1722264615457798,0.4253635432471963,0.3905370913227839,-0.006,0.986,Sjukhus A,FEU113,Avlivning katt,38.0,Euthansaia/Cremation,-24332.514,1725027.3951920015,3998643.134,1,0,Hospital,Hospital
Sjukhus A-YGBGC004,106135,142.2935236924048,0.1680085357009287,0.2485736081231382,0.2052220855148578,0.621,0.475,Sjukhus A,YGBGC004,Cutimed Siltec kompress,2393.0,Consumables,65909.835,26382.359898149272,50414.125,1,0,Hospital,Hospital
Sjukhus A-YSTRC104,55775,116.5581044455333,0.02825877383789769,0.2225804894779514,0.1875615926075889,-0.4582,0.534,Sjukhus A,YSTRC104,Mepilex 10 x 10 cm,3097.0,Consumables,-25556.105,12414.426800632738,29783.850000000002,0,0,Hospital,Hospital
Sjukhus A-YSTRC124,1173858,94.08378597649364,-0.04666226289119071,0.370511585468482,0.3328498854537757,0.0418,0.95,Sjukhus A,YSTRC124,Platta övriga,733.0,Consumables,49067.26439999999,434927.98869486136,1115165.0999999999,0,0,Hospital,Hospital
Sjukhus A-YSTRC140,1989498,311.6987005963124,0.05186726079120547,0.3765567066239893,0.3453845419551888,-0.3169,0.633,Sjukhus A,YSTRC140,Skruv LCP,514.0,Consumables,-630471.9162,749158.8147150135,1259352.234,0,0,Hospital,Hospital
Sjukhus A-YSTRC141,1427540,340.6893889933406,-0.1868049016644519,0.362977403537466,0.3380937083631482,-0.3033,0.686,Sjukhus A,YSTRC141,Skruv övriga,643.0,Consumables,-432972.88200000004,518164.76264587423,979292.4400000001,1,0,Hospital,Hospital
Sjukhus A-YSTRC156,651335,82.48790002677289,-0.2906363764633946,0.4044458009909183,0.3755354029807687,-0.0471,0.958,Sjukhus A,YSTRC156,Shaverblad alla,1038.0,Consumables,-30677.878500000003,263429.70578841976,623978.9299999999,1,0,Hospital,Hospital
Sjukhus A-YSTRC194,151235,174.5198149101398,-0.07474417716046498,0.268448970588113,0.2384673710220521,0.7276,0.334,Sjukhus A,YSTRC194,Stift Kirschner alla storlekar,2094.0,Consumables,110038.58600000001,40598.880066893274,50512.490000000005,0,0,Hospital,Hospital
Sjukhus A-YSTRC195,213270,198.9699174335243,-0.4308534818980547,0.5360887392039392,0.5036149509482148,-0.2073,0.769,Sjukhus A,YSTRC195,Stift TPLO,1799.0,Consumables,-44210.871,114331.64541002411,164004.63,1,0,Hospital,Hospital
Sjukhus B-FCR112,4527660,447.6221992683729,-0.3278810838551494,0.2846546742219156,0.2581604028968014,-0.0216,0.92,Sjukhus B,FCR112,Kremering hund,60.0,Euthansaia/Cremation,-97797.456,1288819.5822875984,4165447.2,1,0,Hospital,Hospital
Sjukhus B-FCR113,2849697,447.3191736247852,-0.2109044679942483,0.3705652830451659,0.3520524972523768,0.2404,0.175,Sjukhus B,FCR113,Kremering katt,80.0,Euthansaia/Cremation,685067.1588,1055998.77539796,498696.975,0,0,Hospital,Hospital
Sjukhus B-FCS112,13566710,499.420771874324,-0.2486837266633591,0.3722598297575603,0.3490101938226552,0.1326,0.389,Sjukhus B,FCS112,Separatkremering hund,22.0,Euthansaia/Cremation,1798945.746,5050341.1549701905,5277450.19,0,0,Hospital,Hospital
Sjukhus B-FCS113,6215400,395.2566151344194,0.05566373736545604,0.3687339906220372,0.3501673432873913,0.2205,0.192,Sjukhus B,FCS113,Separatkremering katt,41.0,Euthansaia/Cremation,1370495.7,2291829.24531221,1193356.8,1,0,Hospital,Hospital
Sjukhus B-FEU112,9932528,534.6028422504668,0.1407192860977363,0.7277957411400717,0.7197897335265444,-0.1407,0.644,Sjukhus B,FEU112,Avlivning hund,28.0,Euthansaia/Cremation,-1397506.6896,7228851.577154514,6396548.032000001,0,0,Hospital,Hospital
Sjukhus B-FEU113,6105292,501.6491252991437,0.05756987477116494,0.5735668513577813,0.5577730310376992,-0.2469,0.28,Sjukhus B,FEU113,Avlivning katt,38.0,Euthansaia/Cremation,-1507396.5948,3501793.109059851,1709481.7600000002,0,0,Hospital,Hospital
Sjukhus B-YFRSC005,341248,312.4637666002901,-0.2803895384380102,0.755258941016393,0.736637338702423,-0.4864,0.03,Sjukhus B,YFRSC005,Medicin/material - sätt pris,1452.0,Consumables,-165983.0272,257730.6031039621,10237.44,1,1,Hospital,Hospital
Sjukhus C-FCR112,3386025,393.1903023694389,-0.4697650090890987,0.5106428982975506,0.4848872613658428,0.6003,0.017,Sjukhus C,FCR112,Kremering hund,60.0,Euthansaia/Cremation,2032630.8074999999,1729049.619707964,57562.425,0,1,Hospital,Hospital
Sjukhus C-FCR113,2060400,393.9132219730898,-0.2797905308379385,0.406425712336221,0.3798477591572459,0.261,0.139,Sjukhus C,FCR113,Kremering katt,80.0,Euthansaia/Cremation,537764.4,837399.5376975497,286395.60000000003,0,0,Hospital,Hospital
Sjukhus C-FCS112,11113888,472.5342189906808,-0.2864725072531775,0.4162369855727311,0.394616133186536,0.0504,0.819,Sjukhus C,FCS112,Separatkremering hund,22.0,Euthansaia/Cremation,560139.9552,4626011.239112949,9102274.272,0,0,Hospital,Hospital
Sjukhus C-FCS113,5083828,376.1439258636798,-0.1661095984372889,0.4470062253809026,0.4222453100994505,-0.2623,0.198,Sjukhus C,FCS113,Separatkremering katt,41.0,Euthansaia/Cremation,-1333488.0843999998,2272502.7647657436,1006597.944,1,0,Hospital,Hospital
Sjukhus C-FEU112,8256641,470.2029256486597,-0.06127795116096583,0.8047740699907203,0.7944990210428635,-0.2875,0.198,Sjukhus C,FEU112,Avlivning hund,28.0,Euthansaia/Cremation,-2373784.2874999996,6644730.582022251,1634814.918,1,1,Hospital,Hospital
Sjukhus C-FEU113,4682944,442.2640279685082,-0.196887801892644,0.7322413538498671,0.726378025831981,-0.1886,0.383,Sjukhus C,FEU113,Avlivning katt,38.0,Euthansaia/Cremation,-883203.2383999999,3429045.2545631123,1793567.5520000001,1,0,Hospital,Hospital
Sjukhus C-YHSBC116,89220,179.4559038975583,0.05687652659610547,0.2287586360352254,0.2117459588889437,-0.0171,0.968,Sjukhus C,YHSBC116,Tevadaptor Vial,2581.0,Consumables,-1525.662,20409.845507062808,86364.95999999999,0,0,Hospital,Hospital
Sjukhus C-YHSBC138,65210,211.1671408541665,0.05579675283144315,0.2436439895415831,0.2097773025061316,-0.1838,0.647,Sjukhus C,YHSBC138,Tevadaptor Syringe,2901.0,Consumables,-11985.598,15888.024558006633,42190.87,0,0,Hospital,Hospital
Sjukhus C-YHSBC151,65380,210.1171307473376,0.0472740276962851,0.2281075546530815,0.1935452063539659,-0.0099,0.981,Sjukhus C,YHSBC151,Tevadaptor Luer Lock,2898.0,Consumables,-647.2620000000001,14913.671923218468,64137.78,0,0,Hospital,Hospital
Sjukhus C-YMMAC024,391528,62.09894971808269,-0.2246695850825106,0.1046422733906924,0.04982445339420416,-1.2887,0.135,Sjukhus C,YMMAC024,Kateter Foley,1356.0,Consumables,-504562.1336,40970.38001611101,52856.280000000006,1,0,Hospital,Hospital
Sjukhus C-YMMAC069,68118,92.96862745064311,-0.05460392645375509,0.3335992647646651,0.3046253197544331,-1.1705,0.151,Sjukhus C,YMMAC069,Sårv.prod Suprasorb P 10x10,2853.0,Consumables,-79732.119,22724.11471723946,10285.818,1,0,Hospital,Hospital
Sjukhus Södran-FCR112,3911715,306.2001944918015,-0.2260766794982073,0.2553866594163207,0.2334862670462126,0.2364,0.531,Sjukhus Södran,FCR112,Kremering hund,60.0,Euthansaia/Cremation,924729.426,998999.826438713,2077120.665,0,0,Hospital,Hospital
Sjukhus Södran-FCR113,2410820,348.6455359327267,-0.4821725548836436,0.3863037308129682,0.3682538405427614,0.4637,0.2,Sjukhus Södran,FCR113,Kremering katt,80.0,Euthansaia/Cremation,1117897.234,931308.76031852,482164.0,0,0,Hospital,Hospital
Sjukhus Södran-FCS112,8321045,358.498339242515,-0.2050810162459176,0.2914162239242079,0.2596885921596203,0.4922,0.101,Sjukhus Södran,FCS112,Separatkremering hund,22.0,Euthansaia/Cremation,4095618.3490000004,2424887.513003411,840425.545,0,0,Hospital,Hospital
Sjukhus Södran-FCS113,5495041,304.0948186593492,-0.2807656002205412,0.373658515509168,0.3456133744125636,0.7848,0.064,Sjukhus Södran,FCS113,Separatkremering katt,41.0,Euthansaia/Cremation,4312508.1768000005,2053268.862722014,351682.624,0,0,Hospital,Hospital
Sjukhus Södran-FEU112,6957831,430.4219847825203,-0.4839098352826933,0.5548308487467692,0.5314008934176518,-0.0128,0.959,Sjukhus Södran,FEU112,Avlivning hund,28.0,Euthansaia/Cremation,-89060.2368,3860419.279166582,6672559.929,1,0,Hospital,Hospital
Sjukhus Södran-FEU113,4938504,431.9512709370976,-0.6963249551136157,0.7439214047243982,0.7324551989657891,0.1949,0.455,Sjukhus Södran,FEU113,Avlivning katt,38.0,Euthansaia/Cremation,962514.4295999999,3673858.8329170593,2247019.3200000003,0,0,Hospital,Hospital
