Cluster,week_starting_monday,FTE_Interpolated,ID_Department
Clinics 2,2022-06-27 00:00:00,2.9,1
Clinics 2,2022-07-04 00:00:00,2.9,1
Clinics 2,2022-07-11 00:00:00,2.9,1
Clinics 2,2022-07-18 00:00:00,2.8,1
Clinics 2,2022-07-25 00:00:00,2.2,1
Clinics 2,2022-08-01 00:00:00,1.8,1
Clinics 2,2022-08-08 00:00:00,1.3,1
Clinics 2,2022-08-15 00:00:00,0.8,1
Clinics 2,2022-08-22 00:00:00,2.7,1
Clinics 2,2022-08-29 00:00:00,2.8,1
Clinics 2,2022-09-05 00:00:00,1.8,1
Clinics 2,2022-09-12 00:00:00,1.8,1
Clinics 2,2022-09-19 00:00:00,2.4,1
Clinics 2,2022-09-26 00:00:00,2.8,1
Clinics 2,2022-10-03 00:00:00,2.7,1
Clinics 2,2022-10-10 00:00:00,1.7,1
Clinics 2,2022-10-17 00:00:00,1.5,1
Clinics 2,2022-10-24 00:00:00,1.4,1
Clinics 2,2022-10-31 00:00:00,1.6,1
Clinics 2,2022-11-07 00:00:00,1.4,1
Clinics 2,2022-11-14 00:00:00,1.5,1
Clinics 2,2022-11-21 00:00:00,1.7,1
Clinics 2,2022-11-28 00:00:00,1.1,1
Clinics 2,2022-12-05 00:00:00,1.8,1
Clinics 2,2022-12-12 00:00:00,1.9,1
Clinics 2,2022-12-19 00:00:00,1.8,1
Clinics 2,2022-12-26 00:00:00,1.5,1
Clinics 2,2023-01-02 00:00:00,0.8,1
Clinics 2,2023-01-09 00:00:00,0.1,1
Clinics 2,2023-01-16 00:00:00,0.9,1
Clinics 2,2023-01-23 00:00:00,0.8,1
Clinics 2,2023-01-30 00:00:00,0.9,1
Clinics 2,2023-02-06 00:00:00,0.9,1
Clinics 2,2023-02-13 00:00:00,0.9,1
Clinics 2,2023-02-20 00:00:00,0.9,1
Clinics 2,2023-02-27 00:00:00,1.4,1
Clinics 2,2023-03-06 00:00:00,1.4,1
Clinics 2,2023-03-13 00:00:00,1.5,1
Clinics 2,2023-03-20 00:00:00,1.1,1
Clinics 2,2023-03-27 00:00:00,0.9,1
Clinics 2,2023-04-03 00:00:00,1.5,1
Clinics 2,2023-04-10 00:00:00,1.55,1
Clinics 2,2023-04-17 00:00:00,1.6,1
Clinics 2,2023-04-24 00:00:00,1.1,1
Clinics 2,2023-05-01 00:00:00,1.5,1
Clinics 2,2023-05-08 00:00:00,1.1,1
Clinics 2,2023-05-15 00:00:00,1.5,1
Clinics 2,2023-05-22 00:00:00,1.1,1
Clinics 2,2023-05-29 00:00:00,1.4,1
Clinics 2,2023-06-05 00:00:00,1.5,1
Clinics 2,2023-06-12 00:00:00,1.5,1
Clinics 2,2023-06-19 00:00:00,1.4,1
Clinics 2,2023-06-26 00:00:00,1,1
Clinics 2,2023-07-03 00:00:00,1.1,1
Clinics 2,2023-07-10 00:00:00,1.4,1
Clinics 2,2023-07-17 00:00:00,1,1
Clinics 2,2023-07-24 00:00:00,1.5,1
Clinics 2,2023-07-31 00:00:00,1.4,1
Clinics 2,2023-08-07 00:00:00,1.4,1
Clinics 2,2023-08-14 00:00:00,1.4,1
Clinics 2,2023-08-21 00:00:00,0.8,1
Clinics 2,2023-08-28 00:00:00,0.7,1
Clinics 2,2023-09-04 00:00:00,1.8,1
Clinics 2,2023-09-11 00:00:00,1.9,1
Clinics 2,2023-09-18 00:00:00,1.6,1
Clinics 2,2023-09-25 00:00:00,1.8,1
Clinics 2,2023-10-02 00:00:00,1.8,1
Clinics 2,2023-10-09 00:00:00,1.8,1
Clinics 2,2023-10-16 00:00:00,1.6,1
Clinics 2,2023-10-23 00:00:00,2,1
Clinics 2,2023-10-30 00:00:00,1.6,1
Clinics 2,2023-11-06 00:00:00,1.2,1
Clinics 2,2023-11-13 00:00:00,1.7,1
Clinics 2,2023-11-20 00:00:00,1.6,1
Clinics 2,2023-11-27 00:00:00,1.8,1
Clinics 2,2023-12-04 00:00:00,1.8,1
Clinics 2,2023-12-11 00:00:00,1.6,1
Clinics 2,2023-12-18 00:00:00,1.4,1
Clinics 2,2023-12-25 00:00:00,1.6,1
Clinics 2,2024-01-01 00:00:00,0.8,1
Clinics 2,2024-01-08 00:00:00,1.8,1
Clinics 2,2024-01-15 00:00:00,1.6,1
Clinics 2,2024-01-22 00:00:00,1.4,1
Clinics 2,2024-01-29 00:00:00,1.6,1
Clinics 2,2024-02-05 00:00:00,1.6,1
Clinics 2,2024-02-12 00:00:00,1.6,1
Clinics 2,2024-02-19 00:00:00,1.3,1
Clinics 2,2024-02-26 00:00:00,1.8,1
Clinics 2,2024-03-04 00:00:00,1.7,1
Clinics 2,2024-03-11 00:00:00,1.8,1
Clinics 2,2024-03-18 00:00:00,1.9,1
Clinics 2,2024-03-25 00:00:00,1.4,1
Clinics 2,2024-04-01 00:00:00,1.2,1
Clinics 2,2024-04-08 00:00:00,1.7,1
Clinics 2,2024-04-15 00:00:00,1.8,1
Clinics 2,2024-04-22 00:00:00,1.5,1
Clinics 2,2024-04-29 00:00:00,1.5,1
Clinics 2,2024-05-06 00:00:00,1.5,1
Clinics 2,2024-05-13 00:00:00,1.9,1
Clinics 2,2024-05-20 00:00:00,1.8,1
Clinics 2,2024-05-27 00:00:00,1.8,1
Clinics 2,2024-06-03 00:00:00,1.5,1
Clinics 2,2024-06-10 00:00:00,1.5,1
Clinics 2,2024-06-17 00:00:00,0.9,1
Clinics 2,2024-06-24 00:00:00,0.8,1
Clinics 2,2024-07-01 00:00:00,0.8,1
Clinics 2,2024-07-08 00:00:00,0.8,1
Clinics 2,2024-07-15 00:00:00,0.9,1
Clinics 2,2024-07-22 00:00:00,0.9,1
Clinics 2,2024-07-29 00:00:00,0.9,1
Clinics 2,2024-08-05 00:00:00,0.9,1
Clinics 2,2024-08-12 00:00:00,0.8,1
Clinics 2,2024-08-19 00:00:00,1.6,1
Clinics 2,2024-08-26 00:00:00,1.6,1
Clinics 2,2024-09-02 00:00:00,1.6,1
Clinics 2,2024-09-09 00:00:00,1.6,1
Clinics 2,2024-09-16 00:00:00,1.6,1
Clinics 2,2024-09-23 00:00:00,1.6,1
Clinics 2,2024-09-30 00:00:00,1.6,1
Clinics 2,2024-10-07 00:00:00,1.6,1
Clinics 2,2024-10-14 00:00:00,1.6,1
Clinics 2,2024-10-21 00:00:00,1.6,1
Clinics 2,2024-10-28 00:00:00,0.9,1
Clinics 2,2024-11-04 00:00:00,1.6,1
Clinics 2,2024-11-11 00:00:00,1.2,1
Clinics 2,2024-11-18 00:00:00,1.6,1
Clinics 2,2024-11-25 00:00:00,1.7,1
Clinics 2,2024-12-02 00:00:00,1.6,1
Clinics 2,2024-12-09 00:00:00,1,1
Clinics 2,2024-12-16 00:00:00,1.6,1
Clinics 2,2024-12-23 00:00:00,0.8,1
Clinics 2,2024-12-30 00:00:00,1,1
Clinics 2,2025-01-06 00:00:00,1.6,1
Clinics 2,2025-01-13 00:00:00,1.6,1
Clinics 2,2025-01-20 00:00:00,1.6,1
Clinics 2,2025-01-27 00:00:00,1.6,1
Clinics 2,2025-02-03 00:00:00,2.2,1
Clinics 2,2025-02-10 00:00:00,2.2,1
Clinics 2,2025-02-17 00:00:00,2.6,1
Clinics 2,2025-02-24 00:00:00,2.1,1
Clinics 2,2025-03-03 00:00:00,2.5,1
Clinics 2,2025-03-10 00:00:00,2.5,1
Clinics 2,2025-03-17 00:00:00,2.6,1
Clinics 2,2025-03-24 00:00:00,2.4,1
Clinics 2,2025-03-31 00:00:00,2.6,1
Clinics 2,2025-04-07 00:00:00,2.6,1
Clinics 2,2025-04-14 00:00:00,0.9,1
Clinics 2,2025-04-21 00:00:00,1.7,1
Clinics 2,2025-04-28 00:00:00,2.4,1
Clinics 2,2025-05-05 00:00:00,2.6,1
Clinics 2,2025-05-12 00:00:00,2.4,1
Clinics 2,2025-05-19 00:00:00,2.2,1
Clinics 2,2025-05-26 00:00:00,1.6,1
Clinics 2,2025-06-02 00:00:00,1.8,1
Clinics 2,2025-06-09 00:00:00,1,1
Clinics 2,2025-06-16 00:00:00,1.4,1
Clinics 2,2025-06-23 00:00:00,1.9,1
Clinics 2,2025-06-30 00:00:00,1.8,1
Clinics 2,2022-06-27 00:00:00,2.8,2
Clinics 2,2022-07-04 00:00:00,3.8,2
Clinics 2,2022-07-11 00:00:00,4,2
Clinics 2,2022-07-18 00:00:00,4.5,2
Clinics 2,2022-07-25 00:00:00,4,2
Clinics 2,2022-08-01 00:00:00,4,2
Clinics 2,2022-08-08 00:00:00,4.1,2
Clinics 2,2022-08-15 00:00:00,1.7,2
Clinics 2,2022-08-22 00:00:00,2.6,2
Clinics 2,2022-08-29 00:00:00,2.6,2
Clinics 2,2022-09-05 00:00:00,4,2
Clinics 2,2022-09-12 00:00:00,4.2,2
Clinics 2,2022-09-19 00:00:00,3.1,2
Clinics 2,2022-09-26 00:00:00,3.2,2
Clinics 2,2022-10-03 00:00:00,4.7,2
Clinics 2,2022-10-10 00:00:00,4.1,2
Clinics 2,2022-10-17 00:00:00,4.4,2
Clinics 2,2022-10-24 00:00:00,3.1,2
Clinics 2,2022-10-31 00:00:00,4.7,2
Clinics 2,2022-11-07 00:00:00,3.7,2
Clinics 2,2022-11-14 00:00:00,3.6,2
Clinics 2,2022-11-21 00:00:00,3.7,2
Clinics 2,2022-11-28 00:00:00,4.8,2
Clinics 2,2022-12-05 00:00:00,4.5,2
Clinics 2,2022-12-12 00:00:00,4.5,2
Clinics 2,2022-12-19 00:00:00,3.5,2
Clinics 2,2022-12-26 00:00:00,2.9,2
Clinics 2,2023-01-02 00:00:00,2.9,2
Clinics 2,2023-01-09 00:00:00,2.9,2
Clinics 2,2023-01-16 00:00:00,4.2,2
Clinics 2,2023-01-23 00:00:00,4,2
Clinics 2,2023-01-30 00:00:00,5,2
Clinics 2,2023-02-06 00:00:00,5.1,2
Clinics 2,2023-02-13 00:00:00,4.2,2
Clinics 2,2023-02-20 00:00:00,4.6,2
Clinics 2,2023-02-27 00:00:00,5,2
Clinics 2,2023-03-06 00:00:00,3.8,2
Clinics 2,2023-03-13 00:00:00,4.9,2
Clinics 2,2023-03-20 00:00:00,4.4,2
Clinics 2,2023-03-27 00:00:00,4.3,2
Clinics 2,2023-04-03 00:00:00,3.6,2
Clinics 2,2023-04-10 00:00:00,3.7,2
Clinics 2,2023-04-17 00:00:00,3.8,2
Clinics 2,2023-04-24 00:00:00,3.8,2
Clinics 2,2023-05-01 00:00:00,3.7,2
Clinics 2,2023-05-08 00:00:00,3.1,2
Clinics 2,2023-05-15 00:00:00,3.6,2
Clinics 2,2023-05-22 00:00:00,2.9,2
Clinics 2,2023-05-29 00:00:00,3.3,2
Clinics 2,2023-06-05 00:00:00,4,2
Clinics 2,2023-06-12 00:00:00,3.4,2
Clinics 2,2023-06-19 00:00:00,3.8,2
Clinics 2,2023-06-26 00:00:00,2.2,2
Clinics 2,2023-07-03 00:00:00,2.9,2
Clinics 2,2023-07-10 00:00:00,3.1,2
Clinics 2,2023-07-17 00:00:00,1.9,2
Clinics 2,2023-07-24 00:00:00,2.4,2
Clinics 2,2023-07-31 00:00:00,2.5,2
Clinics 2,2023-08-07 00:00:00,2.4,2
Clinics 2,2023-08-14 00:00:00,3,2
Clinics 2,2023-08-21 00:00:00,2.7,2
Clinics 2,2023-08-28 00:00:00,4,2
Clinics 2,2023-09-04 00:00:00,3.7,2
Clinics 2,2023-09-11 00:00:00,4.9,2
Clinics 2,2023-09-18 00:00:00,3.5,2
Clinics 2,2023-09-25 00:00:00,4.2,2
Clinics 2,2023-10-02 00:00:00,4.3,2
Clinics 2,2023-10-09 00:00:00,4.7,2
Clinics 2,2023-10-16 00:00:00,4.2,2
Clinics 2,2023-10-23 00:00:00,4.8,2
Clinics 2,2023-10-30 00:00:00,4.1,2
Clinics 2,2023-11-06 00:00:00,3.9,2
Clinics 2,2023-11-13 00:00:00,4.7,2
Clinics 2,2023-11-20 00:00:00,4.4,2
Clinics 2,2023-11-27 00:00:00,3.7,2
Clinics 2,2023-12-04 00:00:00,4.8,2
Clinics 2,2023-12-11 00:00:00,3.6,2
Clinics 2,2023-12-18 00:00:00,4.2,2
Clinics 2,2023-12-25 00:00:00,3.6,2
Clinics 2,2024-01-01 00:00:00,5.1,2
Clinics 2,2024-01-08 00:00:00,4.8,2
Clinics 2,2024-01-15 00:00:00,4.8,2
Clinics 2,2024-01-22 00:00:00,4,2
Clinics 2,2024-01-29 00:00:00,3.6,2
Clinics 2,2024-02-05 00:00:00,3.9,2
Clinics 2,2024-02-12 00:00:00,4.5,2
Clinics 2,2024-02-19 00:00:00,5,2
Clinics 2,2024-02-26 00:00:00,4.1,2
Clinics 2,2024-03-04 00:00:00,4.6,2
Clinics 2,2024-03-11 00:00:00,4.7,2
Clinics 2,2024-03-18 00:00:00,4.7,2
Clinics 2,2024-03-25 00:00:00,3.9,2
Clinics 2,2024-04-01 00:00:00,2.5,2
Clinics 2,2024-04-08 00:00:00,4.7,2
Clinics 2,2024-04-15 00:00:00,4.9,2
Clinics 2,2024-04-22 00:00:00,3.7,2
Clinics 2,2024-04-29 00:00:00,3.8,2
Clinics 2,2024-05-06 00:00:00,3,2
Clinics 2,2024-05-13 00:00:00,4.7,2
Clinics 2,2024-05-20 00:00:00,3.8,2
Clinics 2,2024-05-27 00:00:00,3.9,2
Clinics 2,2024-06-03 00:00:00,2.8,2
Clinics 2,2024-06-10 00:00:00,3.4,2
Clinics 2,2024-06-17 00:00:00,2.3,2
Clinics 2,2024-06-24 00:00:00,2.6,2
Clinics 2,2024-07-01 00:00:00,2.8,2
Clinics 2,2024-07-08 00:00:00,2.6,2
Clinics 2,2024-07-15 00:00:00,1.6,2
Clinics 2,2024-07-22 00:00:00,1.4,2
Clinics 2,2024-07-29 00:00:00,2,2
Clinics 2,2024-08-05 00:00:00,2.3,2
Clinics 2,2024-08-12 00:00:00,4.3,2
Clinics 2,2024-08-19 00:00:00,2.8,2
Clinics 2,2024-08-26 00:00:00,2.9,2
Clinics 2,2024-09-02 00:00:00,3.9,2
Clinics 2,2024-09-09 00:00:00,4.2,2
Clinics 2,2024-09-16 00:00:00,3.6,2
Clinics 2,2024-09-23 00:00:00,4.3,2
Clinics 2,2024-09-30 00:00:00,3.9,2
Clinics 2,2024-10-07 00:00:00,3.8,2
Clinics 2,2024-10-14 00:00:00,3.6,2
Clinics 2,2024-10-21 00:00:00,2.5,2
Clinics 2,2024-10-28 00:00:00,2.5,2
Clinics 2,2024-11-04 00:00:00,3,2
Clinics 2,2024-11-11 00:00:00,2.9,2
Clinics 2,2024-11-18 00:00:00,1.7,2
Clinics 2,2024-11-25 00:00:00,2.6,2
Clinics 2,2024-12-02 00:00:00,3.5,2
Clinics 2,2024-12-09 00:00:00,2.8,2
Clinics 2,2024-12-16 00:00:00,2.7,2
Clinics 2,2024-12-23 00:00:00,1.3,2
Clinics 2,2024-12-30 00:00:00,1.9,2
Clinics 2,2025-01-06 00:00:00,2,2
Clinics 2,2025-01-13 00:00:00,3.1,2
Clinics 2,2025-01-20 00:00:00,3.4,2
Clinics 2,2025-01-27 00:00:00,2.5,2
Clinics 2,2025-02-03 00:00:00,3.1,2
Clinics 2,2025-02-10 00:00:00,3.2,2
Clinics 2,2025-02-17 00:00:00,2.8,2
Clinics 2,2025-02-24 00:00:00,3.9,2
Clinics 2,2025-03-03 00:00:00,2.1,2
Clinics 2,2025-03-10 00:00:00,3.9,2
Clinics 2,2025-03-17 00:00:00,2.9,2
Clinics 2,2025-03-24 00:00:00,3.7,2
Clinics 2,2025-03-31 00:00:00,3.6,2
Clinics 2,2025-04-07 00:00:00,3.3,2
Clinics 2,2025-04-14 00:00:00,3.2,2
Clinics 2,2025-04-21 00:00:00,3.3,2
Clinics 2,2025-04-28 00:00:00,2.3,2
Clinics 2,2025-05-05 00:00:00,4.1,2
Clinics 2,2025-05-12 00:00:00,3.9,2
Clinics 2,2025-05-19 00:00:00,3.5,2
Clinics 2,2025-05-26 00:00:00,2.7,2
Clinics 2,2025-06-02 00:00:00,3.4,2
Clinics 2,2025-06-09 00:00:00,3.4,2
Clinics 2,2025-06-16 00:00:00,2.8,2
Clinics 2,2025-06-23 00:00:00,2.8,2
Clinics 2,2025-06-30 00:00:00,2.8,2
Clinics 1,2022-06-27 00:00:00,4,5
Clinics 1,2022-07-04 00:00:00,4.1,5
Clinics 1,2022-07-11 00:00:00,7.5,5
Clinics 1,2022-07-18 00:00:00,4.8,5
Clinics 1,2022-07-25 00:00:00,5.1,5
Clinics 1,2022-08-01 00:00:00,6.5,5
Clinics 1,2022-08-08 00:00:00,6.6,5
Clinics 1,2022-08-15 00:00:00,3.6,5
Clinics 1,2022-08-22 00:00:00,6.3,5
Clinics 1,2022-08-29 00:00:00,7.2,5
Clinics 1,2022-09-05 00:00:00,8.5,5
Clinics 1,2022-09-12 00:00:00,8.5,5
Clinics 1,2022-09-19 00:00:00,6.8,5
Clinics 1,2022-09-26 00:00:00,6.5,5
Clinics 1,2022-10-03 00:00:00,6.5,5
Clinics 1,2022-10-10 00:00:00,5.3,5
Clinics 1,2022-10-17 00:00:00,5.9,5
Clinics 1,2022-10-24 00:00:00,5.8,5
Clinics 1,2022-10-31 00:00:00,6.4,5
Clinics 1,2022-11-07 00:00:00,5.1,5
Clinics 1,2022-11-14 00:00:00,5.2,5
Clinics 1,2022-11-21 00:00:00,6.5,5
Clinics 1,2022-11-28 00:00:00,5.1,5
Clinics 1,2022-12-05 00:00:00,5.5,5
Clinics 1,2022-12-12 00:00:00,5.8,5
Clinics 1,2022-12-19 00:00:00,6,5
Clinics 1,2022-12-26 00:00:00,5.3,5
Clinics 1,2023-01-02 00:00:00,5,5
Clinics 1,2023-01-09 00:00:00,4.7,5
Clinics 1,2023-01-16 00:00:00,3.7,5
Clinics 1,2023-01-23 00:00:00,5,5
Clinics 1,2023-01-30 00:00:00,5,5
Clinics 1,2023-02-06 00:00:00,5.8,5
Clinics 1,2023-02-13 00:00:00,6,5
Clinics 1,2023-02-20 00:00:00,5.8,5
Clinics 1,2023-02-27 00:00:00,5.7,5
Clinics 1,2023-03-06 00:00:00,5.5,5
Clinics 1,2023-03-13 00:00:00,4.8,5
Clinics 1,2023-03-20 00:00:00,5.7,5
Clinics 1,2023-03-27 00:00:00,5.5,5
Clinics 1,2023-04-03 00:00:00,5.7,5
Clinics 1,2023-04-10 00:00:00,5.2,5
Clinics 1,2023-04-17 00:00:00,4.7,5
Clinics 1,2023-04-24 00:00:00,4.3,5
Clinics 1,2023-05-01 00:00:00,5.5,5
Clinics 1,2023-05-08 00:00:00,5.7,5
Clinics 1,2023-05-15 00:00:00,5.3,5
Clinics 1,2023-05-22 00:00:00,5.5,5
Clinics 1,2023-05-29 00:00:00,5.4,5
Clinics 1,2023-06-05 00:00:00,5.6,5
Clinics 1,2023-06-12 00:00:00,5.2,5
Clinics 1,2023-06-19 00:00:00,5.2,5
Clinics 1,2023-06-26 00:00:00,4.6,5
Clinics 1,2023-07-03 00:00:00,3.7,5
Clinics 1,2023-07-10 00:00:00,1.5,5
Clinics 1,2023-07-17 00:00:00,4,5
Clinics 1,2023-07-24 00:00:00,4,5
Clinics 1,2023-07-31 00:00:00,3.6,5
Clinics 1,2023-08-07 00:00:00,4.5,5
Clinics 1,2023-08-14 00:00:00,3.8,5
Clinics 1,2023-08-21 00:00:00,3,5
Clinics 1,2023-08-28 00:00:00,3.9,5
Clinics 1,2023-09-04 00:00:00,4.8,5
Clinics 1,2023-09-11 00:00:00,4.2,5
Clinics 1,2023-09-18 00:00:00,4,5
Clinics 1,2023-09-25 00:00:00,4.4,5
Clinics 1,2023-10-02 00:00:00,4.4,5
Clinics 1,2023-10-09 00:00:00,4.4,5
Clinics 1,2023-10-16 00:00:00,4.4,5
Clinics 1,2023-10-23 00:00:00,4.7,5
Clinics 1,2023-10-30 00:00:00,4.8,5
Clinics 1,2023-11-06 00:00:00,4.4,5
Clinics 1,2023-11-13 00:00:00,5.1,5
Clinics 1,2023-11-20 00:00:00,3.2,5
Clinics 1,2023-11-27 00:00:00,4.2,5
Clinics 1,2023-12-04 00:00:00,3.8,5
Clinics 1,2023-12-11 00:00:00,3.7,5
Clinics 1,2023-12-18 00:00:00,4.1,5
Clinics 1,2023-12-25 00:00:00,4.4,5
Clinics 1,2024-01-01 00:00:00,4.6,5
Clinics 1,2024-01-08 00:00:00,5.9,5
Clinics 1,2024-01-15 00:00:00,4.7,5
Clinics 1,2024-01-22 00:00:00,5.9,5
Clinics 1,2024-01-29 00:00:00,4.5,5
Clinics 1,2024-02-05 00:00:00,4.2,5
Clinics 1,2024-02-12 00:00:00,4.8,5
Clinics 1,2024-02-19 00:00:00,4.5,5
Clinics 1,2024-02-26 00:00:00,3.9,5
Clinics 1,2024-03-04 00:00:00,3.8,5
Clinics 1,2024-03-11 00:00:00,3.2,5
Clinics 1,2024-03-18 00:00:00,5.4,5
Clinics 1,2024-03-25 00:00:00,4,5
Clinics 1,2024-04-01 00:00:00,4.9,5
Clinics 1,2024-04-08 00:00:00,5.2,5
Clinics 1,2024-04-15 00:00:00,5.8,5
Clinics 1,2024-04-22 00:00:00,5.8,5
Clinics 1,2024-04-29 00:00:00,6.3,5
Clinics 1,2024-05-06 00:00:00,5.9,5
Clinics 1,2024-05-13 00:00:00,5,5
Clinics 1,2024-05-20 00:00:00,5.1,5
Clinics 1,2024-05-27 00:00:00,6.1,5
Clinics 1,2024-06-03 00:00:00,5,5
Clinics 1,2024-06-10 00:00:00,5.1,5
Clinics 1,2024-06-17 00:00:00,5.4,5
Clinics 1,2024-06-24 00:00:00,4.4,5
Clinics 1,2024-07-01 00:00:00,3.2,5
Clinics 1,2024-07-08 00:00:00,3.6,5
Clinics 1,2024-07-15 00:00:00,3.4,5
Clinics 1,2024-07-22 00:00:00,3.2,5
Clinics 1,2024-07-29 00:00:00,4.2,5
Clinics 1,2024-08-05 00:00:00,3.4,5
Clinics 1,2024-08-12 00:00:00,4,5
Clinics 1,2024-08-19 00:00:00,4.5,5
Clinics 1,2024-08-26 00:00:00,4.2,5
Clinics 1,2024-09-02 00:00:00,1.9,5
Clinics 1,2024-09-09 00:00:00,3,5
Clinics 1,2024-09-16 00:00:00,3.8,5
Clinics 1,2024-09-23 00:00:00,4.8,5
Clinics 1,2024-09-30 00:00:00,5.4,5
Clinics 1,2024-10-07 00:00:00,5.3,5
Clinics 1,2024-10-14 00:00:00,5.1,5
Clinics 1,2024-10-21 00:00:00,4.1,5
Clinics 1,2024-10-28 00:00:00,3.4,5
Clinics 1,2024-11-04 00:00:00,4.6,5
Clinics 1,2024-11-11 00:00:00,4.2,5
Clinics 1,2024-11-18 00:00:00,3.6,5
Clinics 1,2024-11-25 00:00:00,3.8,5
Clinics 1,2024-12-02 00:00:00,4.4,5
Clinics 1,2024-12-09 00:00:00,3.1,5
Clinics 1,2024-12-16 00:00:00,3.6,5
Clinics 1,2024-12-23 00:00:00,4,5
Clinics 1,2024-12-30 00:00:00,4,5
Clinics 1,2025-01-06 00:00:00,4.5,5
Clinics 1,2025-01-13 00:00:00,3.9,5
Clinics 1,2025-01-20 00:00:00,5.8,5
Clinics 1,2025-01-27 00:00:00,5,5
Clinics 1,2025-02-03 00:00:00,4,5
Clinics 1,2025-02-10 00:00:00,1,5
Clinics 1,2025-02-17 00:00:00,1,5
Clinics 1,2025-02-24 00:00:00,1.2,5
Clinics 1,2025-03-03 00:00:00,0.6,5
Clinics 1,2025-03-10 00:00:00,1.6,5
Clinics 1,2025-03-17 00:00:00,1.8,5
Clinics 1,2025-03-24 00:00:00,1.8,5
Clinics 1,2025-03-31 00:00:00,0.6,5
Clinics 1,2025-04-07 00:00:00,0.6,5
Clinics 1,2025-04-14 00:00:00,0.3,5
Clinics 1,2025-04-21 00:00:00,0.8,5
Clinics 1,2025-04-28 00:00:00,1,5
Clinics 1,2025-05-05 00:00:00,0.2,5
Clinics 1,2025-05-12 00:00:00,0.2,5
Clinics 1,2025-05-19 00:00:00,0.7,5
Clinics 1,2025-05-26 00:00:00,0.5,5
Clinics 1,2025-06-02 00:00:00,1,5
Clinics 1,2025-06-09 00:00:00,0.6,5
Clinics 1,2025-06-16 00:00:00,0.8,5
Clinics 1,2025-06-23 00:00:00,0.8,5
Clinics 1,2025-06-30 00:00:00,0.8,5
Clinics 2,2022-06-27 00:00:00,2.7,6
Clinics 2,2022-07-04 00:00:00,2.8,6
Clinics 2,2022-07-11 00:00:00,3,6
Clinics 2,2022-07-18 00:00:00,4.6,6
Clinics 2,2022-07-25 00:00:00,3.7,6
Clinics 2,2022-08-01 00:00:00,3.9,6
Clinics 2,2022-08-08 00:00:00,2.9,6
Clinics 2,2022-08-15 00:00:00,1.9,6
Clinics 2,2022-08-22 00:00:00,3.4,6
Clinics 2,2022-08-29 00:00:00,3.1,6
Clinics 2,2022-09-05 00:00:00,2.2,6
Clinics 2,2022-09-12 00:00:00,4,6
Clinics 2,2022-09-19 00:00:00,4.5,6
Clinics 2,2022-09-26 00:00:00,4.3,6
Clinics 2,2022-10-03 00:00:00,4.5,6
Clinics 2,2022-10-10 00:00:00,4,6
Clinics 2,2022-10-17 00:00:00,4.2,6
Clinics 2,2022-10-24 00:00:00,3.1,6
Clinics 2,2022-10-31 00:00:00,4,6
Clinics 2,2022-11-07 00:00:00,3.3,6
Clinics 2,2022-11-14 00:00:00,3,6
Clinics 2,2022-11-21 00:00:00,2.9,6
Clinics 2,2022-11-28 00:00:00,2.9,6
Clinics 2,2022-12-05 00:00:00,3.4,6
Clinics 2,2022-12-12 00:00:00,3.5,6
Clinics 2,2022-12-19 00:00:00,3.9,6
Clinics 2,2022-12-26 00:00:00,2.5,6
Clinics 2,2023-01-02 00:00:00,2.45,6
Clinics 2,2023-01-09 00:00:00,2.4,6
Clinics 2,2023-01-16 00:00:00,3.6,6
Clinics 2,2023-01-23 00:00:00,3.2,6
Clinics 2,2023-01-30 00:00:00,3.9,6
Clinics 2,2023-02-06 00:00:00,3,6
Clinics 2,2023-02-13 00:00:00,2.9,6
Clinics 2,2023-02-20 00:00:00,3.5,6
Clinics 2,2023-02-27 00:00:00,3.3,6
Clinics 2,2023-03-06 00:00:00,3,6
Clinics 2,2023-03-13 00:00:00,3,6
Clinics 2,2023-03-20 00:00:00,3.2,6
Clinics 2,2023-03-27 00:00:00,3.5,6
Clinics 2,2023-04-03 00:00:00,2.3,6
Clinics 2,2023-04-10 00:00:00,2.6,6
Clinics 2,2023-04-17 00:00:00,2.9,6
Clinics 2,2023-04-24 00:00:00,4.4,6
Clinics 2,2023-05-01 00:00:00,4.1,6
Clinics 2,2023-05-08 00:00:00,3.8,6
Clinics 2,2023-05-15 00:00:00,3.9,6
Clinics 2,2023-05-22 00:00:00,4.4,6
Clinics 2,2023-05-29 00:00:00,5.3,6
Clinics 2,2023-06-05 00:00:00,5.5,6
Clinics 2,2023-06-12 00:00:00,4.8,6
Clinics 2,2023-06-19 00:00:00,5.7,6
Clinics 2,2023-06-26 00:00:00,4.5,6
Clinics 2,2023-07-03 00:00:00,2.9,6
Clinics 2,2023-07-10 00:00:00,3.6,6
Clinics 2,2023-07-17 00:00:00,3.8,6
Clinics 2,2023-07-24 00:00:00,4.2,6
Clinics 2,2023-07-31 00:00:00,3.8,6
Clinics 2,2023-08-07 00:00:00,3.9,6
Clinics 2,2023-08-14 00:00:00,3.4,6
Clinics 2,2023-08-21 00:00:00,3.8,6
Clinics 2,2023-08-28 00:00:00,4.3,6
Clinics 2,2023-09-04 00:00:00,4.7,6
Clinics 2,2023-09-11 00:00:00,4.3,6
Clinics 2,2023-09-18 00:00:00,4.3,6
Clinics 2,2023-09-25 00:00:00,2.8,6
Clinics 2,2023-10-02 00:00:00,4.5,6
Clinics 2,2023-10-09 00:00:00,4.7,6
Clinics 2,2023-10-16 00:00:00,3.9,6
Clinics 2,2023-10-23 00:00:00,3.1,6
Clinics 2,2023-10-30 00:00:00,2.8,6
Clinics 2,2023-11-06 00:00:00,2.9,6
Clinics 2,2023-11-13 00:00:00,3.9,6
Clinics 2,2023-11-20 00:00:00,3.8,6
Clinics 2,2023-11-27 00:00:00,3.5,6
Clinics 2,2023-12-04 00:00:00,3.4,6
Clinics 2,2023-12-11 00:00:00,3,6
Clinics 2,2023-12-18 00:00:00,2.2,6
Clinics 2,2023-12-25 00:00:00,3.5,6
Clinics 2,2024-01-01 00:00:00,3.9,6
Clinics 2,2024-01-08 00:00:00,3,6
Clinics 2,2024-01-15 00:00:00,3.3,6
Clinics 2,2024-01-22 00:00:00,2.5,6
Clinics 2,2024-01-29 00:00:00,2.5,6
Clinics 2,2024-02-05 00:00:00,2.5,6
Clinics 2,2024-02-12 00:00:00,2.8,6
Clinics 2,2024-02-19 00:00:00,2.9,6
Clinics 2,2024-02-26 00:00:00,3.5,6
Clinics 2,2024-03-04 00:00:00,3.7,6
Clinics 2,2024-03-11 00:00:00,3.8,6
Clinics 2,2024-03-18 00:00:00,3.7,6
Clinics 2,2024-03-25 00:00:00,3.5,6
Clinics 2,2024-04-01 00:00:00,3.8,6
Clinics 2,2024-04-08 00:00:00,3.8,6
Clinics 2,2024-04-15 00:00:00,4.5,6
Clinics 2,2024-04-22 00:00:00,4.2,6
Clinics 2,2024-04-29 00:00:00,3.9,6
Clinics 2,2024-05-06 00:00:00,3.2,6
Clinics 2,2024-05-13 00:00:00,4.3,6
Clinics 2,2024-05-20 00:00:00,3.6,6
Clinics 2,2024-05-27 00:00:00,3.2,6
Clinics 2,2024-06-03 00:00:00,3.1,6
Clinics 2,2024-06-10 00:00:00,4.5,6
Clinics 2,2024-06-17 00:00:00,4.1,6
Clinics 2,2024-06-24 00:00:00,4.2,6
Clinics 2,2024-07-01 00:00:00,3,6
Clinics 2,2024-07-08 00:00:00,2.8,6
Clinics 2,2024-07-15 00:00:00,2.6,6
Clinics 2,2024-07-22 00:00:00,2.9,6
Clinics 2,2024-07-29 00:00:00,2,6
Clinics 2,2024-08-05 00:00:00,2.6,6
Clinics 2,2024-08-12 00:00:00,2.6,6
Clinics 2,2024-08-19 00:00:00,3.1,6
Clinics 2,2024-08-26 00:00:00,3.1,6
Clinics 2,2024-09-02 00:00:00,2.5,6
Clinics 2,2024-09-09 00:00:00,2.3,6
Clinics 2,2024-09-16 00:00:00,3.3,6
Clinics 2,2024-09-23 00:00:00,3.2,6
Clinics 2,2024-09-30 00:00:00,2.5,6
Clinics 2,2024-10-07 00:00:00,3.2,6
Clinics 2,2024-10-14 00:00:00,3.1,6
Clinics 2,2024-10-21 00:00:00,4,6
Clinics 2,2024-10-28 00:00:00,3.4,6
Clinics 2,2024-11-04 00:00:00,3.7,6
Clinics 2,2024-11-11 00:00:00,4.5,6
Clinics 2,2024-11-18 00:00:00,4.4,6
Clinics 2,2024-11-25 00:00:00,4.3,6
Clinics 2,2024-12-02 00:00:00,4.1,6
Clinics 2,2024-12-09 00:00:00,3.5,6
Clinics 2,2024-12-16 00:00:00,2.7,6
Clinics 2,2024-12-23 00:00:00,2.5,6
Clinics 2,2024-12-30 00:00:00,3,6
Clinics 2,2025-01-06 00:00:00,3,6
Clinics 2,2025-01-13 00:00:00,2.6,6
Clinics 2,2025-01-20 00:00:00,4,6
Clinics 2,2025-01-27 00:00:00,3.9,6
Clinics 2,2025-02-03 00:00:00,3.8,6
Clinics 2,2025-02-10 00:00:00,3.2,6
Clinics 2,2025-02-17 00:00:00,3.8,6
Clinics 2,2025-02-24 00:00:00,3.2,6
Clinics 2,2025-03-03 00:00:00,3.8,6
Clinics 2,2025-03-10 00:00:00,3.2,6
Clinics 2,2025-03-17 00:00:00,3,6
Clinics 2,2025-03-24 00:00:00,3.6,6
Clinics 2,2025-03-31 00:00:00,3.4,6
Clinics 2,2025-04-07 00:00:00,3.5,6
Clinics 2,2025-04-14 00:00:00,3.7,6
Clinics 2,2025-04-21 00:00:00,3.3,6
Clinics 2,2025-04-28 00:00:00,3.7,6
Clinics 2,2025-05-05 00:00:00,3.1,6
Clinics 2,2025-05-12 00:00:00,3,6
Clinics 2,2025-05-19 00:00:00,3,6
Clinics 2,2025-05-26 00:00:00,2.5,6
Clinics 2,2025-06-02 00:00:00,3.8,6
Clinics 2,2025-06-09 00:00:00,2.8,6
Clinics 2,2025-06-16 00:00:00,2.9,6
Clinics 2,2025-06-23 00:00:00,3.2,6
Clinics 2,2025-06-30 00:00:00,2,6
Clinics 1,2022-06-27 00:00:00,1.6,7
Clinics 1,2022-07-04 00:00:00,0.5,7
Clinics 1,2022-07-11 00:00:00,1.6,7
Clinics 1,2022-07-18 00:00:00,1.8,7
Clinics 1,2022-07-25 00:00:00,1.8,7
Clinics 1,2022-08-01 00:00:00,1.8,7
Clinics 1,2022-08-08 00:00:00,0.8,7
Clinics 1,2022-08-15 00:00:00,0.6,7
Clinics 1,2022-08-22 00:00:00,2,7
Clinics 1,2022-08-29 00:00:00,1.2,7
Clinics 1,2022-09-05 00:00:00,1.8,7
Clinics 1,2022-09-12 00:00:00,2.8,7
Clinics 1,2022-09-19 00:00:00,2.4,7
Clinics 1,2022-09-26 00:00:00,2.7,7
Clinics 1,2022-10-03 00:00:00,2.8,7
Clinics 1,2022-10-10 00:00:00,3.5,7
Clinics 1,2022-10-17 00:00:00,3.4,7
Clinics 1,2022-10-24 00:00:00,3,7
Clinics 1,2022-10-31 00:00:00,3.4,7
Clinics 1,2022-11-07 00:00:00,3,7
Clinics 1,2022-11-14 00:00:00,3.4,7
Clinics 1,2022-11-21 00:00:00,3.4,7
Clinics 1,2022-11-28 00:00:00,3.1,7
Clinics 1,2022-12-05 00:00:00,3.5,7
Clinics 1,2022-12-12 00:00:00,3.4,7
Clinics 1,2022-12-19 00:00:00,3.5,7
Clinics 1,2022-12-26 00:00:00,2.6,7
Clinics 1,2023-01-02 00:00:00,2.45,7
Clinics 1,2023-01-09 00:00:00,2.3,7
Clinics 1,2023-01-16 00:00:00,3.3,7
Clinics 1,2023-01-23 00:00:00,2.5,7
Clinics 1,2023-01-30 00:00:00,3.5,7
Clinics 1,2023-02-06 00:00:00,3.4,7
Clinics 1,2023-02-13 00:00:00,3.4,7
Clinics 1,2023-02-20 00:00:00,3.3,7
Clinics 1,2023-02-27 00:00:00,2.4,7
Clinics 1,2023-03-06 00:00:00,1.6,7
Clinics 1,2023-03-13 00:00:00,3.4,7
Clinics 1,2023-03-20 00:00:00,3.4,7
Clinics 1,2023-03-27 00:00:00,3.4,7
Clinics 1,2023-04-03 00:00:00,3.4,7
Clinics 1,2023-04-10 00:00:00,3.35,7
Clinics 1,2023-04-17 00:00:00,3.3,7
Clinics 1,2023-04-24 00:00:00,3.3,7
Clinics 1,2023-05-01 00:00:00,3.5,7
Clinics 1,2023-05-08 00:00:00,1.5,7
Clinics 1,2023-05-15 00:00:00,2.8,7
Clinics 1,2023-05-22 00:00:00,2.8,7
Clinics 1,2023-05-29 00:00:00,3,7
Clinics 1,2023-06-05 00:00:00,3,7
Clinics 1,2023-06-12 00:00:00,3.2,7
Clinics 1,2023-06-19 00:00:00,2.5,7
Clinics 1,2023-06-26 00:00:00,2.7,7
Clinics 1,2023-07-03 00:00:00,2.3,7
Clinics 1,2023-07-10 00:00:00,1.8,7
Clinics 1,2023-07-17 00:00:00,1.6,7
Clinics 1,2023-07-24 00:00:00,1.4,7
Clinics 1,2023-07-31 00:00:00,1.8,7
Clinics 1,2023-08-07 00:00:00,1.7,7
Clinics 1,2023-08-14 00:00:00,1.8,7
Clinics 1,2023-08-21 00:00:00,1.2,7
Clinics 1,2023-08-28 00:00:00,2.8,7
Clinics 1,2023-09-04 00:00:00,3.4,7
Clinics 1,2023-09-11 00:00:00,3.1,7
Clinics 1,2023-09-18 00:00:00,2.7,7
Clinics 1,2023-09-25 00:00:00,3.4,7
Clinics 1,2023-10-02 00:00:00,3.4,7
Clinics 1,2023-10-09 00:00:00,3.3,7
Clinics 1,2023-10-16 00:00:00,3.4,7
Clinics 1,2023-10-23 00:00:00,4.2,7
Clinics 1,2023-10-30 00:00:00,4,7
Clinics 1,2023-11-06 00:00:00,3.4,7
Clinics 1,2023-11-13 00:00:00,4,7
Clinics 1,2023-11-20 00:00:00,4.2,7
Clinics 1,2023-11-27 00:00:00,4.1,7
Clinics 1,2023-12-04 00:00:00,4.2,7
Clinics 1,2023-12-11 00:00:00,2.6,7
Clinics 1,2023-12-18 00:00:00,2.4,7
Clinics 1,2023-12-25 00:00:00,3.4,7
Clinics 1,2024-01-01 00:00:00,2.8,7
Clinics 1,2024-01-08 00:00:00,3.6,7
Clinics 1,2024-01-15 00:00:00,4.2,7
Clinics 1,2024-01-22 00:00:00,4.4,7
Clinics 1,2024-01-29 00:00:00,3.8,7
Clinics 1,2024-02-05 00:00:00,4.3,7
Clinics 1,2024-02-12 00:00:00,3.3,7
Clinics 1,2024-02-19 00:00:00,4.4,7
Clinics 1,2024-02-26 00:00:00,4,7
Clinics 1,2024-03-04 00:00:00,4,7
Clinics 1,2024-03-11 00:00:00,4.2,7
Clinics 1,2024-03-18 00:00:00,4.5,7
Clinics 1,2024-03-25 00:00:00,4.9,7
Clinics 1,2024-04-01 00:00:00,3.8,7
Clinics 1,2024-04-08 00:00:00,4,7
Clinics 1,2024-04-15 00:00:00,3.7,7
Clinics 1,2024-04-22 00:00:00,4.2,7
Clinics 1,2024-04-29 00:00:00,3.1,7
Clinics 1,2024-05-06 00:00:00,3.2,7
Clinics 1,2024-05-13 00:00:00,3,7
Clinics 1,2024-05-20 00:00:00,2.8,7
Clinics 1,2024-05-27 00:00:00,3.4,7
Clinics 1,2024-06-03 00:00:00,3.3,7
Clinics 1,2024-06-10 00:00:00,2.5,7
Clinics 1,2024-06-17 00:00:00,4.4,7
Clinics 1,2024-06-24 00:00:00,2.6,7
Clinics 1,2024-07-01 00:00:00,1.8,7
Clinics 1,2024-07-08 00:00:00,1.8,7
Clinics 1,2024-07-15 00:00:00,1.8,7
Clinics 1,2024-07-22 00:00:00,1.6,7
Clinics 1,2024-07-29 00:00:00,1.4,7
Clinics 1,2024-08-05 00:00:00,1.5,7
Clinics 1,2024-08-12 00:00:00,1.9,7
Clinics 1,2024-08-19 00:00:00,2.6,7
Clinics 1,2024-08-26 00:00:00,2.2,7
Clinics 1,2024-09-02 00:00:00,1.8,7
Clinics 1,2024-09-09 00:00:00,2.7,7
Clinics 1,2024-09-16 00:00:00,3.3,7
Clinics 1,2024-09-23 00:00:00,1.8,7
Clinics 1,2024-09-30 00:00:00,2.9,7
Clinics 1,2024-10-07 00:00:00,2,7
Clinics 1,2024-10-14 00:00:00,2.9,7
Clinics 1,2024-10-21 00:00:00,3.5,7
Clinics 1,2024-10-28 00:00:00,3.4,7
Clinics 1,2024-11-04 00:00:00,3.5,7
Clinics 1,2024-11-11 00:00:00,2.7,7
Clinics 1,2024-11-18 00:00:00,2.8,7
Clinics 1,2024-11-25 00:00:00,3.1,7
Clinics 1,2024-12-02 00:00:00,2.8,7
Clinics 1,2024-12-09 00:00:00,2.9,7
Clinics 1,2024-12-16 00:00:00,2.9,7
Clinics 1,2024-12-23 00:00:00,2,7
Clinics 1,2024-12-30 00:00:00,2,7
Clinics 1,2025-01-06 00:00:00,4.2,7
Clinics 1,2025-01-13 00:00:00,4.2,7
Clinics 1,2025-01-20 00:00:00,3.4,7
Clinics 1,2025-01-27 00:00:00,3.7,7
Clinics 1,2025-02-03 00:00:00,3,7
Clinics 1,2025-02-10 00:00:00,3.4,7
Clinics 1,2025-02-17 00:00:00,3.2,7
Clinics 1,2025-02-24 00:00:00,2.9,7
Clinics 1,2025-03-03 00:00:00,3.3,7
Clinics 1,2025-03-10 00:00:00,2.8,7
Clinics 1,2025-03-17 00:00:00,3.7,7
Clinics 1,2025-03-24 00:00:00,3.4,7
Clinics 1,2025-03-31 00:00:00,3.6,7
Clinics 1,2025-04-07 00:00:00,3.8,7
Clinics 1,2025-04-14 00:00:00,3,7
Clinics 1,2025-04-21 00:00:00,2.1,7
Clinics 1,2025-04-28 00:00:00,2.1,7
Clinics 1,2025-05-05 00:00:00,3.7,7
Clinics 1,2025-05-12 00:00:00,4.1,7
Clinics 1,2025-05-19 00:00:00,3.8,7
Clinics 1,2025-05-26 00:00:00,2.7,7
Clinics 1,2025-06-02 00:00:00,3.5,7
Clinics 1,2025-06-09 00:00:00,3.3,7
Clinics 1,2025-06-16 00:00:00,2.2,7
Clinics 1,2025-06-23 00:00:00,1.6,7
Clinics 1,2025-06-30 00:00:00,1,7
Clinics 2,2022-06-27 00:00:00,3.4,8
Clinics 2,2022-07-04 00:00:00,4.3,8
Clinics 2,2022-07-11 00:00:00,2.9,8
Clinics 2,2022-07-18 00:00:00,3,8
Clinics 2,2022-07-25 00:00:00,3,8
Clinics 2,2022-08-01 00:00:00,3.1,8
Clinics 2,2022-08-08 00:00:00,2.8,8
Clinics 2,2022-08-15 00:00:00,1.8,8
Clinics 2,2022-08-22 00:00:00,3.8,8
Clinics 2,2022-08-29 00:00:00,4.4,8
Clinics 2,2022-09-05 00:00:00,3.5,8
Clinics 2,2022-09-12 00:00:00,4.1,8
Clinics 2,2022-09-19 00:00:00,4.1,8
Clinics 2,2022-09-26 00:00:00,4.1,8
Clinics 2,2022-10-03 00:00:00,3.5,8
Clinics 2,2022-10-10 00:00:00,3.9,8
Clinics 2,2022-10-17 00:00:00,3.8,8
Clinics 2,2022-10-24 00:00:00,4.1,8
Clinics 2,2022-10-31 00:00:00,3.9,8
Clinics 2,2022-11-07 00:00:00,2.6,8
Clinics 2,2022-11-14 00:00:00,3.4,8
Clinics 2,2022-11-21 00:00:00,4.7,8
Clinics 2,2022-11-28 00:00:00,4.1,8
Clinics 2,2022-12-05 00:00:00,4.2,8
Clinics 2,2022-12-12 00:00:00,4.7,8
Clinics 2,2022-12-19 00:00:00,4.4,8
Clinics 2,2022-12-26 00:00:00,4.1,8
Clinics 2,2023-01-02 00:00:00,3.8,8
Clinics 2,2023-01-09 00:00:00,3.5,8
Clinics 2,2023-01-16 00:00:00,4.7,8
Clinics 2,2023-01-23 00:00:00,4.2,8
Clinics 2,2023-01-30 00:00:00,3.5,8
Clinics 2,2023-02-06 00:00:00,4.4,8
Clinics 2,2023-02-13 00:00:00,4.9,8
Clinics 2,2023-02-20 00:00:00,5.1,8
Clinics 2,2023-02-27 00:00:00,4.6,8
Clinics 2,2023-03-06 00:00:00,4.4,8
Clinics 2,2023-03-13 00:00:00,5,8
Clinics 2,2023-03-20 00:00:00,4.7,8
Clinics 2,2023-03-27 00:00:00,4,8
Clinics 2,2023-04-03 00:00:00,5,8
Clinics 2,2023-04-10 00:00:00,5,8
Clinics 2,2023-04-17 00:00:00,5,8
Clinics 2,2023-04-24 00:00:00,4.9,8
Clinics 2,2023-05-01 00:00:00,4.2,8
Clinics 2,2023-05-08 00:00:00,3.9,8
Clinics 2,2023-05-15 00:00:00,5,8
Clinics 2,2023-05-22 00:00:00,4.8,8
Clinics 2,2023-05-29 00:00:00,4.7,8
Clinics 2,2023-06-05 00:00:00,4.3,8
Clinics 2,2023-06-12 00:00:00,4.8,8
Clinics 2,2023-06-19 00:00:00,3.3,8
Clinics 2,2023-06-26 00:00:00,2.9,8
Clinics 2,2023-07-03 00:00:00,4,8
Clinics 2,2023-07-10 00:00:00,3.8,8
Clinics 2,2023-07-17 00:00:00,4,8
Clinics 2,2023-07-24 00:00:00,2.5,8
Clinics 2,2023-07-31 00:00:00,2.3,8
Clinics 2,2023-08-07 00:00:00,2.4,8
Clinics 2,2023-08-14 00:00:00,2.9,8
Clinics 2,2023-08-21 00:00:00,4.3,8
Clinics 2,2023-08-28 00:00:00,4.8,8
Clinics 2,2023-09-04 00:00:00,4.4,8
Clinics 2,2023-09-11 00:00:00,3.9,8
Clinics 2,2023-09-18 00:00:00,4,8
Clinics 2,2023-09-25 00:00:00,4.1,8
Clinics 2,2023-10-02 00:00:00,4.9,8
Clinics 2,2023-10-09 00:00:00,4.9,8
Clinics 2,2023-10-16 00:00:00,4.6,8
Clinics 2,2023-10-23 00:00:00,5.1,8
Clinics 2,2023-10-30 00:00:00,3.9,8
Clinics 2,2023-11-06 00:00:00,3.8,8
Clinics 2,2023-11-13 00:00:00,5.1,8
Clinics 2,2023-11-20 00:00:00,4.9,8
Clinics 2,2023-11-27 00:00:00,4.6,8
Clinics 2,2023-12-04 00:00:00,4.9,8
Clinics 2,2023-12-11 00:00:00,4.2,8
Clinics 2,2023-12-18 00:00:00,4.6,8
Clinics 2,2023-12-25 00:00:00,4.8,8
Clinics 2,2024-01-01 00:00:00,2.9,8
Clinics 2,2024-01-08 00:00:00,4.3,8
Clinics 2,2024-01-15 00:00:00,4.5,8
Clinics 2,2024-01-22 00:00:00,4.4,8
Clinics 2,2024-01-29 00:00:00,4.9,8
Clinics 2,2024-02-05 00:00:00,4.9,8
Clinics 2,2024-02-12 00:00:00,5.1,8
Clinics 2,2024-02-19 00:00:00,4.6,8
Clinics 2,2024-02-26 00:00:00,4.8,8
Clinics 2,2024-03-04 00:00:00,5.1,8
Clinics 2,2024-03-11 00:00:00,4.9,8
Clinics 2,2024-03-18 00:00:00,3.8,8
Clinics 2,2024-03-25 00:00:00,3.7,8
Clinics 2,2024-04-01 00:00:00,4,8
Clinics 2,2024-04-08 00:00:00,4.5,8
Clinics 2,2024-04-15 00:00:00,5,8
Clinics 2,2024-04-22 00:00:00,4.7,8
Clinics 2,2024-04-29 00:00:00,4.7,8
Clinics 2,2024-05-06 00:00:00,4.5,8
Clinics 2,2024-05-13 00:00:00,3.1,8
Clinics 2,2024-05-20 00:00:00,3.2,8
Clinics 2,2024-05-27 00:00:00,4.1,8
Clinics 2,2024-06-03 00:00:00,3.9,8
Clinics 2,2024-06-10 00:00:00,3.7,8
Clinics 2,2024-06-17 00:00:00,3.2,8
Clinics 2,2024-06-24 00:00:00,3.2,8
Clinics 2,2024-07-01 00:00:00,3.2,8
Clinics 2,2024-07-08 00:00:00,3.3,8
Clinics 2,2024-07-15 00:00:00,2.2,8
Clinics 2,2024-07-22 00:00:00,2.4,8
Clinics 2,2024-07-29 00:00:00,2.2,8
Clinics 2,2024-08-05 00:00:00,2.1,8
Clinics 2,2024-08-12 00:00:00,4.6,8
Clinics 2,2024-08-19 00:00:00,4.5,8
Clinics 2,2024-08-26 00:00:00,4.6,8
Clinics 2,2024-09-02 00:00:00,3.1,8
Clinics 2,2024-09-09 00:00:00,3.4,8
Clinics 2,2024-09-16 00:00:00,3.6,8
Clinics 2,2024-09-23 00:00:00,3.8,8
Clinics 2,2024-09-30 00:00:00,3.6,8
Clinics 2,2024-10-07 00:00:00,3.6,8
Clinics 2,2024-10-14 00:00:00,3.6,8
Clinics 2,2024-10-21 00:00:00,4.2,8
Clinics 2,2024-10-28 00:00:00,3.3,8
Clinics 2,2024-11-04 00:00:00,4.4,8
Clinics 2,2024-11-11 00:00:00,4.2,8
Clinics 2,2024-11-18 00:00:00,4.4,8
Clinics 2,2024-11-25 00:00:00,4.2,8
Clinics 2,2024-12-02 00:00:00,3.9,8
Clinics 2,2024-12-09 00:00:00,3.9,8
Clinics 2,2024-12-16 00:00:00,3.4,8
Clinics 2,2024-12-23 00:00:00,2.8,8
Clinics 2,2024-12-30 00:00:00,3.1,8
Clinics 2,2025-01-06 00:00:00,4.1,8
Clinics 2,2025-01-13 00:00:00,4.4,8
Clinics 2,2025-01-20 00:00:00,4.4,8
Clinics 2,2025-01-27 00:00:00,4.1,8
Clinics 2,2025-02-03 00:00:00,4.1,8
Clinics 2,2025-02-10 00:00:00,4.7,8
Clinics 2,2025-02-17 00:00:00,4.2,8
Clinics 2,2025-02-24 00:00:00,4.1,8
Clinics 2,2025-03-03 00:00:00,4.6,8
Clinics 2,2025-03-10 00:00:00,3.9,8
Clinics 2,2025-03-17 00:00:00,3.6,8
Clinics 2,2025-03-24 00:00:00,4.3,8
Clinics 2,2025-03-31 00:00:00,2.9,8
Clinics 2,2025-04-07 00:00:00,3.6,8
Clinics 2,2025-04-14 00:00:00,3.5,8
Clinics 2,2025-04-21 00:00:00,4,8
Clinics 2,2025-04-28 00:00:00,4.3,8
Clinics 2,2025-05-05 00:00:00,4.1,8
Clinics 2,2025-05-12 00:00:00,4.5,8
Clinics 2,2025-05-19 00:00:00,4.5,8
Clinics 2,2025-05-26 00:00:00,4.1,8
Clinics 2,2025-06-02 00:00:00,4.9,8
Clinics 2,2025-06-09 00:00:00,4,8
Clinics 2,2025-06-16 00:00:00,2.8,8
Clinics 2,2025-06-23 00:00:00,2.2,8
Clinics 2,2025-06-30 00:00:00,2.5,8
Clinics 0,2022-06-27 00:00:00,5.9,9
Clinics 0,2022-07-04 00:00:00,5.2,9
Clinics 0,2022-07-11 00:00:00,4.6,9
Clinics 0,2022-07-18 00:00:00,2.8,9
Clinics 0,2022-07-25 00:00:00,4,9
Clinics 0,2022-08-01 00:00:00,3.7,9
Clinics 0,2022-08-08 00:00:00,3.5,9
Clinics 0,2022-08-15 00:00:00,2,9
Clinics 0,2022-08-22 00:00:00,4.6,9
Clinics 0,2022-08-29 00:00:00,4.6,9
Clinics 0,2022-09-05 00:00:00,3.9,9
Clinics 0,2022-09-12 00:00:00,3.5,9
Clinics 0,2022-09-19 00:00:00,3.9,9
Clinics 0,2022-09-26 00:00:00,4,9
Clinics 0,2022-10-03 00:00:00,3.8,9
Clinics 0,2022-10-10 00:00:00,3.5,9
Clinics 0,2022-10-17 00:00:00,4.2,9
Clinics 0,2022-10-24 00:00:00,3.8,9
Clinics 0,2022-10-31 00:00:00,4,9
Clinics 0,2022-11-07 00:00:00,3.8,9
Clinics 0,2022-11-14 00:00:00,4,9
Clinics 0,2022-11-21 00:00:00,4.2,9
Clinics 0,2022-11-28 00:00:00,3.9,9
Clinics 0,2022-12-05 00:00:00,4.2,9
Clinics 0,2022-12-12 00:00:00,5,9
Clinics 0,2022-12-19 00:00:00,4.1,9
Clinics 0,2022-12-26 00:00:00,3.4,9
Clinics 0,2023-01-02 00:00:00,3.4,9
Clinics 0,2023-01-09 00:00:00,3.4,9
Clinics 0,2023-01-16 00:00:00,4.8,9
Clinics 0,2023-01-23 00:00:00,4.6,9
Clinics 0,2023-01-30 00:00:00,4.2,9
Clinics 0,2023-02-06 00:00:00,4.2,9
Clinics 0,2023-02-13 00:00:00,5,9
Clinics 0,2023-02-20 00:00:00,3.1,9
Clinics 0,2023-02-27 00:00:00,4.1,9
Clinics 0,2023-03-06 00:00:00,3.9,9
Clinics 0,2023-03-13 00:00:00,4.7,9
Clinics 0,2023-03-20 00:00:00,3.4,9
Clinics 0,2023-03-27 00:00:00,4.5,9
Clinics 0,2023-04-03 00:00:00,6,9
Clinics 0,2023-04-10 00:00:00,5.6,9
Clinics 0,2023-04-17 00:00:00,5.2,9
Clinics 0,2023-04-24 00:00:00,5.9,9
Clinics 0,2023-05-01 00:00:00,5.9,9
Clinics 0,2023-05-08 00:00:00,5.1,9
Clinics 0,2023-05-15 00:00:00,5.2,9
Clinics 0,2023-05-22 00:00:00,5.2,9
Clinics 0,2023-05-29 00:00:00,5.4,9
Clinics 0,2023-06-05 00:00:00,5.7,9
Clinics 0,2023-06-12 00:00:00,5.3,9
Clinics 0,2023-06-19 00:00:00,6.4,9
Clinics 0,2023-06-26 00:00:00,6.2,9
Clinics 0,2023-07-03 00:00:00,5.9,9
Clinics 0,2023-07-10 00:00:00,5.2,9
Clinics 0,2023-07-17 00:00:00,4.8,9
Clinics 0,2023-07-24 00:00:00,3.8,9
Clinics 0,2023-07-31 00:00:00,3.4,9
Clinics 0,2023-08-07 00:00:00,2.9,9
Clinics 0,2023-08-14 00:00:00,3,9
Clinics 0,2023-08-21 00:00:00,5,9
Clinics 0,2023-08-28 00:00:00,5,9
Clinics 0,2023-09-04 00:00:00,5.9,9
Clinics 0,2023-09-11 00:00:00,5.8,9
Clinics 0,2023-09-18 00:00:00,5.9,9
Clinics 0,2023-09-25 00:00:00,5.9,9
Clinics 0,2023-10-02 00:00:00,5.7,9
Clinics 0,2023-10-09 00:00:00,4.2,9
Clinics 0,2023-10-16 00:00:00,5,9
Clinics 0,2023-10-23 00:00:00,4.7,9
Clinics 0,2023-10-30 00:00:00,5.4,9
Clinics 0,2023-11-06 00:00:00,5,9
Clinics 0,2023-11-13 00:00:00,5,9
Clinics 0,2023-11-20 00:00:00,4.1,9
Clinics 0,2023-11-27 00:00:00,4.9,9
Clinics 0,2023-12-04 00:00:00,4.8,9
Clinics 0,2023-12-11 00:00:00,3.5,9
Clinics 0,2023-12-18 00:00:00,3.8,9
Clinics 0,2023-12-25 00:00:00,3.9,9
Clinics 0,2024-01-01 00:00:00,3.6,9
Clinics 0,2024-01-08 00:00:00,3,9
Clinics 0,2024-01-15 00:00:00,3.8,9
Clinics 0,2024-01-22 00:00:00,3.4,9
Clinics 0,2024-01-29 00:00:00,1.8,9
Clinics 0,2024-02-05 00:00:00,2,9
Clinics 0,2024-02-12 00:00:00,3,9
Clinics 0,2024-02-19 00:00:00,2.8,9
Clinics 0,2024-02-26 00:00:00,3,9
Clinics 0,2024-03-04 00:00:00,3,9
Clinics 0,2024-03-11 00:00:00,3,9
Clinics 0,2024-03-18 00:00:00,2,9
Clinics 0,2024-03-25 00:00:00,2,9
Clinics 0,2024-04-01 00:00:00,2.7,9
Clinics 0,2024-04-08 00:00:00,3,9
Clinics 0,2024-04-15 00:00:00,2.6,9
Clinics 0,2024-04-22 00:00:00,2.6,9
Clinics 0,2024-04-29 00:00:00,2.7,9
Clinics 0,2024-05-06 00:00:00,3,9
Clinics 0,2024-05-13 00:00:00,2.4,9
Clinics 0,2024-05-20 00:00:00,2.3,9
Clinics 0,2024-05-27 00:00:00,2,9
Clinics 0,2024-06-03 00:00:00,2,9
Clinics 0,2024-06-10 00:00:00,2,9
Clinics 0,2024-06-17 00:00:00,2,9
Clinics 0,2024-06-24 00:00:00,2,9
Clinics 0,2024-07-01 00:00:00,3,9
Clinics 0,2024-07-08 00:00:00,3,9
Clinics 0,2024-07-15 00:00:00,1.6,9
Clinics 0,2024-07-22 00:00:00,1.2,9
Clinics 0,2024-07-29 00:00:00,2,9
Clinics 0,2024-08-05 00:00:00,2,9
Clinics 0,2024-08-12 00:00:00,2,9
Clinics 0,2024-08-19 00:00:00,1.7,9
Clinics 0,2024-08-26 00:00:00,2,9
Clinics 0,2024-09-02 00:00:00,2,9
Clinics 0,2024-09-09 00:00:00,2,9
Clinics 0,2024-09-16 00:00:00,2,9
Clinics 0,2024-09-23 00:00:00,2.2,9
Clinics 0,2024-09-30 00:00:00,1.7,9
Clinics 0,2024-10-07 00:00:00,2,9
Clinics 0,2024-10-14 00:00:00,2.3,9
Clinics 0,2024-10-21 00:00:00,2,9
Clinics 0,2024-10-28 00:00:00,2.2,9
Clinics 0,2024-11-04 00:00:00,2,9
Clinics 0,2024-11-11 00:00:00,2,9
Clinics 0,2024-11-18 00:00:00,1,9
Clinics 0,2024-11-25 00:00:00,1.7,9
Clinics 0,2024-12-02 00:00:00,1.9,9
Clinics 0,2024-12-09 00:00:00,2,9
Clinics 0,2024-12-16 00:00:00,1.9,9
Clinics 0,2024-12-23 00:00:00,1,9
Clinics 0,2024-12-30 00:00:00,2,9
Clinics 0,2025-01-06 00:00:00,2.2,9
Clinics 0,2025-01-13 00:00:00,2.1,9
Clinics 0,2025-01-20 00:00:00,2.8,9
Clinics 0,2025-01-27 00:00:00,2.2,9
Clinics 0,2025-02-03 00:00:00,2.4,9
Clinics 0,2025-02-10 00:00:00,2.9,9
Clinics 0,2025-02-17 00:00:00,2.9,9
Clinics 0,2025-02-24 00:00:00,2.8,9
Clinics 0,2025-03-03 00:00:00,2.6,9
Clinics 0,2025-03-10 00:00:00,2.2,9
Clinics 0,2025-03-17 00:00:00,2,9
Clinics 0,2025-03-24 00:00:00,2.6,9
Clinics 0,2025-03-31 00:00:00,2.8,9
Clinics 0,2025-04-07 00:00:00,2.4,9
Clinics 0,2025-04-14 00:00:00,2,9
Clinics 0,2025-04-21 00:00:00,1.8,9
Clinics 0,2025-04-28 00:00:00,2.5,9
Clinics 0,2025-05-05 00:00:00,2,9
Clinics 0,2025-05-12 00:00:00,2.5,9
Clinics 0,2025-05-19 00:00:00,2.5,9
Clinics 0,2025-05-26 00:00:00,2.9,9
Clinics 0,2025-06-02 00:00:00,1.8,9
Clinics 0,2025-06-09 00:00:00,1.6,9
Clinics 0,2025-06-16 00:00:00,2.7,9
Clinics 0,2025-06-23 00:00:00,1.9,9
Clinics 0,2025-06-30 00:00:00,2,9
Clinics 2,2022-06-27 00:00:00,1.8,10
Clinics 2,2022-07-04 00:00:00,2.1,10
Clinics 2,2022-07-11 00:00:00,2.3,10
Clinics 2,2022-07-18 00:00:00,2.7,10
Clinics 2,2022-07-25 00:00:00,2.7,10
Clinics 2,2022-08-01 00:00:00,2.7,10
Clinics 2,2022-08-08 00:00:00,1.9,10
Clinics 2,2022-08-15 00:00:00,1.1,10
Clinics 2,2022-08-22 00:00:00,1.9,10
Clinics 2,2022-08-29 00:00:00,1.9,10
Clinics 2,2022-09-05 00:00:00,2,10
Clinics 2,2022-09-12 00:00:00,2.4,10
Clinics 2,2022-09-19 00:00:00,1.7,10
Clinics 2,2022-09-26 00:00:00,2.7,10
Clinics 2,2022-10-03 00:00:00,2.7,10
Clinics 2,2022-10-10 00:00:00,2.7,10
Clinics 2,2022-10-17 00:00:00,2.3,10
Clinics 2,2022-10-24 00:00:00,2.7,10
Clinics 2,2022-10-31 00:00:00,2.1,10
Clinics 2,2022-11-07 00:00:00,2.2,10
Clinics 2,2022-11-14 00:00:00,2.5,10
Clinics 2,2022-11-21 00:00:00,2.7,10
Clinics 2,2022-11-28 00:00:00,2.3,10
Clinics 2,2022-12-05 00:00:00,2.3,10
Clinics 2,2022-12-12 00:00:00,2.4,10
Clinics 2,2022-12-19 00:00:00,2.7,10
Clinics 2,2022-12-26 00:00:00,2.5,10
Clinics 2,2023-01-02 00:00:00,2.6,10
Clinics 2,2023-01-09 00:00:00,2.7,10
Clinics 2,2023-01-16 00:00:00,2.7,10
Clinics 2,2023-01-23 00:00:00,2.7,10
Clinics 2,2023-01-30 00:00:00,2.7,10
Clinics 2,2023-02-06 00:00:00,3.3,10
Clinics 2,2023-02-13 00:00:00,2.8,10
Clinics 2,2023-02-20 00:00:00,3.2,10
Clinics 2,2023-02-27 00:00:00,3.5,10
Clinics 2,2023-03-06 00:00:00,3.6,10
Clinics 2,2023-03-13 00:00:00,3.4,10
Clinics 2,2023-03-20 00:00:00,3.6,10
Clinics 2,2023-03-27 00:00:00,4.1,10
Clinics 2,2023-04-03 00:00:00,3.9,10
Clinics 2,2023-04-10 00:00:00,3.85,10
Clinics 2,2023-04-17 00:00:00,3.8,10
Clinics 2,2023-04-24 00:00:00,3.7,10
Clinics 2,2023-05-01 00:00:00,4.3,10
Clinics 2,2023-05-08 00:00:00,3.7,10
Clinics 2,2023-05-15 00:00:00,3.9,10
Clinics 2,2023-05-22 00:00:00,3.7,10
Clinics 2,2023-05-29 00:00:00,4.2,10
Clinics 2,2023-06-05 00:00:00,4.2,10
Clinics 2,2023-06-12 00:00:00,4.1,10
Clinics 2,2023-06-19 00:00:00,4.3,10
Clinics 2,2023-06-26 00:00:00,3.5,10
Clinics 2,2023-07-03 00:00:00,4,10
Clinics 2,2023-07-10 00:00:00,4.3,10
Clinics 2,2023-07-17 00:00:00,3.4,10
Clinics 2,2023-07-24 00:00:00,3.4,10
Clinics 2,2023-07-31 00:00:00,1.9,10
Clinics 2,2023-08-07 00:00:00,2.9,10
Clinics 2,2023-08-14 00:00:00,3.5,10
Clinics 2,2023-08-21 00:00:00,3.6,10
Clinics 2,2023-08-28 00:00:00,3.5,10
Clinics 2,2023-09-04 00:00:00,3.7,10
Clinics 2,2023-09-11 00:00:00,3.2,10
Clinics 2,2023-09-18 00:00:00,3.1,10
Clinics 2,2023-09-25 00:00:00,4.5,10
Clinics 2,2023-10-02 00:00:00,4,10
Clinics 2,2023-10-09 00:00:00,4.2,10
Clinics 2,2023-10-16 00:00:00,4.3,10
Clinics 2,2023-10-23 00:00:00,4.2,10
Clinics 2,2023-10-30 00:00:00,4.2,10
Clinics 2,2023-11-06 00:00:00,3.7,10
Clinics 2,2023-11-13 00:00:00,4.2,10
Clinics 2,2023-11-20 00:00:00,2.4,10
Clinics 2,2023-11-27 00:00:00,2.9,10
Clinics 2,2023-12-04 00:00:00,2.8,10
Clinics 2,2023-12-11 00:00:00,4.1,10
Clinics 2,2023-12-18 00:00:00,4.2,10
Clinics 2,2023-12-25 00:00:00,3.3,10
Clinics 2,2024-01-01 00:00:00,3.7,10
Clinics 2,2024-01-08 00:00:00,4.9,10
Clinics 2,2024-01-15 00:00:00,3.6,10
Clinics 2,2024-01-22 00:00:00,3.2,10
Clinics 2,2024-01-29 00:00:00,3.6,10
Clinics 2,2024-02-05 00:00:00,2.7,10
Clinics 2,2024-02-12 00:00:00,3.7,10
Clinics 2,2024-02-19 00:00:00,4.6,10
Clinics 2,2024-02-26 00:00:00,4,10
Clinics 2,2024-03-04 00:00:00,4.2,10
Clinics 2,2024-03-11 00:00:00,4.3,10
Clinics 2,2024-03-18 00:00:00,4.1,10
Clinics 2,2024-03-25 00:00:00,4.4,10
Clinics 2,2024-04-01 00:00:00,3.4,10
Clinics 2,2024-04-08 00:00:00,3,10
Clinics 2,2024-04-15 00:00:00,3.5,10
Clinics 2,2024-04-22 00:00:00,4.1,10
Clinics 2,2024-04-29 00:00:00,4.2,10
Clinics 2,2024-05-06 00:00:00,3.7,10
Clinics 2,2024-05-13 00:00:00,3.2,10
Clinics 2,2024-05-20 00:00:00,4.5,10
Clinics 2,2024-05-27 00:00:00,4.2,10
Clinics 2,2024-06-03 00:00:00,4.1,10
Clinics 2,2024-06-10 00:00:00,3.4,10
Clinics 2,2024-06-17 00:00:00,2.7,10
Clinics 2,2024-06-24 00:00:00,3.4,10
Clinics 2,2024-07-01 00:00:00,2.6,10
Clinics 2,2024-07-08 00:00:00,1.9,10
Clinics 2,2024-07-15 00:00:00,2.7,10
Clinics 2,2024-07-22 00:00:00,2.4,10
Clinics 2,2024-07-29 00:00:00,2.7,10
Clinics 2,2024-08-05 00:00:00,2.6,10
Clinics 2,2024-08-12 00:00:00,3.4,10
Clinics 2,2024-08-19 00:00:00,3.1,10
Clinics 2,2024-08-26 00:00:00,3.4,10
Clinics 2,2024-09-02 00:00:00,2.7,10
Clinics 2,2024-09-09 00:00:00,3.5,10
Clinics 2,2024-09-16 00:00:00,4,10
Clinics 2,2024-09-23 00:00:00,4.1,10
Clinics 2,2024-09-30 00:00:00,4.1,10
Clinics 2,2024-10-07 00:00:00,4,10
Clinics 2,2024-10-14 00:00:00,4.3,10
Clinics 2,2024-10-21 00:00:00,4.1,10
Clinics 2,2024-10-28 00:00:00,3.4,10
Clinics 2,2024-11-04 00:00:00,3.5,10
Clinics 2,2024-11-11 00:00:00,3.4,10
Clinics 2,2024-11-18 00:00:00,3.9,10
Clinics 2,2024-11-25 00:00:00,3.3,10
Clinics 2,2024-12-02 00:00:00,4.1,10
Clinics 2,2024-12-09 00:00:00,3.2,10
Clinics 2,2024-12-16 00:00:00,3.8,10
Clinics 2,2024-12-23 00:00:00,3.4,10
Clinics 2,2024-12-30 00:00:00,3.7,10
Clinics 2,2025-01-06 00:00:00,3.7,10
Clinics 2,2025-01-13 00:00:00,4.3,10
Clinics 2,2025-01-20 00:00:00,3.3,10
Clinics 2,2025-01-27 00:00:00,4.1,10
Clinics 2,2025-02-03 00:00:00,4.3,10
Clinics 2,2025-02-10 00:00:00,3.2,10
Clinics 2,2025-02-17 00:00:00,3.6,10
Clinics 2,2025-02-24 00:00:00,3.6,10
Clinics 2,2025-03-03 00:00:00,4,10
Clinics 2,2025-03-10 00:00:00,4.1,10
Clinics 2,2025-03-17 00:00:00,3.7,10
Clinics 2,2025-03-24 00:00:00,4.3,10
Clinics 2,2025-03-31 00:00:00,3.5,10
Clinics 2,2025-04-07 00:00:00,3.2,10
Clinics 2,2025-04-14 00:00:00,2.3,10
Clinics 2,2025-04-21 00:00:00,2.3,10
Clinics 2,2025-04-28 00:00:00,2.2,10
Clinics 2,2025-05-05 00:00:00,2.6,10
Clinics 2,2025-05-12 00:00:00,2.8,10
Clinics 2,2025-05-19 00:00:00,3.2,10
Clinics 2,2025-05-26 00:00:00,3.1,10
Clinics 2,2025-06-02 00:00:00,3.4,10
Clinics 2,2025-06-09 00:00:00,3.2,10
Clinics 2,2025-06-16 00:00:00,3.5,10
Clinics 2,2025-06-23 00:00:00,2.4,10
Clinics 2,2025-06-30 00:00:00,2.8,10
Clinics 1,2022-06-27 00:00:00,0.4,11
Clinics 1,2022-07-04 00:00:00,0.3,11
Clinics 1,2022-07-11 00:00:00,0.3,11
Clinics 1,2022-07-18 00:00:00,0.3,11
Clinics 1,2022-07-25 00:00:00,0.6,11
Clinics 1,2022-08-01 00:00:00,1,11
Clinics 1,2022-08-08 00:00:00,0.6,11
Clinics 1,2022-08-15 00:00:00,0.6,11
Clinics 1,2022-08-22 00:00:00,0.9,11
Clinics 1,2022-08-29 00:00:00,1.1,11
Clinics 1,2022-09-05 00:00:00,0.9,11
Clinics 1,2022-09-12 00:00:00,1.1,11
Clinics 1,2022-09-19 00:00:00,0.9,11
Clinics 1,2022-09-26 00:00:00,1.4,11
Clinics 1,2022-10-03 00:00:00,1.4,11
Clinics 1,2022-10-10 00:00:00,1.4,11
Clinics 1,2022-10-17 00:00:00,0.9,11
Clinics 1,2022-10-24 00:00:00,1.4,11
Clinics 1,2022-10-31 00:00:00,0.9,11
Clinics 1,2022-11-07 00:00:00,1.2,11
Clinics 1,2022-11-14 00:00:00,1.1,11
Clinics 1,2022-11-21 00:00:00,1.4,11
Clinics 1,2022-11-28 00:00:00,0.9,11
Clinics 1,2022-12-05 00:00:00,1.4,11
Clinics 1,2022-12-12 00:00:00,1.7,11
Clinics 1,2022-12-19 00:00:00,1.2,11
Clinics 1,2022-12-26 00:00:00,1.3,11
Clinics 1,2023-01-02 00:00:00,1.25,11
Clinics 1,2023-01-09 00:00:00,1.2,11
Clinics 1,2023-01-16 00:00:00,1.6,11
Clinics 1,2023-01-23 00:00:00,1,11
Clinics 1,2023-01-30 00:00:00,1.5,11
Clinics 1,2023-02-06 00:00:00,1.4,11
Clinics 1,2023-02-13 00:00:00,1.8,11
Clinics 1,2023-02-20 00:00:00,1.4,11
Clinics 1,2023-02-27 00:00:00,1.6,11
Clinics 1,2023-03-06 00:00:00,0.9,11
Clinics 1,2023-03-13 00:00:00,1.4,11
Clinics 1,2023-03-20 00:00:00,1.1,11
Clinics 1,2023-03-27 00:00:00,0.9,11
Clinics 1,2023-04-03 00:00:00,1.1,11
Clinics 1,2023-04-10 00:00:00,1.05,11
Clinics 1,2023-04-17 00:00:00,1,11
Clinics 1,2023-04-24 00:00:00,0.8,11
Clinics 1,2023-05-01 00:00:00,1.1,11
Clinics 1,2023-05-08 00:00:00,1.7,11
Clinics 1,2023-05-15 00:00:00,1.1,11
Clinics 1,2023-05-22 00:00:00,1.5,11
Clinics 1,2023-05-29 00:00:00,1.1,11
Clinics 1,2023-06-05 00:00:00,1.7,11
Clinics 1,2023-06-12 00:00:00,1.4,11
Clinics 1,2023-06-19 00:00:00,1.7,11
Clinics 1,2023-06-26 00:00:00,0.9,11
Clinics 1,2023-07-03 00:00:00,1.4,11
Clinics 1,2023-07-10 00:00:00,1,11
Clinics 1,2023-07-17 00:00:00,1,11
Clinics 1,2023-07-24 00:00:00,0.5,11
Clinics 1,2023-07-31 00:00:00,0.6,11
Clinics 1,2023-08-07 00:00:00,0.6,11
Clinics 1,2023-08-14 00:00:00,0.7,11
Clinics 1,2023-08-21 00:00:00,1,11
Clinics 1,2023-08-28 00:00:00,1.8,11
Clinics 1,2023-09-04 00:00:00,1.8,11
Clinics 1,2023-09-11 00:00:00,1.8,11
Clinics 1,2023-09-18 00:00:00,2.2,11
Clinics 1,2023-09-25 00:00:00,2.2,11
Clinics 1,2023-10-02 00:00:00,2.1,11
Clinics 1,2023-10-09 00:00:00,2.4,11
Clinics 1,2023-10-16 00:00:00,2.1,11
Clinics 1,2023-10-23 00:00:00,2.3,11
Clinics 1,2023-10-30 00:00:00,2.3,11
Clinics 1,2023-11-06 00:00:00,0.9,11
Clinics 1,2023-11-13 00:00:00,1.7,11
Clinics 1,2023-11-20 00:00:00,1.5,11
Clinics 1,2023-11-27 00:00:00,2.3,11
Clinics 1,2023-12-04 00:00:00,2.3,11
Clinics 1,2023-12-11 00:00:00,1.8,11
Clinics 1,2023-12-18 00:00:00,1.9,11
Clinics 1,2023-12-25 00:00:00,2.5,11
Clinics 1,2024-01-01 00:00:00,1.7,11
Clinics 1,2024-01-08 00:00:00,2.4,11
Clinics 1,2024-01-15 00:00:00,2.3,11
Clinics 1,2024-01-22 00:00:00,2.3,11
Clinics 1,2024-01-29 00:00:00,2,11
Clinics 1,2024-02-05 00:00:00,2.1,11
Clinics 1,2024-02-12 00:00:00,2.1,11
Clinics 1,2024-02-19 00:00:00,1.9,11
Clinics 1,2024-02-26 00:00:00,2.2,11
Clinics 1,2024-03-04 00:00:00,2.4,11
Clinics 1,2024-03-11 00:00:00,2,11
Clinics 1,2024-03-18 00:00:00,2.4,11
Clinics 1,2024-03-25 00:00:00,2.3,11
Clinics 1,2024-04-01 00:00:00,2.4,11
Clinics 1,2024-04-08 00:00:00,2.2,11
Clinics 1,2024-04-15 00:00:00,2.1,11
Clinics 1,2024-04-22 00:00:00,2,11
Clinics 1,2024-04-29 00:00:00,1.7,11
Clinics 1,2024-05-06 00:00:00,2.1,11
Clinics 1,2024-05-13 00:00:00,2.2,11
Clinics 1,2024-05-20 00:00:00,2.1,11
Clinics 1,2024-05-27 00:00:00,1.6,11
Clinics 1,2024-06-03 00:00:00,1.6,11
Clinics 1,2024-06-10 00:00:00,2.1,11
Clinics 1,2024-06-17 00:00:00,1.4,11
Clinics 1,2024-06-24 00:00:00,1.4,11
Clinics 1,2024-07-01 00:00:00,1.1,11
Clinics 1,2024-07-08 00:00:00,1.4,11
Clinics 1,2024-07-15 00:00:00,1,11
Clinics 1,2024-07-22 00:00:00,1.2,11
Clinics 1,2024-07-29 00:00:00,1,11
Clinics 1,2024-08-05 00:00:00,1,11
Clinics 1,2024-08-12 00:00:00,1.2,11
Clinics 1,2024-08-19 00:00:00,2.1,11
Clinics 1,2024-08-26 00:00:00,1.7,11
Clinics 1,2024-09-02 00:00:00,2.1,11
Clinics 1,2024-09-09 00:00:00,1.4,11
Clinics 1,2024-09-16 00:00:00,2.1,11
Clinics 1,2024-09-23 00:00:00,1.8,11
Clinics 1,2024-09-30 00:00:00,2.1,11
Clinics 1,2024-10-07 00:00:00,1.9,11
Clinics 1,2024-10-14 00:00:00,1.9,11
Clinics 1,2024-10-21 00:00:00,1.7,11
Clinics 1,2024-10-28 00:00:00,1.4,11
Clinics 1,2024-11-04 00:00:00,1.3,11
Clinics 1,2024-11-11 00:00:00,1.9,11
Clinics 1,2024-11-18 00:00:00,1.9,11
Clinics 1,2024-11-25 00:00:00,1.7,11
Clinics 1,2024-12-02 00:00:00,1.1,11
Clinics 1,2024-12-09 00:00:00,2.1,11
Clinics 1,2024-12-16 00:00:00,1.5,11
Clinics 1,2024-12-23 00:00:00,1,11
Clinics 1,2024-12-30 00:00:00,0.9,11
Clinics 1,2025-01-06 00:00:00,1.7,11
Clinics 1,2025-01-13 00:00:00,1.9,11
Clinics 1,2025-01-20 00:00:00,2.1,11
Clinics 1,2025-01-27 00:00:00,1.4,11
Clinics 1,2025-02-03 00:00:00,0.9,11
Clinics 1,2025-02-10 00:00:00,1.9,11
Clinics 1,2025-02-17 00:00:00,2.2,11
Clinics 1,2025-02-24 00:00:00,1.8,11
Clinics 1,2025-03-03 00:00:00,2.1,11
Clinics 1,2025-03-10 00:00:00,1.5,11
Clinics 1,2025-03-17 00:00:00,2.1,11
Clinics 1,2025-03-24 00:00:00,1.9,11
Clinics 1,2025-03-31 00:00:00,1.9,11
Clinics 1,2025-04-07 00:00:00,1.3,11
Clinics 1,2025-04-14 00:00:00,1.7,11
Clinics 1,2025-04-21 00:00:00,1.6,11
Clinics 1,2025-04-28 00:00:00,1.5,11
Clinics 1,2025-05-05 00:00:00,0.3,11
Clinics 1,2025-05-12 00:00:00,2.5,11
Clinics 1,2025-05-19 00:00:00,1.4,11
Clinics 1,2025-05-26 00:00:00,1.6,11
Clinics 1,2025-06-02 00:00:00,1.2,11
Clinics 1,2025-06-09 00:00:00,1.7,11
Clinics 1,2025-06-16 00:00:00,0.8,11
Clinics 1,2025-06-23 00:00:00,0.8,11
Clinics 1,2025-06-30 00:00:00,1,11
Clinics 2,2022-06-27 00:00:00,4.6,12
Clinics 2,2022-07-04 00:00:00,3.4,12
Clinics 2,2022-07-11 00:00:00,3.2,12
Clinics 2,2022-07-18 00:00:00,3.3,12
Clinics 2,2022-07-25 00:00:00,2.8,12
Clinics 2,2022-08-01 00:00:00,3.4,12
Clinics 2,2022-08-08 00:00:00,3.8,12
Clinics 2,2022-08-15 00:00:00,2.2,12
Clinics 2,2022-08-22 00:00:00,3.7,12
Clinics 2,2022-08-29 00:00:00,4.7,12
Clinics 2,2022-09-05 00:00:00,5.7,12
Clinics 2,2022-09-12 00:00:00,5.7,12
Clinics 2,2022-09-19 00:00:00,5.2,12
Clinics 2,2022-09-26 00:00:00,4.9,12
Clinics 2,2022-10-03 00:00:00,4.2,12
Clinics 2,2022-10-10 00:00:00,4.8,12
Clinics 2,2022-10-17 00:00:00,4.8,12
Clinics 2,2022-10-24 00:00:00,4.5,12
Clinics 2,2022-10-31 00:00:00,4,12
Clinics 2,2022-11-07 00:00:00,2.1,12
Clinics 2,2022-11-14 00:00:00,5.1,12
Clinics 2,2022-11-21 00:00:00,5,12
Clinics 2,2022-11-28 00:00:00,4.2,12
Clinics 2,2022-12-05 00:00:00,4.9,12
Clinics 2,2022-12-12 00:00:00,4.3,12
Clinics 2,2022-12-19 00:00:00,4.3,12
Clinics 2,2022-12-26 00:00:00,4.3,12
Clinics 2,2023-01-02 00:00:00,4.85,12
Clinics 2,2023-01-09 00:00:00,5.4,12
Clinics 2,2023-01-16 00:00:00,5.8,12
Clinics 2,2023-01-23 00:00:00,5.7,12
Clinics 2,2023-01-30 00:00:00,5.2,12
Clinics 2,2023-02-06 00:00:00,5.6,12
Clinics 2,2023-02-13 00:00:00,5.6,12
Clinics 2,2023-02-20 00:00:00,5.7,12
Clinics 2,2023-02-27 00:00:00,5.8,12
Clinics 2,2023-03-06 00:00:00,5.5,12
Clinics 2,2023-03-13 00:00:00,5.4,12
Clinics 2,2023-03-20 00:00:00,5.5,12
Clinics 2,2023-03-27 00:00:00,5.4,12
Clinics 2,2023-04-03 00:00:00,6.5,12
Clinics 2,2023-04-10 00:00:00,7.05,12
Clinics 2,2023-04-17 00:00:00,7.6,12
Clinics 2,2023-04-24 00:00:00,8.9,12
Clinics 2,2023-05-01 00:00:00,8.6,12
Clinics 2,2023-05-08 00:00:00,8.2,12
Clinics 2,2023-05-15 00:00:00,7.6,12
Clinics 2,2023-05-22 00:00:00,8.5,12
Clinics 2,2023-05-29 00:00:00,7.7,12
Clinics 2,2023-06-05 00:00:00,7.4,12
Clinics 2,2023-06-12 00:00:00,8,12
Clinics 2,2023-06-19 00:00:00,7.7,12
Clinics 2,2023-06-26 00:00:00,6.5,12
Clinics 2,2023-07-03 00:00:00,6.3,12
Clinics 2,2023-07-10 00:00:00,5.1,12
Clinics 2,2023-07-17 00:00:00,3.6,12
Clinics 2,2023-07-24 00:00:00,3.8,12
Clinics 2,2023-07-31 00:00:00,3.7,12
Clinics 2,2023-08-07 00:00:00,3.5,12
Clinics 2,2023-08-14 00:00:00,4,12
Clinics 2,2023-08-21 00:00:00,6.4,12
Clinics 2,2023-08-28 00:00:00,7.7,12
Clinics 2,2023-09-04 00:00:00,8.3,12
Clinics 2,2023-09-11 00:00:00,9.3,12
Clinics 2,2023-09-18 00:00:00,9.2,12
Clinics 2,2023-09-25 00:00:00,9.7,12
Clinics 2,2023-10-02 00:00:00,9.3,12
Clinics 2,2023-10-09 00:00:00,13.6,12
Clinics 2,2023-10-16 00:00:00,13.1,12
Clinics 2,2023-10-23 00:00:00,12.8,12
Clinics 2,2023-10-30 00:00:00,12.3,12
Clinics 2,2023-11-06 00:00:00,8,12
Clinics 2,2023-11-13 00:00:00,7.9,12
Clinics 2,2023-11-20 00:00:00,7.6,12
Clinics 2,2023-11-27 00:00:00,7.8,12
Clinics 2,2023-12-04 00:00:00,7.3,12
Clinics 2,2023-12-11 00:00:00,7.6,12
Clinics 2,2023-12-18 00:00:00,6,12
Clinics 2,2023-12-25 00:00:00,6.3,12
Clinics 2,2024-01-01 00:00:00,4.9,12
Clinics 2,2024-01-08 00:00:00,7.2,12
Clinics 2,2024-01-15 00:00:00,7.9,12
Clinics 2,2024-01-22 00:00:00,8.4,12
Clinics 2,2024-01-29 00:00:00,8.7,12
Clinics 2,2024-02-05 00:00:00,9.5,12
Clinics 2,2024-02-12 00:00:00,9.4,12
Clinics 2,2024-02-19 00:00:00,8.6,12
Clinics 2,2024-02-26 00:00:00,8.2,12
Clinics 2,2024-03-04 00:00:00,6.4,12
Clinics 2,2024-03-11 00:00:00,7.8,12
Clinics 2,2024-03-18 00:00:00,9.6,12
Clinics 2,2024-03-25 00:00:00,7.2,12
Clinics 2,2024-04-01 00:00:00,6.6,12
Clinics 2,2024-04-08 00:00:00,8.6,12
Clinics 2,2024-04-15 00:00:00,8.9,12
Clinics 2,2024-04-22 00:00:00,9.8,12
Clinics 2,2024-04-29 00:00:00,8.9,12
Clinics 2,2024-05-06 00:00:00,8.2,12
Clinics 2,2024-05-13 00:00:00,8.5,12
Clinics 2,2024-05-20 00:00:00,8.4,12
Clinics 2,2024-05-27 00:00:00,9.2,12
Clinics 2,2024-06-03 00:00:00,8.1,12
Clinics 2,2024-06-10 00:00:00,8.8,12
Clinics 2,2024-06-17 00:00:00,8.7,12
Clinics 2,2024-06-24 00:00:00,6.6,12
Clinics 2,2024-07-01 00:00:00,5.4,12
Clinics 2,2024-07-08 00:00:00,4.6,12
Clinics 2,2024-07-15 00:00:00,4.5,12
Clinics 2,2024-07-22 00:00:00,5.6,12
Clinics 2,2024-07-29 00:00:00,4.4,12
Clinics 2,2024-08-05 00:00:00,4.8,12
Clinics 2,2024-08-12 00:00:00,3.7,12
Clinics 2,2024-08-19 00:00:00,7.8,12
Clinics 2,2024-08-26 00:00:00,7.5,12
Clinics 2,2024-09-02 00:00:00,9.2,12
Clinics 2,2024-09-09 00:00:00,8.8,12
Clinics 2,2024-09-16 00:00:00,9.5,12
Clinics 2,2024-09-23 00:00:00,9.6,12
Clinics 2,2024-09-30 00:00:00,8.2,12
Clinics 2,2024-10-07 00:00:00,8.2,12
Clinics 2,2024-10-14 00:00:00,8,12
Clinics 2,2024-10-21 00:00:00,8.4,12
Clinics 2,2024-10-28 00:00:00,6.8,12
Clinics 2,2024-11-04 00:00:00,8.6,12
Clinics 2,2024-11-11 00:00:00,9.1,12
Clinics 2,2024-11-18 00:00:00,8.7,12
Clinics 2,2024-11-25 00:00:00,9.5,12
Clinics 2,2024-12-02 00:00:00,9.7,12
Clinics 2,2024-12-09 00:00:00,9.6,12
Clinics 2,2024-12-16 00:00:00,8.5,12
Clinics 2,2024-12-23 00:00:00,5.3,12
Clinics 2,2024-12-30 00:00:00,7.6,12
Clinics 2,2025-01-06 00:00:00,6.7,12
Clinics 2,2025-01-13 00:00:00,8.3,12
Clinics 2,2025-01-20 00:00:00,8.7,12
Clinics 2,2025-01-27 00:00:00,8.1,12
Clinics 2,2025-02-03 00:00:00,7.2,12
Clinics 2,2025-02-10 00:00:00,7.6,12
Clinics 2,2025-02-17 00:00:00,7.1,12
Clinics 2,2025-02-24 00:00:00,6,12
Clinics 2,2025-03-03 00:00:00,7.8,12
Clinics 2,2025-03-10 00:00:00,6.9,12
Clinics 2,2025-03-17 00:00:00,6.9,12
Clinics 2,2025-03-24 00:00:00,8,12
Clinics 2,2025-03-31 00:00:00,8.4,12
Clinics 2,2025-04-07 00:00:00,8.4,12
Clinics 2,2025-04-14 00:00:00,5.6,12
Clinics 2,2025-04-21 00:00:00,8.9,12
Clinics 2,2025-04-28 00:00:00,8.3,12
Clinics 2,2025-05-05 00:00:00,7.8,12
Clinics 2,2025-05-12 00:00:00,8.3,12
Clinics 2,2025-05-19 00:00:00,9.7,12
Clinics 2,2025-05-26 00:00:00,9.5,12
Clinics 2,2025-06-02 00:00:00,10.8,12
Clinics 2,2025-06-09 00:00:00,10.1,12
Clinics 2,2025-06-16 00:00:00,9.8,12
Clinics 2,2025-06-23 00:00:00,8.5,12
Clinics 2,2025-06-30 00:00:00,7,12
Clinics 2,2022-06-27 00:00:00,2.9,13
Clinics 2,2022-07-04 00:00:00,2.6,13
Clinics 2,2022-07-11 00:00:00,2.8,13
Clinics 2,2022-07-18 00:00:00,2.8,13
Clinics 2,2022-07-25 00:00:00,2.4,13
Clinics 2,2022-08-01 00:00:00,1.5,13
Clinics 2,2022-08-08 00:00:00,2.2,13
Clinics 2,2022-08-15 00:00:00,1.6,13
Clinics 2,2022-08-22 00:00:00,3.1,13
Clinics 2,2022-08-29 00:00:00,3,13
Clinics 2,2022-09-05 00:00:00,3.3,13
Clinics 2,2022-09-12 00:00:00,4.1,13
Clinics 2,2022-09-19 00:00:00,2.4,13
Clinics 2,2022-09-26 00:00:00,3.9,13
Clinics 2,2022-10-03 00:00:00,3.5,13
Clinics 2,2022-10-10 00:00:00,3.6,13
Clinics 2,2022-10-17 00:00:00,3.6,13
Clinics 2,2022-10-24 00:00:00,3.5,13
Clinics 2,2022-10-31 00:00:00,4,13
Clinics 2,2022-11-07 00:00:00,4,13
Clinics 2,2022-11-14 00:00:00,4.9,13
Clinics 2,2022-11-21 00:00:00,3.2,13
Clinics 2,2022-11-28 00:00:00,4.1,13
Clinics 2,2022-12-05 00:00:00,4.4,13
Clinics 2,2022-12-12 00:00:00,4,13
Clinics 2,2022-12-19 00:00:00,3.1,13
Clinics 2,2022-12-26 00:00:00,3.2,13
Clinics 2,2023-01-02 00:00:00,3.55,13
Clinics 2,2023-01-09 00:00:00,3.9,13
Clinics 2,2023-01-16 00:00:00,4.1,13
Clinics 2,2023-01-23 00:00:00,4.7,13
Clinics 2,2023-01-30 00:00:00,4.5,13
Clinics 2,2023-02-06 00:00:00,4.3,13
Clinics 2,2023-02-13 00:00:00,4,13
Clinics 2,2023-02-20 00:00:00,3.9,13
Clinics 2,2023-02-27 00:00:00,3.8,13
Clinics 2,2023-03-06 00:00:00,2.1,13
Clinics 2,2023-03-13 00:00:00,3.5,13
Clinics 2,2023-03-20 00:00:00,3.3,13
Clinics 2,2023-03-27 00:00:00,1.9,13
Clinics 2,2023-04-03 00:00:00,3.4,13
Clinics 2,2023-04-10 00:00:00,3.25,13
Clinics 2,2023-04-17 00:00:00,3.1,13
Clinics 2,2023-04-24 00:00:00,3.7,13
Clinics 2,2023-05-01 00:00:00,3.2,13
Clinics 2,2023-05-08 00:00:00,3.5,13
Clinics 2,2023-05-15 00:00:00,3,13
Clinics 2,2023-05-22 00:00:00,3.2,13
Clinics 2,2023-05-29 00:00:00,2.5,13
Clinics 2,2023-06-05 00:00:00,3.2,13
Clinics 2,2023-06-12 00:00:00,3.8,13
Clinics 2,2023-06-19 00:00:00,2.7,13
Clinics 2,2023-06-26 00:00:00,4.5,13
Clinics 2,2023-07-03 00:00:00,3.6,13
Clinics 2,2023-07-10 00:00:00,2.1,13
Clinics 2,2023-07-17 00:00:00,2.1,13
Clinics 2,2023-07-24 00:00:00,2,13
Clinics 2,2023-07-31 00:00:00,2.2,13
Clinics 2,2023-08-07 00:00:00,2.4,13
Clinics 2,2023-08-14 00:00:00,2.8,13
Clinics 2,2023-08-21 00:00:00,2.8,13
Clinics 2,2023-08-28 00:00:00,3,13
Clinics 2,2023-09-04 00:00:00,1.2,13
Clinics 2,2023-09-11 00:00:00,2.5,13
Clinics 2,2023-09-18 00:00:00,2.3,13
Clinics 2,2023-09-25 00:00:00,2,13
Clinics 2,2023-10-02 00:00:00,3.3,13
Clinics 2,2023-10-09 00:00:00,4.7,13
Clinics 2,2023-10-16 00:00:00,4.2,13
Clinics 2,2023-10-23 00:00:00,4.5,13
Clinics 2,2023-10-30 00:00:00,4.6,13
Clinics 2,2023-11-06 00:00:00,3.6,13
Clinics 2,2023-11-13 00:00:00,4.7,13
Clinics 2,2023-11-20 00:00:00,4.8,13
Clinics 2,2023-11-27 00:00:00,4.3,13
Clinics 2,2023-12-04 00:00:00,4.4,13
Clinics 2,2023-12-11 00:00:00,4,13
Clinics 2,2023-12-18 00:00:00,3.5,13
Clinics 2,2023-12-25 00:00:00,2.9,13
Clinics 2,2024-01-01 00:00:00,4,13
Clinics 2,2024-01-08 00:00:00,3.7,13
Clinics 2,2024-01-15 00:00:00,3.3,13
Clinics 2,2024-01-22 00:00:00,3.3,13
Clinics 2,2024-01-29 00:00:00,3.6,13
Clinics 2,2024-02-05 00:00:00,3.3,13
Clinics 2,2024-02-12 00:00:00,3.2,13
Clinics 2,2024-02-19 00:00:00,3.4,13
Clinics 2,2024-02-26 00:00:00,2.8,13
Clinics 2,2024-03-04 00:00:00,3.5,13
Clinics 2,2024-03-11 00:00:00,3.6,13
Clinics 2,2024-03-18 00:00:00,3.3,13
Clinics 2,2024-03-25 00:00:00,3.7,13
Clinics 2,2024-04-01 00:00:00,2.8,13
Clinics 2,2024-04-08 00:00:00,4.2,13
Clinics 2,2024-04-15 00:00:00,4,13
Clinics 2,2024-04-22 00:00:00,4.6,13
Clinics 2,2024-04-29 00:00:00,3.7,13
Clinics 2,2024-05-06 00:00:00,3.6,13
Clinics 2,2024-05-13 00:00:00,3,13
Clinics 2,2024-05-20 00:00:00,3.1,13
Clinics 2,2024-05-27 00:00:00,2.5,13
Clinics 2,2024-06-03 00:00:00,2.9,13
Clinics 2,2024-06-10 00:00:00,2.7,13
Clinics 2,2024-06-17 00:00:00,1.8,13
Clinics 2,2024-06-24 00:00:00,1.4,13
Clinics 2,2024-07-01 00:00:00,1.8,13
Clinics 2,2024-07-08 00:00:00,1.8,13
Clinics 2,2024-07-15 00:00:00,1.3,13
Clinics 2,2024-07-22 00:00:00,1.1,13
Clinics 2,2024-07-29 00:00:00,0.9,13
Clinics 2,2024-08-05 00:00:00,0.9,13
Clinics 2,2024-08-12 00:00:00,1.6,13
Clinics 2,2024-08-19 00:00:00,2.3,13
Clinics 2,2024-08-26 00:00:00,2.3,13
Clinics 2,2024-09-02 00:00:00,2.3,13
Clinics 2,2024-09-09 00:00:00,2.8,13
Clinics 2,2024-09-16 00:00:00,2.3,13
Clinics 2,2024-09-23 00:00:00,2.1,13
Clinics 2,2024-09-30 00:00:00,2.8,13
Clinics 2,2024-10-07 00:00:00,2.8,13
Clinics 2,2024-10-14 00:00:00,2.4,13
Clinics 2,2024-10-21 00:00:00,2.5,13
Clinics 2,2024-10-28 00:00:00,2.2,13
Clinics 2,2024-11-04 00:00:00,2.3,13
Clinics 2,2024-11-11 00:00:00,3.1,13
Clinics 2,2024-11-18 00:00:00,3.1,13
Clinics 2,2024-11-25 00:00:00,2.9,13
Clinics 2,2024-12-02 00:00:00,2.9,13
Clinics 2,2024-12-09 00:00:00,3,13
Clinics 2,2024-12-16 00:00:00,2.8,13
Clinics 2,2024-12-23 00:00:00,2,13
Clinics 2,2024-12-30 00:00:00,2.5,13
Clinics 2,2025-01-06 00:00:00,3,13
Clinics 2,2025-01-13 00:00:00,3.3,13
Clinics 2,2025-01-20 00:00:00,2.9,13
Clinics 2,2025-01-27 00:00:00,3.3,13
Clinics 2,2025-02-03 00:00:00,3.1,13
Clinics 2,2025-02-10 00:00:00,3.1,13
Clinics 2,2025-02-17 00:00:00,2.3,13
Clinics 2,2025-02-24 00:00:00,1.9,13
Clinics 2,2025-03-03 00:00:00,3.4,13
Clinics 2,2025-03-10 00:00:00,3.3,13
Clinics 2,2025-03-17 00:00:00,2.9,13
Clinics 2,2025-03-24 00:00:00,2.9,13
Clinics 2,2025-03-31 00:00:00,2.4,13
Clinics 2,2025-04-07 00:00:00,3.5,13
Clinics 2,2025-04-14 00:00:00,3.9,13
Clinics 2,2025-04-21 00:00:00,3.4,13
Clinics 2,2025-04-28 00:00:00,3.6,13
Clinics 2,2025-05-05 00:00:00,4.1,13
Clinics 2,2025-05-12 00:00:00,4.4,13
Clinics 2,2025-05-19 00:00:00,4.1,13
Clinics 2,2025-05-26 00:00:00,4.3,13
Clinics 2,2025-06-02 00:00:00,3.3,13
Clinics 2,2025-06-09 00:00:00,3,13
Clinics 2,2025-06-16 00:00:00,3.9,13
Clinics 2,2025-06-23 00:00:00,3,13
Clinics 2,2025-06-30 00:00:00,3.9,13
Sjukhus C,2022-06-27 00:00:00,30.2,100
Sjukhus C,2022-07-04 00:00:00,27.8,100
Sjukhus C,2022-07-11 00:00:00,28.8,100
Sjukhus C,2022-07-18 00:00:00,27.2,100
Sjukhus C,2022-07-25 00:00:00,28.4,100
Sjukhus C,2022-08-01 00:00:00,24.8,100
Sjukhus C,2022-08-08 00:00:00,24.2,100
Sjukhus C,2022-08-15 00:00:00,15.3,100
Sjukhus C,2022-08-22 00:00:00,24,100
Sjukhus C,2022-08-29 00:00:00,23.9,100
Sjukhus C,2022-09-05 00:00:00,26.4,100
Sjukhus C,2022-09-12 00:00:00,26.6,100
Sjukhus C,2022-09-19 00:00:00,26,100
Sjukhus C,2022-09-26 00:00:00,29.1,100
Sjukhus C,2022-10-03 00:00:00,28.1,100
Sjukhus C,2022-10-10 00:00:00,27,100
Sjukhus C,2022-10-17 00:00:00,28,100
Sjukhus C,2022-10-24 00:00:00,27.8,100
Sjukhus C,2022-10-31 00:00:00,26.3,100
Sjukhus C,2022-11-07 00:00:00,24.5,100
Sjukhus C,2022-11-14 00:00:00,28.5,100
Sjukhus C,2022-11-21 00:00:00,26.9,100
Sjukhus C,2022-11-28 00:00:00,29,100
Sjukhus C,2022-12-05 00:00:00,27.5,100
Sjukhus C,2022-12-12 00:00:00,26.1,100
Sjukhus C,2022-12-19 00:00:00,27.1,100
Sjukhus C,2022-12-26 00:00:00,26,100
Sjukhus C,2023-01-02 00:00:00,22,100
Sjukhus C,2023-01-09 00:00:00,29.1,100
Sjukhus C,2023-01-16 00:00:00,25.3,100
Sjukhus C,2023-01-23 00:00:00,28.5,100
Sjukhus C,2023-01-30 00:00:00,27.2,100
Sjukhus C,2023-02-06 00:00:00,24.6,100
Sjukhus C,2023-02-13 00:00:00,26.4,100
Sjukhus C,2023-02-20 00:00:00,25.1,100
Sjukhus C,2023-02-27 00:00:00,23.9,100
Sjukhus C,2023-03-06 00:00:00,27.2,100
Sjukhus C,2023-03-13 00:00:00,24.5,100
Sjukhus C,2023-03-20 00:00:00,26.6,100
Sjukhus C,2023-03-27 00:00:00,27.5,100
Sjukhus C,2023-04-03 00:00:00,27.2,100
Sjukhus C,2023-04-10 00:00:00,29.5,100
Sjukhus C,2023-04-17 00:00:00,31.8,100
Sjukhus C,2023-04-24 00:00:00,27.2,100
Sjukhus C,2023-05-01 00:00:00,26.9,100
Sjukhus C,2023-05-08 00:00:00,33.1,100
Sjukhus C,2023-05-15 00:00:00,27,100
Sjukhus C,2023-05-22 00:00:00,28.3,100
Sjukhus C,2023-05-29 00:00:00,27.1,100
Sjukhus C,2023-06-05 00:00:00,28.4,100
Sjukhus C,2023-06-12 00:00:00,31.8,100
Sjukhus C,2023-06-19 00:00:00,27.3,100
Sjukhus C,2023-06-26 00:00:00,29.5,100
Sjukhus C,2023-07-03 00:00:00,22.5,100
Sjukhus C,2023-07-10 00:00:00,24.5,100
Sjukhus C,2023-07-17 00:00:00,24.2,100
Sjukhus C,2023-07-24 00:00:00,25.6,100
Sjukhus C,2023-07-31 00:00:00,24.8,100
Sjukhus C,2023-08-07 00:00:00,22.9,100
Sjukhus C,2023-08-14 00:00:00,22.4,100
Sjukhus C,2023-08-21 00:00:00,22.3,100
Sjukhus C,2023-08-28 00:00:00,23.1,100
Sjukhus C,2023-09-04 00:00:00,24.8,100
Sjukhus C,2023-09-11 00:00:00,24.3,100
Sjukhus C,2023-09-18 00:00:00,26.6,100
Sjukhus C,2023-09-25 00:00:00,28.2,100
Sjukhus C,2023-10-02 00:00:00,24.1,100
Sjukhus C,2023-10-09 00:00:00,23.5,100
Sjukhus C,2023-10-16 00:00:00,27.5,100
Sjukhus C,2023-10-23 00:00:00,26.5,100
Sjukhus C,2023-10-30 00:00:00,27.5,100
Sjukhus C,2023-11-06 00:00:00,22.4,100
Sjukhus C,2023-11-13 00:00:00,26.4,100
Sjukhus C,2023-11-20 00:00:00,28.3,100
Sjukhus C,2023-11-27 00:00:00,25.4,100
Sjukhus C,2023-12-04 00:00:00,25.6,100
Sjukhus C,2023-12-11 00:00:00,25.9,100
Sjukhus C,2023-12-18 00:00:00,20.7,100
Sjukhus C,2023-12-25 00:00:00,22.3,100
Sjukhus C,2024-01-01 00:00:00,25.2,100
Sjukhus C,2024-01-08 00:00:00,22.7,100
Sjukhus C,2024-01-15 00:00:00,25.3,100
Sjukhus C,2024-01-22 00:00:00,27.9,100
Sjukhus C,2024-01-29 00:00:00,24.2,100
Sjukhus C,2024-02-05 00:00:00,24.7,100
Sjukhus C,2024-02-12 00:00:00,25.9,100
Sjukhus C,2024-02-19 00:00:00,20.8,100
Sjukhus C,2024-02-26 00:00:00,26.1,100
Sjukhus C,2024-03-04 00:00:00,26.5,100
Sjukhus C,2024-03-11 00:00:00,25.6,100
Sjukhus C,2024-03-18 00:00:00,25.2,100
Sjukhus C,2024-03-25 00:00:00,28.1,100
Sjukhus C,2024-04-01 00:00:00,28.5,100
Sjukhus C,2024-04-08 00:00:00,28.1,100
Sjukhus C,2024-04-15 00:00:00,27.2,100
Sjukhus C,2024-04-22 00:00:00,27.8,100
Sjukhus C,2024-04-29 00:00:00,27,100
Sjukhus C,2024-05-06 00:00:00,27.2,100
Sjukhus C,2024-05-13 00:00:00,25.7,100
Sjukhus C,2024-05-20 00:00:00,25.6,100
Sjukhus C,2024-05-27 00:00:00,27.5,100
Sjukhus C,2024-06-03 00:00:00,29.2,100
Sjukhus C,2024-06-10 00:00:00,24.9,100
Sjukhus C,2024-06-17 00:00:00,25.6,100
Sjukhus C,2024-06-24 00:00:00,19,100
Sjukhus C,2024-07-01 00:00:00,23.8,100
Sjukhus C,2024-07-08 00:00:00,21.2,100
Sjukhus C,2024-07-15 00:00:00,22.2,100
Sjukhus C,2024-07-22 00:00:00,19.4,100
Sjukhus C,2024-07-29 00:00:00,20.6,100
Sjukhus C,2024-08-05 00:00:00,17.4,100
Sjukhus C,2024-08-12 00:00:00,17.9,100
Sjukhus C,2024-08-19 00:00:00,21.1,100
Sjukhus C,2024-08-26 00:00:00,19,100
Sjukhus C,2024-09-02 00:00:00,24.5,100
Sjukhus C,2024-09-09 00:00:00,26.9,100
Sjukhus C,2024-09-16 00:00:00,20.7,100
Sjukhus C,2024-09-23 00:00:00,24.7,100
Sjukhus C,2024-09-30 00:00:00,22.7,100
Sjukhus C,2024-10-07 00:00:00,24.6,100
Sjukhus C,2024-10-14 00:00:00,23.5,100
Sjukhus C,2024-10-21 00:00:00,22.4,100
Sjukhus C,2024-10-28 00:00:00,18,100
Sjukhus C,2024-11-04 00:00:00,24.6,100
Sjukhus C,2024-11-11 00:00:00,24.3,100
Sjukhus C,2024-11-18 00:00:00,21.9,100
Sjukhus C,2024-11-25 00:00:00,22.2,100
Sjukhus C,2024-12-02 00:00:00,21.5,100
Sjukhus C,2024-12-09 00:00:00,21.8,100
Sjukhus C,2024-12-16 00:00:00,24.4,100
Sjukhus C,2024-12-23 00:00:00,37.6,100
Sjukhus C,2024-12-30 00:00:00,29.9,100
Sjukhus C,2025-01-06 00:00:00,21.4,100
Sjukhus C,2025-01-13 00:00:00,25.4,100
Sjukhus C,2025-01-20 00:00:00,24.5,100
Sjukhus C,2025-01-27 00:00:00,25,100
Sjukhus C,2025-02-03 00:00:00,23.8,100
Sjukhus C,2025-02-10 00:00:00,23.5,100
Sjukhus C,2025-02-17 00:00:00,19.1,100
Sjukhus C,2025-02-24 00:00:00,23.6,100
Sjukhus C,2025-03-03 00:00:00,23.6,100
Sjukhus C,2025-03-10 00:00:00,24.5,100
Sjukhus C,2025-03-17 00:00:00,24.9,100
Sjukhus C,2025-03-24 00:00:00,22.9,100
Sjukhus C,2025-03-31 00:00:00,22.2,100
Sjukhus C,2025-04-07 00:00:00,26.9,100
Sjukhus C,2025-04-14 00:00:00,24.8,100
Sjukhus C,2025-04-21 00:00:00,24.9,100
Sjukhus C,2025-04-28 00:00:00,26.4,100
Sjukhus C,2025-05-05 00:00:00,25.4,100
Sjukhus C,2025-05-12 00:00:00,26,100
Sjukhus C,2025-05-19 00:00:00,24.5,100
Sjukhus C,2025-05-26 00:00:00,25.7,100
Sjukhus C,2025-06-02 00:00:00,27,100
Sjukhus C,2025-06-09 00:00:00,21.8,100
Sjukhus C,2025-06-16 00:00:00,23.5,100
Sjukhus C,2025-06-23 00:00:00,19.7,100
Sjukhus C,2025-06-30 00:00:00,16.1,100
Sjukhus C,2022-06-27 00:00:00,24.8,101
Sjukhus C,2022-07-04 00:00:00,19.1,101
Sjukhus C,2022-07-11 00:00:00,21.7,101
Sjukhus C,2022-07-18 00:00:00,18.9,101
Sjukhus C,2022-07-25 00:00:00,19.9,101
Sjukhus C,2022-08-01 00:00:00,19.5,101
Sjukhus C,2022-08-08 00:00:00,18,101
Sjukhus C,2022-08-15 00:00:00,10.9,101
Sjukhus C,2022-08-22 00:00:00,17.3,101
Sjukhus C,2022-08-29 00:00:00,24.9,101
Sjukhus C,2022-09-05 00:00:00,24.3,101
Sjukhus C,2022-09-12 00:00:00,26.8,101
Sjukhus C,2022-09-19 00:00:00,29.6,101
Sjukhus C,2022-09-26 00:00:00,26,101
Sjukhus C,2022-10-03 00:00:00,27.1,101
Sjukhus C,2022-10-10 00:00:00,26.6,101
Sjukhus C,2022-10-17 00:00:00,26.9,101
Sjukhus C,2022-10-24 00:00:00,27.3,101
Sjukhus C,2022-10-31 00:00:00,24,101
Sjukhus C,2022-11-07 00:00:00,26.1,101
Sjukhus C,2022-11-14 00:00:00,30.6,101
Sjukhus C,2022-11-21 00:00:00,30.6,101
Sjukhus C,2022-11-28 00:00:00,31.7,101
Sjukhus C,2022-12-05 00:00:00,31.6,101
Sjukhus C,2022-12-12 00:00:00,28.7,101
Sjukhus C,2022-12-19 00:00:00,27.3,101
Sjukhus C,2022-12-26 00:00:00,24.7,101
Sjukhus C,2023-01-02 00:00:00,16.2,101
Sjukhus C,2023-01-09 00:00:00,23.6,101
Sjukhus C,2023-01-16 00:00:00,26.4,101
Sjukhus C,2023-01-23 00:00:00,24.6,101
Sjukhus C,2023-01-30 00:00:00,25.2,101
Sjukhus C,2023-02-06 00:00:00,27.3,101
Sjukhus C,2023-02-13 00:00:00,24.3,101
Sjukhus C,2023-02-20 00:00:00,25.4,101
Sjukhus C,2023-02-27 00:00:00,25.6,101
Sjukhus C,2023-03-06 00:00:00,27.1,101
Sjukhus C,2023-03-13 00:00:00,26,101
Sjukhus C,2023-03-20 00:00:00,27.5,101
Sjukhus C,2023-03-27 00:00:00,26.6,101
Sjukhus C,2023-04-03 00:00:00,28.5,101
Sjukhus C,2023-04-10 00:00:00,28.6,101
Sjukhus C,2023-04-17 00:00:00,28.7,101
Sjukhus C,2023-04-24 00:00:00,26.1,101
Sjukhus C,2023-05-01 00:00:00,29,101
Sjukhus C,2023-05-08 00:00:00,29.9,101
Sjukhus C,2023-05-15 00:00:00,27.7,101
Sjukhus C,2023-05-22 00:00:00,29.9,101
Sjukhus C,2023-05-29 00:00:00,26,101
Sjukhus C,2023-06-05 00:00:00,26.4,101
Sjukhus C,2023-06-12 00:00:00,27.7,101
Sjukhus C,2023-06-19 00:00:00,27.2,101
Sjukhus C,2023-06-26 00:00:00,28.8,101
Sjukhus C,2023-07-03 00:00:00,22.9,101
Sjukhus C,2023-07-10 00:00:00,24.4,101
Sjukhus C,2023-07-17 00:00:00,22.3,101
Sjukhus C,2023-07-24 00:00:00,21.3,101
Sjukhus C,2023-07-31 00:00:00,19.6,101
Sjukhus C,2023-08-07 00:00:00,18.3,101
Sjukhus C,2023-08-14 00:00:00,21.6,101
Sjukhus C,2023-08-21 00:00:00,22.6,101
Sjukhus C,2023-08-28 00:00:00,25,101
Sjukhus C,2023-09-04 00:00:00,25.1,101
Sjukhus C,2023-09-11 00:00:00,24.8,101
Sjukhus C,2023-09-18 00:00:00,24,101
Sjukhus C,2023-09-25 00:00:00,24.5,101
Sjukhus C,2023-10-02 00:00:00,22.9,101
Sjukhus C,2023-10-09 00:00:00,27.3,101
Sjukhus C,2023-10-16 00:00:00,24.8,101
Sjukhus C,2023-10-23 00:00:00,23.3,101
Sjukhus C,2023-10-30 00:00:00,24.5,101
Sjukhus C,2023-11-06 00:00:00,22.4,101
Sjukhus C,2023-11-13 00:00:00,23.9,101
Sjukhus C,2023-11-20 00:00:00,25.1,101
Sjukhus C,2023-11-27 00:00:00,23.2,101
Sjukhus C,2023-12-04 00:00:00,21.4,101
Sjukhus C,2023-12-11 00:00:00,25.1,101
Sjukhus C,2023-12-18 00:00:00,24.5,101
Sjukhus C,2023-12-25 00:00:00,22.4,101
Sjukhus C,2024-01-01 00:00:00,23.4,101
Sjukhus C,2024-01-08 00:00:00,22.5,101
Sjukhus C,2024-01-15 00:00:00,22.9,101
Sjukhus C,2024-01-22 00:00:00,24.7,101
Sjukhus C,2024-01-29 00:00:00,25.6,101
Sjukhus C,2024-02-05 00:00:00,22.2,101
Sjukhus C,2024-02-12 00:00:00,21.7,101
Sjukhus C,2024-02-19 00:00:00,20.8,101
Sjukhus C,2024-02-26 00:00:00,23.5,101
Sjukhus C,2024-03-04 00:00:00,21,101
Sjukhus C,2024-03-11 00:00:00,22.6,101
Sjukhus C,2024-03-18 00:00:00,23,101
Sjukhus C,2024-03-25 00:00:00,24.1,101
Sjukhus C,2024-04-01 00:00:00,24.5,101
Sjukhus C,2024-04-08 00:00:00,25.2,101
Sjukhus C,2024-04-15 00:00:00,24.7,101
Sjukhus C,2024-04-22 00:00:00,24.8,101
Sjukhus C,2024-04-29 00:00:00,26.4,101
Sjukhus C,2024-05-06 00:00:00,23,101
Sjukhus C,2024-05-13 00:00:00,23.8,101
Sjukhus C,2024-05-20 00:00:00,23.6,101
Sjukhus C,2024-05-27 00:00:00,24.5,101
Sjukhus C,2024-06-03 00:00:00,22.6,101
Sjukhus C,2024-06-10 00:00:00,19.7,101
Sjukhus C,2024-06-17 00:00:00,22.4,101
Sjukhus C,2024-06-24 00:00:00,18.1,101
Sjukhus C,2024-07-01 00:00:00,18.2,101
Sjukhus C,2024-07-08 00:00:00,15.9,101
Sjukhus C,2024-07-15 00:00:00,15.2,101
Sjukhus C,2024-07-22 00:00:00,12.8,101
Sjukhus C,2024-07-29 00:00:00,11.8,101
Sjukhus C,2024-08-05 00:00:00,13.1,101
Sjukhus C,2024-08-12 00:00:00,18.1,101
Sjukhus C,2024-08-19 00:00:00,19.7,101
Sjukhus C,2024-08-26 00:00:00,18.7,101
Sjukhus C,2024-09-02 00:00:00,20.5,101
Sjukhus C,2024-09-09 00:00:00,20.7,101
Sjukhus C,2024-09-16 00:00:00,20.9,101
Sjukhus C,2024-09-23 00:00:00,20.6,101
Sjukhus C,2024-09-30 00:00:00,22.4,101
Sjukhus C,2024-10-07 00:00:00,20.7,101
Sjukhus C,2024-10-14 00:00:00,22.7,101
Sjukhus C,2024-10-21 00:00:00,21.4,101
Sjukhus C,2024-10-28 00:00:00,19.6,101
Sjukhus C,2024-11-04 00:00:00,20.5,101
Sjukhus C,2024-11-11 00:00:00,22.2,101
Sjukhus C,2024-11-18 00:00:00,21.1,101
Sjukhus C,2024-11-25 00:00:00,20.7,101
Sjukhus C,2024-12-02 00:00:00,19.9,101
Sjukhus C,2024-12-09 00:00:00,23.4,101
Sjukhus C,2024-12-16 00:00:00,18.8,101
Sjukhus C,2024-12-23 00:00:00,26.6,101
Sjukhus C,2024-12-30 00:00:00,24.1,101
Sjukhus C,2025-01-06 00:00:00,19.7,101
Sjukhus C,2025-01-13 00:00:00,21.9,101
Sjukhus C,2025-01-20 00:00:00,20.9,101
Sjukhus C,2025-01-27 00:00:00,21.3,101
Sjukhus C,2025-02-03 00:00:00,22.5,101
Sjukhus C,2025-02-10 00:00:00,19.3,101
Sjukhus C,2025-02-17 00:00:00,22,101
Sjukhus C,2025-02-24 00:00:00,20.9,101
Sjukhus C,2025-03-03 00:00:00,22,101
Sjukhus C,2025-03-10 00:00:00,23,101
Sjukhus C,2025-03-17 00:00:00,22.3,101
Sjukhus C,2025-03-24 00:00:00,21.5,101
Sjukhus C,2025-03-31 00:00:00,23.4,101
Sjukhus C,2025-04-07 00:00:00,19,101
Sjukhus C,2025-04-14 00:00:00,21.8,101
Sjukhus C,2025-04-21 00:00:00,21.4,101
Sjukhus C,2025-04-28 00:00:00,24.2,101
Sjukhus C,2025-05-05 00:00:00,20.5,101
Sjukhus C,2025-05-12 00:00:00,20.3,101
Sjukhus C,2025-05-19 00:00:00,18.6,101
Sjukhus C,2025-05-26 00:00:00,22.2,101
Sjukhus C,2025-06-02 00:00:00,23.3,101
Sjukhus C,2025-06-09 00:00:00,18.7,101
Sjukhus C,2025-06-16 00:00:00,20.4,101
Sjukhus C,2025-06-23 00:00:00,16.9,101
Sjukhus C,2025-06-30 00:00:00,14.4,101
Clinics 1,2022-06-27 00:00:00,1.8,102
Clinics 1,2022-07-04 00:00:00,1.6,102
Clinics 1,2022-07-11 00:00:00,1.8,102
Clinics 1,2022-07-18 00:00:00,1.8,102
Clinics 1,2022-07-25 00:00:00,1.8,102
Clinics 1,2022-08-01 00:00:00,1,102
Clinics 1,2022-08-08 00:00:00,1,102
Clinics 1,2022-08-15 00:00:00,1,102
Clinics 1,2022-08-22 00:00:00,1.8,102
Clinics 1,2022-08-29 00:00:00,1.8,102
Clinics 1,2022-09-05 00:00:00,1.5,102
Clinics 1,2022-09-12 00:00:00,0.9,102
Clinics 1,2022-09-19 00:00:00,0.9,102
Clinics 1,2022-09-26 00:00:00,0.9,102
Clinics 1,2022-10-03 00:00:00,1.5,102
Clinics 1,2022-10-10 00:00:00,1.8,102
Clinics 1,2022-10-17 00:00:00,1.8,102
Clinics 1,2022-10-24 00:00:00,1.5,102
Clinics 1,2022-10-31 00:00:00,1.8,102
Clinics 1,2022-11-07 00:00:00,1.6,102
Clinics 1,2022-11-14 00:00:00,1.8,102
Clinics 1,2022-11-21 00:00:00,1.7,102
Clinics 1,2022-11-28 00:00:00,1.6,102
Clinics 1,2022-12-05 00:00:00,1.6,102
Clinics 1,2022-12-12 00:00:00,1.4,102
Clinics 1,2022-12-19 00:00:00,1.5,102
Clinics 1,2022-12-26 00:00:00,1.8,102
Clinics 1,2023-01-02 00:00:00,1.8,102
Clinics 1,2023-01-09 00:00:00,1.8,102
Clinics 1,2023-01-16 00:00:00,1.8,102
Clinics 1,2023-01-23 00:00:00,1.8,102
Clinics 1,2023-01-30 00:00:00,1.8,102
Clinics 1,2023-02-06 00:00:00,1.8,102
Clinics 1,2023-02-13 00:00:00,1.5,102
Clinics 1,2023-02-20 00:00:00,1.7,102
Clinics 1,2023-02-27 00:00:00,1.8,102
Clinics 1,2023-03-06 00:00:00,1.8,102
Clinics 1,2023-03-13 00:00:00,1.8,102
Clinics 1,2023-03-20 00:00:00,1.8,102
Clinics 1,2023-03-27 00:00:00,1.8,102
Clinics 1,2023-04-03 00:00:00,1.8,102
Clinics 1,2023-04-10 00:00:00,1.3,102
Clinics 1,2023-04-17 00:00:00,0.8,102
Clinics 1,2023-04-24 00:00:00,0.8,102
Clinics 1,2023-05-01 00:00:00,0.8,102
Clinics 1,2023-05-08 00:00:00,1.8,102
Clinics 1,2023-05-15 00:00:00,1.8,102
Clinics 1,2023-05-22 00:00:00,1.9,102
Clinics 1,2023-05-29 00:00:00,1,102
Clinics 1,2023-06-05 00:00:00,1.8,102
Clinics 1,2023-06-12 00:00:00,1.8,102
Clinics 1,2023-06-19 00:00:00,1.8,102
Clinics 1,2023-06-26 00:00:00,1.8,102
Clinics 1,2023-07-03 00:00:00,1.8,102
Clinics 1,2023-07-10 00:00:00,1.8,102
Clinics 1,2023-07-17 00:00:00,1.8,102
Clinics 1,2023-07-24 00:00:00,1.8,102
Clinics 1,2023-07-31 00:00:00,1.8,102
Clinics 1,2023-08-07 00:00:00,1,102
Clinics 1,2023-08-14 00:00:00,1,102
Clinics 1,2023-08-21 00:00:00,1.8,102
Clinics 1,2023-08-28 00:00:00,1.8,102
Clinics 1,2023-09-04 00:00:00,1.3,102
Clinics 1,2023-09-11 00:00:00,1.8,102
Clinics 1,2023-09-18 00:00:00,0.8,102
Clinics 1,2023-09-25 00:00:00,0.8,102
Clinics 1,2023-10-02 00:00:00,1.8,102
Clinics 1,2023-10-09 00:00:00,1.8,102
Clinics 1,2023-10-16 00:00:00,1.8,102
Clinics 1,2023-10-23 00:00:00,1.8,102
Clinics 1,2023-10-30 00:00:00,1.7,102
Clinics 1,2023-11-06 00:00:00,1.8,102
Clinics 1,2023-11-13 00:00:00,1.8,102
Clinics 1,2023-11-20 00:00:00,1.8,102
Clinics 1,2023-11-27 00:00:00,1.8,102
Clinics 1,2023-12-04 00:00:00,0.8,102
Clinics 1,2023-12-11 00:00:00,0.8,102
Clinics 1,2023-12-18 00:00:00,0.8,102
Clinics 1,2023-12-25 00:00:00,1.8,102
Clinics 1,2024-01-01 00:00:00,1.8,102
Clinics 1,2024-01-08 00:00:00,1.8,102
Clinics 1,2024-01-15 00:00:00,1.8,102
Clinics 1,2024-01-22 00:00:00,1.8,102
Clinics 1,2024-01-29 00:00:00,1.8,102
Clinics 1,2024-02-05 00:00:00,1.8,102
Clinics 1,2024-02-12 00:00:00,1.7,102
Clinics 1,2024-02-19 00:00:00,1.8,102
Clinics 1,2024-02-26 00:00:00,1.8,102
Clinics 1,2024-03-04 00:00:00,1.6,102
Clinics 1,2024-03-11 00:00:00,1.8,102
Clinics 1,2024-03-18 00:00:00,1.8,102
Clinics 1,2024-03-25 00:00:00,1.8,102
Clinics 1,2024-04-01 00:00:00,1.8,102
Clinics 1,2024-04-08 00:00:00,1.8,102
Clinics 1,2024-04-15 00:00:00,1.8,102
Clinics 1,2024-04-22 00:00:00,1.8,102
Clinics 1,2024-04-29 00:00:00,1.4,102
Clinics 1,2024-05-06 00:00:00,0.9,102
Clinics 1,2024-05-13 00:00:00,0.8,102
Clinics 1,2024-05-20 00:00:00,0.8,102
Clinics 1,2024-05-27 00:00:00,0.8,102
Clinics 1,2024-06-03 00:00:00,1.9,102
Clinics 1,2024-06-10 00:00:00,1.8,102
Clinics 1,2024-06-17 00:00:00,1.8,102
Clinics 1,2024-06-24 00:00:00,1.8,102
Clinics 1,2024-07-01 00:00:00,1,102
Clinics 1,2024-07-08 00:00:00,1,102
Clinics 1,2024-07-15 00:00:00,1,102
Clinics 1,2024-07-22 00:00:00,1,102
Clinics 1,2024-07-29 00:00:00,1,102
Clinics 1,2024-08-05 00:00:00,1,102
Clinics 1,2024-08-12 00:00:00,1,102
Clinics 1,2024-08-19 00:00:00,1,102
Clinics 1,2024-08-26 00:00:00,1,102
Clinics 1,2024-09-02 00:00:00,0.8,102
Clinics 1,2024-09-09 00:00:00,0.4,102
Clinics 1,2024-09-16 00:00:00,0.4,102
Clinics 1,2024-09-23 00:00:00,1,102
Clinics 1,2024-09-30 00:00:00,1,102
Clinics 1,2024-10-07 00:00:00,1,102
Clinics 1,2024-10-14 00:00:00,1,102
Clinics 1,2024-10-21 00:00:00,1,102
Clinics 1,2024-10-28 00:00:00,1,102
Clinics 1,2024-11-04 00:00:00,1,102
Clinics 1,2024-11-11 00:00:00,1,102
Clinics 1,2024-11-18 00:00:00,1,102
Clinics 1,2024-11-25 00:00:00,1,102
Clinics 1,2024-12-02 00:00:00,1,102
Clinics 1,2024-12-09 00:00:00,1,102
Clinics 1,2024-12-16 00:00:00,1,102
Clinics 1,2024-12-23 00:00:00,1,102
Clinics 1,2024-12-30 00:00:00,1,102
Clinics 1,2025-01-06 00:00:00,1,102
Clinics 1,2025-01-13 00:00:00,1.2,102
Clinics 1,2025-01-20 00:00:00,1,102
Clinics 1,2025-01-27 00:00:00,1,102
Clinics 1,2025-02-03 00:00:00,1,102
Clinics 1,2025-02-10 00:00:00,1,102
Clinics 1,2025-02-17 00:00:00,1,102
Clinics 1,2025-02-24 00:00:00,1,102
Clinics 1,2025-03-03 00:00:00,1,102
Clinics 1,2025-03-10 00:00:00,0.8,102
Clinics 1,2025-03-17 00:00:00,1,102
Clinics 1,2025-03-24 00:00:00,1,102
Clinics 1,2025-03-31 00:00:00,1,102
Clinics 1,2025-04-07 00:00:00,1,102
Clinics 1,2025-04-14 00:00:00,1,102
Clinics 1,2025-04-21 00:00:00,1,102
Clinics 1,2025-04-28 00:00:00,1,102
Clinics 1,2025-05-05 00:00:00,1,102
Clinics 1,2025-05-12 00:00:00,0.8,102
Clinics 1,2025-05-19 00:00:00,0.2,102
Clinics 1,2025-05-26 00:00:00,0.5,102
Clinics 1,2025-06-02 00:00:00,0.8,102
Clinics 1,2025-06-09 00:00:00,1,102
Clinics 1,2025-06-16 00:00:00,1,102
Clinics 1,2025-06-23 00:00:00,1,102
Clinics 1,2025-06-30 00:00:00,1,102
Clinics 1,2022-06-27 00:00:00,3.5,103
Clinics 1,2022-07-04 00:00:00,2.9,103
Clinics 1,2022-07-11 00:00:00,2.8,103
Clinics 1,2022-07-18 00:00:00,4.1,103
Clinics 1,2022-07-25 00:00:00,3.7,103
Clinics 1,2022-08-01 00:00:00,3.2,103
Clinics 1,2022-08-08 00:00:00,3.5,103
Clinics 1,2022-08-15 00:00:00,1.8,103
Clinics 1,2022-08-22 00:00:00,3.5,103
Clinics 1,2022-08-29 00:00:00,3.7,103
Clinics 1,2022-09-05 00:00:00,3.6,103
Clinics 1,2022-09-12 00:00:00,3.1,103
Clinics 1,2022-09-19 00:00:00,3.6,103
Clinics 1,2022-09-26 00:00:00,2.2,103
Clinics 1,2022-10-03 00:00:00,4.1,103
Clinics 1,2022-10-10 00:00:00,5.1,103
Clinics 1,2022-10-17 00:00:00,5.3,103
Clinics 1,2022-10-24 00:00:00,4.8,103
Clinics 1,2022-10-31 00:00:00,4.5,103
Clinics 1,2022-11-07 00:00:00,5.1,103
Clinics 1,2022-11-14 00:00:00,4.5,103
Clinics 1,2022-11-21 00:00:00,4.5,103
Clinics 1,2022-11-28 00:00:00,4.5,103
Clinics 1,2022-12-05 00:00:00,3.7,103
Clinics 1,2022-12-12 00:00:00,3.7,103
Clinics 1,2022-12-19 00:00:00,3.6,103
Clinics 1,2022-12-26 00:00:00,4,103
Clinics 1,2023-01-02 00:00:00,4.1,103
Clinics 1,2023-01-09 00:00:00,4.2,103
Clinics 1,2023-01-16 00:00:00,4.1,103
Clinics 1,2023-01-23 00:00:00,4.2,103
Clinics 1,2023-01-30 00:00:00,3.1,103
Clinics 1,2023-02-06 00:00:00,4,103
Clinics 1,2023-02-13 00:00:00,4.6,103
Clinics 1,2023-02-20 00:00:00,3.7,103
Clinics 1,2023-02-27 00:00:00,3.4,103
Clinics 1,2023-03-06 00:00:00,3.3,103
Clinics 1,2023-03-13 00:00:00,3.6,103
Clinics 1,2023-03-20 00:00:00,3.6,103
Clinics 1,2023-03-27 00:00:00,4,103
Clinics 1,2023-04-03 00:00:00,4.3,103
Clinics 1,2023-04-10 00:00:00,4.5,103
Clinics 1,2023-04-17 00:00:00,4.7,103
Clinics 1,2023-04-24 00:00:00,4.8,103
Clinics 1,2023-05-01 00:00:00,4.1,103
Clinics 1,2023-05-08 00:00:00,3.4,103
Clinics 1,2023-05-15 00:00:00,3.5,103
Clinics 1,2023-05-22 00:00:00,4.2,103
Clinics 1,2023-05-29 00:00:00,4.4,103
Clinics 1,2023-06-05 00:00:00,3.8,103
Clinics 1,2023-06-12 00:00:00,4.5,103
Clinics 1,2023-06-19 00:00:00,4.6,103
Clinics 1,2023-06-26 00:00:00,4.3,103
Clinics 1,2023-07-03 00:00:00,2.7,103
Clinics 1,2023-07-10 00:00:00,3.8,103
Clinics 1,2023-07-17 00:00:00,3.2,103
Clinics 1,2023-07-24 00:00:00,4.1,103
Clinics 1,2023-07-31 00:00:00,3,103
Clinics 1,2023-08-07 00:00:00,2.4,103
Clinics 1,2023-08-14 00:00:00,2.8,103
Clinics 1,2023-08-21 00:00:00,2.6,103
Clinics 1,2023-08-28 00:00:00,3.6,103
Clinics 1,2023-09-04 00:00:00,3.8,103
Clinics 1,2023-09-11 00:00:00,2.9,103
Clinics 1,2023-09-18 00:00:00,2.8,103
Clinics 1,2023-09-25 00:00:00,4.1,103
Clinics 1,2023-10-02 00:00:00,3.2,103
Clinics 1,2023-10-09 00:00:00,4.5,103
Clinics 1,2023-10-16 00:00:00,4.5,103
Clinics 1,2023-10-23 00:00:00,4,103
Clinics 1,2023-10-30 00:00:00,4.4,103
Clinics 1,2023-11-06 00:00:00,3.4,103
Clinics 1,2023-11-13 00:00:00,4.7,103
Clinics 1,2023-11-20 00:00:00,3.5,103
Clinics 1,2023-11-27 00:00:00,4.3,103
Clinics 1,2023-12-04 00:00:00,4.4,103
Clinics 1,2023-12-11 00:00:00,3.3,103
Clinics 1,2023-12-18 00:00:00,4.6,103
Clinics 1,2023-12-25 00:00:00,2.5,103
Clinics 1,2024-01-01 00:00:00,3.2,103
Clinics 1,2024-01-08 00:00:00,3.4,103
Clinics 1,2024-01-15 00:00:00,3.1,103
Clinics 1,2024-01-22 00:00:00,3.8,103
Clinics 1,2024-01-29 00:00:00,3.7,103
Clinics 1,2024-02-05 00:00:00,4,103
Clinics 1,2024-02-12 00:00:00,4.1,103
Clinics 1,2024-02-19 00:00:00,3,103
Clinics 1,2024-02-26 00:00:00,4.6,103
Clinics 1,2024-03-04 00:00:00,4.1,103
Clinics 1,2024-03-11 00:00:00,4.2,103
Clinics 1,2024-03-18 00:00:00,3.8,103
Clinics 1,2024-03-25 00:00:00,4,103
Clinics 1,2024-04-01 00:00:00,3.5,103
Clinics 1,2024-04-08 00:00:00,3.6,103
Clinics 1,2024-04-15 00:00:00,3,103
Clinics 1,2024-04-22 00:00:00,4.2,103
Clinics 1,2024-04-29 00:00:00,4.2,103
Clinics 1,2024-05-06 00:00:00,3.2,103
Clinics 1,2024-05-13 00:00:00,3.5,103
Clinics 1,2024-05-20 00:00:00,3.6,103
Clinics 1,2024-05-27 00:00:00,3.4,103
Clinics 1,2024-06-03 00:00:00,4.1,103
Clinics 1,2024-06-10 00:00:00,3.2,103
Clinics 1,2024-06-17 00:00:00,3.5,103
Clinics 1,2024-06-24 00:00:00,2.4,103
Clinics 1,2024-07-01 00:00:00,2.5,103
Clinics 1,2024-07-08 00:00:00,3,103
Clinics 1,2024-07-15 00:00:00,3.2,103
Clinics 1,2024-07-22 00:00:00,2.8,103
Clinics 1,2024-07-29 00:00:00,1.4,103
Clinics 1,2024-08-05 00:00:00,3.2,103
Clinics 1,2024-08-12 00:00:00,3.1,103
Clinics 1,2024-08-19 00:00:00,2.5,103
Clinics 1,2024-08-26 00:00:00,4.4,103
Clinics 1,2024-09-02 00:00:00,2.4,103
Clinics 1,2024-09-09 00:00:00,3.1,103
Clinics 1,2024-09-16 00:00:00,2.1,103
Clinics 1,2024-09-23 00:00:00,1.8,103
Clinics 1,2024-09-30 00:00:00,2.5,103
Clinics 1,2024-10-07 00:00:00,3.1,103
Clinics 1,2024-10-14 00:00:00,3,103
Clinics 1,2024-10-21 00:00:00,3,103
Clinics 1,2024-10-28 00:00:00,2.8,103
Clinics 1,2024-11-04 00:00:00,3,103
Clinics 1,2024-11-11 00:00:00,3.1,103
Clinics 1,2024-11-18 00:00:00,2.9,103
Clinics 1,2024-11-25 00:00:00,2.7,103
Clinics 1,2024-12-02 00:00:00,3.6,103
Clinics 1,2024-12-09 00:00:00,3,103
Clinics 1,2024-12-16 00:00:00,2,103
Clinics 1,2024-12-23 00:00:00,2.9,103
Clinics 1,2024-12-30 00:00:00,3.7,103
Clinics 1,2025-01-06 00:00:00,3.3,103
Clinics 1,2025-01-13 00:00:00,2.9,103
Clinics 1,2025-01-20 00:00:00,2.6,103
Clinics 1,2025-01-27 00:00:00,2.9,103
Clinics 1,2025-02-03 00:00:00,2.4,103
Clinics 1,2025-02-10 00:00:00,3.1,103
Clinics 1,2025-02-17 00:00:00,3.1,103
Clinics 1,2025-02-24 00:00:00,3.6,103
Clinics 1,2025-03-03 00:00:00,3.3,103
Clinics 1,2025-03-10 00:00:00,2.9,103
Clinics 1,2025-03-17 00:00:00,2.7,103
Clinics 1,2025-03-24 00:00:00,2.5,103
Clinics 1,2025-03-31 00:00:00,2.5,103
Clinics 1,2025-04-07 00:00:00,2.6,103
Clinics 1,2025-04-14 00:00:00,2,103
Clinics 1,2025-04-21 00:00:00,2,103
Clinics 1,2025-04-28 00:00:00,1.3,103
Clinics 1,2025-05-05 00:00:00,2.3,103
Clinics 1,2025-05-12 00:00:00,2.7,103
Clinics 1,2025-05-19 00:00:00,2.8,103
Clinics 1,2025-05-26 00:00:00,2,103
Clinics 1,2025-06-02 00:00:00,1.9,103
Clinics 1,2025-06-09 00:00:00,1.7,103
Clinics 1,2025-06-16 00:00:00,3,103
Clinics 1,2025-06-23 00:00:00,2.1,103
Clinics 1,2025-06-30 00:00:00,3,103
Clinics 1,2022-06-27 00:00:00,2.6,105
Clinics 1,2022-07-04 00:00:00,2.5,105
Clinics 1,2022-07-11 00:00:00,2.8,105
Clinics 1,2022-07-18 00:00:00,2.4,105
Clinics 1,2022-07-25 00:00:00,2,105
Clinics 1,2022-08-01 00:00:00,2,105
Clinics 1,2022-08-08 00:00:00,2,105
Clinics 1,2022-08-15 00:00:00,1.6,105
Clinics 1,2022-08-22 00:00:00,1.6,105
Clinics 1,2022-08-29 00:00:00,2.5,105
Clinics 1,2022-09-05 00:00:00,2,105
Clinics 1,2022-09-12 00:00:00,2,105
Clinics 1,2022-09-19 00:00:00,1.6,105
Clinics 1,2022-09-26 00:00:00,2.1,105
Clinics 1,2022-10-03 00:00:00,1.5,105
Clinics 1,2022-10-10 00:00:00,1.9,105
Clinics 1,2022-10-17 00:00:00,1.5,105
Clinics 1,2022-10-24 00:00:00,1.7,105
Clinics 1,2022-10-31 00:00:00,1.9,105
Clinics 1,2022-11-07 00:00:00,1.9,105
Clinics 1,2022-11-14 00:00:00,1.5,105
Clinics 1,2022-11-21 00:00:00,1.8,105
Clinics 1,2022-11-28 00:00:00,1.7,105
Clinics 1,2022-12-05 00:00:00,1.7,105
Clinics 1,2022-12-12 00:00:00,1.9,105
Clinics 1,2022-12-19 00:00:00,1.7,105
Clinics 1,2022-12-26 00:00:00,1,105
Clinics 1,2023-01-02 00:00:00,1.5,105
Clinics 1,2023-01-09 00:00:00,2,105
Clinics 1,2023-01-16 00:00:00,1.8,105
Clinics 1,2023-01-23 00:00:00,2,105
Clinics 1,2023-01-30 00:00:00,1.9,105
Clinics 1,2023-02-06 00:00:00,1.6,105
Clinics 1,2023-02-13 00:00:00,1.6,105
Clinics 1,2023-02-20 00:00:00,1.5,105
Clinics 1,2023-02-27 00:00:00,2,105
Clinics 1,2023-03-06 00:00:00,2,105
Clinics 1,2023-03-13 00:00:00,1.8,105
Clinics 1,2023-03-20 00:00:00,1.9,105
Clinics 1,2023-03-27 00:00:00,1.8,105
Clinics 1,2023-04-03 00:00:00,1.8,105
Clinics 1,2023-04-10 00:00:00,1.75,105
Clinics 1,2023-04-17 00:00:00,1.7,105
Clinics 1,2023-04-24 00:00:00,1.8,105
Clinics 1,2023-05-01 00:00:00,1.7,105
Clinics 1,2023-05-08 00:00:00,1.9,105
Clinics 1,2023-05-15 00:00:00,1.9,105
Clinics 1,2023-05-22 00:00:00,1.9,105
Clinics 1,2023-05-29 00:00:00,1.9,105
Clinics 1,2023-06-05 00:00:00,1.4,105
Clinics 1,2023-06-12 00:00:00,1.5,105
Clinics 1,2023-06-19 00:00:00,1.8,105
Clinics 1,2023-06-26 00:00:00,1.6,105
Clinics 1,2023-07-03 00:00:00,1,105
Clinics 1,2023-07-10 00:00:00,1.7,105
Clinics 1,2023-07-17 00:00:00,1,105
Clinics 1,2023-07-24 00:00:00,1,105
Clinics 1,2023-07-31 00:00:00,1,105
Clinics 1,2023-08-07 00:00:00,1,105
Clinics 1,2023-08-14 00:00:00,1.7,105
Clinics 1,2023-08-21 00:00:00,1.9,105
Clinics 1,2023-08-28 00:00:00,1.9,105
Clinics 1,2023-09-04 00:00:00,1.9,105
Clinics 1,2023-09-11 00:00:00,1.7,105
Clinics 1,2023-09-18 00:00:00,1.6,105
Clinics 1,2023-09-25 00:00:00,1.9,105
Clinics 1,2023-10-02 00:00:00,2,105
Clinics 1,2023-10-09 00:00:00,1.9,105
Clinics 1,2023-10-16 00:00:00,1.5,105
Clinics 1,2023-10-23 00:00:00,1.7,105
Clinics 1,2023-10-30 00:00:00,1.8,105
Clinics 1,2023-11-06 00:00:00,1.4,105
Clinics 1,2023-11-13 00:00:00,1.7,105
Clinics 1,2023-11-20 00:00:00,1.9,105
Clinics 1,2023-11-27 00:00:00,1.9,105
Clinics 1,2023-12-04 00:00:00,1.5,105
Clinics 1,2023-12-11 00:00:00,1.9,105
Clinics 1,2023-12-18 00:00:00,1.8,105
Clinics 1,2023-12-25 00:00:00,1.9,105
Clinics 1,2024-01-01 00:00:00,1.7,105
Clinics 1,2024-01-08 00:00:00,1.9,105
Clinics 1,2024-01-15 00:00:00,1.7,105
Clinics 1,2024-01-22 00:00:00,1.9,105
Clinics 1,2024-01-29 00:00:00,1.9,105
Clinics 1,2024-02-05 00:00:00,1.8,105
Clinics 1,2024-02-12 00:00:00,1.8,105
Clinics 1,2024-02-19 00:00:00,1.8,105
Clinics 1,2024-02-26 00:00:00,1.7,105
Clinics 1,2024-03-04 00:00:00,1.9,105
Clinics 1,2024-03-11 00:00:00,1.6,105
Clinics 1,2024-03-18 00:00:00,1.5,105
Clinics 1,2024-03-25 00:00:00,1.8,105
Clinics 1,2024-04-01 00:00:00,1.7,105
Clinics 1,2024-04-08 00:00:00,1.7,105
Clinics 1,2024-04-15 00:00:00,1.8,105
Clinics 1,2024-04-22 00:00:00,1.6,105
Clinics 1,2024-04-29 00:00:00,1.9,105
Clinics 1,2024-05-06 00:00:00,1.7,105
Clinics 1,2024-05-13 00:00:00,1.8,105
Clinics 1,2024-05-20 00:00:00,1.6,105
Clinics 1,2024-05-27 00:00:00,1.8,105
Clinics 1,2024-06-03 00:00:00,1.7,105
Clinics 1,2024-06-10 00:00:00,1,105
Clinics 1,2024-06-17 00:00:00,1.7,105
Clinics 1,2024-06-24 00:00:00,1.6,105
Clinics 1,2024-07-01 00:00:00,1.6,105
Clinics 1,2024-07-08 00:00:00,1,105
Clinics 1,2024-07-15 00:00:00,1,105
Clinics 1,2024-07-22 00:00:00,1,105
Clinics 1,2024-07-29 00:00:00,1,105
Clinics 1,2024-08-05 00:00:00,1.8,105
Clinics 1,2024-08-12 00:00:00,1.8,105
Clinics 1,2024-08-19 00:00:00,1.8,105
Clinics 1,2024-08-26 00:00:00,1.5,105
Clinics 1,2024-09-02 00:00:00,1.8,105
Clinics 1,2024-09-09 00:00:00,1.3,105
Clinics 1,2024-09-16 00:00:00,1.4,105
Clinics 1,2024-09-23 00:00:00,1.8,105
Clinics 1,2024-09-30 00:00:00,1.7,105
Clinics 1,2024-10-07 00:00:00,1.9,105
Clinics 1,2024-10-14 00:00:00,1.8,105
Clinics 1,2024-10-21 00:00:00,1.5,105
Clinics 1,2024-10-28 00:00:00,1.9,105
Clinics 1,2024-11-04 00:00:00,1.9,105
Clinics 1,2024-11-11 00:00:00,1.9,105
Clinics 1,2024-11-18 00:00:00,1.8,105
Clinics 1,2024-11-25 00:00:00,1,105
Clinics 1,2024-12-02 00:00:00,1.8,105
Clinics 1,2024-12-09 00:00:00,1.5,105
Clinics 1,2024-12-16 00:00:00,1.9,105
Clinics 1,2024-12-23 00:00:00,1.5,105
Clinics 1,2024-12-30 00:00:00,2,105
Clinics 1,2025-01-06 00:00:00,1.9,105
Clinics 1,2025-01-13 00:00:00,1.9,105
Clinics 1,2025-01-20 00:00:00,1.8,105
Clinics 1,2025-01-27 00:00:00,1.9,105
Clinics 1,2025-02-03 00:00:00,1.9,105
Clinics 1,2025-02-10 00:00:00,1.9,105
Clinics 1,2025-02-17 00:00:00,1.9,105
Clinics 1,2025-02-24 00:00:00,1.4,105
Clinics 1,2025-03-03 00:00:00,1.7,105
Clinics 1,2025-03-10 00:00:00,1.5,105
Clinics 1,2025-03-17 00:00:00,1.6,105
Clinics 1,2025-03-24 00:00:00,1.9,105
Clinics 1,2025-03-31 00:00:00,1.6,105
Clinics 1,2025-04-07 00:00:00,1.9,105
Clinics 1,2025-04-14 00:00:00,1.9,105
Clinics 1,2025-04-21 00:00:00,1.9,105
Clinics 1,2025-04-28 00:00:00,1.5,105
Clinics 1,2025-05-05 00:00:00,1.4,105
Clinics 1,2025-05-12 00:00:00,1.1,105
Clinics 1,2025-05-19 00:00:00,1.2,105
Clinics 1,2025-05-26 00:00:00,1.2,105
Clinics 1,2025-06-02 00:00:00,1.3,105
Clinics 1,2025-06-09 00:00:00,1.4,105
Clinics 1,2025-06-16 00:00:00,1.4,105
Clinics 1,2025-06-23 00:00:00,1.4,105
Clinics 1,2025-06-30 00:00:00,2,105
Clinics 2,2022-06-27 00:00:00,4.5,106
Clinics 2,2022-07-04 00:00:00,4.3,106
Clinics 2,2022-07-11 00:00:00,3,106
Clinics 2,2022-07-18 00:00:00,2.3,106
Clinics 2,2022-07-25 00:00:00,2.3,106
Clinics 2,2022-08-01 00:00:00,3.6,106
Clinics 2,2022-08-08 00:00:00,3.4,106
Clinics 2,2022-08-15 00:00:00,2.2,106
Clinics 2,2022-08-22 00:00:00,2.5,106
Clinics 2,2022-08-29 00:00:00,4.7,106
Clinics 2,2022-09-05 00:00:00,4.2,106
Clinics 2,2022-09-12 00:00:00,4,106
Clinics 2,2022-09-19 00:00:00,4.1,106
Clinics 2,2022-09-26 00:00:00,4.3,106
Clinics 2,2022-10-03 00:00:00,4.3,106
Clinics 2,2022-10-10 00:00:00,4.1,106
Clinics 2,2022-10-17 00:00:00,4.4,106
Clinics 2,2022-10-24 00:00:00,4,106
Clinics 2,2022-10-31 00:00:00,4.2,106
Clinics 2,2022-11-07 00:00:00,3.6,106
Clinics 2,2022-11-14 00:00:00,4.7,106
Clinics 2,2022-11-21 00:00:00,4.5,106
Clinics 2,2022-11-28 00:00:00,4.2,106
Clinics 2,2022-12-05 00:00:00,2.9,106
Clinics 2,2022-12-12 00:00:00,3.8,106
Clinics 2,2022-12-19 00:00:00,4.1,106
Clinics 2,2022-12-26 00:00:00,2.4,106
Clinics 2,2023-01-02 00:00:00,3.1,106
Clinics 2,2023-01-09 00:00:00,3.8,106
Clinics 2,2023-01-16 00:00:00,4.3,106
Clinics 2,2023-01-23 00:00:00,4.4,106
Clinics 2,2023-01-30 00:00:00,4.3,106
Clinics 2,2023-02-06 00:00:00,4.3,106
Clinics 2,2023-02-13 00:00:00,3.5,106
Clinics 2,2023-02-20 00:00:00,4.4,106
Clinics 2,2023-02-27 00:00:00,3.1,106
Clinics 2,2023-03-06 00:00:00,4.4,106
Clinics 2,2023-03-13 00:00:00,4.2,106
Clinics 2,2023-03-20 00:00:00,4.4,106
Clinics 2,2023-03-27 00:00:00,3.6,106
Clinics 2,2023-04-03 00:00:00,3.3,106
Clinics 2,2023-04-10 00:00:00,3.85,106
Clinics 2,2023-04-17 00:00:00,4.4,106
Clinics 2,2023-04-24 00:00:00,4.4,106
Clinics 2,2023-05-01 00:00:00,3.9,106
Clinics 2,2023-05-08 00:00:00,4,106
Clinics 2,2023-05-15 00:00:00,5.2,106
Clinics 2,2023-05-22 00:00:00,3.8,106
Clinics 2,2023-05-29 00:00:00,4.2,106
Clinics 2,2023-06-05 00:00:00,3.7,106
Clinics 2,2023-06-12 00:00:00,5,106
Clinics 2,2023-06-19 00:00:00,4.8,106
Clinics 2,2023-06-26 00:00:00,4.3,106
Clinics 2,2023-07-03 00:00:00,4,106
Clinics 2,2023-07-10 00:00:00,3.4,106
Clinics 2,2023-07-17 00:00:00,3,106
Clinics 2,2023-07-24 00:00:00,4,106
Clinics 2,2023-07-31 00:00:00,3.2,106
Clinics 2,2023-08-07 00:00:00,3.2,106
Clinics 2,2023-08-14 00:00:00,3.2,106
Clinics 2,2023-08-21 00:00:00,3.8,106
Clinics 2,2023-08-28 00:00:00,5.4,106
Clinics 2,2023-09-04 00:00:00,4.1,106
Clinics 2,2023-09-11 00:00:00,4.4,106
Clinics 2,2023-09-18 00:00:00,5.2,106
Clinics 2,2023-09-25 00:00:00,6.2,106
Clinics 2,2023-10-02 00:00:00,4.9,106
Clinics 2,2023-10-09 00:00:00,4.8,106
Clinics 2,2023-10-16 00:00:00,5,106
Clinics 2,2023-10-23 00:00:00,5,106
Clinics 2,2023-10-30 00:00:00,5,106
Clinics 2,2023-11-06 00:00:00,5.4,106
Clinics 2,2023-11-13 00:00:00,5.3,106
Clinics 2,2023-11-20 00:00:00,3.7,106
Clinics 2,2023-11-27 00:00:00,5.4,106
Clinics 2,2023-12-04 00:00:00,5.8,106
Clinics 2,2023-12-11 00:00:00,5.1,106
Clinics 2,2023-12-18 00:00:00,4.7,106
Clinics 2,2023-12-25 00:00:00,5.5,106
Clinics 2,2024-01-01 00:00:00,4,106
Clinics 2,2024-01-08 00:00:00,5.4,106
Clinics 2,2024-01-15 00:00:00,4.6,106
Clinics 2,2024-01-22 00:00:00,5.4,106
Clinics 2,2024-01-29 00:00:00,5.2,106
Clinics 2,2024-02-05 00:00:00,5,106
Clinics 2,2024-02-12 00:00:00,4.9,106
Clinics 2,2024-02-19 00:00:00,4,106
Clinics 2,2024-02-26 00:00:00,4.2,106
Clinics 2,2024-03-04 00:00:00,4.8,106
Clinics 2,2024-03-11 00:00:00,4.4,106
Clinics 2,2024-03-18 00:00:00,4.3,106
Clinics 2,2024-03-25 00:00:00,4,106
Clinics 2,2024-04-01 00:00:00,4.4,106
Clinics 2,2024-04-08 00:00:00,4.3,106
Clinics 2,2024-04-15 00:00:00,4.3,106
Clinics 2,2024-04-22 00:00:00,4,106
Clinics 2,2024-04-29 00:00:00,5,106
Clinics 2,2024-05-06 00:00:00,4.4,106
Clinics 2,2024-05-13 00:00:00,5,106
Clinics 2,2024-05-20 00:00:00,4.3,106
Clinics 2,2024-05-27 00:00:00,5.4,106
Clinics 2,2024-06-03 00:00:00,4.6,106
Clinics 2,2024-06-10 00:00:00,4.9,106
Clinics 2,2024-06-17 00:00:00,4.9,106
Clinics 2,2024-06-24 00:00:00,4.4,106
Clinics 2,2024-07-01 00:00:00,3.2,106
Clinics 2,2024-07-08 00:00:00,3.4,106
Clinics 2,2024-07-15 00:00:00,3.8,106
Clinics 2,2024-07-22 00:00:00,2,106
Clinics 2,2024-07-29 00:00:00,2.3,106
Clinics 2,2024-08-05 00:00:00,2.3,106
Clinics 2,2024-08-12 00:00:00,3.1,106
Clinics 2,2024-08-19 00:00:00,5.1,106
Clinics 2,2024-08-26 00:00:00,4,106
Clinics 2,2024-09-02 00:00:00,4.5,106
Clinics 2,2024-09-09 00:00:00,4.5,106
Clinics 2,2024-09-16 00:00:00,5.3,106
Clinics 2,2024-09-23 00:00:00,4.5,106
Clinics 2,2024-09-30 00:00:00,4.3,106
Clinics 2,2024-10-07 00:00:00,4.5,106
Clinics 2,2024-10-14 00:00:00,4.6,106
Clinics 2,2024-10-21 00:00:00,2.9,106
Clinics 2,2024-10-28 00:00:00,3.6,106
Clinics 2,2024-11-04 00:00:00,3.9,106
Clinics 2,2024-11-11 00:00:00,3.9,106
Clinics 2,2024-11-18 00:00:00,4.4,106
Clinics 2,2024-11-25 00:00:00,4.7,106
Clinics 2,2024-12-02 00:00:00,3.8,106
Clinics 2,2024-12-09 00:00:00,4.8,106
Clinics 2,2024-12-16 00:00:00,4.9,106
Clinics 2,2024-12-23 00:00:00,2,106
Clinics 2,2024-12-30 00:00:00,3,106
Clinics 2,2025-01-06 00:00:00,4.2,106
Clinics 2,2025-01-13 00:00:00,4.9,106
Clinics 2,2025-01-20 00:00:00,5.1,106
Clinics 2,2025-01-27 00:00:00,4.5,106
Clinics 2,2025-02-03 00:00:00,5,106
Clinics 2,2025-02-10 00:00:00,4.6,106
Clinics 2,2025-02-17 00:00:00,3.3,106
Clinics 2,2025-02-24 00:00:00,3.3,106
Clinics 2,2025-03-03 00:00:00,4.6,106
Clinics 2,2025-03-10 00:00:00,4.9,106
Clinics 2,2025-03-17 00:00:00,4.9,106
Clinics 2,2025-03-24 00:00:00,4.7,106
Clinics 2,2025-03-31 00:00:00,4.5,106
Clinics 2,2025-04-07 00:00:00,4.8,106
Clinics 2,2025-04-14 00:00:00,4.1,106
Clinics 2,2025-04-21 00:00:00,4.7,106
Clinics 2,2025-04-28 00:00:00,4.3,106
Clinics 2,2025-05-05 00:00:00,4.4,106
Clinics 2,2025-05-12 00:00:00,4.4,106
Clinics 2,2025-05-19 00:00:00,4.6,106
Clinics 2,2025-05-26 00:00:00,3.6,106
Clinics 2,2025-06-02 00:00:00,3.9,106
Clinics 2,2025-06-09 00:00:00,4.4,106
Clinics 2,2025-06-16 00:00:00,3.5,106
Clinics 2,2025-06-23 00:00:00,2.7,106
Clinics 2,2025-06-30 00:00:00,2.9,106
Clinics 1,2022-06-27 00:00:00,16,108
Clinics 1,2022-07-04 00:00:00,16,108
Clinics 1,2022-07-11 00:00:00,16,108
Clinics 1,2022-07-18 00:00:00,16,108
Clinics 1,2022-07-25 00:00:00,16,108
Clinics 1,2022-08-01 00:00:00,16,108
Clinics 1,2022-08-08 00:00:00,16,108
Clinics 1,2022-08-15 00:00:00,16,108
Clinics 1,2022-08-22 00:00:00,16,108
Clinics 1,2022-08-29 00:00:00,16,108
Clinics 1,2022-09-05 00:00:00,16,108
Clinics 1,2022-09-12 00:00:00,16,108
Clinics 1,2022-09-19 00:00:00,16,108
Clinics 1,2022-09-26 00:00:00,16,108
Clinics 1,2022-10-03 00:00:00,16,108
Clinics 1,2022-10-10 00:00:00,16,108
Clinics 1,2022-10-17 00:00:00,16,108
Clinics 1,2022-10-24 00:00:00,16,108
Clinics 1,2022-10-31 00:00:00,32,108
Clinics 1,2022-11-07 00:00:00,40,108
Clinics 1,2022-11-14 00:00:00,36,108
Clinics 1,2022-11-21 00:00:00,32,108
Clinics 1,2022-11-28 00:00:00,16,108
Clinics 1,2022-12-05 00:00:00,16,108
Clinics 1,2022-12-12 00:00:00,40,108
Clinics 1,2022-12-19 00:00:00,24,108
Clinics 1,2022-12-26 00:00:00,32,108
Clinics 1,2023-01-02 00:00:00,32,108
Clinics 1,2023-01-09 00:00:00,40,108
Clinics 1,2023-01-16 00:00:00,40,108
Clinics 1,2023-01-23 00:00:00,40,108
Clinics 1,2023-01-30 00:00:00,38.9167,108
Clinics 1,2023-02-06 00:00:00,40,108
Clinics 1,2023-02-13 00:00:00,40,108
Clinics 1,2023-02-20 00:00:00,38.4,108
Clinics 1,2023-02-27 00:00:00,40,108
Clinics 1,2023-03-06 00:00:00,40,108
Clinics 1,2023-03-13 00:00:00,39.2833,108
Clinics 1,2023-03-20 00:00:00,40,108
Clinics 1,2023-03-27 00:00:00,40,108
Clinics 1,2023-04-03 00:00:00,32,108
Clinics 1,2023-04-10 00:00:00,35.84165,108
Clinics 1,2023-04-17 00:00:00,39.6833,108
Clinics 1,2023-04-24 00:00:00,32,108
Clinics 1,2023-05-01 00:00:00,32,108
Clinics 1,2023-05-08 00:00:00,40,108
Clinics 1,2023-05-15 00:00:00,24,108
Clinics 1,2023-05-22 00:00:00,40,108
Clinics 1,2023-05-29 00:00:00,32,108
Clinics 1,2023-06-05 00:00:00,32,108
Clinics 1,2023-06-12 00:00:00,39.3166,108
Clinics 1,2023-06-19 00:00:00,24,108
Clinics 1,2023-06-26 00:00:00,39.7833,108
Clinics 1,2023-07-03 00:00:00,40,108
Clinics 1,2023-07-10 00:00:00,32,108
Clinics 1,2023-07-17 00:00:00,40,108
Clinics 1,2023-07-24 00:00:00,32,108
Clinics 1,2023-07-31 00:00:00,32,108
Clinics 1,2023-08-07 00:00:00,32,108
Clinics 1,2023-08-14 00:00:00,39.6167,108
Clinics 1,2023-08-21 00:00:00,40,108
Clinics 1,2023-08-28 00:00:00,40,108
Clinics 1,2023-09-04 00:00:00,40,108
Clinics 1,2023-09-11 00:00:00,40,108
Clinics 1,2023-09-18 00:00:00,40,108
Clinics 1,2023-09-25 00:00:00,16,108
Clinics 1,2023-10-02 00:00:00,39.7167,108
Clinics 1,2023-10-09 00:00:00,24,108
Clinics 1,2023-10-16 00:00:00,40,108
Clinics 1,2023-10-23 00:00:00,40,108
Clinics 1,2023-10-30 00:00:00,40,108
Clinics 1,2023-11-06 00:00:00,32,108
Clinics 1,2023-11-13 00:00:00,31.55,108
Clinics 1,2023-11-20 00:00:00,40,108
Clinics 1,2023-11-27 00:00:00,40,108
Clinics 1,2023-12-04 00:00:00,40,108
Clinics 1,2023-12-11 00:00:00,32,108
Clinics 1,2023-12-18 00:00:00,40,108
Clinics 1,2023-12-25 00:00:00,24,108
Clinics 1,2024-01-01 00:00:00,32,108
Clinics 1,2024-01-08 00:00:00,40,108
Clinics 1,2024-01-15 00:00:00,40,108
Clinics 1,2024-01-22 00:00:00,40,108
Clinics 1,2024-01-29 00:00:00,38.4,108
Clinics 1,2024-02-05 00:00:00,40,108
Clinics 1,2024-02-12 00:00:00,32,108
Clinics 1,2024-02-19 00:00:00,32,108
Clinics 1,2024-02-26 00:00:00,16,108
Clinics 1,2024-03-04 00:00:00,16,108
Clinics 1,2024-03-11 00:00:00,24,108
Clinics 1,2024-03-18 00:00:00,24,108
Clinics 1,2024-03-25 00:00:00,16,108
Clinics 1,2024-04-01 00:00:00,24,108
Clinics 1,2024-04-08 00:00:00,24,108
Clinics 1,2024-04-15 00:00:00,16,108
Clinics 1,2024-04-22 00:00:00,24,108
Clinics 1,2024-04-29 00:00:00,32,108
Clinics 1,2024-05-06 00:00:00,32,108
Clinics 1,2024-05-13 00:00:00,40,108
Clinics 1,2024-05-20 00:00:00,40,108
Clinics 1,2024-05-27 00:00:00,40,108
Clinics 1,2024-06-03 00:00:00,30.4,108
Clinics 1,2024-06-10 00:00:00,32,108
Clinics 1,2024-06-17 00:00:00,31.5,108
Clinics 1,2024-06-24 00:00:00,24,108
Clinics 1,2024-07-01 00:00:00,24,108
Clinics 1,2024-07-08 00:00:00,24,108
Clinics 1,2024-07-15 00:00:00,0,108
Clinics 1,2024-07-22 00:00:00,0,108
Clinics 1,2024-07-29 00:00:00,8,108
Clinics 1,2024-08-05 00:00:00,16,108
Clinics 1,2024-08-12 00:00:00,8,108
Clinics 1,2024-08-19 00:00:00,32,108
Clinics 1,2024-08-26 00:00:00,24,108
Clinics 1,2024-09-02 00:00:00,24,108
Clinics 1,2024-09-09 00:00:00,16,108
Clinics 1,2024-09-16 00:00:00,16,108
Clinics 1,2024-09-23 00:00:00,16,108
Clinics 1,2024-09-30 00:00:00,16,108
Clinics 1,2024-10-07 00:00:00,16,108
Clinics 1,2024-10-14 00:00:00,16,108
Clinics 1,2024-10-21 00:00:00,16,108
Clinics 1,2024-10-28 00:00:00,8,108
Clinics 1,2024-11-04 00:00:00,16,108
Clinics 1,2024-11-11 00:00:00,16,108
Clinics 1,2024-11-18 00:00:00,16,108
Clinics 1,2024-11-25 00:00:00,16,108
Clinics 1,2024-12-02 00:00:00,16,108
Clinics 1,2024-12-09 00:00:00,16,108
Clinics 1,2024-12-16 00:00:00,16,108
Clinics 1,2024-12-23 00:00:00,0,108
Clinics 1,2024-12-30 00:00:00,16,108
Clinics 1,2025-01-06 00:00:00,8,108
Clinics 1,2025-01-13 00:00:00,15.6833,108
Clinics 1,2025-01-20 00:00:00,16,108
Clinics 1,2025-01-27 00:00:00,16,108
Clinics 1,2025-02-03 00:00:00,16,108
Clinics 1,2025-02-10 00:00:00,16,108
Clinics 1,2025-02-17 00:00:00,16,108
Clinics 1,2025-02-24 00:00:00,16,108
Clinics 1,2025-03-03 00:00:00,16,108
Clinics 1,2025-03-10 00:00:00,16,108
Clinics 1,2025-03-17 00:00:00,16,108
Clinics 1,2025-03-24 00:00:00,16,108
Clinics 1,2025-03-31 00:00:00,16,108
Clinics 1,2025-04-07 00:00:00,16,108
Clinics 1,2025-04-14 00:00:00,16,108
Clinics 1,2025-04-21 00:00:00,8,108
Clinics 1,2025-04-28 00:00:00,16,108
Clinics 1,2025-05-05 00:00:00,16,108
Clinics 1,2025-05-12 00:00:00,16,108
Clinics 1,2025-05-19 00:00:00,16,108
Clinics 1,2025-05-26 00:00:00,16,108
Clinics 1,2025-06-02 00:00:00,16,108
Clinics 1,2025-06-09 00:00:00,16,108
Clinics 1,2025-06-16 00:00:00,16,108
Clinics 1,2025-06-23 00:00:00,16,108
Clinics 1,2025-06-30 00:00:00,16,108
Sjukhus B,2022-06-27 00:00:00,9.6,109
Sjukhus B,2022-07-04 00:00:00,7.3,109
Sjukhus B,2022-07-11 00:00:00,6.9,109
Sjukhus B,2022-07-18 00:00:00,7.7,109
Sjukhus B,2022-07-25 00:00:00,7.1,109
Sjukhus B,2022-08-01 00:00:00,6.8,109
Sjukhus B,2022-08-08 00:00:00,6.2,109
Sjukhus B,2022-08-15 00:00:00,4,109
Sjukhus B,2022-08-22 00:00:00,7.8,109
Sjukhus B,2022-08-29 00:00:00,8.9,109
Sjukhus B,2022-09-05 00:00:00,10.3,109
Sjukhus B,2022-09-12 00:00:00,10.2,109
Sjukhus B,2022-09-19 00:00:00,8.2,109
Sjukhus B,2022-09-26 00:00:00,7.7,109
Sjukhus B,2022-10-03 00:00:00,9.1,109
Sjukhus B,2022-10-10 00:00:00,8.8,109
Sjukhus B,2022-10-17 00:00:00,7.8,109
Sjukhus B,2022-10-24 00:00:00,8.9,109
Sjukhus B,2022-10-31 00:00:00,9.3,109
Sjukhus B,2022-11-07 00:00:00,8.5,109
Sjukhus B,2022-11-14 00:00:00,7.7,109
Sjukhus B,2022-11-21 00:00:00,8,109
Sjukhus B,2022-11-28 00:00:00,8,109
Sjukhus B,2022-12-05 00:00:00,8.9,109
Sjukhus B,2022-12-12 00:00:00,8.5,109
Sjukhus B,2022-12-19 00:00:00,8.6,109
Sjukhus B,2022-12-26 00:00:00,5.8,109
Sjukhus B,2023-01-02 00:00:00,5.7,109
Sjukhus B,2023-01-09 00:00:00,8,109
Sjukhus B,2023-01-16 00:00:00,8.7,109
Sjukhus B,2023-01-23 00:00:00,9,109
Sjukhus B,2023-01-30 00:00:00,8.8,109
Sjukhus B,2023-02-06 00:00:00,5.4,109
Sjukhus B,2023-02-13 00:00:00,5.5,109
Sjukhus B,2023-02-20 00:00:00,8.2,109
Sjukhus B,2023-02-27 00:00:00,8.4,109
Sjukhus B,2023-03-06 00:00:00,9.1,109
Sjukhus B,2023-03-13 00:00:00,9.3,109
Sjukhus B,2023-03-20 00:00:00,8.9,109
Sjukhus B,2023-03-27 00:00:00,7.5,109
Sjukhus B,2023-04-03 00:00:00,8.2,109
Sjukhus B,2023-04-10 00:00:00,8.75,109
Sjukhus B,2023-04-17 00:00:00,9.3,109
Sjukhus B,2023-04-24 00:00:00,7,109
Sjukhus B,2023-05-01 00:00:00,9.1,109
Sjukhus B,2023-05-08 00:00:00,9.1,109
Sjukhus B,2023-05-15 00:00:00,9.1,109
Sjukhus B,2023-05-22 00:00:00,9.7,109
Sjukhus B,2023-05-29 00:00:00,9.4,109
Sjukhus B,2023-06-05 00:00:00,9.4,109
Sjukhus B,2023-06-12 00:00:00,8.1,109
Sjukhus B,2023-06-19 00:00:00,8.2,109
Sjukhus B,2023-06-26 00:00:00,9.4,109
Sjukhus B,2023-07-03 00:00:00,5.6,109
Sjukhus B,2023-07-10 00:00:00,5,109
Sjukhus B,2023-07-17 00:00:00,5.4,109
Sjukhus B,2023-07-24 00:00:00,5.5,109
Sjukhus B,2023-07-31 00:00:00,6,109
Sjukhus B,2023-08-07 00:00:00,5.5,109
Sjukhus B,2023-08-14 00:00:00,7.4,109
Sjukhus B,2023-08-21 00:00:00,6.3,109
Sjukhus B,2023-08-28 00:00:00,7,109
Sjukhus B,2023-09-04 00:00:00,7.3,109
Sjukhus B,2023-09-11 00:00:00,6.8,109
Sjukhus B,2023-09-18 00:00:00,6.5,109
Sjukhus B,2023-09-25 00:00:00,7,109
Sjukhus B,2023-10-02 00:00:00,6.6,109
Sjukhus B,2023-10-09 00:00:00,7.7,109
Sjukhus B,2023-10-16 00:00:00,7.6,109
Sjukhus B,2023-10-23 00:00:00,6.7,109
Sjukhus B,2023-10-30 00:00:00,6.9,109
Sjukhus B,2023-11-06 00:00:00,6.8,109
Sjukhus B,2023-11-13 00:00:00,7.2,109
Sjukhus B,2023-11-20 00:00:00,6.3,109
Sjukhus B,2023-11-27 00:00:00,8,109
Sjukhus B,2023-12-04 00:00:00,7.2,109
Sjukhus B,2023-12-11 00:00:00,8.5,109
Sjukhus B,2023-12-18 00:00:00,8.1,109
Sjukhus B,2023-12-25 00:00:00,7.2,109
Sjukhus B,2024-01-01 00:00:00,7.9,109
Sjukhus B,2024-01-08 00:00:00,7.9,109
Sjukhus B,2024-01-15 00:00:00,8.2,109
Sjukhus B,2024-01-22 00:00:00,8.2,109
Sjukhus B,2024-01-29 00:00:00,7.1,109
Sjukhus B,2024-02-05 00:00:00,6,109
Sjukhus B,2024-02-12 00:00:00,7.2,109
Sjukhus B,2024-02-19 00:00:00,8.3,109
Sjukhus B,2024-02-26 00:00:00,8,109
Sjukhus B,2024-03-04 00:00:00,8.7,109
Sjukhus B,2024-03-11 00:00:00,8.5,109
Sjukhus B,2024-03-18 00:00:00,8.1,109
Sjukhus B,2024-03-25 00:00:00,6.5,109
Sjukhus B,2024-04-01 00:00:00,9.1,109
Sjukhus B,2024-04-08 00:00:00,8.7,109
Sjukhus B,2024-04-15 00:00:00,8.3,109
Sjukhus B,2024-04-22 00:00:00,8.6,109
Sjukhus B,2024-04-29 00:00:00,9,109
Sjukhus B,2024-05-06 00:00:00,7,109
Sjukhus B,2024-05-13 00:00:00,8.2,109
Sjukhus B,2024-05-20 00:00:00,7.8,109
Sjukhus B,2024-05-27 00:00:00,8.2,109
Sjukhus B,2024-06-03 00:00:00,7.6,109
Sjukhus B,2024-06-10 00:00:00,8,109
Sjukhus B,2024-06-17 00:00:00,6.4,109
Sjukhus B,2024-06-24 00:00:00,5.6,109
Sjukhus B,2024-07-01 00:00:00,4.2,109
Sjukhus B,2024-07-08 00:00:00,4.3,109
Sjukhus B,2024-07-15 00:00:00,4.7,109
Sjukhus B,2024-07-22 00:00:00,5,109
Sjukhus B,2024-07-29 00:00:00,3.9,109
Sjukhus B,2024-08-05 00:00:00,4.5,109
Sjukhus B,2024-08-12 00:00:00,4.5,109
Sjukhus B,2024-08-19 00:00:00,6.5,109
Sjukhus B,2024-08-26 00:00:00,6.5,109
Sjukhus B,2024-09-02 00:00:00,7.3,109
Sjukhus B,2024-09-09 00:00:00,7.1,109
Sjukhus B,2024-09-16 00:00:00,6.4,109
Sjukhus B,2024-09-23 00:00:00,8.5,109
Sjukhus B,2024-09-30 00:00:00,8.1,109
Sjukhus B,2024-10-07 00:00:00,7.8,109
Sjukhus B,2024-10-14 00:00:00,9.1,109
Sjukhus B,2024-10-21 00:00:00,9.6,109
Sjukhus B,2024-10-28 00:00:00,8.3,109
Sjukhus B,2024-11-04 00:00:00,8,109
Sjukhus B,2024-11-11 00:00:00,8.8,109
Sjukhus B,2024-11-18 00:00:00,7.1,109
Sjukhus B,2024-11-25 00:00:00,7.4,109
Sjukhus B,2024-12-02 00:00:00,8.2,109
Sjukhus B,2024-12-09 00:00:00,9,109
Sjukhus B,2024-12-16 00:00:00,9.2,109
Sjukhus B,2024-12-23 00:00:00,8.3,109
Sjukhus B,2024-12-30 00:00:00,9.2,109
Sjukhus B,2025-01-06 00:00:00,8,109
Sjukhus B,2025-01-13 00:00:00,8,109
Sjukhus B,2025-01-20 00:00:00,7.9,109
Sjukhus B,2025-01-27 00:00:00,7.6,109
Sjukhus B,2025-02-03 00:00:00,7.6,109
Sjukhus B,2025-02-10 00:00:00,7.9,109
Sjukhus B,2025-02-17 00:00:00,6.5,109
Sjukhus B,2025-02-24 00:00:00,7.5,109
Sjukhus B,2025-03-03 00:00:00,7.5,109
Sjukhus B,2025-03-10 00:00:00,7.8,109
Sjukhus B,2025-03-17 00:00:00,8.1,109
Sjukhus B,2025-03-24 00:00:00,6,109
Sjukhus B,2025-03-31 00:00:00,8,109
Sjukhus B,2025-04-07 00:00:00,6.6,109
Sjukhus B,2025-04-14 00:00:00,6.2,109
Sjukhus B,2025-04-21 00:00:00,9.2,109
Sjukhus B,2025-04-28 00:00:00,7.9,109
Sjukhus B,2025-05-05 00:00:00,5.9,109
Sjukhus B,2025-05-12 00:00:00,6.7,109
Sjukhus B,2025-05-19 00:00:00,6,109
Sjukhus B,2025-05-26 00:00:00,6.5,109
Sjukhus B,2025-06-02 00:00:00,7.3,109
Sjukhus B,2025-06-09 00:00:00,6.3,109
Sjukhus B,2025-06-16 00:00:00,5.9,109
Sjukhus B,2025-06-23 00:00:00,4.2,109
Sjukhus B,2025-06-30 00:00:00,3.5,109
Clinics 2,2022-06-27 00:00:00,1.8,110
Clinics 2,2022-07-04 00:00:00,1.6,110
Clinics 2,2022-07-11 00:00:00,1,110
Clinics 2,2022-07-18 00:00:00,1,110
Clinics 2,2022-07-25 00:00:00,0.8,110
Clinics 2,2022-08-01 00:00:00,1.6,110
Clinics 2,2022-08-08 00:00:00,1,110
Clinics 2,2022-08-15 00:00:00,0.6,110
Clinics 2,2022-08-22 00:00:00,1.8,110
Clinics 2,2022-08-29 00:00:00,1.6,110
Clinics 2,2022-09-05 00:00:00,1.4,110
Clinics 2,2022-09-12 00:00:00,1.6,110
Clinics 2,2022-09-19 00:00:00,1.9,110
Clinics 2,2022-09-26 00:00:00,1.6,110
Clinics 2,2022-10-03 00:00:00,1.8,110
Clinics 2,2022-10-10 00:00:00,0.9,110
Clinics 2,2022-10-17 00:00:00,1.7,110
Clinics 2,2022-10-24 00:00:00,1.2,110
Clinics 2,2022-10-31 00:00:00,1.9,110
Clinics 2,2022-11-07 00:00:00,0.9,110
Clinics 2,2022-11-14 00:00:00,0.8,110
Clinics 2,2022-11-21 00:00:00,1.6,110
Clinics 2,2022-11-28 00:00:00,1.6,110
Clinics 2,2022-12-05 00:00:00,1.6,110
Clinics 2,2022-12-12 00:00:00,1.3,110
Clinics 2,2022-12-19 00:00:00,1.5,110
Clinics 2,2022-12-26 00:00:00,1.1,110
Clinics 2,2023-01-02 00:00:00,1.3,110
Clinics 2,2023-01-09 00:00:00,1.5,110
Clinics 2,2023-01-16 00:00:00,1.6,110
Clinics 2,2023-01-23 00:00:00,1.7,110
Clinics 2,2023-01-30 00:00:00,1.6,110
Clinics 2,2023-02-06 00:00:00,1.8,110
Clinics 2,2023-02-13 00:00:00,1.4,110
Clinics 2,2023-02-20 00:00:00,1.4,110
Clinics 2,2023-02-27 00:00:00,1.6,110
Clinics 2,2023-03-06 00:00:00,1.8,110
Clinics 2,2023-03-13 00:00:00,1.6,110
Clinics 2,2023-03-20 00:00:00,1.6,110
Clinics 2,2023-03-27 00:00:00,1.4,110
Clinics 2,2023-04-03 00:00:00,1.8,110
Clinics 2,2023-04-10 00:00:00,1.75,110
Clinics 2,2023-04-17 00:00:00,1.7,110
Clinics 2,2023-04-24 00:00:00,1.2,110
Clinics 2,2023-05-01 00:00:00,1.5,110
Clinics 2,2023-05-08 00:00:00,1,110
Clinics 2,2023-05-15 00:00:00,1.4,110
Clinics 2,2023-05-22 00:00:00,1.5,110
Clinics 2,2023-05-29 00:00:00,2.3,110
Clinics 2,2023-06-05 00:00:00,1.6,110
Clinics 2,2023-06-12 00:00:00,0.6,110
Clinics 2,2023-06-19 00:00:00,1.2,110
Clinics 2,2023-06-26 00:00:00,1.8,110
Clinics 2,2023-07-03 00:00:00,1.5,110
Clinics 2,2023-07-10 00:00:00,1.5,110
Clinics 2,2023-07-17 00:00:00,1.5,110
Clinics 2,2023-07-24 00:00:00,1.2,110
Clinics 2,2023-07-31 00:00:00,1,110
Clinics 2,2023-08-07 00:00:00,1.2,110
Clinics 2,2023-08-14 00:00:00,1.4,110
Clinics 2,2023-08-21 00:00:00,1.5,110
Clinics 2,2023-08-28 00:00:00,1.5,110
Clinics 2,2023-09-04 00:00:00,1.3,110
Clinics 2,2023-09-11 00:00:00,1.3,110
Clinics 2,2023-09-18 00:00:00,1.4,110
Clinics 2,2023-09-25 00:00:00,1.2,110
Clinics 2,2023-10-02 00:00:00,1.3,110
Clinics 2,2023-10-09 00:00:00,1,110
Clinics 2,2023-10-16 00:00:00,2,110
Clinics 2,2023-10-23 00:00:00,1.6,110
Clinics 2,2023-10-30 00:00:00,2,110
Clinics 2,2023-11-06 00:00:00,1.2,110
Clinics 2,2023-11-13 00:00:00,1.2,110
Clinics 2,2023-11-20 00:00:00,1.8,110
Clinics 2,2023-11-27 00:00:00,2,110
Clinics 2,2023-12-04 00:00:00,1.4,110
Clinics 2,2023-12-11 00:00:00,1.5,110
Clinics 2,2023-12-18 00:00:00,1.5,110
Clinics 2,2023-12-25 00:00:00,1.8,110
Clinics 2,2024-01-01 00:00:00,1,110
Clinics 2,2024-01-08 00:00:00,1.5,110
Clinics 2,2024-01-15 00:00:00,1.8,110
Clinics 2,2024-01-22 00:00:00,2.2,110
Clinics 2,2024-01-29 00:00:00,1.8,110
Clinics 2,2024-02-05 00:00:00,1.2,110
Clinics 2,2024-02-12 00:00:00,2,110
Clinics 2,2024-02-19 00:00:00,1.8,110
Clinics 2,2024-02-26 00:00:00,1.3,110
Clinics 2,2024-03-04 00:00:00,1.5,110
Clinics 2,2024-03-11 00:00:00,1.4,110
Clinics 2,2024-03-18 00:00:00,1.6,110
Clinics 2,2024-03-25 00:00:00,1.9,110
Clinics 2,2024-04-01 00:00:00,1.5,110
Clinics 2,2024-04-08 00:00:00,1.4,110
Clinics 2,2024-04-15 00:00:00,1.7,110
Clinics 2,2024-04-22 00:00:00,1.5,110
Clinics 2,2024-04-29 00:00:00,1.3,110
Clinics 2,2024-05-06 00:00:00,1.2,110
Clinics 2,2024-05-13 00:00:00,1.2,110
Clinics 2,2024-05-20 00:00:00,1,110
Clinics 2,2024-05-27 00:00:00,0.9,110
Clinics 2,2024-06-03 00:00:00,1.5,110
Clinics 2,2024-06-10 00:00:00,1.5,110
Clinics 2,2024-06-17 00:00:00,1,110
Clinics 2,2024-06-24 00:00:00,0.9,110
Clinics 2,2024-07-01 00:00:00,1,110
Clinics 2,2024-07-08 00:00:00,1.6,110
Clinics 2,2024-07-15 00:00:00,1.5,110
Clinics 2,2024-07-22 00:00:00,1.3,110
Clinics 2,2024-07-29 00:00:00,1.5,110
Clinics 2,2024-08-05 00:00:00,1,110
Clinics 2,2024-08-12 00:00:00,1,110
Clinics 2,2024-08-19 00:00:00,1,110
Clinics 2,2024-08-26 00:00:00,1,110
Clinics 2,2024-09-02 00:00:00,1.3,110
Clinics 2,2024-09-09 00:00:00,0.7,110
Clinics 2,2024-09-16 00:00:00,1.5,110
Clinics 2,2024-09-23 00:00:00,1.4,110
Clinics 2,2024-09-30 00:00:00,1.2,110
Clinics 2,2024-10-07 00:00:00,1.3,110
Clinics 2,2024-10-14 00:00:00,1.1,110
Clinics 2,2024-10-21 00:00:00,1.1,110
Clinics 2,2024-10-28 00:00:00,0.8,110
Clinics 2,2024-11-04 00:00:00,1.5,110
Clinics 2,2024-11-11 00:00:00,1.5,110
Clinics 2,2024-11-18 00:00:00,1.5,110
Clinics 2,2024-11-25 00:00:00,1.5,110
Clinics 2,2024-12-02 00:00:00,1.5,110
Clinics 2,2024-12-09 00:00:00,1.3,110
Clinics 2,2024-12-16 00:00:00,1.5,110
Clinics 2,2024-12-23 00:00:00,1,110
Clinics 2,2024-12-30 00:00:00,0.9,110
Clinics 2,2025-01-06 00:00:00,1.6,110
Clinics 2,2025-01-13 00:00:00,1.5,110
Clinics 2,2025-01-20 00:00:00,1.5,110
Clinics 2,2025-01-27 00:00:00,1.4,110
Clinics 2,2025-02-03 00:00:00,1.4,110
Clinics 2,2025-02-10 00:00:00,1.2,110
Clinics 2,2025-02-17 00:00:00,1.4,110
Clinics 2,2025-02-24 00:00:00,1.5,110
Clinics 2,2025-03-03 00:00:00,1.2,110
Clinics 2,2025-03-10 00:00:00,1.5,110
Clinics 2,2025-03-17 00:00:00,1.2,110
Clinics 2,2025-03-24 00:00:00,1.4,110
Clinics 2,2025-03-31 00:00:00,1.6,110
Clinics 2,2025-04-07 00:00:00,1.6,110
Clinics 2,2025-04-14 00:00:00,1.5,110
Clinics 2,2025-04-21 00:00:00,1,110
Clinics 2,2025-04-28 00:00:00,1,110
Clinics 2,2025-05-05 00:00:00,1.6,110
Clinics 2,2025-05-12 00:00:00,1.5,110
Clinics 2,2025-05-19 00:00:00,1.4,110
Clinics 2,2025-05-26 00:00:00,1.4,110
Clinics 2,2025-06-02 00:00:00,1.5,110
Clinics 2,2025-06-09 00:00:00,1.5,110
Clinics 2,2025-06-16 00:00:00,1.8,110
Clinics 2,2025-06-23 00:00:00,1,110
Clinics 2,2025-06-30 00:00:00,1,110
Clinics 1,2022-06-27 00:00:00,2.2,111
Clinics 1,2022-07-04 00:00:00,2.4,111
Clinics 1,2022-07-11 00:00:00,2,111
Clinics 1,2022-07-18 00:00:00,2.2,111
Clinics 1,2022-07-25 00:00:00,1.4,111
Clinics 1,2022-08-01 00:00:00,1.5,111
Clinics 1,2022-08-08 00:00:00,1.6,111
Clinics 1,2022-08-15 00:00:00,0.8,111
Clinics 1,2022-08-22 00:00:00,1.8,111
Clinics 1,2022-08-29 00:00:00,2.5,111
Clinics 1,2022-09-05 00:00:00,2.6,111
Clinics 1,2022-09-12 00:00:00,1.8,111
Clinics 1,2022-09-19 00:00:00,2.5,111
Clinics 1,2022-09-26 00:00:00,2,111
Clinics 1,2022-10-03 00:00:00,2.6,111
Clinics 1,2022-10-10 00:00:00,1.8,111
Clinics 1,2022-10-17 00:00:00,1.8,111
Clinics 1,2022-10-24 00:00:00,2.6,111
Clinics 1,2022-10-31 00:00:00,2.6,111
Clinics 1,2022-11-07 00:00:00,2.4,111
Clinics 1,2022-11-14 00:00:00,2.5,111
Clinics 1,2022-11-21 00:00:00,2.5,111
Clinics 1,2022-11-28 00:00:00,2.6,111
Clinics 1,2022-12-05 00:00:00,2.6,111
Clinics 1,2022-12-12 00:00:00,2.4,111
Clinics 1,2022-12-19 00:00:00,1.8,111
Clinics 1,2022-12-26 00:00:00,1.6,111
Clinics 1,2023-01-02 00:00:00,1.75,111
Clinics 1,2023-01-09 00:00:00,1.9,111
Clinics 1,2023-01-16 00:00:00,2.3,111
Clinics 1,2023-01-23 00:00:00,2.6,111
Clinics 1,2023-01-30 00:00:00,2.4,111
Clinics 1,2023-02-06 00:00:00,1.8,111
Clinics 1,2023-02-13 00:00:00,1.7,111
Clinics 1,2023-02-20 00:00:00,1.8,111
Clinics 1,2023-02-27 00:00:00,2.4,111
Clinics 1,2023-03-06 00:00:00,2,111
Clinics 1,2023-03-13 00:00:00,1.5,111
Clinics 1,2023-03-20 00:00:00,2.4,111
Clinics 1,2023-03-27 00:00:00,2.5,111
Clinics 1,2023-04-03 00:00:00,2.2,111
Clinics 1,2023-04-10 00:00:00,2.35,111
Clinics 1,2023-04-17 00:00:00,2.5,111
Clinics 1,2023-04-24 00:00:00,2.6,111
Clinics 1,2023-05-01 00:00:00,2.6,111
Clinics 1,2023-05-08 00:00:00,2.5,111
Clinics 1,2023-05-15 00:00:00,1.7,111
Clinics 1,2023-05-22 00:00:00,0.8,111
Clinics 1,2023-05-29 00:00:00,1.8,111
Clinics 1,2023-06-05 00:00:00,1.8,111
Clinics 1,2023-06-12 00:00:00,1.7,111
Clinics 1,2023-06-19 00:00:00,1.8,111
Clinics 1,2023-06-26 00:00:00,1.7,111
Clinics 1,2023-07-03 00:00:00,1,111
Clinics 1,2023-07-10 00:00:00,1,111
Clinics 1,2023-07-17 00:00:00,1,111
Clinics 1,2023-07-24 00:00:00,1,111
Clinics 1,2023-07-31 00:00:00,1,111
Clinics 1,2023-08-07 00:00:00,1,111
Clinics 1,2023-08-14 00:00:00,1,111
Clinics 1,2023-08-21 00:00:00,1,111
Clinics 1,2023-08-28 00:00:00,1,111
Clinics 1,2023-09-04 00:00:00,1.2,111
Clinics 1,2023-09-11 00:00:00,1.7,111
Clinics 1,2023-09-18 00:00:00,1.8,111
Clinics 1,2023-09-25 00:00:00,1.9,111
Clinics 1,2023-10-02 00:00:00,1.7,111
Clinics 1,2023-10-09 00:00:00,1.5,111
Clinics 1,2023-10-16 00:00:00,1.6,111
Clinics 1,2023-10-23 00:00:00,1.4,111
Clinics 1,2023-10-30 00:00:00,2.2,111
Clinics 1,2023-11-06 00:00:00,2.2,111
Clinics 1,2023-11-13 00:00:00,1.8,111
Clinics 1,2023-11-20 00:00:00,1.4,111
Clinics 1,2023-11-27 00:00:00,1.9,111
Clinics 1,2023-12-04 00:00:00,1.9,111
Clinics 1,2023-12-11 00:00:00,2.2,111
Clinics 1,2023-12-18 00:00:00,1.6,111
Clinics 1,2023-12-25 00:00:00,1.4,111
Clinics 1,2024-01-01 00:00:00,1.3,111
Clinics 1,2024-01-08 00:00:00,1.6,111
Clinics 1,2024-01-15 00:00:00,1.5,111
Clinics 1,2024-01-22 00:00:00,1.4,111
Clinics 1,2024-01-29 00:00:00,1,111
Clinics 1,2024-02-05 00:00:00,1.4,111
Clinics 1,2024-02-12 00:00:00,1.4,111
Clinics 1,2024-02-19 00:00:00,1.1,111
Clinics 1,2024-02-26 00:00:00,1.2,111
Clinics 1,2024-03-04 00:00:00,1.6,111
Clinics 1,2024-03-11 00:00:00,1.2,111
Clinics 1,2024-03-18 00:00:00,1.3,111
Clinics 1,2024-03-25 00:00:00,1.2,111
Clinics 1,2024-04-01 00:00:00,1.3,111
Clinics 1,2024-04-08 00:00:00,1.6,111
Clinics 1,2024-04-15 00:00:00,1.4,111
Clinics 1,2024-04-22 00:00:00,1.5,111
Clinics 1,2024-04-29 00:00:00,1.1,111
Clinics 1,2024-05-06 00:00:00,1.5,111
Clinics 1,2024-05-13 00:00:00,1.6,111
Clinics 1,2024-05-20 00:00:00,1.4,111
Clinics 1,2024-05-27 00:00:00,1.3,111
Clinics 1,2024-06-03 00:00:00,3.8,111
Clinics 1,2024-06-10 00:00:00,3.4,111
Clinics 1,2024-06-17 00:00:00,2.8,111
Clinics 1,2024-06-24 00:00:00,2.8,111
Clinics 1,2024-07-01 00:00:00,3.6,111
Clinics 1,2024-07-08 00:00:00,3.2,111
Clinics 1,2024-07-15 00:00:00,2.4,111
Clinics 1,2024-07-22 00:00:00,2,111
Clinics 1,2024-07-29 00:00:00,2.4,111
Clinics 1,2024-08-05 00:00:00,2.8,111
Clinics 1,2024-08-12 00:00:00,3.4,111
Clinics 1,2024-08-19 00:00:00,3.2,111
Clinics 1,2024-08-26 00:00:00,3.1,111
Clinics 1,2024-09-02 00:00:00,3.1,111
Clinics 1,2024-09-09 00:00:00,3.4,111
Clinics 1,2024-09-16 00:00:00,2.5,111
Clinics 1,2024-09-23 00:00:00,2.9,111
Clinics 1,2024-09-30 00:00:00,1.8,111
Clinics 1,2024-10-07 00:00:00,3.2,111
Clinics 1,2024-10-14 00:00:00,3.4,111
Clinics 1,2024-10-21 00:00:00,3.4,111
Clinics 1,2024-10-28 00:00:00,3.2,111
Clinics 1,2024-11-04 00:00:00,3.4,111
Clinics 1,2024-11-11 00:00:00,3.3,111
Clinics 1,2024-11-18 00:00:00,3.6,111
Clinics 1,2024-11-25 00:00:00,3.3,111
Clinics 1,2024-12-02 00:00:00,3.4,111
Clinics 1,2024-12-09 00:00:00,3.3,111
Clinics 1,2024-12-16 00:00:00,2.3,111
Clinics 1,2024-12-23 00:00:00,2,111
Clinics 1,2024-12-30 00:00:00,2,111
Clinics 1,2025-01-06 00:00:00,3.3,111
Clinics 1,2025-01-13 00:00:00,3.1,111
Clinics 1,2025-01-20 00:00:00,3.2,111
Clinics 1,2025-01-27 00:00:00,3.1,111
Clinics 1,2025-02-03 00:00:00,3,111
Clinics 1,2025-02-10 00:00:00,2.8,111
Clinics 1,2025-02-17 00:00:00,2.8,111
Clinics 1,2025-02-24 00:00:00,3.1,111
Clinics 1,2025-03-03 00:00:00,3.4,111
Clinics 1,2025-03-10 00:00:00,3.4,111
Clinics 1,2025-03-17 00:00:00,3.1,111
Clinics 1,2025-03-24 00:00:00,3.4,111
Clinics 1,2025-03-31 00:00:00,3.1,111
Clinics 1,2025-04-07 00:00:00,3.4,111
Clinics 1,2025-04-14 00:00:00,3.1,111
Clinics 1,2025-04-21 00:00:00,3.3,111
Clinics 1,2025-04-28 00:00:00,2.5,111
Clinics 1,2025-05-05 00:00:00,2.3,111
Clinics 1,2025-05-12 00:00:00,3.2,111
Clinics 1,2025-05-19 00:00:00,3.2,111
Clinics 1,2025-05-26 00:00:00,3.5,111
Clinics 1,2025-06-02 00:00:00,2.4,111
Clinics 1,2025-06-09 00:00:00,2.7,111
Clinics 1,2025-06-16 00:00:00,1.5,111
Clinics 1,2025-06-23 00:00:00,2.8,111
Clinics 1,2025-06-30 00:00:00,2,111
Clinics 2,2022-06-27 00:00:00,1.7,112
Clinics 2,2022-07-04 00:00:00,1.3,112
Clinics 2,2022-07-11 00:00:00,1.3,112
Clinics 2,2022-07-18 00:00:00,0.9,112
Clinics 2,2022-07-25 00:00:00,0.9,112
Clinics 2,2022-08-01 00:00:00,0.7,112
Clinics 2,2022-08-08 00:00:00,0.8,112
Clinics 2,2022-08-15 00:00:00,0.6,112
Clinics 2,2022-08-22 00:00:00,1.7,112
Clinics 2,2022-08-29 00:00:00,1.7,112
Clinics 2,2022-09-05 00:00:00,2.1,112
Clinics 2,2022-09-12 00:00:00,2,112
Clinics 2,2022-09-19 00:00:00,2.3,112
Clinics 2,2022-09-26 00:00:00,1.6,112
Clinics 2,2022-10-03 00:00:00,2.3,112
Clinics 2,2022-10-10 00:00:00,2.2,112
Clinics 2,2022-10-17 00:00:00,2.3,112
Clinics 2,2022-10-24 00:00:00,2.1,112
Clinics 2,2022-10-31 00:00:00,2,112
Clinics 2,2022-11-07 00:00:00,2.1,112
Clinics 2,2022-11-14 00:00:00,2.3,112
Clinics 2,2022-11-21 00:00:00,1.9,112
Clinics 2,2022-11-28 00:00:00,2.3,112
Clinics 2,2022-12-05 00:00:00,2.3,112
Clinics 2,2022-12-12 00:00:00,2.3,112
Clinics 2,2022-12-19 00:00:00,2,112
Clinics 2,2022-12-26 00:00:00,0.8,112
Clinics 2,2023-01-02 00:00:00,1.5,112
Clinics 2,2023-01-09 00:00:00,2.2,112
Clinics 2,2023-01-16 00:00:00,2.2,112
Clinics 2,2023-01-23 00:00:00,2.5,112
Clinics 2,2023-01-30 00:00:00,2.3,112
Clinics 2,2023-02-06 00:00:00,2.2,112
Clinics 2,2023-02-13 00:00:00,1.7,112
Clinics 2,2023-02-20 00:00:00,2.7,112
Clinics 2,2023-02-27 00:00:00,2.1,112
Clinics 2,2023-03-06 00:00:00,2,112
Clinics 2,2023-03-13 00:00:00,2.4,112
Clinics 2,2023-03-20 00:00:00,2.2,112
Clinics 2,2023-03-27 00:00:00,2.3,112
Clinics 2,2023-04-03 00:00:00,2.3,112
Clinics 2,2023-04-10 00:00:00,2,112
Clinics 2,2023-04-17 00:00:00,1.7,112
Clinics 2,2023-04-24 00:00:00,2.5,112
Clinics 2,2023-05-01 00:00:00,2.2,112
Clinics 2,2023-05-08 00:00:00,2.3,112
Clinics 2,2023-05-15 00:00:00,2.4,112
Clinics 2,2023-05-22 00:00:00,2.4,112
Clinics 2,2023-05-29 00:00:00,2.5,112
Clinics 2,2023-06-05 00:00:00,2.3,112
Clinics 2,2023-06-12 00:00:00,2.2,112
Clinics 2,2023-06-19 00:00:00,2.1,112
Clinics 2,2023-06-26 00:00:00,1.5,112
Clinics 2,2023-07-03 00:00:00,1.9,112
Clinics 2,2023-07-10 00:00:00,1.8,112
Clinics 2,2023-07-17 00:00:00,1.6,112
Clinics 2,2023-07-24 00:00:00,1.8,112
Clinics 2,2023-07-31 00:00:00,1.8,112
Clinics 2,2023-08-07 00:00:00,1.8,112
Clinics 2,2023-08-14 00:00:00,2.5,112
Clinics 2,2023-08-21 00:00:00,1.7,112
Clinics 2,2023-08-28 00:00:00,1.9,112
Clinics 2,2023-09-04 00:00:00,2.3,112
Clinics 2,2023-09-11 00:00:00,2.1,112
Clinics 2,2023-09-18 00:00:00,2.5,112
Clinics 2,2023-09-25 00:00:00,2.4,112
Clinics 2,2023-10-02 00:00:00,2.2,112
Clinics 2,2023-10-09 00:00:00,2.8,112
Clinics 2,2023-10-16 00:00:00,2.5,112
Clinics 2,2023-10-23 00:00:00,2.9,112
Clinics 2,2023-10-30 00:00:00,2.5,112
Clinics 2,2023-11-06 00:00:00,2.4,112
Clinics 2,2023-11-13 00:00:00,2,112
Clinics 2,2023-11-20 00:00:00,1.2,112
Clinics 2,2023-11-27 00:00:00,2.3,112
Clinics 2,2023-12-04 00:00:00,2.4,112
Clinics 2,2023-12-11 00:00:00,2.1,112
Clinics 2,2023-12-18 00:00:00,1.9,112
Clinics 2,2023-12-25 00:00:00,1.9,112
Clinics 2,2024-01-01 00:00:00,1.9,112
Clinics 2,2024-01-08 00:00:00,2.5,112
Clinics 2,2024-01-15 00:00:00,2.2,112
Clinics 2,2024-01-22 00:00:00,2.8,112
Clinics 2,2024-01-29 00:00:00,2.1,112
Clinics 2,2024-02-05 00:00:00,2,112
Clinics 2,2024-02-12 00:00:00,1.8,112
Clinics 2,2024-02-19 00:00:00,2,112
Clinics 2,2024-02-26 00:00:00,2,112
Clinics 2,2024-03-04 00:00:00,2,112
Clinics 2,2024-03-11 00:00:00,1.7,112
Clinics 2,2024-03-18 00:00:00,1.9,112
Clinics 2,2024-03-25 00:00:00,2,112
Clinics 2,2024-04-01 00:00:00,2.2,112
Clinics 2,2024-04-08 00:00:00,2,112
Clinics 2,2024-04-15 00:00:00,1.9,112
Clinics 2,2024-04-22 00:00:00,1.9,112
Clinics 2,2024-04-29 00:00:00,1.5,112
Clinics 2,2024-05-06 00:00:00,1.8,112
Clinics 2,2024-05-13 00:00:00,1.8,112
Clinics 2,2024-05-20 00:00:00,1,112
Clinics 2,2024-05-27 00:00:00,1,112
Clinics 2,2024-06-03 00:00:00,0.8,112
Clinics 2,2024-06-10 00:00:00,1.3,112
Clinics 2,2024-06-17 00:00:00,1,112
Clinics 2,2024-06-24 00:00:00,1,112
Clinics 2,2024-07-01 00:00:00,0.8,112
Clinics 2,2024-07-08 00:00:00,0.4,112
Clinics 2,2024-07-15 00:00:00,1,112
Clinics 2,2024-07-22 00:00:00,0.8,112
Clinics 2,2024-07-29 00:00:00,1,112
Clinics 2,2024-08-05 00:00:00,0.2,112
Clinics 2,2024-08-12 00:00:00,0.3,112
Clinics 2,2024-08-19 00:00:00,1,112
Clinics 2,2024-08-26 00:00:00,1,112
Clinics 2,2024-09-02 00:00:00,1,112
Clinics 2,2024-09-09 00:00:00,0.8,112
Clinics 2,2024-09-16 00:00:00,2,112
Clinics 2,2024-09-23 00:00:00,1.8,112
Clinics 2,2024-09-30 00:00:00,1.6,112
Clinics 2,2024-10-07 00:00:00,2,112
Clinics 2,2024-10-14 00:00:00,1.4,112
Clinics 2,2024-10-21 00:00:00,1.8,112
Clinics 2,2024-10-28 00:00:00,2,112
Clinics 2,2024-11-04 00:00:00,1.9,112
Clinics 2,2024-11-11 00:00:00,1.8,112
Clinics 2,2024-11-18 00:00:00,1.6,112
Clinics 2,2024-11-25 00:00:00,1.6,112
Clinics 2,2024-12-02 00:00:00,2,112
Clinics 2,2024-12-09 00:00:00,1.9,112
Clinics 2,2024-12-16 00:00:00,1.8,112
Clinics 2,2024-12-23 00:00:00,1,112
Clinics 2,2024-12-30 00:00:00,1,112
Clinics 2,2025-01-06 00:00:00,1.8,112
Clinics 2,2025-01-13 00:00:00,2,112
Clinics 2,2025-01-20 00:00:00,1.8,112
Clinics 2,2025-01-27 00:00:00,1.6,112
Clinics 2,2025-02-03 00:00:00,1.4,112
Clinics 2,2025-02-10 00:00:00,2,112
Clinics 2,2025-02-17 00:00:00,1.8,112
Clinics 2,2025-02-24 00:00:00,1.8,112
Clinics 2,2025-03-03 00:00:00,2,112
Clinics 2,2025-03-10 00:00:00,1.8,112
Clinics 2,2025-03-17 00:00:00,2,112
Clinics 2,2025-03-24 00:00:00,1.8,112
Clinics 2,2025-03-31 00:00:00,2,112
Clinics 2,2025-04-07 00:00:00,1.6,112
Clinics 2,2025-04-14 00:00:00,2,112
Clinics 2,2025-04-21 00:00:00,2,112
Clinics 2,2025-04-28 00:00:00,1.5,112
Clinics 2,2025-05-05 00:00:00,0.8,112
Clinics 2,2025-05-12 00:00:00,1.9,112
Clinics 2,2025-05-19 00:00:00,1.5,112
Clinics 2,2025-05-26 00:00:00,1,112
Clinics 2,2025-06-02 00:00:00,0.8,112
Clinics 2,2025-06-09 00:00:00,0.8,112
Clinics 2,2025-06-16 00:00:00,1,112
Clinics 2,2025-06-23 00:00:00,1,112
Clinics 2,2025-06-30 00:00:00,1,112
Clinics 2,2022-06-27 00:00:00,1.5,113
Clinics 2,2022-07-04 00:00:00,1,113
Clinics 2,2022-07-11 00:00:00,1,113
Clinics 2,2022-07-18 00:00:00,1,113
Clinics 2,2022-07-25 00:00:00,2,113
Clinics 2,2022-08-01 00:00:00,1.7,113
Clinics 2,2022-08-08 00:00:00,1,113
Clinics 2,2022-08-15 00:00:00,0.5,113
Clinics 2,2022-08-22 00:00:00,1.9,113
Clinics 2,2022-08-29 00:00:00,1.9,113
Clinics 2,2022-09-05 00:00:00,1.7,113
Clinics 2,2022-09-12 00:00:00,1.9,113
Clinics 2,2022-09-19 00:00:00,2.2,113
Clinics 2,2022-09-26 00:00:00,2.2,113
Clinics 2,2022-10-03 00:00:00,2.1,113
Clinics 2,2022-10-10 00:00:00,1.7,113
Clinics 2,2022-10-17 00:00:00,2.2,113
Clinics 2,2022-10-24 00:00:00,1.6,113
Clinics 2,2022-10-31 00:00:00,1.9,113
Clinics 2,2022-11-07 00:00:00,2.2,113
Clinics 2,2022-11-14 00:00:00,2,113
Clinics 2,2022-11-21 00:00:00,1.6,113
Clinics 2,2022-11-28 00:00:00,2.2,113
Clinics 2,2022-12-05 00:00:00,1.8,113
Clinics 2,2022-12-12 00:00:00,2,113
Clinics 2,2022-12-19 00:00:00,2.1,113
Clinics 2,2022-12-26 00:00:00,1.4,113
Clinics 2,2023-01-02 00:00:00,2.25,113
Clinics 2,2023-01-09 00:00:00,3.1,113
Clinics 2,2023-01-16 00:00:00,3,113
Clinics 2,2023-01-23 00:00:00,2.9,113
Clinics 2,2023-01-30 00:00:00,2.9,113
Clinics 2,2023-02-06 00:00:00,3.1,113
Clinics 2,2023-02-13 00:00:00,2.9,113
Clinics 2,2023-02-20 00:00:00,2.9,113
Clinics 2,2023-02-27 00:00:00,2.1,113
Clinics 2,2023-03-06 00:00:00,2.8,113
Clinics 2,2023-03-13 00:00:00,2.5,113
Clinics 2,2023-03-20 00:00:00,2.8,113
Clinics 2,2023-03-27 00:00:00,2.8,113
Clinics 2,2023-04-03 00:00:00,2.8,113
Clinics 2,2023-04-10 00:00:00,2.75,113
Clinics 2,2023-04-17 00:00:00,2.7,113
Clinics 2,2023-04-24 00:00:00,2.5,113
Clinics 2,2023-05-01 00:00:00,2.4,113
Clinics 2,2023-05-08 00:00:00,3.4,113
Clinics 2,2023-05-15 00:00:00,3.1,113
Clinics 2,2023-05-22 00:00:00,1.4,113
Clinics 2,2023-05-29 00:00:00,2.3,113
Clinics 2,2023-06-05 00:00:00,2.4,113
Clinics 2,2023-06-12 00:00:00,2.3,113
Clinics 2,2023-06-19 00:00:00,1.9,113
Clinics 2,2023-06-26 00:00:00,2.1,113
Clinics 2,2023-07-03 00:00:00,1.4,113
Clinics 2,2023-07-10 00:00:00,1.6,113
Clinics 2,2023-07-17 00:00:00,0.8,113
Clinics 2,2023-07-24 00:00:00,1.6,113
Clinics 2,2023-07-31 00:00:00,0.8,113
Clinics 2,2023-08-07 00:00:00,1.4,113
Clinics 2,2023-08-14 00:00:00,1.6,113
Clinics 2,2023-08-21 00:00:00,1.6,113
Clinics 2,2023-08-28 00:00:00,1.4,113
Clinics 2,2023-09-04 00:00:00,3,113
Clinics 2,2023-09-11 00:00:00,2.8,113
Clinics 2,2023-09-18 00:00:00,3,113
Clinics 2,2023-09-25 00:00:00,2.1,113
Clinics 2,2023-10-02 00:00:00,1.9,113
Clinics 2,2023-10-09 00:00:00,2.2,113
Clinics 2,2023-10-16 00:00:00,1.6,113
Clinics 2,2023-10-23 00:00:00,1.8,113
Clinics 2,2023-10-30 00:00:00,1.7,113
Clinics 2,2023-11-06 00:00:00,2.1,113
Clinics 2,2023-11-13 00:00:00,2.1,113
Clinics 2,2023-11-20 00:00:00,2.4,113
Clinics 2,2023-11-27 00:00:00,2.6,113
Clinics 2,2023-12-04 00:00:00,2.5,113
Clinics 2,2023-12-11 00:00:00,2,113
Clinics 2,2023-12-18 00:00:00,1.8,113
Clinics 2,2023-12-25 00:00:00,2.6,113
Clinics 2,2024-01-01 00:00:00,2.3,113
Clinics 2,2024-01-08 00:00:00,1.8,113
Clinics 2,2024-01-15 00:00:00,2.6,113
Clinics 2,2024-01-22 00:00:00,2.2,113
Clinics 2,2024-01-29 00:00:00,2.3,113
Clinics 2,2024-02-05 00:00:00,2.4,113
Clinics 2,2024-02-12 00:00:00,2.5,113
Clinics 2,2024-02-19 00:00:00,2.3,113
Clinics 2,2024-02-26 00:00:00,2,113
Clinics 2,2024-03-04 00:00:00,2.6,113
Clinics 2,2024-03-11 00:00:00,1.8,113
Clinics 2,2024-03-18 00:00:00,1.8,113
Clinics 2,2024-03-25 00:00:00,2.3,113
Clinics 2,2024-04-01 00:00:00,2.3,113
Clinics 2,2024-04-08 00:00:00,2.1,113
Clinics 2,2024-04-15 00:00:00,1.9,113
Clinics 2,2024-04-22 00:00:00,2,113
Clinics 2,2024-04-29 00:00:00,2.3,113
Clinics 2,2024-05-06 00:00:00,2.4,113
Clinics 2,2024-05-13 00:00:00,2.4,113
Clinics 2,2024-05-20 00:00:00,1.8,113
Clinics 2,2024-05-27 00:00:00,1.4,113
Clinics 2,2024-06-03 00:00:00,1.1,113
Clinics 2,2024-06-10 00:00:00,1.1,113
Clinics 2,2024-06-17 00:00:00,0.7,113
Clinics 2,2024-06-24 00:00:00,1.3,113
Clinics 2,2024-07-01 00:00:00,0.5,113
Clinics 2,2024-07-08 00:00:00,0.6,113
Clinics 2,2024-07-15 00:00:00,0.8,113
Clinics 2,2024-07-22 00:00:00,0.8,113
Clinics 2,2024-07-29 00:00:00,1.6,113
Clinics 2,2024-08-05 00:00:00,2,113
Clinics 2,2024-08-12 00:00:00,1.5,113
Clinics 2,2024-08-19 00:00:00,1.4,113
Clinics 2,2024-08-26 00:00:00,1.9,113
Clinics 2,2024-09-02 00:00:00,1.3,113
Clinics 2,2024-09-09 00:00:00,1.9,113
Clinics 2,2024-09-16 00:00:00,1.9,113
Clinics 2,2024-09-23 00:00:00,2.3,113
Clinics 2,2024-09-30 00:00:00,2.7,113
Clinics 2,2024-10-07 00:00:00,2.8,113
Clinics 2,2024-10-14 00:00:00,2.6,113
Clinics 2,2024-10-21 00:00:00,2.7,113
Clinics 2,2024-10-28 00:00:00,2.7,113
Clinics 2,2024-11-04 00:00:00,1.9,113
Clinics 2,2024-11-11 00:00:00,2.1,113
Clinics 2,2024-11-18 00:00:00,3.4,113
Clinics 2,2024-11-25 00:00:00,3.2,113
Clinics 2,2024-12-02 00:00:00,2.9,113
Clinics 2,2024-12-09 00:00:00,3.3,113
Clinics 2,2024-12-16 00:00:00,3,113
Clinics 2,2024-12-23 00:00:00,1.3,113
Clinics 2,2024-12-30 00:00:00,2.6,113
Clinics 2,2025-01-06 00:00:00,2.6,113
Clinics 2,2025-01-13 00:00:00,3.4,113
Clinics 2,2025-01-20 00:00:00,2.2,113
Clinics 2,2025-01-27 00:00:00,3.1,113
Clinics 2,2025-02-03 00:00:00,3.1,113
Clinics 2,2025-02-10 00:00:00,3,113
Clinics 2,2025-02-17 00:00:00,2.7,113
Clinics 2,2025-02-24 00:00:00,2.9,113
Clinics 2,2025-03-03 00:00:00,2.9,113
Clinics 2,2025-03-10 00:00:00,3.3,113
Clinics 2,2025-03-17 00:00:00,2.4,113
Clinics 2,2025-03-24 00:00:00,1.9,113
Clinics 2,2025-03-31 00:00:00,2.5,113
Clinics 2,2025-04-07 00:00:00,2.4,113
Clinics 2,2025-04-14 00:00:00,2.5,113
Clinics 2,2025-04-21 00:00:00,3.4,113
Clinics 2,2025-04-28 00:00:00,2.5,113
Clinics 2,2025-05-05 00:00:00,3.3,113
Clinics 2,2025-05-12 00:00:00,2.2,113
Clinics 2,2025-05-19 00:00:00,2.5,113
Clinics 2,2025-05-26 00:00:00,2.3,113
Clinics 2,2025-06-02 00:00:00,1.8,113
Clinics 2,2025-06-09 00:00:00,2.4,113
Clinics 2,2025-06-16 00:00:00,2.6,113
Clinics 2,2025-06-23 00:00:00,1.2,113
Clinics 2,2025-06-30 00:00:00,1.8,113
Clinics 2,2022-06-27 00:00:00,2,114
Clinics 2,2022-07-04 00:00:00,1.6,114
Clinics 2,2022-07-11 00:00:00,3.2,114
Clinics 2,2022-07-18 00:00:00,3,114
Clinics 2,2022-07-25 00:00:00,3,114
Clinics 2,2022-08-01 00:00:00,2.4,114
Clinics 2,2022-08-08 00:00:00,2,114
Clinics 2,2022-08-15 00:00:00,0.8,114
Clinics 2,2022-08-22 00:00:00,1.3,114
Clinics 2,2022-08-29 00:00:00,2.6,114
Clinics 2,2022-09-05 00:00:00,1.4,114
Clinics 2,2022-09-12 00:00:00,0.8,114
Clinics 2,2022-09-19 00:00:00,2,114
Clinics 2,2022-09-26 00:00:00,2.2,114
Clinics 2,2022-10-03 00:00:00,2,114
Clinics 2,2022-10-10 00:00:00,2.1,114
Clinics 2,2022-10-17 00:00:00,1.9,114
Clinics 2,2022-10-24 00:00:00,2.2,114
Clinics 2,2022-10-31 00:00:00,2.2,114
Clinics 2,2022-11-07 00:00:00,2.2,114
Clinics 2,2022-11-14 00:00:00,1.4,114
Clinics 2,2022-11-21 00:00:00,2,114
Clinics 2,2022-11-28 00:00:00,2.2,114
Clinics 2,2022-12-05 00:00:00,2,114
Clinics 2,2022-12-12 00:00:00,2.2,114
Clinics 2,2022-12-19 00:00:00,2.2,114
Clinics 2,2022-12-26 00:00:00,2.2,114
Clinics 2,2023-01-02 00:00:00,1.9,114
Clinics 2,2023-01-09 00:00:00,1.6,114
Clinics 2,2023-01-16 00:00:00,2.4,114
Clinics 2,2023-01-23 00:00:00,2.6,114
Clinics 2,2023-01-30 00:00:00,2.6,114
Clinics 2,2023-02-06 00:00:00,2.4,114
Clinics 2,2023-02-13 00:00:00,1.8,114
Clinics 2,2023-02-20 00:00:00,2.6,114
Clinics 2,2023-02-27 00:00:00,2.7,114
Clinics 2,2023-03-06 00:00:00,1.4,114
Clinics 2,2023-03-13 00:00:00,2.4,114
Clinics 2,2023-03-20 00:00:00,2.2,114
Clinics 2,2023-03-27 00:00:00,2.4,114
Clinics 2,2023-04-03 00:00:00,2.2,114
Clinics 2,2023-04-10 00:00:00,2.35,114
Clinics 2,2023-04-17 00:00:00,2.5,114
Clinics 2,2023-04-24 00:00:00,2.4,114
Clinics 2,2023-05-01 00:00:00,2.3,114
Clinics 2,2023-05-08 00:00:00,1.8,114
Clinics 2,2023-05-15 00:00:00,2.8,114
Clinics 2,2023-05-22 00:00:00,2.2,114
Clinics 2,2023-05-29 00:00:00,3.2,114
Clinics 2,2023-06-05 00:00:00,2.4,114
Clinics 2,2023-06-12 00:00:00,2.1,114
Clinics 2,2023-06-19 00:00:00,2,114
Clinics 2,2023-06-26 00:00:00,2.2,114
Clinics 2,2023-07-03 00:00:00,1.7,114
Clinics 2,2023-07-10 00:00:00,2.1,114
Clinics 2,2023-07-17 00:00:00,2,114
Clinics 2,2023-07-24 00:00:00,1.8,114
Clinics 2,2023-07-31 00:00:00,2,114
Clinics 2,2023-08-07 00:00:00,3,114
Clinics 2,2023-08-14 00:00:00,3.1,114
Clinics 2,2023-08-21 00:00:00,1.9,114
Clinics 2,2023-08-28 00:00:00,1.9,114
Clinics 2,2023-09-04 00:00:00,2,114
Clinics 2,2023-09-11 00:00:00,1.8,114
Clinics 2,2023-09-18 00:00:00,2.4,114
Clinics 2,2023-09-25 00:00:00,3.3,114
Clinics 2,2023-10-02 00:00:00,3.3,114
Clinics 2,2023-10-09 00:00:00,3.4,114
Clinics 2,2023-10-16 00:00:00,3.1,114
Clinics 2,2023-10-23 00:00:00,3.6,114
Clinics 2,2023-10-30 00:00:00,3.2,114
Clinics 2,2023-11-06 00:00:00,2.6,114
Clinics 2,2023-11-13 00:00:00,2.9,114
Clinics 2,2023-11-20 00:00:00,3.4,114
Clinics 2,2023-11-27 00:00:00,3.2,114
Clinics 2,2023-12-04 00:00:00,3.4,114
Clinics 2,2023-12-11 00:00:00,2.9,114
Clinics 2,2023-12-18 00:00:00,3.4,114
Clinics 2,2023-12-25 00:00:00,2.7,114
Clinics 2,2024-01-01 00:00:00,3.1,114
Clinics 2,2024-01-08 00:00:00,2.5,114
Clinics 2,2024-01-15 00:00:00,2.6,114
Clinics 2,2024-01-22 00:00:00,1.8,114
Clinics 2,2024-01-29 00:00:00,2.8,114
Clinics 2,2024-02-05 00:00:00,2.2,114
Clinics 2,2024-02-12 00:00:00,2.7,114
Clinics 2,2024-02-19 00:00:00,2.6,114
Clinics 2,2024-02-26 00:00:00,2.7,114
Clinics 2,2024-03-04 00:00:00,2.7,114
Clinics 2,2024-03-11 00:00:00,2.5,114
Clinics 2,2024-03-18 00:00:00,2.5,114
Clinics 2,2024-03-25 00:00:00,2.2,114
Clinics 2,2024-04-01 00:00:00,2.6,114
Clinics 2,2024-04-08 00:00:00,2.7,114
Clinics 2,2024-04-15 00:00:00,2.9,114
Clinics 2,2024-04-22 00:00:00,2.7,114
Clinics 2,2024-04-29 00:00:00,2.2,114
Clinics 2,2024-05-06 00:00:00,2.4,114
Clinics 2,2024-05-13 00:00:00,2.7,114
Clinics 2,2024-05-20 00:00:00,2.6,114
Clinics 2,2024-05-27 00:00:00,2.6,114
Clinics 2,2024-06-03 00:00:00,3,114
Clinics 2,2024-06-10 00:00:00,3.3,114
Clinics 2,2024-06-17 00:00:00,3,114
Clinics 2,2024-06-24 00:00:00,3.8,114
Clinics 2,2024-07-01 00:00:00,3.4,114
Clinics 2,2024-07-08 00:00:00,4,114
Clinics 2,2024-07-15 00:00:00,4,114
Clinics 2,2024-07-22 00:00:00,2.4,114
Clinics 2,2024-07-29 00:00:00,3.3,114
Clinics 2,2024-08-05 00:00:00,3.2,114
Clinics 2,2024-08-12 00:00:00,2,114
Clinics 2,2024-08-19 00:00:00,1,114
Clinics 2,2024-08-26 00:00:00,1,114
Clinics 2,2024-09-02 00:00:00,2,114
Clinics 2,2024-09-09 00:00:00,1.7,114
Clinics 2,2024-09-16 00:00:00,1.8,114
Clinics 2,2024-09-23 00:00:00,1.7,114
Clinics 2,2024-09-30 00:00:00,1.4,114
Clinics 2,2024-10-07 00:00:00,1.4,114
Clinics 2,2024-10-14 00:00:00,1.8,114
Clinics 2,2024-10-21 00:00:00,2,114
Clinics 2,2024-10-28 00:00:00,2.6,114
Clinics 2,2024-11-04 00:00:00,2.6,114
Clinics 2,2024-11-11 00:00:00,2.8,114
Clinics 2,2024-11-18 00:00:00,2.4,114
Clinics 2,2024-11-25 00:00:00,4.2,114
Clinics 2,2024-12-02 00:00:00,2.8,114
Clinics 2,2024-12-09 00:00:00,2,114
Clinics 2,2024-12-16 00:00:00,2.7,114
Clinics 2,2024-12-23 00:00:00,1.4,114
Clinics 2,2024-12-30 00:00:00,4,114
Clinics 2,2025-01-06 00:00:00,3.7,114
Clinics 2,2025-01-13 00:00:00,2.4,114
Clinics 2,2025-01-20 00:00:00,3.2,114
Clinics 2,2025-01-27 00:00:00,2.8,114
Clinics 2,2025-02-03 00:00:00,3.2,114
Clinics 2,2025-02-10 00:00:00,3,114
Clinics 2,2025-02-17 00:00:00,3.6,114
Clinics 2,2025-02-24 00:00:00,2.7,114
Clinics 2,2025-03-03 00:00:00,4.4,114
Clinics 2,2025-03-10 00:00:00,4.2,114
Clinics 2,2025-03-17 00:00:00,3.8,114
Clinics 2,2025-03-24 00:00:00,2.9,114
Clinics 2,2025-03-31 00:00:00,3.5,114
Clinics 2,2025-04-07 00:00:00,3.4,114
Clinics 2,2025-04-14 00:00:00,4.4,114
Clinics 2,2025-04-21 00:00:00,2.3,114
Clinics 2,2025-04-28 00:00:00,2.5,114
Clinics 2,2025-05-05 00:00:00,2.9,114
Clinics 2,2025-05-12 00:00:00,3.3,114
Clinics 2,2025-05-19 00:00:00,1.6,114
Clinics 2,2025-05-26 00:00:00,3.5,114
Clinics 2,2025-06-02 00:00:00,2.9,114
Clinics 2,2025-06-09 00:00:00,2.3,114
Clinics 2,2025-06-16 00:00:00,4,114
Clinics 2,2025-06-23 00:00:00,2.9,114
Clinics 2,2025-06-30 00:00:00,3.7,114
Clinics 1,2022-06-27 00:00:00,17.6,115
Clinics 1,2022-07-04 00:00:00,14.4,115
Clinics 1,2022-07-11 00:00:00,11.2,115
Clinics 1,2022-07-18 00:00:00,8,115
Clinics 1,2022-07-25 00:00:00,16,115
Clinics 1,2022-08-01 00:00:00,24,115
Clinics 1,2022-08-08 00:00:00,15.3333,115
Clinics 1,2022-08-15 00:00:00,23.6,115
Clinics 1,2022-08-22 00:00:00,24,115
Clinics 1,2022-08-29 00:00:00,31.45,115
Clinics 1,2022-09-05 00:00:00,31.05,115
Clinics 1,2022-09-12 00:00:00,32,115
Clinics 1,2022-09-19 00:00:00,24,115
Clinics 1,2022-09-26 00:00:00,32,115
Clinics 1,2022-10-03 00:00:00,32,115
Clinics 1,2022-10-10 00:00:00,32,115
Clinics 1,2022-10-17 00:00:00,32,115
Clinics 1,2022-10-24 00:00:00,32,115
Clinics 1,2022-10-31 00:00:00,24,115
Clinics 1,2022-11-07 00:00:00,32,115
Clinics 1,2022-11-14 00:00:00,32,115
Clinics 1,2022-11-21 00:00:00,32,115
Clinics 1,2022-11-28 00:00:00,32,115
Clinics 1,2022-12-05 00:00:00,32,115
Clinics 1,2022-12-12 00:00:00,32,115
Clinics 1,2022-12-19 00:00:00,24,115
Clinics 1,2022-12-26 00:00:00,0,115
Clinics 1,2023-01-02 00:00:00,24,115
Clinics 1,2023-01-09 00:00:00,32,115
Clinics 1,2023-01-16 00:00:00,32,115
Clinics 1,2023-01-23 00:00:00,32,115
Clinics 1,2023-01-30 00:00:00,24,115
Clinics 1,2023-02-06 00:00:00,25.5,115
Clinics 1,2023-02-13 00:00:00,32,115
Clinics 1,2023-02-20 00:00:00,32,115
Clinics 1,2023-02-27 00:00:00,32,115
Clinics 1,2023-03-06 00:00:00,32,115
Clinics 1,2023-03-13 00:00:00,24,115
Clinics 1,2023-03-20 00:00:00,16,115
Clinics 1,2023-03-27 00:00:00,32,115
Clinics 1,2023-04-03 00:00:00,16,115
Clinics 1,2023-04-10 00:00:00,20,115
Clinics 1,2023-04-17 00:00:00,24,115
Clinics 1,2023-04-24 00:00:00,32,115
Clinics 1,2023-05-01 00:00:00,24,115
Clinics 1,2023-05-08 00:00:00,24,115
Clinics 1,2023-05-15 00:00:00,24,115
Clinics 1,2023-05-22 00:00:00,40,115
Clinics 1,2023-05-29 00:00:00,31.5,115
Clinics 1,2023-06-05 00:00:00,23,115
Clinics 1,2023-06-12 00:00:00,31,115
Clinics 1,2023-06-19 00:00:00,23.5,115
Clinics 1,2023-06-26 00:00:00,23.5,115
Clinics 1,2023-07-03 00:00:00,16,115
Clinics 1,2023-07-10 00:00:00,17.5,115
Clinics 1,2023-07-17 00:00:00,19,115
Clinics 1,2023-07-24 00:00:00,20.5,115
Clinics 1,2023-07-31 00:00:00,22,115
Clinics 1,2023-08-07 00:00:00,23.5,115
Clinics 1,2023-08-14 00:00:00,31,115
Clinics 1,2023-08-21 00:00:00,31,115
Clinics 1,2023-08-28 00:00:00,31,115
Clinics 1,2023-09-04 00:00:00,31,115
Clinics 1,2023-09-11 00:00:00,31,115
Clinics 1,2023-09-18 00:00:00,23.5,115
Clinics 1,2023-09-25 00:00:00,31,115
Clinics 1,2023-10-02 00:00:00,14,115
Clinics 1,2023-10-09 00:00:00,14,115
Clinics 1,2023-10-16 00:00:00,14,115
Clinics 1,2023-10-23 00:00:00,22,115
Clinics 1,2023-10-30 00:00:00,23,115
Clinics 1,2023-11-06 00:00:00,30,115
Clinics 1,2023-11-13 00:00:00,30,115
Clinics 1,2023-11-20 00:00:00,22,115
Clinics 1,2023-11-27 00:00:00,29.0667,115
Clinics 1,2023-12-04 00:00:00,22,115
Clinics 1,2023-12-11 00:00:00,15,115
Clinics 1,2023-12-18 00:00:00,23,115
Clinics 1,2023-12-25 00:00:00,23,115
Clinics 1,2024-01-01 00:00:00,23,115
Clinics 1,2024-01-08 00:00:00,30,115
Clinics 1,2024-01-15 00:00:00,30,115
Clinics 1,2024-01-22 00:00:00,30,115
Clinics 1,2024-01-29 00:00:00,30,115
Clinics 1,2024-02-05 00:00:00,30,115
Clinics 1,2024-02-12 00:00:00,30,115
Clinics 1,2024-02-19 00:00:00,30,115
Clinics 1,2024-02-26 00:00:00,30,115
Clinics 1,2024-03-04 00:00:00,30,115
Clinics 1,2024-03-11 00:00:00,30,115
Clinics 1,2024-03-18 00:00:00,30,115
Clinics 1,2024-03-25 00:00:00,24,115
Clinics 1,2024-04-01 00:00:00,23,115
Clinics 1,2024-04-08 00:00:00,30,115
Clinics 1,2024-04-15 00:00:00,30,115
Clinics 1,2024-04-22 00:00:00,30,115
Clinics 1,2024-04-29 00:00:00,23,115
Clinics 1,2024-05-06 00:00:00,23,115
Clinics 1,2024-05-13 00:00:00,30,115
Clinics 1,2024-05-20 00:00:00,30,115
Clinics 1,2024-05-27 00:00:00,30,115
Clinics 1,2024-06-03 00:00:00,22.5,115
Clinics 1,2024-06-10 00:00:00,22.5,115
Clinics 1,2024-06-17 00:00:00,22.5,115
Clinics 1,2024-06-24 00:00:00,22.5,115
Clinics 1,2024-07-01 00:00:00,20.28571429,115
Clinics 1,2024-07-08 00:00:00,18.07142857,115
Clinics 1,2024-07-15 00:00:00,15.85714286,115
Clinics 1,2024-07-22 00:00:00,13.64285714,115
Clinics 1,2024-07-29 00:00:00,11.42857143,115
Clinics 1,2024-08-05 00:00:00,9.214285714,115
Clinics 1,2024-08-12 00:00:00,7,115
Clinics 1,2024-08-19 00:00:00,14,115
Clinics 1,2024-08-26 00:00:00,14,115
Clinics 1,2024-09-02 00:00:00,22,115
Clinics 1,2024-09-09 00:00:00,22,115
Clinics 1,2024-09-16 00:00:00,22.5,115
Clinics 1,2024-09-23 00:00:00,28.5,115
Clinics 1,2024-09-30 00:00:00,22.5,115
Clinics 1,2024-10-07 00:00:00,28.5,115
Clinics 1,2024-10-14 00:00:00,22.5,115
Clinics 1,2024-10-21 00:00:00,28.5,115
Clinics 1,2024-10-28 00:00:00,7.5,115
Clinics 1,2024-11-04 00:00:00,24.8,115
Clinics 1,2024-11-11 00:00:00,22.5,115
Clinics 1,2024-11-18 00:00:00,27.5,115
Clinics 1,2024-11-25 00:00:00,22.5,115
Clinics 1,2024-12-02 00:00:00,28.5,115
Clinics 1,2024-12-09 00:00:00,22.5,115
Clinics 1,2024-12-16 00:00:00,28.5,115
Clinics 1,2024-12-23 00:00:00,30.5,115
Clinics 1,2024-12-30 00:00:00,32.5,115
Clinics 1,2025-01-06 00:00:00,34.5,115
Clinics 1,2025-01-13 00:00:00,36.5,115
Clinics 1,2025-01-20 00:00:00,30.5,115
Clinics 1,2025-01-27 00:00:00,36.5,115
Clinics 1,2025-02-03 00:00:00,30.5,115
Clinics 1,2025-02-10 00:00:00,36.5,115
Clinics 1,2025-02-17 00:00:00,30.5,115
Clinics 1,2025-02-24 00:00:00,30.5,115
Clinics 1,2025-03-03 00:00:00,30.5,115
Clinics 1,2025-03-10 00:00:00,29,115
Clinics 1,2025-03-17 00:00:00,30.5,115
Clinics 1,2025-03-24 00:00:00,36.5,115
Clinics 1,2025-03-31 00:00:00,30.5,115
Clinics 1,2025-04-07 00:00:00,36.5,115
Clinics 1,2025-04-14 00:00:00,0,115
Clinics 1,2025-04-21 00:00:00,29,115
Clinics 1,2025-04-28 00:00:00,30.5,115
Clinics 1,2025-05-05 00:00:00,36.5,115
Clinics 1,2025-05-12 00:00:00,30.5,115
Clinics 1,2025-05-19 00:00:00,36.5,115
Clinics 1,2025-05-26 00:00:00,30.5,115
Clinics 1,2025-06-02 00:00:00,30.5,115
Clinics 1,2025-06-09 00:00:00,30.5,115
Clinics 1,2025-06-16 00:00:00,30.5,115
Clinics 1,2025-06-23 00:00:00,30.5,115
Clinics 1,2025-06-30 00:00:00,30.5,115
Sjukhus A,2022-06-27 00:00:00,37.3,200
Sjukhus A,2022-07-04 00:00:00,31.6,200
Sjukhus A,2022-07-11 00:00:00,32.2,200
Sjukhus A,2022-07-18 00:00:00,26.4,200
Sjukhus A,2022-07-25 00:00:00,28.2,200
Sjukhus A,2022-08-01 00:00:00,21.9,200
Sjukhus A,2022-08-08 00:00:00,22.2,200
Sjukhus A,2022-08-15 00:00:00,16,200
Sjukhus A,2022-08-22 00:00:00,26.2,200
Sjukhus A,2022-08-29 00:00:00,31.7,200
Sjukhus A,2022-09-05 00:00:00,33.4,200
Sjukhus A,2022-09-12 00:00:00,34.9,200
Sjukhus A,2022-09-19 00:00:00,35.1,200
Sjukhus A,2022-09-26 00:00:00,28.8,200
Sjukhus A,2022-10-03 00:00:00,33.9,200
Sjukhus A,2022-10-10 00:00:00,30.5,200
Sjukhus A,2022-10-17 00:00:00,32.6,200
Sjukhus A,2022-10-24 00:00:00,30.4,200
Sjukhus A,2022-10-31 00:00:00,36.3,200
Sjukhus A,2022-11-07 00:00:00,33.8,200
Sjukhus A,2022-11-14 00:00:00,35.3,200
Sjukhus A,2022-11-21 00:00:00,34.8,200
Sjukhus A,2022-11-28 00:00:00,35.3,200
Sjukhus A,2022-12-05 00:00:00,32.5,200
Sjukhus A,2022-12-12 00:00:00,29.1,200
Sjukhus A,2022-12-19 00:00:00,34.7,200
Sjukhus A,2022-12-26 00:00:00,32,200
Sjukhus A,2023-01-02 00:00:00,26.4,200
Sjukhus A,2023-01-09 00:00:00,30.7,200
Sjukhus A,2023-01-16 00:00:00,32.4,200
Sjukhus A,2023-01-23 00:00:00,33.8,200
Sjukhus A,2023-01-30 00:00:00,35.4,200
Sjukhus A,2023-02-06 00:00:00,34.3,200
Sjukhus A,2023-02-13 00:00:00,32.4,200
Sjukhus A,2023-02-20 00:00:00,39.2,200
Sjukhus A,2023-02-27 00:00:00,34.1,200
Sjukhus A,2023-03-06 00:00:00,34.7,200
Sjukhus A,2023-03-13 00:00:00,38.4,200
Sjukhus A,2023-03-20 00:00:00,39.8,200
Sjukhus A,2023-03-27 00:00:00,37.4,200
Sjukhus A,2023-04-03 00:00:00,40,200
Sjukhus A,2023-04-10 00:00:00,41.6,200
Sjukhus A,2023-04-17 00:00:00,43.2,200
Sjukhus A,2023-04-24 00:00:00,43.1,200
Sjukhus A,2023-05-01 00:00:00,45.3,200
Sjukhus A,2023-05-08 00:00:00,44.9,200
Sjukhus A,2023-05-15 00:00:00,43.9,200
Sjukhus A,2023-05-22 00:00:00,47,200
Sjukhus A,2023-05-29 00:00:00,39.5,200
Sjukhus A,2023-06-05 00:00:00,41.6,200
Sjukhus A,2023-06-12 00:00:00,40,200
Sjukhus A,2023-06-19 00:00:00,36.4,200
Sjukhus A,2023-06-26 00:00:00,41.9,200
Sjukhus A,2023-07-03 00:00:00,31.3,200
Sjukhus A,2023-07-10 00:00:00,30.8,200
Sjukhus A,2023-07-17 00:00:00,30.4,200
Sjukhus A,2023-07-24 00:00:00,32,200
Sjukhus A,2023-07-31 00:00:00,27.9,200
Sjukhus A,2023-08-07 00:00:00,27.8,200
Sjukhus A,2023-08-14 00:00:00,28.6,200
Sjukhus A,2023-08-21 00:00:00,32.5,200
Sjukhus A,2023-08-28 00:00:00,36.8,200
Sjukhus A,2023-09-04 00:00:00,38.7,200
Sjukhus A,2023-09-11 00:00:00,42.3,200
Sjukhus A,2023-09-18 00:00:00,44.9,200
Sjukhus A,2023-09-25 00:00:00,41.9,200
Sjukhus A,2023-10-02 00:00:00,38.7,200
Sjukhus A,2023-10-09 00:00:00,44.1,200
Sjukhus A,2023-10-16 00:00:00,46.8,200
Sjukhus A,2023-10-23 00:00:00,45.8,200
Sjukhus A,2023-10-30 00:00:00,43.4,200
Sjukhus A,2023-11-06 00:00:00,39.3,200
Sjukhus A,2023-11-13 00:00:00,44.6,200
Sjukhus A,2023-11-20 00:00:00,42.4,200
Sjukhus A,2023-11-27 00:00:00,43,200
Sjukhus A,2023-12-04 00:00:00,43.7,200
Sjukhus A,2023-12-11 00:00:00,44.1,200
Sjukhus A,2023-12-18 00:00:00,42.6,200
Sjukhus A,2023-12-25 00:00:00,40.3,200
Sjukhus A,2024-01-01 00:00:00,41.5,200
Sjukhus A,2024-01-08 00:00:00,42.6,200
Sjukhus A,2024-01-15 00:00:00,43.2,200
Sjukhus A,2024-01-22 00:00:00,44.7,200
Sjukhus A,2024-01-29 00:00:00,42.9,200
Sjukhus A,2024-02-05 00:00:00,42.4,200
Sjukhus A,2024-02-12 00:00:00,41.9,200
Sjukhus A,2024-02-19 00:00:00,40.7,200
Sjukhus A,2024-02-26 00:00:00,37.9,200
Sjukhus A,2024-03-04 00:00:00,42.2,200
Sjukhus A,2024-03-11 00:00:00,39.8,200
Sjukhus A,2024-03-18 00:00:00,43.8,200
Sjukhus A,2024-03-25 00:00:00,45,200
Sjukhus A,2024-04-01 00:00:00,38.7,200
Sjukhus A,2024-04-08 00:00:00,41.2,200
Sjukhus A,2024-04-15 00:00:00,44.5,200
Sjukhus A,2024-04-22 00:00:00,40,200
Sjukhus A,2024-04-29 00:00:00,44.9,200
Sjukhus A,2024-05-06 00:00:00,43.5,200
Sjukhus A,2024-05-13 00:00:00,40.3,200
Sjukhus A,2024-05-20 00:00:00,42,200
Sjukhus A,2024-05-27 00:00:00,41.6,200
Sjukhus A,2024-06-03 00:00:00,40.7,200
Sjukhus A,2024-06-10 00:00:00,40.3,200
Sjukhus A,2024-06-17 00:00:00,47.8,200
Sjukhus A,2024-06-24 00:00:00,35.9,200
Sjukhus A,2024-07-01 00:00:00,37.1,200
Sjukhus A,2024-07-08 00:00:00,34.3,200
Sjukhus A,2024-07-15 00:00:00,30.1,200
Sjukhus A,2024-07-22 00:00:00,25.6,200
Sjukhus A,2024-07-29 00:00:00,26.2,200
Sjukhus A,2024-08-05 00:00:00,28.9,200
Sjukhus A,2024-08-12 00:00:00,30.6,200
Sjukhus A,2024-08-19 00:00:00,38.9,200
Sjukhus A,2024-08-26 00:00:00,39.6,200
Sjukhus A,2024-09-02 00:00:00,41.9,200
Sjukhus A,2024-09-09 00:00:00,39.1,200
Sjukhus A,2024-09-16 00:00:00,41,200
Sjukhus A,2024-09-23 00:00:00,41.2,200
Sjukhus A,2024-09-30 00:00:00,41.8,200
Sjukhus A,2024-10-07 00:00:00,34.3,200
Sjukhus A,2024-10-14 00:00:00,41.5,200
Sjukhus A,2024-10-21 00:00:00,40.6,200
Sjukhus A,2024-10-28 00:00:00,34.4,200
Sjukhus A,2024-11-04 00:00:00,37.8,200
Sjukhus A,2024-11-11 00:00:00,38.8,200
Sjukhus A,2024-11-18 00:00:00,36.3,200
Sjukhus A,2024-11-25 00:00:00,36.4,200
Sjukhus A,2024-12-02 00:00:00,35.1,200
Sjukhus A,2024-12-09 00:00:00,35.9,200
Sjukhus A,2024-12-16 00:00:00,35.3,200
Sjukhus A,2024-12-23 00:00:00,50,200
Sjukhus A,2024-12-30 00:00:00,43.6,200
Sjukhus A,2025-01-06 00:00:00,39.7,200
Sjukhus A,2025-01-13 00:00:00,38.3,200
Sjukhus A,2025-01-20 00:00:00,37.5,200
Sjukhus A,2025-01-27 00:00:00,36.6,200
Sjukhus A,2025-02-03 00:00:00,36,200
Sjukhus A,2025-02-10 00:00:00,35.6,200
Sjukhus A,2025-02-17 00:00:00,34.4,200
Sjukhus A,2025-02-24 00:00:00,33.9,200
Sjukhus A,2025-03-03 00:00:00,34.8,200
Sjukhus A,2025-03-10 00:00:00,36.5,200
Sjukhus A,2025-03-17 00:00:00,37.8,200
Sjukhus A,2025-03-24 00:00:00,36.7,200
Sjukhus A,2025-03-31 00:00:00,36.5,200
Sjukhus A,2025-04-07 00:00:00,34.7,200
Sjukhus A,2025-04-14 00:00:00,34.6,200
Sjukhus A,2025-04-21 00:00:00,38.5,200
Sjukhus A,2025-04-28 00:00:00,39.3,200
Sjukhus A,2025-05-05 00:00:00,41.5,200
Sjukhus A,2025-05-12 00:00:00,39.7,200
Sjukhus A,2025-05-19 00:00:00,39.9,200
Sjukhus A,2025-05-26 00:00:00,39.2,200
Sjukhus A,2025-06-02 00:00:00,41.7,200
Sjukhus A,2025-06-09 00:00:00,35.9,200
Sjukhus A,2025-06-16 00:00:00,39.6,200
Sjukhus A,2025-06-23 00:00:00,29.6,200
Sjukhus A,2025-06-30 00:00:00,24.2,200
Sjukhus Södran,2022-06-27 00:00:00,45.4,201
Sjukhus Södran,2022-07-04 00:00:00,39.8,201
Sjukhus Södran,2022-07-11 00:00:00,36.9,201
Sjukhus Södran,2022-07-18 00:00:00,41.3,201
Sjukhus Södran,2022-07-25 00:00:00,33.6,201
Sjukhus Södran,2022-08-01 00:00:00,28.8,201
Sjukhus Södran,2022-08-08 00:00:00,31.7,201
Sjukhus Södran,2022-08-15 00:00:00,26.1,201
Sjukhus Södran,2022-08-22 00:00:00,46.8,201
Sjukhus Södran,2022-08-29 00:00:00,45.9,201
Sjukhus Södran,2022-09-05 00:00:00,50.9,201
Sjukhus Södran,2022-09-12 00:00:00,53.8,201
Sjukhus Södran,2022-09-19 00:00:00,48.9,201
Sjukhus Södran,2022-09-26 00:00:00,52.3,201
Sjukhus Södran,2022-10-03 00:00:00,54.9,201
Sjukhus Södran,2022-10-10 00:00:00,59.2,201
Sjukhus Södran,2022-10-17 00:00:00,61.9,201
Sjukhus Södran,2022-10-24 00:00:00,59.9,201
Sjukhus Södran,2022-10-31 00:00:00,59,201
Sjukhus Södran,2022-11-07 00:00:00,55.2,201
Sjukhus Södran,2022-11-14 00:00:00,63.6,201
Sjukhus Södran,2022-11-21 00:00:00,60.6,201
Sjukhus Södran,2022-11-28 00:00:00,62.4,201
Sjukhus Södran,2022-12-05 00:00:00,64.5,201
Sjukhus Södran,2022-12-12 00:00:00,64.9,201
Sjukhus Södran,2022-12-19 00:00:00,62.8,201
Sjukhus Södran,2022-12-26 00:00:00,57.6,201
Sjukhus Södran,2023-01-02 00:00:00,47.8,201
Sjukhus Södran,2023-01-09 00:00:00,63,201
Sjukhus Södran,2023-01-16 00:00:00,71.2,201
Sjukhus Södran,2023-01-23 00:00:00,76.6,201
Sjukhus Södran,2023-01-30 00:00:00,74.1,201
Sjukhus Södran,2023-02-06 00:00:00,78,201
Sjukhus Södran,2023-02-13 00:00:00,74.3,201
Sjukhus Södran,2023-02-20 00:00:00,66.5,201
Sjukhus Södran,2023-02-27 00:00:00,72.8,201
Sjukhus Södran,2023-03-06 00:00:00,70.4,201
Sjukhus Södran,2023-03-13 00:00:00,75.4,201
Sjukhus Södran,2023-03-20 00:00:00,76.7,201
Sjukhus Södran,2023-03-27 00:00:00,73.2,201
Sjukhus Södran,2023-04-03 00:00:00,73.1,201
Sjukhus Södran,2023-04-10 00:00:00,70.9,201
Sjukhus Södran,2023-04-17 00:00:00,68.7,201
Sjukhus Södran,2023-04-24 00:00:00,74.4,201
Sjukhus Södran,2023-05-01 00:00:00,73.9,201
Sjukhus Södran,2023-05-08 00:00:00,79,201
Sjukhus Södran,2023-05-15 00:00:00,73.1,201
Sjukhus Södran,2023-05-22 00:00:00,76.3,201
Sjukhus Södran,2023-05-29 00:00:00,75,201
Sjukhus Södran,2023-06-05 00:00:00,75.2,201
Sjukhus Södran,2023-06-12 00:00:00,68.4,201
Sjukhus Södran,2023-06-19 00:00:00,71.4,201
Sjukhus Södran,2023-06-26 00:00:00,68,201
Sjukhus Södran,2023-07-03 00:00:00,60.6,201
Sjukhus Södran,2023-07-10 00:00:00,54.5,201
Sjukhus Södran,2023-07-17 00:00:00,47.5,201
Sjukhus Södran,2023-07-24 00:00:00,40,201
Sjukhus Södran,2023-07-31 00:00:00,39.1,201
Sjukhus Södran,2023-08-07 00:00:00,46.2,201
Sjukhus Södran,2023-08-14 00:00:00,53.8,201
Sjukhus Södran,2023-08-21 00:00:00,60.5,201
Sjukhus Södran,2023-08-28 00:00:00,67.3,201
Sjukhus Södran,2023-09-04 00:00:00,66,201
Sjukhus Södran,2023-09-11 00:00:00,67.4,201
Sjukhus Södran,2023-09-18 00:00:00,68.1,201
Sjukhus Södran,2023-09-25 00:00:00,67.6,201
Sjukhus Södran,2023-10-02 00:00:00,65.5,201
Sjukhus Södran,2023-10-09 00:00:00,65.2,201
Sjukhus Södran,2023-10-16 00:00:00,66.8,201
Sjukhus Södran,2023-10-23 00:00:00,69.5,201
Sjukhus Södran,2023-10-30 00:00:00,65.1,201
Sjukhus Södran,2023-11-06 00:00:00,59.6,201
Sjukhus Södran,2023-11-13 00:00:00,67.2,201
Sjukhus Södran,2023-11-20 00:00:00,69.7,201
Sjukhus Södran,2023-11-27 00:00:00,68.1,201
Sjukhus Södran,2023-12-04 00:00:00,61.2,201
Sjukhus Södran,2023-12-11 00:00:00,63.5,201
Sjukhus Södran,2023-12-18 00:00:00,65.3,201
Sjukhus Södran,2023-12-25 00:00:00,57.3,201
Sjukhus Södran,2024-01-01 00:00:00,57.8,201
Sjukhus Södran,2024-01-08 00:00:00,62.2,201
Sjukhus Södran,2024-01-15 00:00:00,63.6,201
Sjukhus Södran,2024-01-22 00:00:00,67.5,201
Sjukhus Södran,2024-01-29 00:00:00,65,201
Sjukhus Södran,2024-02-05 00:00:00,67.7,201
Sjukhus Södran,2024-02-12 00:00:00,63.8,201
Sjukhus Södran,2024-02-19 00:00:00,63.7,201
Sjukhus Södran,2024-02-26 00:00:00,60.8,201
Sjukhus Södran,2024-03-04 00:00:00,52.8,201
Sjukhus Södran,2024-03-11 00:00:00,64.6,201
Sjukhus Södran,2024-03-18 00:00:00,64.7,201
Sjukhus Södran,2024-03-25 00:00:00,61.8,201
Sjukhus Södran,2024-04-01 00:00:00,62.1,201
Sjukhus Södran,2024-04-08 00:00:00,68.2,201
Sjukhus Södran,2024-04-15 00:00:00,66.5,201
Sjukhus Södran,2024-04-22 00:00:00,65.7,201
Sjukhus Södran,2024-04-29 00:00:00,60.5,201
Sjukhus Södran,2024-05-06 00:00:00,60.2,201
Sjukhus Södran,2024-05-13 00:00:00,61.3,201
Sjukhus Södran,2024-05-20 00:00:00,62.2,201
Sjukhus Södran,2024-05-27 00:00:00,62.4,201
Sjukhus Södran,2024-06-03 00:00:00,57.1,201
Sjukhus Södran,2024-06-10 00:00:00,58.9,201
Sjukhus Södran,2024-06-17 00:00:00,59,201
Sjukhus Södran,2024-06-24 00:00:00,49.2,201
Sjukhus Södran,2024-07-01 00:00:00,51.9,201
Sjukhus Södran,2024-07-08 00:00:00,43.1,201
Sjukhus Södran,2024-07-15 00:00:00,34.4,201
Sjukhus Södran,2024-07-22 00:00:00,39.6,201
Sjukhus Södran,2024-07-29 00:00:00,38.1,201
Sjukhus Södran,2024-08-05 00:00:00,37.4,201
Sjukhus Södran,2024-08-12 00:00:00,40.9,201
Sjukhus Södran,2024-08-19 00:00:00,45,201
Sjukhus Södran,2024-08-26 00:00:00,50.4,201
Sjukhus Södran,2024-09-02 00:00:00,49.9,201
Sjukhus Södran,2024-09-09 00:00:00,49.7,201
Sjukhus Södran,2024-09-16 00:00:00,46.7,201
Sjukhus Södran,2024-09-23 00:00:00,52,201
Sjukhus Södran,2024-09-30 00:00:00,48.6,201
Sjukhus Södran,2024-10-07 00:00:00,49.3,201
Sjukhus Södran,2024-10-14 00:00:00,50.6,201
Sjukhus Södran,2024-10-21 00:00:00,52.7,201
Sjukhus Södran,2024-10-28 00:00:00,45.4,201
Sjukhus Södran,2024-11-04 00:00:00,51.4,201
Sjukhus Södran,2024-11-11 00:00:00,49.9,201
Sjukhus Södran,2024-11-18 00:00:00,49.7,201
Sjukhus Södran,2024-11-25 00:00:00,50.5,201
Sjukhus Södran,2024-12-02 00:00:00,45.8,201
Sjukhus Södran,2024-12-09 00:00:00,46.6,201
Sjukhus Södran,2024-12-16 00:00:00,43.7,201
Sjukhus Södran,2024-12-23 00:00:00,52.5,201
Sjukhus Södran,2024-12-30 00:00:00,45.6,201
Sjukhus Södran,2025-01-06 00:00:00,49.4,201
Sjukhus Södran,2025-01-13 00:00:00,47,201
Sjukhus Södran,2025-01-20 00:00:00,48,201
Sjukhus Södran,2025-01-27 00:00:00,47.7,201
Sjukhus Södran,2025-02-03 00:00:00,45.4,201
Sjukhus Södran,2025-02-10 00:00:00,44.3,201
Sjukhus Södran,2025-02-17 00:00:00,45.5,201
Sjukhus Södran,2025-02-24 00:00:00,38.6,201
Sjukhus Södran,2025-03-03 00:00:00,40.4,201
Sjukhus Södran,2025-03-10 00:00:00,43.3,201
Sjukhus Södran,2025-03-17 00:00:00,44.3,201
Sjukhus Södran,2025-03-24 00:00:00,44.2,201
Sjukhus Södran,2025-03-31 00:00:00,45,201
Sjukhus Södran,2025-04-07 00:00:00,43.7,201
Sjukhus Södran,2025-04-14 00:00:00,42.4,201
Sjukhus Södran,2025-04-21 00:00:00,47.8,201
Sjukhus Södran,2025-04-28 00:00:00,49.2,201
Sjukhus Södran,2025-05-05 00:00:00,45.9,201
Sjukhus Södran,2025-05-12 00:00:00,46.5,201
Sjukhus Södran,2025-05-19 00:00:00,46.9,201
Sjukhus Södran,2025-05-26 00:00:00,42.8,201
Sjukhus Södran,2025-06-02 00:00:00,49.2,201
Sjukhus Södran,2025-06-09 00:00:00,43.3,201
Sjukhus Södran,2025-06-16 00:00:00,51.7,201
Sjukhus Södran,2025-06-23 00:00:00,40.6,201
Sjukhus Södran,2025-06-30 00:00:00,37.2,201
Clinics 1,2022-06-27 00:00:00,2.2,208
Clinics 1,2022-07-04 00:00:00,1.8,208
Clinics 1,2022-07-11 00:00:00,1.8,208
Clinics 1,2022-07-18 00:00:00,1.2,208
Clinics 1,2022-07-25 00:00:00,1.6,208
Clinics 1,2022-08-01 00:00:00,2,208
Clinics 1,2022-08-08 00:00:00,2.1,208
Clinics 1,2022-08-15 00:00:00,0.9,208
Clinics 1,2022-08-22 00:00:00,1.3,208
Clinics 1,2022-08-29 00:00:00,1.9,208
Clinics 1,2022-09-05 00:00:00,2.3,208
Clinics 1,2022-09-12 00:00:00,2.1,208
Clinics 1,2022-09-19 00:00:00,1.8,208
Clinics 1,2022-09-26 00:00:00,2.2,208
Clinics 1,2022-10-03 00:00:00,2.3,208
Clinics 1,2022-10-10 00:00:00,1.7,208
Clinics 1,2022-10-17 00:00:00,2.7,208
Clinics 1,2022-10-24 00:00:00,1.8,208
Clinics 1,2022-10-31 00:00:00,2.6,208
Clinics 1,2022-11-07 00:00:00,2.3,208
Clinics 1,2022-11-14 00:00:00,2.5,208
Clinics 1,2022-11-21 00:00:00,2.5,208
Clinics 1,2022-11-28 00:00:00,1.9,208
Clinics 1,2022-12-05 00:00:00,2.5,208
Clinics 1,2022-12-12 00:00:00,2.3,208
Clinics 1,2022-12-19 00:00:00,1.6,208
Clinics 1,2022-12-26 00:00:00,1.5,208
Clinics 1,2023-01-02 00:00:00,1.85,208
Clinics 1,2023-01-09 00:00:00,2.2,208
Clinics 1,2023-01-16 00:00:00,2.8,208
Clinics 1,2023-01-23 00:00:00,3.1,208
Clinics 1,2023-01-30 00:00:00,2.6,208
Clinics 1,2023-02-06 00:00:00,2.9,208
Clinics 1,2023-02-13 00:00:00,2.6,208
Clinics 1,2023-02-20 00:00:00,2.1,208
Clinics 1,2023-02-27 00:00:00,2.9,208
Clinics 1,2023-03-06 00:00:00,3.7,208
Clinics 1,2023-03-13 00:00:00,3.9,208
Clinics 1,2023-03-20 00:00:00,3,208
Clinics 1,2023-03-27 00:00:00,2.9,208
Clinics 1,2023-04-03 00:00:00,2.9,208
Clinics 1,2023-04-10 00:00:00,2.5,208
Clinics 1,2023-04-17 00:00:00,2.1,208
Clinics 1,2023-04-24 00:00:00,3,208
Clinics 1,2023-05-01 00:00:00,3.1,208
Clinics 1,2023-05-08 00:00:00,2.8,208
Clinics 1,2023-05-15 00:00:00,3,208
Clinics 1,2023-05-22 00:00:00,2.8,208
Clinics 1,2023-05-29 00:00:00,3,208
Clinics 1,2023-06-05 00:00:00,1.9,208
Clinics 1,2023-06-12 00:00:00,1.6,208
Clinics 1,2023-06-19 00:00:00,2.5,208
Clinics 1,2023-06-26 00:00:00,2.7,208
Clinics 1,2023-07-03 00:00:00,2.8,208
Clinics 1,2023-07-10 00:00:00,2.8,208
Clinics 1,2023-07-17 00:00:00,2.5,208
Clinics 1,2023-07-24 00:00:00,2.8,208
Clinics 1,2023-07-31 00:00:00,1.9,208
Clinics 1,2023-08-07 00:00:00,1.9,208
Clinics 1,2023-08-14 00:00:00,1.5,208
Clinics 1,2023-08-21 00:00:00,1,208
Clinics 1,2023-08-28 00:00:00,1.5,208
Clinics 1,2023-09-04 00:00:00,2.1,208
Clinics 1,2023-09-11 00:00:00,2.1,208
Clinics 1,2023-09-18 00:00:00,2.2,208
Clinics 1,2023-09-25 00:00:00,2,208
Clinics 1,2023-10-02 00:00:00,1.8,208
Clinics 1,2023-10-09 00:00:00,1.6,208
Clinics 1,2023-10-16 00:00:00,2.1,208
Clinics 1,2023-10-23 00:00:00,2.5,208
Clinics 1,2023-10-30 00:00:00,2.3,208
Clinics 1,2023-11-06 00:00:00,1.4,208
Clinics 1,2023-11-13 00:00:00,1.8,208
Clinics 1,2023-11-20 00:00:00,2.8,208
Clinics 1,2023-11-27 00:00:00,3,208
Clinics 1,2023-12-04 00:00:00,2.7,208
Clinics 1,2023-12-11 00:00:00,2.5,208
Clinics 1,2023-12-18 00:00:00,2.9,208
Clinics 1,2023-12-25 00:00:00,2.3,208
Clinics 1,2024-01-01 00:00:00,3,208
Clinics 1,2024-01-08 00:00:00,2.6,208
Clinics 1,2024-01-15 00:00:00,2.2,208
Clinics 1,2024-01-22 00:00:00,2.2,208
Clinics 1,2024-01-29 00:00:00,2.6,208
Clinics 1,2024-02-05 00:00:00,2.7,208
Clinics 1,2024-02-12 00:00:00,2.6,208
Clinics 1,2024-02-19 00:00:00,2.5,208
Clinics 1,2024-02-26 00:00:00,2.8,208
Clinics 1,2024-03-04 00:00:00,1.4,208
Clinics 1,2024-03-11 00:00:00,1.4,208
Clinics 1,2024-03-18 00:00:00,2.1,208
Clinics 1,2024-03-25 00:00:00,2.1,208
Clinics 1,2024-04-01 00:00:00,1.2,208
Clinics 1,2024-04-08 00:00:00,2,208
Clinics 1,2024-04-15 00:00:00,2.1,208
Clinics 1,2024-04-22 00:00:00,1.9,208
Clinics 1,2024-04-29 00:00:00,2.2,208
Clinics 1,2024-05-06 00:00:00,1.3,208
Clinics 1,2024-05-13 00:00:00,2.1,208
Clinics 1,2024-05-20 00:00:00,2.2,208
Clinics 1,2024-05-27 00:00:00,2.2,208
Clinics 1,2024-06-03 00:00:00,1.8,208
Clinics 1,2024-06-10 00:00:00,1.7,208
Clinics 1,2024-06-17 00:00:00,1.3,208
Clinics 1,2024-06-24 00:00:00,1.4,208
Clinics 1,2024-07-01 00:00:00,1.4,208
Clinics 1,2024-07-08 00:00:00,1,208
Clinics 1,2024-07-15 00:00:00,1.2,208
Clinics 1,2024-07-22 00:00:00,1.4,208
Clinics 1,2024-07-29 00:00:00,1,208
Clinics 1,2024-08-05 00:00:00,1.4,208
Clinics 1,2024-08-12 00:00:00,1,208
Clinics 1,2024-08-19 00:00:00,1.1,208
Clinics 1,2024-08-26 00:00:00,2,208
Clinics 1,2024-09-02 00:00:00,1.7,208
Clinics 1,2024-09-09 00:00:00,2,208
Clinics 1,2024-09-16 00:00:00,1.5,208
Clinics 1,2024-09-23 00:00:00,1.7,208
Clinics 1,2024-09-30 00:00:00,2.1,208
Clinics 1,2024-10-07 00:00:00,2,208
Clinics 1,2024-10-14 00:00:00,1.3,208
Clinics 1,2024-10-21 00:00:00,1.3,208
Clinics 1,2024-10-28 00:00:00,1,208
Clinics 1,2024-11-04 00:00:00,0.8,208
Clinics 1,2024-11-11 00:00:00,1.3,208
Clinics 1,2024-11-18 00:00:00,1.3,208
Clinics 1,2024-11-25 00:00:00,1.2,208
Clinics 1,2024-12-02 00:00:00,1,208
Clinics 1,2024-12-09 00:00:00,1.4,208
Clinics 1,2024-12-16 00:00:00,1.2,208
Clinics 1,2024-12-23 00:00:00,1.4,208
Clinics 1,2024-12-30 00:00:00,1.4,208
Clinics 1,2025-01-06 00:00:00,2.2,208
Clinics 1,2025-01-13 00:00:00,2.5,208
Clinics 1,2025-01-20 00:00:00,2.1,208
Clinics 1,2025-01-27 00:00:00,2,208
Clinics 1,2025-02-03 00:00:00,2.3,208
Clinics 1,2025-02-10 00:00:00,2.2,208
Clinics 1,2025-02-17 00:00:00,3,208
Clinics 1,2025-02-24 00:00:00,3,208
Clinics 1,2025-03-03 00:00:00,3,208
Clinics 1,2025-03-10 00:00:00,3.2,208
Clinics 1,2025-03-17 00:00:00,2.4,208
Clinics 1,2025-03-24 00:00:00,2.2,208
Clinics 1,2025-03-31 00:00:00,2.5,208
Clinics 1,2025-04-07 00:00:00,3.6,208
Clinics 1,2025-04-14 00:00:00,2.4,208
Clinics 1,2025-04-21 00:00:00,4.1,208
Clinics 1,2025-04-28 00:00:00,3.4,208
Clinics 1,2025-05-05 00:00:00,2.6,208
Clinics 1,2025-05-12 00:00:00,2.5,208
Clinics 1,2025-05-19 00:00:00,2.9,208
Clinics 1,2025-05-26 00:00:00,2.5,208
Clinics 1,2025-06-02 00:00:00,2.7,208
Clinics 1,2025-06-09 00:00:00,2.4,208
Clinics 1,2025-06-16 00:00:00,2.7,208
Clinics 1,2025-06-23 00:00:00,2.9,208
Clinics 1,2025-06-30 00:00:00,1.9,208
Clinics 2,2022-06-27 00:00:00,3.9,210
Clinics 2,2022-07-04 00:00:00,4.3,210
Clinics 2,2022-07-11 00:00:00,2.3,210
Clinics 2,2022-07-18 00:00:00,2.5,210
Clinics 2,2022-07-25 00:00:00,2.1,210
Clinics 2,2022-08-01 00:00:00,2.2,210
Clinics 2,2022-08-08 00:00:00,1.8,210
Clinics 2,2022-08-15 00:00:00,1.1,210
Clinics 2,2022-08-22 00:00:00,2.6,210
Clinics 2,2022-08-29 00:00:00,3.4,210
Clinics 2,2022-09-05 00:00:00,2.8,210
Clinics 2,2022-09-12 00:00:00,2.6,210
Clinics 2,2022-09-19 00:00:00,3.5,210
Clinics 2,2022-09-26 00:00:00,3.4,210
Clinics 2,2022-10-03 00:00:00,2.9,210
Clinics 2,2022-10-10 00:00:00,3.3,210
Clinics 2,2022-10-17 00:00:00,3.9,210
Clinics 2,2022-10-24 00:00:00,3.3,210
Clinics 2,2022-10-31 00:00:00,2.9,210
Clinics 2,2022-11-07 00:00:00,1.6,210
Clinics 2,2022-11-14 00:00:00,2.5,210
Clinics 2,2022-11-21 00:00:00,3.3,210
Clinics 2,2022-11-28 00:00:00,3.5,210
Clinics 2,2022-12-05 00:00:00,3.8,210
Clinics 2,2022-12-12 00:00:00,4.4,210
Clinics 2,2022-12-19 00:00:00,3.9,210
Clinics 2,2022-12-26 00:00:00,3,210
Clinics 2,2023-01-02 00:00:00,3,210
Clinics 2,2023-01-09 00:00:00,3,210
Clinics 2,2023-01-16 00:00:00,2.6,210
Clinics 2,2023-01-23 00:00:00,3.9,210
Clinics 2,2023-01-30 00:00:00,4.6,210
Clinics 2,2023-02-06 00:00:00,4.1,210
Clinics 2,2023-02-13 00:00:00,4.3,210
Clinics 2,2023-02-20 00:00:00,3.7,210
Clinics 2,2023-02-27 00:00:00,3.8,210
Clinics 2,2023-03-06 00:00:00,4.1,210
Clinics 2,2023-03-13 00:00:00,3.9,210
Clinics 2,2023-03-20 00:00:00,4.6,210
Clinics 2,2023-03-27 00:00:00,6.1,210
Clinics 2,2023-04-03 00:00:00,7.3,210
Clinics 2,2023-04-10 00:00:00,6.8,210
Clinics 2,2023-04-17 00:00:00,6.3,210
Clinics 2,2023-04-24 00:00:00,6.8,210
Clinics 2,2023-05-01 00:00:00,8.1,210
Clinics 2,2023-05-08 00:00:00,8,210
Clinics 2,2023-05-15 00:00:00,8.3,210
Clinics 2,2023-05-22 00:00:00,7.3,210
Clinics 2,2023-05-29 00:00:00,7.2,210
Clinics 2,2023-06-05 00:00:00,8,210
Clinics 2,2023-06-12 00:00:00,6.7,210
Clinics 2,2023-06-19 00:00:00,6.2,210
Clinics 2,2023-06-26 00:00:00,5,210
Clinics 2,2023-07-03 00:00:00,5.4,210
Clinics 2,2023-07-10 00:00:00,6.4,210
Clinics 2,2023-07-17 00:00:00,4.6,210
Clinics 2,2023-07-24 00:00:00,5.2,210
Clinics 2,2023-07-31 00:00:00,4.6,210
Clinics 2,2023-08-07 00:00:00,4.8,210
Clinics 2,2023-08-14 00:00:00,4.6,210
Clinics 2,2023-08-21 00:00:00,5,210
Clinics 2,2023-08-28 00:00:00,6.9,210
Clinics 2,2023-09-04 00:00:00,6.5,210
Clinics 2,2023-09-11 00:00:00,6.5,210
Clinics 2,2023-09-18 00:00:00,6.6,210
Clinics 2,2023-09-25 00:00:00,6.9,210
Clinics 2,2023-10-02 00:00:00,6.8,210
Clinics 2,2023-10-09 00:00:00,6,210
Clinics 2,2023-10-16 00:00:00,6,210
Clinics 2,2023-10-23 00:00:00,6.2,210
Clinics 2,2023-10-30 00:00:00,6.7,210
Clinics 2,2023-11-06 00:00:00,5.8,210
Clinics 2,2023-11-13 00:00:00,6.2,210
Clinics 2,2023-11-20 00:00:00,6,210
Clinics 2,2023-11-27 00:00:00,5.9,210
Clinics 2,2023-12-04 00:00:00,5.6,210
Clinics 2,2023-12-11 00:00:00,6.4,210
Clinics 2,2023-12-18 00:00:00,6,210
Clinics 2,2023-12-25 00:00:00,6.1,210
Clinics 2,2024-01-01 00:00:00,5.2,210
Clinics 2,2024-01-08 00:00:00,6.2,210
Clinics 2,2024-01-15 00:00:00,6.4,210
Clinics 2,2024-01-22 00:00:00,6.1,210
Clinics 2,2024-01-29 00:00:00,5.3,210
Clinics 2,2024-02-05 00:00:00,6.2,210
Clinics 2,2024-02-12 00:00:00,6.6,210
Clinics 2,2024-02-19 00:00:00,6.3,210
Clinics 2,2024-02-26 00:00:00,5.7,210
Clinics 2,2024-03-04 00:00:00,5.3,210
Clinics 2,2024-03-11 00:00:00,5.8,210
Clinics 2,2024-03-18 00:00:00,7.1,210
Clinics 2,2024-03-25 00:00:00,6.5,210
Clinics 2,2024-04-01 00:00:00,5.6,210
Clinics 2,2024-04-08 00:00:00,6.5,210
Clinics 2,2024-04-15 00:00:00,5.9,210
Clinics 2,2024-04-22 00:00:00,6.8,210
Clinics 2,2024-04-29 00:00:00,7,210
Clinics 2,2024-05-06 00:00:00,4.8,210
Clinics 2,2024-05-13 00:00:00,6.5,210
Clinics 2,2024-05-20 00:00:00,6.5,210
Clinics 2,2024-05-27 00:00:00,5.9,210
Clinics 2,2024-06-03 00:00:00,8,210
Clinics 2,2024-06-10 00:00:00,8.3,210
Clinics 2,2024-06-17 00:00:00,7.3,210
Clinics 2,2024-06-24 00:00:00,7,210
Clinics 2,2024-07-01 00:00:00,5.1,210
Clinics 2,2024-07-08 00:00:00,5.9,210
Clinics 2,2024-07-15 00:00:00,4.8,210
Clinics 2,2024-07-22 00:00:00,3.6,210
Clinics 2,2024-07-29 00:00:00,4.8,210
Clinics 2,2024-08-05 00:00:00,5.4,210
Clinics 2,2024-08-12 00:00:00,7.1,210
Clinics 2,2024-08-19 00:00:00,6.6,210
Clinics 2,2024-08-26 00:00:00,6.7,210
Clinics 2,2024-09-02 00:00:00,6.5,210
Clinics 2,2024-09-09 00:00:00,6,210
Clinics 2,2024-09-16 00:00:00,6.6,210
Clinics 2,2024-09-23 00:00:00,6.8,210
Clinics 2,2024-09-30 00:00:00,6.1,210
Clinics 2,2024-10-07 00:00:00,5.6,210
Clinics 2,2024-10-14 00:00:00,5.8,210
Clinics 2,2024-10-21 00:00:00,6,210
Clinics 2,2024-10-28 00:00:00,5.6,210
Clinics 2,2024-11-04 00:00:00,7.2,210
Clinics 2,2024-11-11 00:00:00,6.1,210
Clinics 2,2024-11-18 00:00:00,6.7,210
Clinics 2,2024-11-25 00:00:00,5.8,210
Clinics 2,2024-12-02 00:00:00,6.4,210
Clinics 2,2024-12-09 00:00:00,6.5,210
Clinics 2,2024-12-16 00:00:00,5.9,210
Clinics 2,2024-12-23 00:00:00,5.3,210
Clinics 2,2024-12-30 00:00:00,6.4,210
Clinics 2,2025-01-06 00:00:00,6.5,210
Clinics 2,2025-01-13 00:00:00,6.8,210
Clinics 2,2025-01-20 00:00:00,6.9,210
Clinics 2,2025-01-27 00:00:00,6.1,210
Clinics 2,2025-02-03 00:00:00,6,210
Clinics 2,2025-02-10 00:00:00,7,210
Clinics 2,2025-02-17 00:00:00,6.3,210
Clinics 2,2025-02-24 00:00:00,6,210
Clinics 2,2025-03-03 00:00:00,7.9,210
Clinics 2,2025-03-10 00:00:00,6.1,210
Clinics 2,2025-03-17 00:00:00,6.5,210
Clinics 2,2025-03-24 00:00:00,6.3,210
Clinics 2,2025-03-31 00:00:00,7,210
Clinics 2,2025-04-07 00:00:00,6.4,210
Clinics 2,2025-04-14 00:00:00,5.8,210
Clinics 2,2025-04-21 00:00:00,7.2,210
Clinics 2,2025-04-28 00:00:00,6.8,210
Clinics 2,2025-05-05 00:00:00,7.1,210
Clinics 2,2025-05-12 00:00:00,6.7,210
Clinics 2,2025-05-19 00:00:00,6.5,210
Clinics 2,2025-05-26 00:00:00,7.3,210
Clinics 2,2025-06-02 00:00:00,7,210
Clinics 2,2025-06-09 00:00:00,7.2,210
Clinics 2,2025-06-16 00:00:00,7.4,210
Clinics 2,2025-06-23 00:00:00,7.7,210
Clinics 2,2025-06-30 00:00:00,7,210
Sjukhus B,2022-06-27 00:00:00,9.5,211
Sjukhus B,2022-07-04 00:00:00,8.7,211
Sjukhus B,2022-07-11 00:00:00,7.5,211
Sjukhus B,2022-07-18 00:00:00,8.9,211
Sjukhus B,2022-07-25 00:00:00,8.2,211
Sjukhus B,2022-08-01 00:00:00,8.7,211
Sjukhus B,2022-08-08 00:00:00,7.7,211
Sjukhus B,2022-08-15 00:00:00,5.2,211
Sjukhus B,2022-08-22 00:00:00,10.4,211
Sjukhus B,2022-08-29 00:00:00,9.5,211
Sjukhus B,2022-09-05 00:00:00,8.8,211
Sjukhus B,2022-09-12 00:00:00,8,211
Sjukhus B,2022-09-19 00:00:00,8.7,211
Sjukhus B,2022-09-26 00:00:00,9.3,211
Sjukhus B,2022-10-03 00:00:00,9.7,211
Sjukhus B,2022-10-10 00:00:00,11,211
Sjukhus B,2022-10-17 00:00:00,10.3,211
Sjukhus B,2022-10-24 00:00:00,11.6,211
Sjukhus B,2022-10-31 00:00:00,9.8,211
Sjukhus B,2022-11-07 00:00:00,10.4,211
Sjukhus B,2022-11-14 00:00:00,11.8,211
Sjukhus B,2022-11-21 00:00:00,10.8,211
Sjukhus B,2022-11-28 00:00:00,11.6,211
Sjukhus B,2022-12-05 00:00:00,10.8,211
Sjukhus B,2022-12-12 00:00:00,10.7,211
Sjukhus B,2022-12-19 00:00:00,11.7,211
Sjukhus B,2022-12-26 00:00:00,10.3,211
Sjukhus B,2023-01-02 00:00:00,6.8,211
Sjukhus B,2023-01-09 00:00:00,11,211
Sjukhus B,2023-01-16 00:00:00,12.1,211
Sjukhus B,2023-01-23 00:00:00,12.6,211
Sjukhus B,2023-01-30 00:00:00,13.5,211
Sjukhus B,2023-02-06 00:00:00,10.6,211
Sjukhus B,2023-02-13 00:00:00,13.5,211
Sjukhus B,2023-02-20 00:00:00,12.5,211
Sjukhus B,2023-02-27 00:00:00,11.4,211
Sjukhus B,2023-03-06 00:00:00,11.8,211
Sjukhus B,2023-03-13 00:00:00,13.6,211
Sjukhus B,2023-03-20 00:00:00,14,211
Sjukhus B,2023-03-27 00:00:00,13,211
Sjukhus B,2023-04-03 00:00:00,13.2,211
Sjukhus B,2023-04-10 00:00:00,12.7,211
Sjukhus B,2023-04-17 00:00:00,12.2,211
Sjukhus B,2023-04-24 00:00:00,14.4,211
Sjukhus B,2023-05-01 00:00:00,12.4,211
Sjukhus B,2023-05-08 00:00:00,11.1,211
Sjukhus B,2023-05-15 00:00:00,11.8,211
Sjukhus B,2023-05-22 00:00:00,12.4,211
Sjukhus B,2023-05-29 00:00:00,12.4,211
Sjukhus B,2023-06-05 00:00:00,13.1,211
Sjukhus B,2023-06-12 00:00:00,10.6,211
Sjukhus B,2023-06-19 00:00:00,9.7,211
Sjukhus B,2023-06-26 00:00:00,9.1,211
Sjukhus B,2023-07-03 00:00:00,9.2,211
Sjukhus B,2023-07-10 00:00:00,7.2,211
Sjukhus B,2023-07-17 00:00:00,6.8,211
Sjukhus B,2023-07-24 00:00:00,8,211
Sjukhus B,2023-07-31 00:00:00,6.4,211
Sjukhus B,2023-08-07 00:00:00,7,211
Sjukhus B,2023-08-14 00:00:00,9.2,211
Sjukhus B,2023-08-21 00:00:00,11.3,211
Sjukhus B,2023-08-28 00:00:00,13.4,211
Sjukhus B,2023-09-04 00:00:00,13,211
Sjukhus B,2023-09-11 00:00:00,14.4,211
Sjukhus B,2023-09-18 00:00:00,14.8,211
Sjukhus B,2023-09-25 00:00:00,13.2,211
Sjukhus B,2023-10-02 00:00:00,11.7,211
Sjukhus B,2023-10-09 00:00:00,14.3,211
Sjukhus B,2023-10-16 00:00:00,15.6,211
Sjukhus B,2023-10-23 00:00:00,15,211
Sjukhus B,2023-10-30 00:00:00,14.4,211
Sjukhus B,2023-11-06 00:00:00,12,211
Sjukhus B,2023-11-13 00:00:00,13,211
Sjukhus B,2023-11-20 00:00:00,11.4,211
Sjukhus B,2023-11-27 00:00:00,12.8,211
Sjukhus B,2023-12-04 00:00:00,12.1,211
Sjukhus B,2023-12-11 00:00:00,14.1,211
Sjukhus B,2023-12-18 00:00:00,13.6,211
Sjukhus B,2023-12-25 00:00:00,11.1,211
Sjukhus B,2024-01-01 00:00:00,12.9,211
Sjukhus B,2024-01-08 00:00:00,15.3,211
Sjukhus B,2024-01-15 00:00:00,13,211
Sjukhus B,2024-01-22 00:00:00,14.3,211
Sjukhus B,2024-01-29 00:00:00,12.1,211
Sjukhus B,2024-02-05 00:00:00,11.7,211
Sjukhus B,2024-02-12 00:00:00,11.9,211
Sjukhus B,2024-02-19 00:00:00,11.7,211
Sjukhus B,2024-02-26 00:00:00,12.2,211
Sjukhus B,2024-03-04 00:00:00,12.8,211
Sjukhus B,2024-03-11 00:00:00,13.7,211
Sjukhus B,2024-03-18 00:00:00,13.1,211
Sjukhus B,2024-03-25 00:00:00,14.7,211
Sjukhus B,2024-04-01 00:00:00,13.2,211
Sjukhus B,2024-04-08 00:00:00,12.9,211
Sjukhus B,2024-04-15 00:00:00,13.6,211
Sjukhus B,2024-04-22 00:00:00,14.5,211
Sjukhus B,2024-04-29 00:00:00,15,211
Sjukhus B,2024-05-06 00:00:00,14.1,211
Sjukhus B,2024-05-13 00:00:00,14.5,211
Sjukhus B,2024-05-20 00:00:00,12.7,211
Sjukhus B,2024-05-27 00:00:00,12.9,211
Sjukhus B,2024-06-03 00:00:00,11.2,211
Sjukhus B,2024-06-10 00:00:00,13.8,211
Sjukhus B,2024-06-17 00:00:00,16.1,211
Sjukhus B,2024-06-24 00:00:00,12.7,211
Sjukhus B,2024-07-01 00:00:00,10.7,211
Sjukhus B,2024-07-08 00:00:00,10.4,211
Sjukhus B,2024-07-15 00:00:00,10.4,211
Sjukhus B,2024-07-22 00:00:00,8.4,211
Sjukhus B,2024-07-29 00:00:00,7.8,211
Sjukhus B,2024-08-05 00:00:00,11,211
Sjukhus B,2024-08-12 00:00:00,11.7,211
Sjukhus B,2024-08-19 00:00:00,12.2,211
Sjukhus B,2024-08-26 00:00:00,11,211
Sjukhus B,2024-09-02 00:00:00,11.2,211
Sjukhus B,2024-09-09 00:00:00,13.4,211
Sjukhus B,2024-09-16 00:00:00,13.9,211
Sjukhus B,2024-09-23 00:00:00,10.7,211
Sjukhus B,2024-09-30 00:00:00,11.7,211
Sjukhus B,2024-10-07 00:00:00,11.7,211
Sjukhus B,2024-10-14 00:00:00,12.6,211
Sjukhus B,2024-10-21 00:00:00,11.6,211
Sjukhus B,2024-10-28 00:00:00,11.1,211
Sjukhus B,2024-11-04 00:00:00,11.4,211
Sjukhus B,2024-11-11 00:00:00,12.6,211
Sjukhus B,2024-11-18 00:00:00,11.8,211
Sjukhus B,2024-11-25 00:00:00,12.6,211
Sjukhus B,2024-12-02 00:00:00,12.9,211
Sjukhus B,2024-12-09 00:00:00,11.2,211
Sjukhus B,2024-12-16 00:00:00,10.8,211
Sjukhus B,2024-12-23 00:00:00,13.6,211
Sjukhus B,2024-12-30 00:00:00,9.8,211
Sjukhus B,2025-01-06 00:00:00,12.4,211
Sjukhus B,2025-01-13 00:00:00,11.8,211
Sjukhus B,2025-01-20 00:00:00,12.3,211
Sjukhus B,2025-01-27 00:00:00,12.4,211
Sjukhus B,2025-02-03 00:00:00,11.5,211
Sjukhus B,2025-02-10 00:00:00,10.1,211
Sjukhus B,2025-02-17 00:00:00,11.2,211
Sjukhus B,2025-02-24 00:00:00,12.2,211
Sjukhus B,2025-03-03 00:00:00,12.2,211
Sjukhus B,2025-03-10 00:00:00,14.2,211
Sjukhus B,2025-03-17 00:00:00,13.8,211
Sjukhus B,2025-03-24 00:00:00,12,211
Sjukhus B,2025-03-31 00:00:00,12.2,211
Sjukhus B,2025-04-07 00:00:00,12.1,211
Sjukhus B,2025-04-14 00:00:00,14.4,211
Sjukhus B,2025-04-21 00:00:00,12.5,211
Sjukhus B,2025-04-28 00:00:00,13.9,211
Sjukhus B,2025-05-05 00:00:00,12.8,211
Sjukhus B,2025-05-12 00:00:00,13.6,211
Sjukhus B,2025-05-19 00:00:00,11.9,211
Sjukhus B,2025-05-26 00:00:00,12.2,211
Sjukhus B,2025-06-02 00:00:00,13.6,211
Sjukhus B,2025-06-09 00:00:00,11.6,211
Sjukhus B,2025-06-16 00:00:00,10.6,211
Sjukhus B,2025-06-23 00:00:00,9.4,211
Sjukhus B,2025-06-30 00:00:00,8.6,211
Clinics 1,2022-06-27 00:00:00,6.1,212
Clinics 1,2022-07-04 00:00:00,5.2,212
Clinics 1,2022-07-11 00:00:00,4.6,212
Clinics 1,2022-07-18 00:00:00,4.3,212
Clinics 1,2022-07-25 00:00:00,4.6,212
Clinics 1,2022-08-01 00:00:00,3.4,212
Clinics 1,2022-08-08 00:00:00,3.6,212
Clinics 1,2022-08-15 00:00:00,3.5,212
Clinics 1,2022-08-22 00:00:00,3.9,212
Clinics 1,2022-08-29 00:00:00,3.9,212
Clinics 1,2022-09-05 00:00:00,4.5,212
Clinics 1,2022-09-12 00:00:00,3,212
Clinics 1,2022-09-19 00:00:00,3.9,212
Clinics 1,2022-09-26 00:00:00,4.3,212
Clinics 1,2022-10-03 00:00:00,5.5,212
Clinics 1,2022-10-10 00:00:00,5.9,212
Clinics 1,2022-10-17 00:00:00,5,212
Clinics 1,2022-10-24 00:00:00,5,212
Clinics 1,2022-10-31 00:00:00,5.3,212
Clinics 1,2022-11-07 00:00:00,5,212
Clinics 1,2022-11-14 00:00:00,5.4,212
Clinics 1,2022-11-21 00:00:00,5.5,212
Clinics 1,2022-11-28 00:00:00,4.2,212
Clinics 1,2022-12-05 00:00:00,5.5,212
Clinics 1,2022-12-12 00:00:00,5.2,212
Clinics 1,2022-12-19 00:00:00,5.8,212
Clinics 1,2022-12-26 00:00:00,4.5,212
Clinics 1,2023-01-02 00:00:00,3.9,212
Clinics 1,2023-01-09 00:00:00,3.3,212
Clinics 1,2023-01-16 00:00:00,5.5,212
Clinics 1,2023-01-23 00:00:00,4.9,212
Clinics 1,2023-01-30 00:00:00,5.3,212
Clinics 1,2023-02-06 00:00:00,5.8,212
Clinics 1,2023-02-13 00:00:00,5.4,212
Clinics 1,2023-02-20 00:00:00,5.7,212
Clinics 1,2023-02-27 00:00:00,5.5,212
Clinics 1,2023-03-06 00:00:00,5.3,212
Clinics 1,2023-03-13 00:00:00,6.1,212
Clinics 1,2023-03-20 00:00:00,5.9,212
Clinics 1,2023-03-27 00:00:00,4.7,212
Clinics 1,2023-04-03 00:00:00,5.5,212
Clinics 1,2023-04-10 00:00:00,6.1,212
Clinics 1,2023-04-17 00:00:00,6.7,212
Clinics 1,2023-04-24 00:00:00,4.2,212
Clinics 1,2023-05-01 00:00:00,6.1,212
Clinics 1,2023-05-08 00:00:00,6.5,212
Clinics 1,2023-05-15 00:00:00,5,212
Clinics 1,2023-05-22 00:00:00,5,212
Clinics 1,2023-05-29 00:00:00,5.6,212
Clinics 1,2023-06-05 00:00:00,5.3,212
Clinics 1,2023-06-12 00:00:00,4.3,212
Clinics 1,2023-06-19 00:00:00,5.1,212
Clinics 1,2023-06-26 00:00:00,3.4,212
Clinics 1,2023-07-03 00:00:00,3.7,212
Clinics 1,2023-07-10 00:00:00,3.5,212
Clinics 1,2023-07-17 00:00:00,4.4,212
Clinics 1,2023-07-24 00:00:00,3.8,212
Clinics 1,2023-07-31 00:00:00,4.4,212
Clinics 1,2023-08-07 00:00:00,3,212
Clinics 1,2023-08-14 00:00:00,2.8,212
Clinics 1,2023-08-21 00:00:00,4.4,212
Clinics 1,2023-08-28 00:00:00,5.5,212
Clinics 1,2023-09-04 00:00:00,6.7,212
Clinics 1,2023-09-11 00:00:00,7,212
Clinics 1,2023-09-18 00:00:00,6.8,212
Clinics 1,2023-09-25 00:00:00,7.6,212
Clinics 1,2023-10-02 00:00:00,6.4,212
Clinics 1,2023-10-09 00:00:00,7.1,212
Clinics 1,2023-10-16 00:00:00,7.3,212
Clinics 1,2023-10-23 00:00:00,7.3,212
Clinics 1,2023-10-30 00:00:00,7.2,212
Clinics 1,2023-11-06 00:00:00,6.1,212
Clinics 1,2023-11-13 00:00:00,7.8,212
Clinics 1,2023-11-20 00:00:00,6.2,212
Clinics 1,2023-11-27 00:00:00,7.2,212
Clinics 1,2023-12-04 00:00:00,6.9,212
Clinics 1,2023-12-11 00:00:00,6.7,212
Clinics 1,2023-12-18 00:00:00,5.4,212
Clinics 1,2023-12-25 00:00:00,6.4,212
Clinics 1,2024-01-01 00:00:00,3.9,212
Clinics 1,2024-01-08 00:00:00,7.5,212
Clinics 1,2024-01-15 00:00:00,7.7,212
Clinics 1,2024-01-22 00:00:00,6.6,212
Clinics 1,2024-01-29 00:00:00,6.7,212
Clinics 1,2024-02-05 00:00:00,6.8,212
Clinics 1,2024-02-12 00:00:00,7.2,212
Clinics 1,2024-02-19 00:00:00,6.6,212
Clinics 1,2024-02-26 00:00:00,7.7,212
Clinics 1,2024-03-04 00:00:00,6.5,212
Clinics 1,2024-03-11 00:00:00,6.9,212
Clinics 1,2024-03-18 00:00:00,5.8,212
Clinics 1,2024-03-25 00:00:00,5.7,212
Clinics 1,2024-04-01 00:00:00,6.9,212
Clinics 1,2024-04-08 00:00:00,7.8,212
Clinics 1,2024-04-15 00:00:00,6.2,212
Clinics 1,2024-04-22 00:00:00,6.3,212
Clinics 1,2024-04-29 00:00:00,7.2,212
Clinics 1,2024-05-06 00:00:00,6.8,212
Clinics 1,2024-05-13 00:00:00,6.3,212
Clinics 1,2024-05-20 00:00:00,6.7,212
Clinics 1,2024-05-27 00:00:00,6.4,212
Clinics 1,2024-06-03 00:00:00,5.8,212
Clinics 1,2024-06-10 00:00:00,6.7,212
Clinics 1,2024-06-17 00:00:00,3.2,212
Clinics 1,2024-06-24 00:00:00,4.3,212
Clinics 1,2024-07-01 00:00:00,4.3,212
Clinics 1,2024-07-08 00:00:00,4.6,212
Clinics 1,2024-07-15 00:00:00,3.7,212
Clinics 1,2024-07-22 00:00:00,2.8,212
Clinics 1,2024-07-29 00:00:00,3.4,212
Clinics 1,2024-08-05 00:00:00,4.4,212
Clinics 1,2024-08-12 00:00:00,5.9,212
Clinics 1,2024-08-19 00:00:00,4.9,212
Clinics 1,2024-08-26 00:00:00,5.5,212
Clinics 1,2024-09-02 00:00:00,5.8,212
Clinics 1,2024-09-09 00:00:00,5.6,212
Clinics 1,2024-09-16 00:00:00,5.7,212
Clinics 1,2024-09-23 00:00:00,5.7,212
Clinics 1,2024-09-30 00:00:00,4.8,212
Clinics 1,2024-10-07 00:00:00,4.7,212
Clinics 1,2024-10-14 00:00:00,4.8,212
Clinics 1,2024-10-21 00:00:00,6.4,212
Clinics 1,2024-10-28 00:00:00,5.6,212
Clinics 1,2024-11-04 00:00:00,5.1,212
Clinics 1,2024-11-11 00:00:00,5.9,212
Clinics 1,2024-11-18 00:00:00,6,212
Clinics 1,2024-11-25 00:00:00,5.7,212
Clinics 1,2024-12-02 00:00:00,5,212
Clinics 1,2024-12-09 00:00:00,5.4,212
Clinics 1,2024-12-16 00:00:00,6.6,212
Clinics 1,2024-12-23 00:00:00,4.9,212
Clinics 1,2024-12-30 00:00:00,5.8,212
Clinics 1,2025-01-06 00:00:00,6.4,212
Clinics 1,2025-01-13 00:00:00,6.5,212
Clinics 1,2025-01-20 00:00:00,5.4,212
Clinics 1,2025-01-27 00:00:00,5.7,212
Clinics 1,2025-02-03 00:00:00,5.8,212
Clinics 1,2025-02-10 00:00:00,5,212
Clinics 1,2025-02-17 00:00:00,5.7,212
Clinics 1,2025-02-24 00:00:00,6.1,212
Clinics 1,2025-03-03 00:00:00,6.4,212
Clinics 1,2025-03-10 00:00:00,6.1,212
Clinics 1,2025-03-17 00:00:00,4.3,212
Clinics 1,2025-03-24 00:00:00,4.9,212
Clinics 1,2025-03-31 00:00:00,4.5,212
Clinics 1,2025-04-07 00:00:00,5,212
Clinics 1,2025-04-14 00:00:00,4.2,212
Clinics 1,2025-04-21 00:00:00,4.9,212
Clinics 1,2025-04-28 00:00:00,4.9,212
Clinics 1,2025-05-05 00:00:00,5.8,212
Clinics 1,2025-05-12 00:00:00,4.7,212
Clinics 1,2025-05-19 00:00:00,5.3,212
Clinics 1,2025-05-26 00:00:00,2.8,212
Clinics 1,2025-06-02 00:00:00,4,212
Clinics 1,2025-06-09 00:00:00,4.3,212
Clinics 1,2025-06-16 00:00:00,2.6,212
Clinics 1,2025-06-23 00:00:00,2.6,212
Clinics 1,2025-06-30 00:00:00,2.6,212
Clinics 0,2022-06-27 00:00:00,7.2,217
Clinics 0,2022-07-04 00:00:00,6.6,217
Clinics 0,2022-07-11 00:00:00,5.1,217
Clinics 0,2022-07-18 00:00:00,4.5,217
Clinics 0,2022-07-25 00:00:00,4,217
Clinics 0,2022-08-01 00:00:00,5.5,217
Clinics 0,2022-08-08 00:00:00,5.2,217
Clinics 0,2022-08-15 00:00:00,2.6,217
Clinics 0,2022-08-22 00:00:00,7,217
Clinics 0,2022-08-29 00:00:00,10.1,217
Clinics 0,2022-09-05 00:00:00,10.4,217
Clinics 0,2022-09-12 00:00:00,9,217
Clinics 0,2022-09-19 00:00:00,9.2,217
Clinics 0,2022-09-26 00:00:00,9.7,217
Clinics 0,2022-10-03 00:00:00,11.1,217
Clinics 0,2022-10-10 00:00:00,9.9,217
Clinics 0,2022-10-17 00:00:00,9,217
Clinics 0,2022-10-24 00:00:00,11.3,217
Clinics 0,2022-10-31 00:00:00,11.8,217
Clinics 0,2022-11-07 00:00:00,10.5,217
Clinics 0,2022-11-14 00:00:00,10.8,217
Clinics 0,2022-11-21 00:00:00,10.6,217
Clinics 0,2022-11-28 00:00:00,10.2,217
Clinics 0,2022-12-05 00:00:00,11.3,217
Clinics 0,2022-12-12 00:00:00,8.7,217
Clinics 0,2022-12-19 00:00:00,9.3,217
Clinics 0,2022-12-26 00:00:00,7.8,217
Clinics 0,2023-01-02 00:00:00,8.25,217
Clinics 0,2023-01-09 00:00:00,8.7,217
Clinics 0,2023-01-16 00:00:00,9.1,217
Clinics 0,2023-01-23 00:00:00,11.1,217
Clinics 0,2023-01-30 00:00:00,8.5,217
Clinics 0,2023-02-06 00:00:00,9.9,217
Clinics 0,2023-02-13 00:00:00,10.7,217
Clinics 0,2023-02-20 00:00:00,10.2,217
Clinics 0,2023-02-27 00:00:00,10.1,217
Clinics 0,2023-03-06 00:00:00,8.4,217
Clinics 0,2023-03-13 00:00:00,8.7,217
Clinics 0,2023-03-20 00:00:00,9.3,217
Clinics 0,2023-03-27 00:00:00,10,217
Clinics 0,2023-04-03 00:00:00,9.5,217
Clinics 0,2023-04-10 00:00:00,8.95,217
Clinics 0,2023-04-17 00:00:00,8.4,217
Clinics 0,2023-04-24 00:00:00,10.1,217
Clinics 0,2023-05-01 00:00:00,8,217
Clinics 0,2023-05-08 00:00:00,8.8,217
Clinics 0,2023-05-15 00:00:00,8.7,217
Clinics 0,2023-05-22 00:00:00,8.3,217
Clinics 0,2023-05-29 00:00:00,9.3,217
Clinics 0,2023-06-05 00:00:00,9.2,217
Clinics 0,2023-06-12 00:00:00,9.1,217
Clinics 0,2023-06-19 00:00:00,10.2,217
Clinics 0,2023-06-26 00:00:00,10.2,217
Clinics 0,2023-07-03 00:00:00,7.6,217
Clinics 0,2023-07-10 00:00:00,7.9,217
Clinics 0,2023-07-17 00:00:00,6.4,217
Clinics 0,2023-07-24 00:00:00,4.6,217
Clinics 0,2023-07-31 00:00:00,3.8,217
Clinics 0,2023-08-07 00:00:00,4.1,217
Clinics 0,2023-08-14 00:00:00,4.7,217
Clinics 0,2023-08-21 00:00:00,7.7,217
Clinics 0,2023-08-28 00:00:00,9.2,217
Clinics 0,2023-09-04 00:00:00,11.4,217
Clinics 0,2023-09-11 00:00:00,10.1,217
Clinics 0,2023-09-18 00:00:00,10.3,217
Clinics 0,2023-09-25 00:00:00,11.1,217
Clinics 0,2023-10-02 00:00:00,10.9,217
Clinics 0,2023-10-09 00:00:00,11,217
Clinics 0,2023-10-16 00:00:00,11.4,217
Clinics 0,2023-10-23 00:00:00,10.5,217
Clinics 0,2023-10-30 00:00:00,9.9,217
Clinics 0,2023-11-06 00:00:00,8.8,217
Clinics 0,2023-11-13 00:00:00,11.3,217
Clinics 0,2023-11-20 00:00:00,10.2,217
Clinics 0,2023-11-27 00:00:00,10.2,217
Clinics 0,2023-12-04 00:00:00,10.2,217
Clinics 0,2023-12-11 00:00:00,12.1,217
Clinics 0,2023-12-18 00:00:00,12.2,217
Clinics 0,2023-12-25 00:00:00,9.8,217
Clinics 0,2024-01-01 00:00:00,7,217
Clinics 0,2024-01-08 00:00:00,11.6,217
Clinics 0,2024-01-15 00:00:00,12.4,217
Clinics 0,2024-01-22 00:00:00,11.1,217
Clinics 0,2024-01-29 00:00:00,11.1,217
Clinics 0,2024-02-05 00:00:00,10.1,217
Clinics 0,2024-02-12 00:00:00,11.1,217
Clinics 0,2024-02-19 00:00:00,10.1,217
Clinics 0,2024-02-26 00:00:00,9.4,217
Clinics 0,2024-03-04 00:00:00,11.1,217
Clinics 0,2024-03-11 00:00:00,10.2,217
Clinics 0,2024-03-18 00:00:00,10.9,217
Clinics 0,2024-03-25 00:00:00,9.8,217
Clinics 0,2024-04-01 00:00:00,8.5,217
Clinics 0,2024-04-08 00:00:00,11.9,217
Clinics 0,2024-04-15 00:00:00,9.9,217
Clinics 0,2024-04-22 00:00:00,10.2,217
Clinics 0,2024-04-29 00:00:00,9.5,217
Clinics 0,2024-05-06 00:00:00,10.3,217
Clinics 0,2024-05-13 00:00:00,8.7,217
Clinics 0,2024-05-20 00:00:00,10.3,217
Clinics 0,2024-05-27 00:00:00,9.6,217
Clinics 0,2024-06-03 00:00:00,10.4,217
Clinics 0,2024-06-10 00:00:00,10.4,217
Clinics 0,2024-06-17 00:00:00,9.7,217
Clinics 0,2024-06-24 00:00:00,7.9,217
Clinics 0,2024-07-01 00:00:00,9.3,217
Clinics 0,2024-07-08 00:00:00,7.3,217
Clinics 0,2024-07-15 00:00:00,5.8,217
Clinics 0,2024-07-22 00:00:00,5.6,217
Clinics 0,2024-07-29 00:00:00,4.4,217
Clinics 0,2024-08-05 00:00:00,6.3,217
Clinics 0,2024-08-12 00:00:00,8.1,217
Clinics 0,2024-08-19 00:00:00,8.3,217
Clinics 0,2024-08-26 00:00:00,7.9,217
Clinics 0,2024-09-02 00:00:00,10,217
Clinics 0,2024-09-09 00:00:00,9.4,217
Clinics 0,2024-09-16 00:00:00,9.3,217
Clinics 0,2024-09-23 00:00:00,9.5,217
Clinics 0,2024-09-30 00:00:00,12.3,217
Clinics 0,2024-10-07 00:00:00,11.2,217
Clinics 0,2024-10-14 00:00:00,10.2,217
Clinics 0,2024-10-21 00:00:00,10.5,217
Clinics 0,2024-10-28 00:00:00,9.2,217
Clinics 0,2024-11-04 00:00:00,11,217
Clinics 0,2024-11-11 00:00:00,10.2,217
Clinics 0,2024-11-18 00:00:00,10.8,217
Clinics 0,2024-11-25 00:00:00,9.6,217
Clinics 0,2024-12-02 00:00:00,10.4,217
Clinics 0,2024-12-09 00:00:00,10.8,217
Clinics 0,2024-12-16 00:00:00,10.5,217
Clinics 0,2024-12-23 00:00:00,6.5,217
Clinics 0,2024-12-30 00:00:00,8.1,217
Clinics 0,2025-01-06 00:00:00,10.8,217
Clinics 0,2025-01-13 00:00:00,10.5,217
Clinics 0,2025-01-20 00:00:00,10.3,217
Clinics 0,2025-01-27 00:00:00,9.9,217
Clinics 0,2025-02-03 00:00:00,10.9,217
Clinics 0,2025-02-10 00:00:00,10.3,217
Clinics 0,2025-02-17 00:00:00,10,217
Clinics 0,2025-02-24 00:00:00,10.4,217
Clinics 0,2025-03-03 00:00:00,11.7,217
Clinics 0,2025-03-10 00:00:00,10.8,217
Clinics 0,2025-03-17 00:00:00,12,217
Clinics 0,2025-03-24 00:00:00,12.3,217
Clinics 0,2025-03-31 00:00:00,10.1,217
Clinics 0,2025-04-07 00:00:00,10.1,217
Clinics 0,2025-04-14 00:00:00,8.6,217
Clinics 0,2025-04-21 00:00:00,9.3,217
Clinics 0,2025-04-28 00:00:00,7.4,217
Clinics 0,2025-05-05 00:00:00,10.1,217
Clinics 0,2025-05-12 00:00:00,10.3,217
Clinics 0,2025-05-19 00:00:00,10.8,217
Clinics 0,2025-05-26 00:00:00,9.3,217
Clinics 0,2025-06-02 00:00:00,11.7,217
Clinics 0,2025-06-09 00:00:00,9,217
Clinics 0,2025-06-16 00:00:00,9.5,217
Clinics 0,2025-06-23 00:00:00,9.7,217
Clinics 0,2025-06-30 00:00:00,5.8,217
Clinics 2,2022-06-27 00:00:00,3.4,218
Clinics 2,2022-07-04 00:00:00,3.1,218
Clinics 2,2022-07-11 00:00:00,1.7,218
Clinics 2,2022-07-18 00:00:00,2.4,218
Clinics 2,2022-07-25 00:00:00,1.8,218
Clinics 2,2022-08-01 00:00:00,2,218
Clinics 2,2022-08-08 00:00:00,1.9,218
Clinics 2,2022-08-15 00:00:00,1.4,218
Clinics 2,2022-08-22 00:00:00,1.9,218
Clinics 2,2022-08-29 00:00:00,3.8,218
Clinics 2,2022-09-05 00:00:00,3.8,218
Clinics 2,2022-09-12 00:00:00,3.4,218
Clinics 2,2022-09-19 00:00:00,3.3,218
Clinics 2,2022-09-26 00:00:00,4.2,218
Clinics 2,2022-10-03 00:00:00,4.2,218
Clinics 2,2022-10-10 00:00:00,4.7,218
Clinics 2,2022-10-17 00:00:00,4.1,218
Clinics 2,2022-10-24 00:00:00,3.6,218
Clinics 2,2022-10-31 00:00:00,3.7,218
Clinics 2,2022-11-07 00:00:00,4.3,218
Clinics 2,2022-11-14 00:00:00,3.7,218
Clinics 2,2022-11-21 00:00:00,4.3,218
Clinics 2,2022-11-28 00:00:00,4.1,218
Clinics 2,2022-12-05 00:00:00,4.8,218
Clinics 2,2022-12-12 00:00:00,5,218
Clinics 2,2022-12-19 00:00:00,4.2,218
Clinics 2,2022-12-26 00:00:00,2.4,218
Clinics 2,2023-01-02 00:00:00,2.1,218
Clinics 2,2023-01-09 00:00:00,1.8,218
Clinics 2,2023-01-16 00:00:00,4.9,218
Clinics 2,2023-01-23 00:00:00,3.8,218
Clinics 2,2023-01-30 00:00:00,4.3,218
Clinics 2,2023-02-06 00:00:00,2.7,218
Clinics 2,2023-02-13 00:00:00,3.4,218
Clinics 2,2023-02-20 00:00:00,2.1,218
Clinics 2,2023-02-27 00:00:00,3.9,218
Clinics 2,2023-03-06 00:00:00,4.2,218
Clinics 2,2023-03-13 00:00:00,3.1,218
Clinics 2,2023-03-20 00:00:00,2.3,218
Clinics 2,2023-03-27 00:00:00,3.3,218
Clinics 2,2023-04-03 00:00:00,4.4,218
Clinics 2,2023-04-10 00:00:00,3.4,218
Clinics 2,2023-04-17 00:00:00,2.4,218
Clinics 2,2023-04-24 00:00:00,4.1,218
Clinics 2,2023-05-01 00:00:00,5.5,218
Clinics 2,2023-05-08 00:00:00,5.4,218
Clinics 2,2023-05-15 00:00:00,3.1,218
Clinics 2,2023-05-22 00:00:00,4.4,218
Clinics 2,2023-05-29 00:00:00,5,218
Clinics 2,2023-06-05 00:00:00,5.3,218
Clinics 2,2023-06-12 00:00:00,4.8,218
Clinics 2,2023-06-19 00:00:00,6.1,218
Clinics 2,2023-06-26 00:00:00,4.9,218
Clinics 2,2023-07-03 00:00:00,3.2,218
Clinics 2,2023-07-10 00:00:00,3.7,218
Clinics 2,2023-07-17 00:00:00,4.1,218
Clinics 2,2023-07-24 00:00:00,4.8,218
Clinics 2,2023-07-31 00:00:00,4.5,218
Clinics 2,2023-08-07 00:00:00,2.5,218
Clinics 2,2023-08-14 00:00:00,3.3,218
Clinics 2,2023-08-21 00:00:00,4.5,218
Clinics 2,2023-08-28 00:00:00,4,218
Clinics 2,2023-09-04 00:00:00,3.4,218
Clinics 2,2023-09-11 00:00:00,5.3,218
Clinics 2,2023-09-18 00:00:00,5.1,218
Clinics 2,2023-09-25 00:00:00,4.6,218
Clinics 2,2023-10-02 00:00:00,4.8,218
Clinics 2,2023-10-09 00:00:00,3.9,218
Clinics 2,2023-10-16 00:00:00,4.4,218
Clinics 2,2023-10-23 00:00:00,6,218
Clinics 2,2023-10-30 00:00:00,5.3,218
Clinics 2,2023-11-06 00:00:00,5,218
Clinics 2,2023-11-13 00:00:00,4.9,218
Clinics 2,2023-11-20 00:00:00,5.4,218
Clinics 2,2023-11-27 00:00:00,5.4,218
Clinics 2,2023-12-04 00:00:00,5.2,218
Clinics 2,2023-12-11 00:00:00,4,218
Clinics 2,2023-12-18 00:00:00,5,218
Clinics 2,2023-12-25 00:00:00,2.8,218
Clinics 2,2024-01-01 00:00:00,4,218
Clinics 2,2024-01-08 00:00:00,4.2,218
Clinics 2,2024-01-15 00:00:00,5.3,218
Clinics 2,2024-01-22 00:00:00,4.2,218
Clinics 2,2024-01-29 00:00:00,3.6,218
Clinics 2,2024-02-05 00:00:00,5.6,218
Clinics 2,2024-02-12 00:00:00,5.5,218
Clinics 2,2024-02-19 00:00:00,4.5,218
Clinics 2,2024-02-26 00:00:00,4.6,218
Clinics 2,2024-03-04 00:00:00,6.3,218
Clinics 2,2024-03-11 00:00:00,5.7,218
Clinics 2,2024-03-18 00:00:00,6.2,218
Clinics 2,2024-03-25 00:00:00,2.8,218
Clinics 2,2024-04-01 00:00:00,5.6,218
Clinics 2,2024-04-08 00:00:00,5.9,218
Clinics 2,2024-04-15 00:00:00,5.2,218
Clinics 2,2024-04-22 00:00:00,4.1,218
Clinics 2,2024-04-29 00:00:00,3.8,218
Clinics 2,2024-05-06 00:00:00,4,218
Clinics 2,2024-05-13 00:00:00,4.6,218
Clinics 2,2024-05-20 00:00:00,3.4,218
Clinics 2,2024-05-27 00:00:00,5.3,218
Clinics 2,2024-06-03 00:00:00,3,218
Clinics 2,2024-06-10 00:00:00,4.7,218
Clinics 2,2024-06-17 00:00:00,3.7,218
Clinics 2,2024-06-24 00:00:00,4.2,218
Clinics 2,2024-07-01 00:00:00,3.6,218
Clinics 2,2024-07-08 00:00:00,3.4,218
Clinics 2,2024-07-15 00:00:00,2.5,218
Clinics 2,2024-07-22 00:00:00,5,218
Clinics 2,2024-07-29 00:00:00,3.8,218
Clinics 2,2024-08-05 00:00:00,4.2,218
Clinics 2,2024-08-12 00:00:00,3,218
Clinics 2,2024-08-19 00:00:00,4.7,218
Clinics 2,2024-08-26 00:00:00,4,218
Clinics 2,2024-09-02 00:00:00,3.6,218
Clinics 2,2024-09-09 00:00:00,4.2,218
Clinics 2,2024-09-16 00:00:00,5.2,218
Clinics 2,2024-09-23 00:00:00,5.9,218
Clinics 2,2024-09-30 00:00:00,5.2,218
Clinics 2,2024-10-07 00:00:00,5.5,218
Clinics 2,2024-10-14 00:00:00,4.7,218
Clinics 2,2024-10-21 00:00:00,4.5,218
Clinics 2,2024-10-28 00:00:00,4.4,218
Clinics 2,2024-11-04 00:00:00,5.1,218
Clinics 2,2024-11-11 00:00:00,5,218
Clinics 2,2024-11-18 00:00:00,5.1,218
Clinics 2,2024-11-25 00:00:00,5.4,218
Clinics 2,2024-12-02 00:00:00,4.7,218
Clinics 2,2024-12-09 00:00:00,3.9,218
Clinics 2,2024-12-16 00:00:00,3.4,218
Clinics 2,2024-12-23 00:00:00,3.4,218
Clinics 2,2024-12-30 00:00:00,4.7,218
Clinics 2,2025-01-06 00:00:00,4.9,218
Clinics 2,2025-01-13 00:00:00,5.1,218
Clinics 2,2025-01-20 00:00:00,5.4,218
Clinics 2,2025-01-27 00:00:00,5.4,218
Clinics 2,2025-02-03 00:00:00,4.2,218
Clinics 2,2025-02-10 00:00:00,3.9,218
Clinics 2,2025-02-17 00:00:00,4.2,218
Clinics 2,2025-02-24 00:00:00,5.6,218
Clinics 2,2025-03-03 00:00:00,4.1,218
Clinics 2,2025-03-10 00:00:00,3.9,218
Clinics 2,2025-03-17 00:00:00,3.9,218
Clinics 2,2025-03-24 00:00:00,5.5,218
Clinics 2,2025-03-31 00:00:00,5.7,218
Clinics 2,2025-04-07 00:00:00,5.4,218
Clinics 2,2025-04-14 00:00:00,5.3,218
Clinics 2,2025-04-21 00:00:00,5.6,218
Clinics 2,2025-04-28 00:00:00,5,218
Clinics 2,2025-05-05 00:00:00,4.8,218
Clinics 2,2025-05-12 00:00:00,5.7,218
Clinics 2,2025-05-19 00:00:00,5.9,218
Clinics 2,2025-05-26 00:00:00,4.9,218
Clinics 2,2025-06-02 00:00:00,4.9,218
Clinics 2,2025-06-09 00:00:00,4.1,218
Clinics 2,2025-06-16 00:00:00,4.7,218
Clinics 2,2025-06-23 00:00:00,4.3,218
Clinics 2,2025-06-30 00:00:00,3.7,218
Clinics 0,2022-06-27 00:00:00,2.7,219
Clinics 0,2022-07-04 00:00:00,2.6,219
Clinics 0,2022-07-11 00:00:00,2.1,219
Clinics 0,2022-07-18 00:00:00,2.6,219
Clinics 0,2022-07-25 00:00:00,2.5,219
Clinics 0,2022-08-01 00:00:00,1.8,219
Clinics 0,2022-08-08 00:00:00,2.5,219
Clinics 0,2022-08-15 00:00:00,1.5,219
Clinics 0,2022-08-22 00:00:00,1.4,219
Clinics 0,2022-08-29 00:00:00,1.8,219
Clinics 0,2022-09-05 00:00:00,1.6,219
Clinics 0,2022-09-12 00:00:00,1,219
Clinics 0,2022-09-19 00:00:00,2,219
Clinics 0,2022-09-26 00:00:00,1.8,219
Clinics 0,2022-10-03 00:00:00,2,219
Clinics 0,2022-10-10 00:00:00,2.4,219
Clinics 0,2022-10-17 00:00:00,2.7,219
Clinics 0,2022-10-24 00:00:00,1.7,219
Clinics 0,2022-10-31 00:00:00,2.8,219
Clinics 0,2022-11-07 00:00:00,2.4,219
Clinics 0,2022-11-14 00:00:00,2.6,219
Clinics 0,2022-11-21 00:00:00,2.7,219
Clinics 0,2022-11-28 00:00:00,2.9,219
Clinics 0,2022-12-05 00:00:00,2.5,219
Clinics 0,2022-12-12 00:00:00,1.2,219
Clinics 0,2022-12-19 00:00:00,1.8,219
Clinics 0,2022-12-26 00:00:00,2.6,219
Clinics 0,2023-01-02 00:00:00,2.45,219
Clinics 0,2023-01-09 00:00:00,2.3,219
Clinics 0,2023-01-16 00:00:00,2.7,219
Clinics 0,2023-01-23 00:00:00,2.6,219
Clinics 0,2023-01-30 00:00:00,2.1,219
Clinics 0,2023-02-06 00:00:00,2.7,219
Clinics 0,2023-02-13 00:00:00,1.5,219
Clinics 0,2023-02-20 00:00:00,1.9,219
Clinics 0,2023-02-27 00:00:00,2,219
Clinics 0,2023-03-06 00:00:00,2.6,219
Clinics 0,2023-03-13 00:00:00,2.7,219
Clinics 0,2023-03-20 00:00:00,2.7,219
Clinics 0,2023-03-27 00:00:00,3.8,219
Clinics 0,2023-04-03 00:00:00,4,219
Clinics 0,2023-04-10 00:00:00,3.5,219
Clinics 0,2023-04-17 00:00:00,3,219
Clinics 0,2023-04-24 00:00:00,3,219
Clinics 0,2023-05-01 00:00:00,3,219
Clinics 0,2023-05-08 00:00:00,3.2,219
Clinics 0,2023-05-15 00:00:00,3.4,219
Clinics 0,2023-05-22 00:00:00,2.3,219
Clinics 0,2023-05-29 00:00:00,3.4,219
Clinics 0,2023-06-05 00:00:00,3.4,219
Clinics 0,2023-06-12 00:00:00,3,219
Clinics 0,2023-06-19 00:00:00,3.2,219
Clinics 0,2023-06-26 00:00:00,3.5,219
Clinics 0,2023-07-03 00:00:00,3.4,219
Clinics 0,2023-07-10 00:00:00,2.4,219
Clinics 0,2023-07-17 00:00:00,2,219
Clinics 0,2023-07-24 00:00:00,1,219
Clinics 0,2023-07-31 00:00:00,1,219
Clinics 0,2023-08-07 00:00:00,1.4,219
Clinics 0,2023-08-14 00:00:00,2.4,219
Clinics 0,2023-08-21 00:00:00,3.4,219
Clinics 0,2023-08-28 00:00:00,2.4,219
Clinics 0,2023-09-04 00:00:00,2.4,219
Clinics 0,2023-09-11 00:00:00,2.4,219
Clinics 0,2023-09-18 00:00:00,2.5,219
Clinics 0,2023-09-25 00:00:00,3.4,219
Clinics 0,2023-10-02 00:00:00,3.5,219
Clinics 0,2023-10-09 00:00:00,3,219
Clinics 0,2023-10-16 00:00:00,3,219
Clinics 0,2023-10-23 00:00:00,3,219
Clinics 0,2023-10-30 00:00:00,3,219
Clinics 0,2023-11-06 00:00:00,2.8,219
Clinics 0,2023-11-13 00:00:00,2,219
Clinics 0,2023-11-20 00:00:00,3,219
Clinics 0,2023-11-27 00:00:00,2.6,219
Clinics 0,2023-12-04 00:00:00,1.2,219
Clinics 0,2023-12-11 00:00:00,2,219
Clinics 0,2023-12-18 00:00:00,3.2,219
Clinics 0,2023-12-25 00:00:00,3.2,219
Clinics 0,2024-01-01 00:00:00,2.3,219
Clinics 0,2024-01-08 00:00:00,2,219
Clinics 0,2024-01-15 00:00:00,2.8,219
Clinics 0,2024-01-22 00:00:00,3.2,219
Clinics 0,2024-01-29 00:00:00,3.2,219
Clinics 0,2024-02-05 00:00:00,3.4,219
Clinics 0,2024-02-12 00:00:00,3.2,219
Clinics 0,2024-02-19 00:00:00,3.2,219
Clinics 0,2024-02-26 00:00:00,3.2,219
Clinics 0,2024-03-04 00:00:00,2.8,219
Clinics 0,2024-03-11 00:00:00,2.2,219
Clinics 0,2024-03-18 00:00:00,3.2,219
Clinics 0,2024-03-25 00:00:00,2.3,219
Clinics 0,2024-04-01 00:00:00,2.5,219
Clinics 0,2024-04-08 00:00:00,2.8,219
Clinics 0,2024-04-15 00:00:00,3.2,219
Clinics 0,2024-04-22 00:00:00,3.2,219
Clinics 0,2024-04-29 00:00:00,2.3,219
Clinics 0,2024-05-06 00:00:00,2.3,219
Clinics 0,2024-05-13 00:00:00,3,219
Clinics 0,2024-05-20 00:00:00,2.3,219
Clinics 0,2024-05-27 00:00:00,2.6,219
Clinics 0,2024-06-03 00:00:00,2.5,219
Clinics 0,2024-06-10 00:00:00,2.8,219
Clinics 0,2024-06-17 00:00:00,3.3,219
Clinics 0,2024-06-24 00:00:00,3,219
Clinics 0,2024-07-01 00:00:00,2.2,219
Clinics 0,2024-07-08 00:00:00,2.2,219
Clinics 0,2024-07-15 00:00:00,2.2,219
Clinics 0,2024-07-22 00:00:00,2.2,219
Clinics 0,2024-07-29 00:00:00,2.2,219
Clinics 0,2024-08-05 00:00:00,2.2,219
Clinics 0,2024-08-12 00:00:00,3,219
Clinics 0,2024-08-19 00:00:00,3,219
Clinics 0,2024-08-26 00:00:00,2.6,219
Clinics 0,2024-09-02 00:00:00,3.2,219
Clinics 0,2024-09-09 00:00:00,3.2,219
Clinics 0,2024-09-16 00:00:00,2.8,219
Clinics 0,2024-09-23 00:00:00,2.4,219
Clinics 0,2024-09-30 00:00:00,3,219
Clinics 0,2024-10-07 00:00:00,3.2,219
Clinics 0,2024-10-14 00:00:00,3.2,219
Clinics 0,2024-10-21 00:00:00,3.2,219
Clinics 0,2024-10-28 00:00:00,3.2,219
Clinics 0,2024-11-04 00:00:00,3.2,219
Clinics 0,2024-11-11 00:00:00,3.2,219
Clinics 0,2024-11-18 00:00:00,3.2,219
Clinics 0,2024-11-25 00:00:00,2.6,219
Clinics 0,2024-12-02 00:00:00,3.2,219
Clinics 0,2024-12-09 00:00:00,3.2,219
Clinics 0,2024-12-16 00:00:00,2.8,219
Clinics 0,2024-12-23 00:00:00,1.5,219
Clinics 0,2024-12-30 00:00:00,2,219
Clinics 0,2025-01-06 00:00:00,2.3,219
Clinics 0,2025-01-13 00:00:00,3.2,219
Clinics 0,2025-01-20 00:00:00,3.4,219
Clinics 0,2025-01-27 00:00:00,3.2,219
Clinics 0,2025-02-03 00:00:00,3.2,219
Clinics 0,2025-02-10 00:00:00,3.2,219
Clinics 0,2025-02-17 00:00:00,3.4,219
Clinics 0,2025-02-24 00:00:00,2.2,219
Clinics 0,2025-03-03 00:00:00,2.2,219
Clinics 0,2025-03-10 00:00:00,2.2,219
Clinics 0,2025-03-17 00:00:00,3.3,219
Clinics 0,2025-03-24 00:00:00,3.1,219
Clinics 0,2025-03-31 00:00:00,2.8,219
Clinics 0,2025-04-07 00:00:00,3.4,219
Clinics 0,2025-04-14 00:00:00,3.8,219
Clinics 0,2025-04-21 00:00:00,3.7,219
Clinics 0,2025-04-28 00:00:00,3.8,219
Clinics 0,2025-05-05 00:00:00,4.4,219
Clinics 0,2025-05-12 00:00:00,4.6,219
Clinics 0,2025-05-19 00:00:00,4.4,219
Clinics 0,2025-05-26 00:00:00,4.2,219
Clinics 0,2025-06-02 00:00:00,4.9,219
Clinics 0,2025-06-09 00:00:00,3.9,219
Clinics 0,2025-06-16 00:00:00,4.1,219
Clinics 0,2025-06-23 00:00:00,3,219
Clinics 0,2025-06-30 00:00:00,3,219
Clinics 0,2022-06-27 00:00:00,1.7,301
Clinics 0,2022-07-04 00:00:00,2,301
Clinics 0,2022-07-11 00:00:00,2.2,301
Clinics 0,2022-07-18 00:00:00,2,301
Clinics 0,2022-07-25 00:00:00,2,301
Clinics 0,2022-08-01 00:00:00,1.1,301
Clinics 0,2022-08-08 00:00:00,0.5,301
Clinics 0,2022-08-15 00:00:00,1.2,301
Clinics 0,2022-08-22 00:00:00,2.4,301
Clinics 0,2022-08-29 00:00:00,2.4,301
Clinics 0,2022-09-05 00:00:00,2.4,301
Clinics 0,2022-09-12 00:00:00,2.4,301
Clinics 0,2022-09-19 00:00:00,2,301
Clinics 0,2022-09-26 00:00:00,2.2,301
Clinics 0,2022-10-03 00:00:00,2.4,301
Clinics 0,2022-10-10 00:00:00,2.2,301
Clinics 0,2022-10-17 00:00:00,1.4,301
Clinics 0,2022-10-24 00:00:00,2.4,301
Clinics 0,2022-10-31 00:00:00,2.4,301
Clinics 0,2022-11-07 00:00:00,2.2,301
Clinics 0,2022-11-14 00:00:00,2.4,301
Clinics 0,2022-11-21 00:00:00,2.4,301
Clinics 0,2022-11-28 00:00:00,2.4,301
Clinics 0,2022-12-05 00:00:00,2.4,301
Clinics 0,2022-12-12 00:00:00,2.4,301
Clinics 0,2022-12-19 00:00:00,2.4,301
Clinics 0,2022-12-26 00:00:00,2.5,301
Clinics 0,2023-01-02 00:00:00,2.6,301
Clinics 0,2023-01-09 00:00:00,2.7,301
Clinics 0,2023-01-16 00:00:00,2.5,301
Clinics 0,2023-01-23 00:00:00,2.5,301
Clinics 0,2023-01-30 00:00:00,2,301
Clinics 0,2023-02-06 00:00:00,2.1,301
Clinics 0,2023-02-13 00:00:00,2.5,301
Clinics 0,2023-02-20 00:00:00,1.4,301
Clinics 0,2023-02-27 00:00:00,2.5,301
Clinics 0,2023-03-06 00:00:00,2.5,301
Clinics 0,2023-03-13 00:00:00,2,301
Clinics 0,2023-03-20 00:00:00,2,301
Clinics 0,2023-03-27 00:00:00,2.3,301
Clinics 0,2023-04-03 00:00:00,2.3,301
Clinics 0,2023-04-10 00:00:00,2.25,301
Clinics 0,2023-04-17 00:00:00,2.2,301
Clinics 0,2023-04-24 00:00:00,2.3,301
Clinics 0,2023-05-01 00:00:00,2.3,301
Clinics 0,2023-05-08 00:00:00,2.4,301
Clinics 0,2023-05-15 00:00:00,2.5,301
Clinics 0,2023-05-22 00:00:00,1.9,301
Clinics 0,2023-05-29 00:00:00,1.7,301
Clinics 0,2023-06-05 00:00:00,2.3,301
Clinics 0,2023-06-12 00:00:00,1.5,301
Clinics 0,2023-06-19 00:00:00,1.6,301
Clinics 0,2023-06-26 00:00:00,2.5,301
Clinics 0,2023-07-03 00:00:00,2.2,301
Clinics 0,2023-07-10 00:00:00,2.2,301
Clinics 0,2023-07-17 00:00:00,1.2,301
Clinics 0,2023-07-24 00:00:00,1.4,301
Clinics 0,2023-07-31 00:00:00,1.4,301
Clinics 0,2023-08-07 00:00:00,1.4,301
Clinics 0,2023-08-14 00:00:00,1.8,301
Clinics 0,2023-08-21 00:00:00,2.2,301
Clinics 0,2023-08-28 00:00:00,2.6,301
Clinics 0,2023-09-04 00:00:00,2.2,301
Clinics 0,2023-09-11 00:00:00,2.3,301
Clinics 0,2023-09-18 00:00:00,2.3,301
Clinics 0,2023-09-25 00:00:00,2.5,301
Clinics 0,2023-10-02 00:00:00,2.5,301
Clinics 0,2023-10-09 00:00:00,2.8,301
Clinics 0,2023-10-16 00:00:00,2,301
Clinics 0,2023-10-23 00:00:00,2.8,301
Clinics 0,2023-10-30 00:00:00,3.3,301
Clinics 0,2023-11-06 00:00:00,2.1,301
Clinics 0,2023-11-13 00:00:00,3.2,301
Clinics 0,2023-11-20 00:00:00,2.3,301
Clinics 0,2023-11-27 00:00:00,2.5,301
Clinics 0,2023-12-04 00:00:00,2.7,301
Clinics 0,2023-12-11 00:00:00,1.8,301
Clinics 0,2023-12-18 00:00:00,2.3,301
Clinics 0,2023-12-25 00:00:00,2.5,301
Clinics 0,2024-01-01 00:00:00,2.3,301
Clinics 0,2024-01-08 00:00:00,2.8,301
Clinics 0,2024-01-15 00:00:00,2.7,301
Clinics 0,2024-01-22 00:00:00,2.8,301
Clinics 0,2024-01-29 00:00:00,2.5,301
Clinics 0,2024-02-05 00:00:00,2.4,301
Clinics 0,2024-02-12 00:00:00,1.8,301
Clinics 0,2024-02-19 00:00:00,2,301
Clinics 0,2024-02-26 00:00:00,2.3,301
Clinics 0,2024-03-04 00:00:00,2.6,301
Clinics 0,2024-03-11 00:00:00,2.2,301
Clinics 0,2024-03-18 00:00:00,2.5,301
Clinics 0,2024-03-25 00:00:00,2.1,301
Clinics 0,2024-04-01 00:00:00,1.8,301
Clinics 0,2024-04-08 00:00:00,2.7,301
Clinics 0,2024-04-15 00:00:00,2.9,301
Clinics 0,2024-04-22 00:00:00,2.7,301
Clinics 0,2024-04-29 00:00:00,2.9,301
Clinics 0,2024-05-06 00:00:00,2.6,301
Clinics 0,2024-05-13 00:00:00,2.9,301
Clinics 0,2024-05-20 00:00:00,2.8,301
Clinics 0,2024-05-27 00:00:00,2.9,301
Clinics 0,2024-06-03 00:00:00,3,301
Clinics 0,2024-06-10 00:00:00,1.9,301
Clinics 0,2024-06-17 00:00:00,1.5,301
Clinics 0,2024-06-24 00:00:00,1.5,301
Clinics 0,2024-07-01 00:00:00,1.2,301
Clinics 0,2024-07-08 00:00:00,1.4,301
Clinics 0,2024-07-15 00:00:00,1.4,301
Clinics 0,2024-07-22 00:00:00,2,301
Clinics 0,2024-07-29 00:00:00,1.9,301
Clinics 0,2024-08-05 00:00:00,2.9,301
Clinics 0,2024-08-12 00:00:00,2.8,301
Clinics 0,2024-08-19 00:00:00,3,301
Clinics 0,2024-08-26 00:00:00,3,301
Clinics 0,2024-09-02 00:00:00,2.9,301
Clinics 0,2024-09-09 00:00:00,2.5,301
Clinics 0,2024-09-16 00:00:00,2.6,301
Clinics 0,2024-09-23 00:00:00,2.6,301
Clinics 0,2024-09-30 00:00:00,2.8,301
Clinics 0,2024-10-07 00:00:00,2.6,301
Clinics 0,2024-10-14 00:00:00,2.4,301
Clinics 0,2024-10-21 00:00:00,3.1,301
Clinics 0,2024-10-28 00:00:00,2.5,301
Clinics 0,2024-11-04 00:00:00,2.6,301
Clinics 0,2024-11-11 00:00:00,2.3,301
Clinics 0,2024-11-18 00:00:00,2.9,301
Clinics 0,2024-11-25 00:00:00,2.7,301
Clinics 0,2024-12-02 00:00:00,2.5,301
Clinics 0,2024-12-09 00:00:00,3.1,301
Clinics 0,2024-12-16 00:00:00,2.6,301
Clinics 0,2024-12-23 00:00:00,1.9,301
Clinics 0,2024-12-30 00:00:00,2.4,301
Clinics 0,2025-01-06 00:00:00,2.9,301
Clinics 0,2025-01-13 00:00:00,2.8,301
Clinics 0,2025-01-20 00:00:00,3.3,301
Clinics 0,2025-01-27 00:00:00,1.9,301
Clinics 0,2025-02-03 00:00:00,2.7,301
Clinics 0,2025-02-10 00:00:00,1.9,301
Clinics 0,2025-02-17 00:00:00,2.7,301
Clinics 0,2025-02-24 00:00:00,3,301
Clinics 0,2025-03-03 00:00:00,2.9,301
Clinics 0,2025-03-10 00:00:00,2.8,301
Clinics 0,2025-03-17 00:00:00,2.3,301
Clinics 0,2025-03-24 00:00:00,2.3,301
Clinics 0,2025-03-31 00:00:00,2,301
Clinics 0,2025-04-07 00:00:00,2.9,301
Clinics 0,2025-04-14 00:00:00,2.7,301
Clinics 0,2025-04-21 00:00:00,2.9,301
Clinics 0,2025-04-28 00:00:00,2.4,301
Clinics 0,2025-05-05 00:00:00,2.9,301
Clinics 0,2025-05-12 00:00:00,2.7,301
Clinics 0,2025-05-19 00:00:00,3,301
Clinics 0,2025-05-26 00:00:00,2.8,301
Clinics 0,2025-06-02 00:00:00,1.5,301
Clinics 0,2025-06-09 00:00:00,3,301
Clinics 0,2025-06-16 00:00:00,2.9,301
Clinics 0,2025-06-23 00:00:00,2.2,301
Clinics 0,2025-06-30 00:00:00,2,301
Clinics 0,2022-06-27 00:00:00,1.6,302
Clinics 0,2022-07-04 00:00:00,1.5,302
Clinics 0,2022-07-11 00:00:00,1,302
Clinics 0,2022-07-18 00:00:00,0.8,302
Clinics 0,2022-07-25 00:00:00,1.6,302
Clinics 0,2022-08-01 00:00:00,1.4,302
Clinics 0,2022-08-08 00:00:00,0.6,302
Clinics 0,2022-08-15 00:00:00,0.8,302
Clinics 0,2022-08-22 00:00:00,1.2,302
Clinics 0,2022-08-29 00:00:00,2,302
Clinics 0,2022-09-05 00:00:00,1.9,302
Clinics 0,2022-09-12 00:00:00,2,302
Clinics 0,2022-09-19 00:00:00,1.9,302
Clinics 0,2022-09-26 00:00:00,1.9,302
Clinics 0,2022-10-03 00:00:00,1.2,302
Clinics 0,2022-10-10 00:00:00,1.6,302
Clinics 0,2022-10-17 00:00:00,1.6,302
Clinics 0,2022-10-24 00:00:00,1.9,302
Clinics 0,2022-10-31 00:00:00,2,302
Clinics 0,2022-11-07 00:00:00,1.6,302
Clinics 0,2022-11-14 00:00:00,1.6,302
Clinics 0,2022-11-21 00:00:00,1.6,302
Clinics 0,2022-11-28 00:00:00,1.6,302
Clinics 0,2022-12-05 00:00:00,1.4,302
Clinics 0,2022-12-12 00:00:00,2,302
Clinics 0,2022-12-19 00:00:00,1.9,302
Clinics 0,2022-12-26 00:00:00,1.6,302
Clinics 0,2023-01-02 00:00:00,1.45,302
Clinics 0,2023-01-09 00:00:00,1.3,302
Clinics 0,2023-01-16 00:00:00,1.5,302
Clinics 0,2023-01-23 00:00:00,2,302
Clinics 0,2023-01-30 00:00:00,1.8,302
Clinics 0,2023-02-06 00:00:00,2,302
Clinics 0,2023-02-13 00:00:00,1.9,302
Clinics 0,2023-02-20 00:00:00,2.8,302
Clinics 0,2023-02-27 00:00:00,2.8,302
Clinics 0,2023-03-06 00:00:00,2.8,302
Clinics 0,2023-03-13 00:00:00,2.8,302
Clinics 0,2023-03-20 00:00:00,2.5,302
Clinics 0,2023-03-27 00:00:00,2.3,302
Clinics 0,2023-04-03 00:00:00,2.8,302
Clinics 0,2023-04-10 00:00:00,3.1,302
Clinics 0,2023-04-17 00:00:00,3.4,302
Clinics 0,2023-04-24 00:00:00,3,302
Clinics 0,2023-05-01 00:00:00,2.2,302
Clinics 0,2023-05-08 00:00:00,3.4,302
Clinics 0,2023-05-15 00:00:00,2.2,302
Clinics 0,2023-05-22 00:00:00,2.4,302
Clinics 0,2023-05-29 00:00:00,3,302
Clinics 0,2023-06-05 00:00:00,2.8,302
Clinics 0,2023-06-12 00:00:00,2.6,302
Clinics 0,2023-06-19 00:00:00,2.3,302
Clinics 0,2023-06-26 00:00:00,2.1,302
Clinics 0,2023-07-03 00:00:00,1.5,302
Clinics 0,2023-07-10 00:00:00,1.2,302
Clinics 0,2023-07-17 00:00:00,1.4,302
Clinics 0,2023-07-24 00:00:00,1.4,302
Clinics 0,2023-07-31 00:00:00,1.4,302
Clinics 0,2023-08-07 00:00:00,1.6,302
Clinics 0,2023-08-14 00:00:00,2.4,302
Clinics 0,2023-08-21 00:00:00,1.4,302
Clinics 0,2023-08-28 00:00:00,3,302
Clinics 0,2023-09-04 00:00:00,2.7,302
Clinics 0,2023-09-11 00:00:00,2.6,302
Clinics 0,2023-09-18 00:00:00,2.6,302
Clinics 0,2023-09-25 00:00:00,2.4,302
Clinics 0,2023-10-02 00:00:00,2.6,302
Clinics 0,2023-10-09 00:00:00,2.7,302
Clinics 0,2023-10-16 00:00:00,2.8,302
Clinics 0,2023-10-23 00:00:00,2.4,302
Clinics 0,2023-10-30 00:00:00,2.5,302
Clinics 0,2023-11-06 00:00:00,2.5,302
Clinics 0,2023-11-13 00:00:00,2.6,302
Clinics 0,2023-11-20 00:00:00,3,302
Clinics 0,2023-11-27 00:00:00,3,302
Clinics 0,2023-12-04 00:00:00,2.7,302
Clinics 0,2023-12-11 00:00:00,3,302
Clinics 0,2023-12-18 00:00:00,2,302
Clinics 0,2023-12-25 00:00:00,2.3,302
Clinics 0,2024-01-01 00:00:00,2.8,302
Clinics 0,2024-01-08 00:00:00,3,302
Clinics 0,2024-01-15 00:00:00,3,302
Clinics 0,2024-01-22 00:00:00,3.2,302
Clinics 0,2024-01-29 00:00:00,3.2,302
Clinics 0,2024-02-05 00:00:00,2.6,302
Clinics 0,2024-02-12 00:00:00,2.7,302
Clinics 0,2024-02-19 00:00:00,2,302
Clinics 0,2024-02-26 00:00:00,3,302
Clinics 0,2024-03-04 00:00:00,2.6,302
Clinics 0,2024-03-11 00:00:00,3.2,302
Clinics 0,2024-03-18 00:00:00,2.6,302
Clinics 0,2024-03-25 00:00:00,3.1,302
Clinics 0,2024-04-01 00:00:00,2.5,302
Clinics 0,2024-04-08 00:00:00,3.2,302
Clinics 0,2024-04-15 00:00:00,3.1,302
Clinics 0,2024-04-22 00:00:00,3.4,302
Clinics 0,2024-04-29 00:00:00,2.6,302
Clinics 0,2024-05-06 00:00:00,2,302
Clinics 0,2024-05-13 00:00:00,2.8,302
Clinics 0,2024-05-20 00:00:00,2.8,302
Clinics 0,2024-05-27 00:00:00,2.4,302
Clinics 0,2024-06-03 00:00:00,3.2,302
Clinics 0,2024-06-10 00:00:00,2,302
Clinics 0,2024-06-17 00:00:00,1.4,302
Clinics 0,2024-06-24 00:00:00,2,302
Clinics 0,2024-07-01 00:00:00,2.1,302
Clinics 0,2024-07-08 00:00:00,2.3,302
Clinics 0,2024-07-15 00:00:00,2.3,302
Clinics 0,2024-07-22 00:00:00,2.4,302
Clinics 0,2024-07-29 00:00:00,2.6,302
Clinics 0,2024-08-05 00:00:00,3,302
Clinics 0,2024-08-12 00:00:00,2.5,302
Clinics 0,2024-08-19 00:00:00,3.2,302
Clinics 0,2024-08-26 00:00:00,3.2,302
Clinics 0,2024-09-02 00:00:00,3.5,302
Clinics 0,2024-09-09 00:00:00,3.1,302
Clinics 0,2024-09-16 00:00:00,2.7,302
Clinics 0,2024-09-23 00:00:00,2.6,302
Clinics 0,2024-09-30 00:00:00,2.6,302
Clinics 0,2024-10-07 00:00:00,2.5,302
Clinics 0,2024-10-14 00:00:00,2.6,302
Clinics 0,2024-10-21 00:00:00,2.8,302
Clinics 0,2024-10-28 00:00:00,3.3,302
Clinics 0,2024-11-04 00:00:00,3.6,302
Clinics 0,2024-11-11 00:00:00,3.6,302
Clinics 0,2024-11-18 00:00:00,2.8,302
Clinics 0,2024-11-25 00:00:00,3.2,302
Clinics 0,2024-12-02 00:00:00,3.3,302
Clinics 0,2024-12-09 00:00:00,2.6,302
Clinics 0,2024-12-16 00:00:00,2.7,302
Clinics 0,2024-12-23 00:00:00,1.9,302
Clinics 0,2024-12-30 00:00:00,2.8,302
Clinics 0,2025-01-06 00:00:00,3.2,302
Clinics 0,2025-01-13 00:00:00,2.8,302
Clinics 0,2025-01-20 00:00:00,3.1,302
Clinics 0,2025-01-27 00:00:00,2.6,302
Clinics 0,2025-02-03 00:00:00,2.8,302
Clinics 0,2025-02-10 00:00:00,1.1,302
Clinics 0,2025-02-17 00:00:00,3.6,302
Clinics 0,2025-02-24 00:00:00,3.6,302
Clinics 0,2025-03-03 00:00:00,2.9,302
Clinics 0,2025-03-10 00:00:00,2.9,302
Clinics 0,2025-03-17 00:00:00,3.6,302
Clinics 0,2025-03-24 00:00:00,2.5,302
Clinics 0,2025-03-31 00:00:00,3.5,302
Clinics 0,2025-04-07 00:00:00,3.2,302
Clinics 0,2025-04-14 00:00:00,2.4,302
Clinics 0,2025-04-21 00:00:00,3.4,302
Clinics 0,2025-04-28 00:00:00,3.6,302
Clinics 0,2025-05-05 00:00:00,3.2,302
Clinics 0,2025-05-12 00:00:00,2.8,302
Clinics 0,2025-05-19 00:00:00,3.2,302
Clinics 0,2025-05-26 00:00:00,3.1,302
Clinics 0,2025-06-02 00:00:00,3.1,302
Clinics 0,2025-06-09 00:00:00,3.4,302
Clinics 0,2025-06-16 00:00:00,4.5,302
Clinics 0,2025-06-23 00:00:00,2.7,302
Clinics 0,2025-06-30 00:00:00,2.8,302
Clinics 2,2022-06-27 00:00:00,2.8,304
Clinics 2,2022-07-04 00:00:00,2.8,304
Clinics 2,2022-07-11 00:00:00,4,304
Clinics 2,2022-07-18 00:00:00,4.1,304
Clinics 2,2022-07-25 00:00:00,3.8,304
Clinics 2,2022-08-01 00:00:00,3.3,304
Clinics 2,2022-08-08 00:00:00,3.1,304
Clinics 2,2022-08-15 00:00:00,2,304
Clinics 2,2022-08-22 00:00:00,2.8,304
Clinics 2,2022-08-29 00:00:00,4,304
Clinics 2,2022-09-05 00:00:00,5.3,304
Clinics 2,2022-09-12 00:00:00,3.9,304
Clinics 2,2022-09-19 00:00:00,3.8,304
Clinics 2,2022-09-26 00:00:00,3.7,304
Clinics 2,2022-10-03 00:00:00,4.3,304
Clinics 2,2022-10-10 00:00:00,5,304
Clinics 2,2022-10-17 00:00:00,3.9,304
Clinics 2,2022-10-24 00:00:00,4,304
Clinics 2,2022-10-31 00:00:00,5.2,304
Clinics 2,2022-11-07 00:00:00,5.2,304
Clinics 2,2022-11-14 00:00:00,5.1,304
Clinics 2,2022-11-21 00:00:00,3.3,304
Clinics 2,2022-11-28 00:00:00,5.1,304
Clinics 2,2022-12-05 00:00:00,4.4,304
Clinics 2,2022-12-12 00:00:00,3.5,304
Clinics 2,2022-12-19 00:00:00,4.9,304
Clinics 2,2022-12-26 00:00:00,4.2,304
Clinics 2,2023-01-02 00:00:00,3.4,304
Clinics 2,2023-01-09 00:00:00,4.5,304
Clinics 2,2023-01-16 00:00:00,4.9,304
Clinics 2,2023-01-23 00:00:00,4.8,304
Clinics 2,2023-01-30 00:00:00,5.3,304
Clinics 2,2023-02-06 00:00:00,5.3,304
Clinics 2,2023-02-13 00:00:00,4.9,304
Clinics 2,2023-02-20 00:00:00,3.9,304
Clinics 2,2023-02-27 00:00:00,5.4,304
Clinics 2,2023-03-06 00:00:00,4.9,304
Clinics 2,2023-03-13 00:00:00,5.1,304
Clinics 2,2023-03-20 00:00:00,5,304
Clinics 2,2023-03-27 00:00:00,4.9,304
Clinics 2,2023-04-03 00:00:00,5.6,304
Clinics 2,2023-04-10 00:00:00,5.5,304
Clinics 2,2023-04-17 00:00:00,5.4,304
Clinics 2,2023-04-24 00:00:00,5.6,304
Clinics 2,2023-05-01 00:00:00,7,304
Clinics 2,2023-05-08 00:00:00,6,304
Clinics 2,2023-05-15 00:00:00,6,304
Clinics 2,2023-05-22 00:00:00,5.9,304
Clinics 2,2023-05-29 00:00:00,5.1,304
Clinics 2,2023-06-05 00:00:00,4.6,304
Clinics 2,2023-06-12 00:00:00,6,304
Clinics 2,2023-06-19 00:00:00,6.4,304
Clinics 2,2023-06-26 00:00:00,4.6,304
Clinics 2,2023-07-03 00:00:00,5.4,304
Clinics 2,2023-07-10 00:00:00,5.3,304
Clinics 2,2023-07-17 00:00:00,3,304
Clinics 2,2023-07-24 00:00:00,2.6,304
Clinics 2,2023-07-31 00:00:00,1.7,304
Clinics 2,2023-08-07 00:00:00,2.5,304
Clinics 2,2023-08-14 00:00:00,3.4,304
Clinics 2,2023-08-21 00:00:00,5.2,304
Clinics 2,2023-08-28 00:00:00,4.8,304
Clinics 2,2023-09-04 00:00:00,5.6,304
Clinics 2,2023-09-11 00:00:00,5.4,304
Clinics 2,2023-09-18 00:00:00,4.7,304
Clinics 2,2023-09-25 00:00:00,5.9,304
Clinics 2,2023-10-02 00:00:00,5.1,304
Clinics 2,2023-10-09 00:00:00,6.4,304
Clinics 2,2023-10-16 00:00:00,5.9,304
Clinics 2,2023-10-23 00:00:00,5.4,304
Clinics 2,2023-10-30 00:00:00,6.3,304
Clinics 2,2023-11-06 00:00:00,5.7,304
Clinics 2,2023-11-13 00:00:00,5.7,304
Clinics 2,2023-11-20 00:00:00,5.1,304
Clinics 2,2023-11-27 00:00:00,5.1,304
Clinics 2,2023-12-04 00:00:00,4.9,304
Clinics 2,2023-12-11 00:00:00,5.6,304
Clinics 2,2023-12-18 00:00:00,6.4,304
Clinics 2,2023-12-25 00:00:00,6.1,304
Clinics 2,2024-01-01 00:00:00,4.6,304
Clinics 2,2024-01-08 00:00:00,4.4,304
Clinics 2,2024-01-15 00:00:00,4.5,304
Clinics 2,2024-01-22 00:00:00,5,304
Clinics 2,2024-01-29 00:00:00,5.7,304
Clinics 2,2024-02-05 00:00:00,5.4,304
Clinics 2,2024-02-12 00:00:00,4.8,304
Clinics 2,2024-02-19 00:00:00,5.5,304
Clinics 2,2024-02-26 00:00:00,6.4,304
Clinics 2,2024-03-04 00:00:00,5.6,304
Clinics 2,2024-03-11 00:00:00,6.8,304
Clinics 2,2024-03-18 00:00:00,5.6,304
Clinics 2,2024-03-25 00:00:00,5.4,304
Clinics 2,2024-04-01 00:00:00,4.3,304
Clinics 2,2024-04-08 00:00:00,4.3,304
Clinics 2,2024-04-15 00:00:00,6.5,304
Clinics 2,2024-04-22 00:00:00,6.2,304
Clinics 2,2024-04-29 00:00:00,5.3,304
Clinics 2,2024-05-06 00:00:00,5.5,304
Clinics 2,2024-05-13 00:00:00,5.1,304
Clinics 2,2024-05-20 00:00:00,5.3,304
Clinics 2,2024-05-27 00:00:00,5.4,304
Clinics 2,2024-06-03 00:00:00,5.6,304
Clinics 2,2024-06-10 00:00:00,5.3,304
Clinics 2,2024-06-17 00:00:00,3.7,304
Clinics 2,2024-06-24 00:00:00,4.9,304
Clinics 2,2024-07-01 00:00:00,3.9,304
Clinics 2,2024-07-08 00:00:00,4,304
Clinics 2,2024-07-15 00:00:00,2.6,304
Clinics 2,2024-07-22 00:00:00,2.3,304
Clinics 2,2024-07-29 00:00:00,4,304
Clinics 2,2024-08-05 00:00:00,2.8,304
Clinics 2,2024-08-12 00:00:00,3.4,304
Clinics 2,2024-08-19 00:00:00,4.8,304
Clinics 2,2024-08-26 00:00:00,5.9,304
Clinics 2,2024-09-02 00:00:00,5.5,304
Clinics 2,2024-09-09 00:00:00,5,304
Clinics 2,2024-09-16 00:00:00,4.1,304
Clinics 2,2024-09-23 00:00:00,5.4,304
Clinics 2,2024-09-30 00:00:00,4.5,304
Clinics 2,2024-10-07 00:00:00,5.9,304
Clinics 2,2024-10-14 00:00:00,6.2,304
Clinics 2,2024-10-21 00:00:00,6.5,304
Clinics 2,2024-10-28 00:00:00,6,304
Clinics 2,2024-11-04 00:00:00,5.8,304
Clinics 2,2024-11-11 00:00:00,5.2,304
Clinics 2,2024-11-18 00:00:00,5.6,304
Clinics 2,2024-11-25 00:00:00,5.1,304
Clinics 2,2024-12-02 00:00:00,5.9,304
Clinics 2,2024-12-09 00:00:00,6,304
Clinics 2,2024-12-16 00:00:00,5.1,304
Clinics 2,2024-12-23 00:00:00,2.9,304
Clinics 2,2024-12-30 00:00:00,4.5,304
Clinics 2,2025-01-06 00:00:00,5.9,304
Clinics 2,2025-01-13 00:00:00,5.5,304
Clinics 2,2025-01-20 00:00:00,5.6,304
Clinics 2,2025-01-27 00:00:00,5.8,304
Clinics 2,2025-02-03 00:00:00,5,304
Clinics 2,2025-02-10 00:00:00,4.2,304
Clinics 2,2025-02-17 00:00:00,5.4,304
Clinics 2,2025-02-24 00:00:00,5.8,304
Clinics 2,2025-03-03 00:00:00,5.6,304
Clinics 2,2025-03-10 00:00:00,5.3,304
Clinics 2,2025-03-17 00:00:00,4.8,304
Clinics 2,2025-03-24 00:00:00,5,304
Clinics 2,2025-03-31 00:00:00,4.9,304
Clinics 2,2025-04-07 00:00:00,4.9,304
Clinics 2,2025-04-14 00:00:00,4.2,304
Clinics 2,2025-04-21 00:00:00,4.5,304
Clinics 2,2025-04-28 00:00:00,5.2,304
Clinics 2,2025-05-05 00:00:00,5.7,304
Clinics 2,2025-05-12 00:00:00,5.1,304
Clinics 2,2025-05-19 00:00:00,5.3,304
Clinics 2,2025-05-26 00:00:00,4.9,304
Clinics 2,2025-06-02 00:00:00,5.2,304
Clinics 2,2025-06-09 00:00:00,5.2,304
Clinics 2,2025-06-16 00:00:00,4,304
Clinics 2,2025-06-23 00:00:00,5.1,304
Clinics 2,2025-06-30 00:00:00,3.6,304
Sjukhus A,2022-06-27 00:00:00,15.5,305
Sjukhus A,2022-07-04 00:00:00,14.6,305
Sjukhus A,2022-07-11 00:00:00,13,305
Sjukhus A,2022-07-18 00:00:00,13.1,305
Sjukhus A,2022-07-25 00:00:00,11.4,305
Sjukhus A,2022-08-01 00:00:00,11.1,305
Sjukhus A,2022-08-08 00:00:00,9,305
Sjukhus A,2022-08-15 00:00:00,7.2,305
Sjukhus A,2022-08-22 00:00:00,12.7,305
Sjukhus A,2022-08-29 00:00:00,13.9,305
Sjukhus A,2022-09-05 00:00:00,16.1,305
Sjukhus A,2022-09-12 00:00:00,18,305
Sjukhus A,2022-09-19 00:00:00,17.5,305
Sjukhus A,2022-09-26 00:00:00,18.2,305
Sjukhus A,2022-10-03 00:00:00,16.9,305
Sjukhus A,2022-10-10 00:00:00,18.8,305
Sjukhus A,2022-10-17 00:00:00,19.9,305
Sjukhus A,2022-10-24 00:00:00,19.5,305
Sjukhus A,2022-10-31 00:00:00,20.4,305
Sjukhus A,2022-11-07 00:00:00,15.7,305
Sjukhus A,2022-11-14 00:00:00,20.2,305
Sjukhus A,2022-11-21 00:00:00,16.7,305
Sjukhus A,2022-11-28 00:00:00,18.9,305
Sjukhus A,2022-12-05 00:00:00,18.4,305
Sjukhus A,2022-12-12 00:00:00,20.9,305
Sjukhus A,2022-12-19 00:00:00,18.8,305
Sjukhus A,2022-12-26 00:00:00,18.1,305
Sjukhus A,2023-01-02 00:00:00,13.6,305
Sjukhus A,2023-01-09 00:00:00,13.7,305
Sjukhus A,2023-01-16 00:00:00,16,305
Sjukhus A,2023-01-23 00:00:00,19.9,305
Sjukhus A,2023-01-30 00:00:00,20,305
Sjukhus A,2023-02-06 00:00:00,15.7,305
Sjukhus A,2023-02-13 00:00:00,17,305
Sjukhus A,2023-02-20 00:00:00,16.2,305
Sjukhus A,2023-02-27 00:00:00,17.5,305
Sjukhus A,2023-03-06 00:00:00,19.1,305
Sjukhus A,2023-03-13 00:00:00,17.9,305
Sjukhus A,2023-03-20 00:00:00,18.3,305
Sjukhus A,2023-03-27 00:00:00,16.9,305
Sjukhus A,2023-04-03 00:00:00,18.8,305
Sjukhus A,2023-04-10 00:00:00,18.3,305
Sjukhus A,2023-04-17 00:00:00,17.8,305
Sjukhus A,2023-04-24 00:00:00,19.7,305
Sjukhus A,2023-05-01 00:00:00,18.8,305
Sjukhus A,2023-05-08 00:00:00,17,305
Sjukhus A,2023-05-15 00:00:00,17.5,305
Sjukhus A,2023-05-22 00:00:00,16.6,305
Sjukhus A,2023-05-29 00:00:00,16.2,305
Sjukhus A,2023-06-05 00:00:00,15.3,305
Sjukhus A,2023-06-12 00:00:00,15.5,305
Sjukhus A,2023-06-19 00:00:00,16.2,305
Sjukhus A,2023-06-26 00:00:00,16.5,305
Sjukhus A,2023-07-03 00:00:00,14,305
Sjukhus A,2023-07-10 00:00:00,13.1,305
Sjukhus A,2023-07-17 00:00:00,11.7,305
Sjukhus A,2023-07-24 00:00:00,11.3,305
Sjukhus A,2023-07-31 00:00:00,10.2,305
Sjukhus A,2023-08-07 00:00:00,11.6,305
Sjukhus A,2023-08-14 00:00:00,11.6,305
Sjukhus A,2023-08-21 00:00:00,13.6,305
Sjukhus A,2023-08-28 00:00:00,17.9,305
Sjukhus A,2023-09-04 00:00:00,16.1,305
Sjukhus A,2023-09-11 00:00:00,17.5,305
Sjukhus A,2023-09-18 00:00:00,18.4,305
Sjukhus A,2023-09-25 00:00:00,17.3,305
Sjukhus A,2023-10-02 00:00:00,16.1,305
Sjukhus A,2023-10-09 00:00:00,14.3,305
Sjukhus A,2023-10-16 00:00:00,18,305
Sjukhus A,2023-10-23 00:00:00,16.5,305
Sjukhus A,2023-10-30 00:00:00,17.5,305
Sjukhus A,2023-11-06 00:00:00,15.6,305
Sjukhus A,2023-11-13 00:00:00,16.5,305
Sjukhus A,2023-11-20 00:00:00,16.7,305
Sjukhus A,2023-11-27 00:00:00,16.3,305
Sjukhus A,2023-12-04 00:00:00,17.9,305
Sjukhus A,2023-12-11 00:00:00,19.3,305
Sjukhus A,2023-12-18 00:00:00,14.3,305
Sjukhus A,2023-12-25 00:00:00,17.3,305
Sjukhus A,2024-01-01 00:00:00,16.8,305
Sjukhus A,2024-01-08 00:00:00,16.5,305
Sjukhus A,2024-01-15 00:00:00,19,305
Sjukhus A,2024-01-22 00:00:00,13.2,305
Sjukhus A,2024-01-29 00:00:00,15.3,305
Sjukhus A,2024-02-05 00:00:00,18.4,305
Sjukhus A,2024-02-12 00:00:00,13.7,305
Sjukhus A,2024-02-19 00:00:00,17.2,305
Sjukhus A,2024-02-26 00:00:00,18,305
Sjukhus A,2024-03-04 00:00:00,15.9,305
Sjukhus A,2024-03-11 00:00:00,17.1,305
Sjukhus A,2024-03-18 00:00:00,18.3,305
Sjukhus A,2024-03-25 00:00:00,17.5,305
Sjukhus A,2024-04-01 00:00:00,17.6,305
Sjukhus A,2024-04-08 00:00:00,18.2,305
Sjukhus A,2024-04-15 00:00:00,16.8,305
Sjukhus A,2024-04-22 00:00:00,16.5,305
Sjukhus A,2024-04-29 00:00:00,15.7,305
Sjukhus A,2024-05-06 00:00:00,17.2,305
Sjukhus A,2024-05-13 00:00:00,16.1,305
Sjukhus A,2024-05-20 00:00:00,16.4,305
Sjukhus A,2024-05-27 00:00:00,16.1,305
Sjukhus A,2024-06-03 00:00:00,18,305
Sjukhus A,2024-06-10 00:00:00,15.1,305
Sjukhus A,2024-06-17 00:00:00,15.5,305
Sjukhus A,2024-06-24 00:00:00,13.7,305
Sjukhus A,2024-07-01 00:00:00,10.5,305
Sjukhus A,2024-07-08 00:00:00,14.5,305
Sjukhus A,2024-07-15 00:00:00,13.5,305
Sjukhus A,2024-07-22 00:00:00,13.1,305
Sjukhus A,2024-07-29 00:00:00,12.9,305
Sjukhus A,2024-08-05 00:00:00,12.2,305
Sjukhus A,2024-08-12 00:00:00,14.3,305
Sjukhus A,2024-08-19 00:00:00,15.8,305
Sjukhus A,2024-08-26 00:00:00,18.1,305
Sjukhus A,2024-09-02 00:00:00,14.6,305
Sjukhus A,2024-09-09 00:00:00,14.3,305
Sjukhus A,2024-09-16 00:00:00,14.8,305
Sjukhus A,2024-09-23 00:00:00,14.8,305
Sjukhus A,2024-09-30 00:00:00,14.1,305
Sjukhus A,2024-10-07 00:00:00,16.8,305
Sjukhus A,2024-10-14 00:00:00,12.9,305
Sjukhus A,2024-10-21 00:00:00,15.2,305
Sjukhus A,2024-10-28 00:00:00,14.2,305
Sjukhus A,2024-11-04 00:00:00,17.7,305
Sjukhus A,2024-11-11 00:00:00,16.8,305
Sjukhus A,2024-11-18 00:00:00,15,305
Sjukhus A,2024-11-25 00:00:00,13.5,305
Sjukhus A,2024-12-02 00:00:00,14.5,305
Sjukhus A,2024-12-09 00:00:00,13.2,305
Sjukhus A,2024-12-16 00:00:00,16.1,305
Sjukhus A,2024-12-23 00:00:00,17.9,305
Sjukhus A,2024-12-30 00:00:00,15.9,305
Sjukhus A,2025-01-06 00:00:00,15.7,305
Sjukhus A,2025-01-13 00:00:00,15.4,305
Sjukhus A,2025-01-20 00:00:00,14.8,305
Sjukhus A,2025-01-27 00:00:00,13.7,305
Sjukhus A,2025-02-03 00:00:00,13.4,305
Sjukhus A,2025-02-10 00:00:00,12.9,305
Sjukhus A,2025-02-17 00:00:00,13,305
Sjukhus A,2025-02-24 00:00:00,15,305
Sjukhus A,2025-03-03 00:00:00,13.1,305
Sjukhus A,2025-03-10 00:00:00,15.2,305
Sjukhus A,2025-03-17 00:00:00,16.7,305
Sjukhus A,2025-03-24 00:00:00,13.2,305
Sjukhus A,2025-03-31 00:00:00,13.5,305
Sjukhus A,2025-04-07 00:00:00,13.5,305
Sjukhus A,2025-04-14 00:00:00,14.2,305
Sjukhus A,2025-04-21 00:00:00,16,305
Sjukhus A,2025-04-28 00:00:00,15.9,305
Sjukhus A,2025-05-05 00:00:00,14.9,305
Sjukhus A,2025-05-12 00:00:00,13.8,305
Sjukhus A,2025-05-19 00:00:00,15.7,305
Sjukhus A,2025-05-26 00:00:00,17.3,305
Sjukhus A,2025-06-02 00:00:00,17.1,305
Sjukhus A,2025-06-09 00:00:00,15.2,305
Sjukhus A,2025-06-16 00:00:00,18.1,305
Sjukhus A,2025-06-23 00:00:00,12.2,305
Sjukhus A,2025-06-30 00:00:00,12.6,305
Clinics 2,2022-06-27 00:00:00,3.5,306
Clinics 2,2022-07-04 00:00:00,2.6,306
Clinics 2,2022-07-11 00:00:00,2.9,306
Clinics 2,2022-07-18 00:00:00,3.7,306
Clinics 2,2022-07-25 00:00:00,3.8,306
Clinics 2,2022-08-01 00:00:00,3.5,306
Clinics 2,2022-08-08 00:00:00,2.6,306
Clinics 2,2022-08-15 00:00:00,1.4,306
Clinics 2,2022-08-22 00:00:00,2.6,306
Clinics 2,2022-08-29 00:00:00,4.1,306
Clinics 2,2022-09-05 00:00:00,4.4,306
Clinics 2,2022-09-12 00:00:00,4.4,306
Clinics 2,2022-09-19 00:00:00,3.8,306
Clinics 2,2022-09-26 00:00:00,4.1,306
Clinics 2,2022-10-03 00:00:00,4.4,306
Clinics 2,2022-10-10 00:00:00,5.9,306
Clinics 2,2022-10-17 00:00:00,5.8,306
Clinics 2,2022-10-24 00:00:00,5.6,306
Clinics 2,2022-10-31 00:00:00,6,306
Clinics 2,2022-11-07 00:00:00,5.4,306
Clinics 2,2022-11-14 00:00:00,5.8,306
Clinics 2,2022-11-21 00:00:00,6.6,306
Clinics 2,2022-11-28 00:00:00,6.1,306
Clinics 2,2022-12-05 00:00:00,5.4,306
Clinics 2,2022-12-12 00:00:00,3,306
Clinics 2,2022-12-19 00:00:00,4.3,306
Clinics 2,2022-12-26 00:00:00,3.7,306
Clinics 2,2023-01-02 00:00:00,3.8,306
Clinics 2,2023-01-09 00:00:00,3.9,306
Clinics 2,2023-01-16 00:00:00,5.7,306
Clinics 2,2023-01-23 00:00:00,5.2,306
Clinics 2,2023-01-30 00:00:00,5.1,306
Clinics 2,2023-02-06 00:00:00,5.9,306
Clinics 2,2023-02-13 00:00:00,5.6,306
Clinics 2,2023-02-20 00:00:00,5.3,306
Clinics 2,2023-02-27 00:00:00,5.8,306
Clinics 2,2023-03-06 00:00:00,6.1,306
Clinics 2,2023-03-13 00:00:00,3.6,306
Clinics 2,2023-03-20 00:00:00,4.4,306
Clinics 2,2023-03-27 00:00:00,5.3,306
Clinics 2,2023-04-03 00:00:00,4,306
Clinics 2,2023-04-10 00:00:00,4.8,306
Clinics 2,2023-04-17 00:00:00,5.6,306
Clinics 2,2023-04-24 00:00:00,5.6,306
Clinics 2,2023-05-01 00:00:00,6,306
Clinics 2,2023-05-08 00:00:00,5.8,306
Clinics 2,2023-05-15 00:00:00,5.8,306
Clinics 2,2023-05-22 00:00:00,5,306
Clinics 2,2023-05-29 00:00:00,5.2,306
Clinics 2,2023-06-05 00:00:00,5.2,306
Clinics 2,2023-06-12 00:00:00,5.4,306
Clinics 2,2023-06-19 00:00:00,5.6,306
Clinics 2,2023-06-26 00:00:00,4.6,306
Clinics 2,2023-07-03 00:00:00,3.8,306
Clinics 2,2023-07-10 00:00:00,2.5,306
Clinics 2,2023-07-17 00:00:00,2.8,306
Clinics 2,2023-07-24 00:00:00,2.4,306
Clinics 2,2023-07-31 00:00:00,3.6,306
Clinics 2,2023-08-07 00:00:00,3.6,306
Clinics 2,2023-08-14 00:00:00,4.5,306
Clinics 2,2023-08-21 00:00:00,4.2,306
Clinics 2,2023-08-28 00:00:00,4.8,306
Clinics 2,2023-09-04 00:00:00,4.7,306
Clinics 2,2023-09-11 00:00:00,4.8,306
Clinics 2,2023-09-18 00:00:00,5.6,306
Clinics 2,2023-09-25 00:00:00,6,306
Clinics 2,2023-10-02 00:00:00,5.3,306
Clinics 2,2023-10-09 00:00:00,4.9,306
Clinics 2,2023-10-16 00:00:00,5.8,306
Clinics 2,2023-10-23 00:00:00,5.1,306
Clinics 2,2023-10-30 00:00:00,5.9,306
Clinics 2,2023-11-06 00:00:00,4.3,306
Clinics 2,2023-11-13 00:00:00,5.4,306
Clinics 2,2023-11-20 00:00:00,5.5,306
Clinics 2,2023-11-27 00:00:00,4.8,306
Clinics 2,2023-12-04 00:00:00,5.2,306
Clinics 2,2023-12-11 00:00:00,4,306
Clinics 2,2023-12-18 00:00:00,5,306
Clinics 2,2023-12-25 00:00:00,4,306
Clinics 2,2024-01-01 00:00:00,4.3,306
Clinics 2,2024-01-08 00:00:00,5.3,306
Clinics 2,2024-01-15 00:00:00,5.3,306
Clinics 2,2024-01-22 00:00:00,4.8,306
Clinics 2,2024-01-29 00:00:00,5.2,306
Clinics 2,2024-02-05 00:00:00,4.7,306
Clinics 2,2024-02-12 00:00:00,4.6,306
Clinics 2,2024-02-19 00:00:00,5.1,306
Clinics 2,2024-02-26 00:00:00,3.8,306
Clinics 2,2024-03-04 00:00:00,2.6,306
Clinics 2,2024-03-11 00:00:00,4,306
Clinics 2,2024-03-18 00:00:00,4.3,306
Clinics 2,2024-03-25 00:00:00,4,306
Clinics 2,2024-04-01 00:00:00,3,306
Clinics 2,2024-04-08 00:00:00,3,306
Clinics 2,2024-04-15 00:00:00,4.2,306
Clinics 2,2024-04-22 00:00:00,4.3,306
Clinics 2,2024-04-29 00:00:00,4.2,306
Clinics 2,2024-05-06 00:00:00,4.4,306
Clinics 2,2024-05-13 00:00:00,4.5,306
Clinics 2,2024-05-20 00:00:00,5.6,306
Clinics 2,2024-05-27 00:00:00,5.5,306
Clinics 2,2024-06-03 00:00:00,6,306
Clinics 2,2024-06-10 00:00:00,5.5,306
Clinics 2,2024-06-17 00:00:00,4.9,306
Clinics 2,2024-06-24 00:00:00,3.9,306
Clinics 2,2024-07-01 00:00:00,4.2,306
Clinics 2,2024-07-08 00:00:00,3.3,306
Clinics 2,2024-07-15 00:00:00,3.5,306
Clinics 2,2024-07-22 00:00:00,3,306
Clinics 2,2024-07-29 00:00:00,4.7,306
Clinics 2,2024-08-05 00:00:00,4.8,306
Clinics 2,2024-08-12 00:00:00,4.9,306
Clinics 2,2024-08-19 00:00:00,4.3,306
Clinics 2,2024-08-26 00:00:00,4.7,306
Clinics 2,2024-09-02 00:00:00,5,306
Clinics 2,2024-09-09 00:00:00,5,306
Clinics 2,2024-09-16 00:00:00,4.8,306
Clinics 2,2024-09-23 00:00:00,5.8,306
Clinics 2,2024-09-30 00:00:00,6,306
Clinics 2,2024-10-07 00:00:00,5.3,306
Clinics 2,2024-10-14 00:00:00,6.1,306
Clinics 2,2024-10-21 00:00:00,5.1,306
Clinics 2,2024-10-28 00:00:00,5.1,306
Clinics 2,2024-11-04 00:00:00,5.8,306
Clinics 2,2024-11-11 00:00:00,5.4,306
Clinics 2,2024-11-18 00:00:00,4.9,306
Clinics 2,2024-11-25 00:00:00,6,306
Clinics 2,2024-12-02 00:00:00,5.1,306
Clinics 2,2024-12-09 00:00:00,5.2,306
Clinics 2,2024-12-16 00:00:00,3.8,306
Clinics 2,2024-12-23 00:00:00,4.2,306
Clinics 2,2024-12-30 00:00:00,4.7,306
Clinics 2,2025-01-06 00:00:00,5.4,306
Clinics 2,2025-01-13 00:00:00,5,306
Clinics 2,2025-01-20 00:00:00,5.8,306
Clinics 2,2025-01-27 00:00:00,5.7,306
Clinics 2,2025-02-03 00:00:00,5.5,306
Clinics 2,2025-02-10 00:00:00,4.7,306
Clinics 2,2025-02-17 00:00:00,5.4,306
Clinics 2,2025-02-24 00:00:00,5.4,306
Clinics 2,2025-03-03 00:00:00,2.5,306
Clinics 2,2025-03-10 00:00:00,5,306
Clinics 2,2025-03-17 00:00:00,5,306
Clinics 2,2025-03-24 00:00:00,5.1,306
Clinics 2,2025-03-31 00:00:00,4.5,306
Clinics 2,2025-04-07 00:00:00,4.7,306
Clinics 2,2025-04-14 00:00:00,3.9,306
Clinics 2,2025-04-21 00:00:00,4.8,306
Clinics 2,2025-04-28 00:00:00,4.7,306
Clinics 2,2025-05-05 00:00:00,4.2,306
Clinics 2,2025-05-12 00:00:00,5.5,306
Clinics 2,2025-05-19 00:00:00,5.8,306
Clinics 2,2025-05-26 00:00:00,5.4,306
Clinics 2,2025-06-02 00:00:00,6,306
Clinics 2,2025-06-09 00:00:00,5.3,306
Clinics 2,2025-06-16 00:00:00,5.5,306
Clinics 2,2025-06-23 00:00:00,3.4,306
Clinics 2,2025-06-30 00:00:00,4.3,306
Clinics 0,2022-06-27 00:00:00,3.5,307
Clinics 0,2022-07-04 00:00:00,3.7,307
Clinics 0,2022-07-11 00:00:00,3.5,307
Clinics 0,2022-07-18 00:00:00,3,307
Clinics 0,2022-07-25 00:00:00,2.4,307
Clinics 0,2022-08-01 00:00:00,3,307
Clinics 0,2022-08-08 00:00:00,2,307
Clinics 0,2022-08-15 00:00:00,1,307
Clinics 0,2022-08-22 00:00:00,1.7,307
Clinics 0,2022-08-29 00:00:00,2.6,307
Clinics 0,2022-09-05 00:00:00,3.6,307
Clinics 0,2022-09-12 00:00:00,3.8,307
Clinics 0,2022-09-19 00:00:00,3.8,307
Clinics 0,2022-09-26 00:00:00,2.4,307
Clinics 0,2022-10-03 00:00:00,3.7,307
Clinics 0,2022-10-10 00:00:00,3.6,307
Clinics 0,2022-10-17 00:00:00,3.7,307
Clinics 0,2022-10-24 00:00:00,3.8,307
Clinics 0,2022-10-31 00:00:00,3.8,307
Clinics 0,2022-11-07 00:00:00,2.8,307
Clinics 0,2022-11-14 00:00:00,3.8,307
Clinics 0,2022-11-21 00:00:00,3.2,307
Clinics 0,2022-11-28 00:00:00,3.7,307
Clinics 0,2022-12-05 00:00:00,3.5,307
Clinics 0,2022-12-12 00:00:00,3.8,307
Clinics 0,2022-12-19 00:00:00,3.1,307
Clinics 0,2022-12-26 00:00:00,3.1,307
Clinics 0,2023-01-02 00:00:00,2.95,307
Clinics 0,2023-01-09 00:00:00,2.8,307
Clinics 0,2023-01-16 00:00:00,3.4,307
Clinics 0,2023-01-23 00:00:00,3.8,307
Clinics 0,2023-01-30 00:00:00,3.8,307
Clinics 0,2023-02-06 00:00:00,3.4,307
Clinics 0,2023-02-13 00:00:00,3.8,307
Clinics 0,2023-02-20 00:00:00,2.4,307
Clinics 0,2023-02-27 00:00:00,3.4,307
Clinics 0,2023-03-06 00:00:00,3,307
Clinics 0,2023-03-13 00:00:00,2.6,307
Clinics 0,2023-03-20 00:00:00,3.1,307
Clinics 0,2023-03-27 00:00:00,3.6,307
Clinics 0,2023-04-03 00:00:00,3.4,307
Clinics 0,2023-04-10 00:00:00,2.85,307
Clinics 0,2023-04-17 00:00:00,2.3,307
Clinics 0,2023-04-24 00:00:00,3.7,307
Clinics 0,2023-05-01 00:00:00,3.7,307
Clinics 0,2023-05-08 00:00:00,3.6,307
Clinics 0,2023-05-15 00:00:00,3.3,307
Clinics 0,2023-05-22 00:00:00,2.6,307
Clinics 0,2023-05-29 00:00:00,2.3,307
Clinics 0,2023-06-05 00:00:00,1.8,307
Clinics 0,2023-06-12 00:00:00,1.6,307
Clinics 0,2023-06-19 00:00:00,1.8,307
Clinics 0,2023-06-26 00:00:00,2.6,307
Clinics 0,2023-07-03 00:00:00,2.5,307
Clinics 0,2023-07-10 00:00:00,1.7,307
Clinics 0,2023-07-17 00:00:00,1.6,307
Clinics 0,2023-07-24 00:00:00,2,307
Clinics 0,2023-07-31 00:00:00,0.8,307
Clinics 0,2023-08-07 00:00:00,0.8,307
Clinics 0,2023-08-14 00:00:00,1.8,307
Clinics 0,2023-08-21 00:00:00,2.7,307
Clinics 0,2023-08-28 00:00:00,2.8,307
Clinics 0,2023-09-04 00:00:00,2.8,307
Clinics 0,2023-09-11 00:00:00,2.5,307
Clinics 0,2023-09-18 00:00:00,2.4,307
Clinics 0,2023-09-25 00:00:00,2.3,307
Clinics 0,2023-10-02 00:00:00,2.2,307
Clinics 0,2023-10-09 00:00:00,2.1,307
Clinics 0,2023-10-16 00:00:00,2.5,307
Clinics 0,2023-10-23 00:00:00,2.4,307
Clinics 0,2023-10-30 00:00:00,2.5,307
Clinics 0,2023-11-06 00:00:00,2.4,307
Clinics 0,2023-11-13 00:00:00,2.5,307
Clinics 0,2023-11-20 00:00:00,1.2,307
Clinics 0,2023-11-27 00:00:00,1.6,307
Clinics 0,2023-12-04 00:00:00,2.3,307
Clinics 0,2023-12-11 00:00:00,3.3,307
Clinics 0,2023-12-18 00:00:00,2.7,307
Clinics 0,2023-12-25 00:00:00,2.8,307
Clinics 0,2024-01-01 00:00:00,2.7,307
Clinics 0,2024-01-08 00:00:00,2.8,307
Clinics 0,2024-01-15 00:00:00,2.6,307
Clinics 0,2024-01-22 00:00:00,2.8,307
Clinics 0,2024-01-29 00:00:00,2.7,307
Clinics 0,2024-02-05 00:00:00,2.7,307
Clinics 0,2024-02-12 00:00:00,2.4,307
Clinics 0,2024-02-19 00:00:00,2.1,307
Clinics 0,2024-02-26 00:00:00,2.7,307
Clinics 0,2024-03-04 00:00:00,2.8,307
Clinics 0,2024-03-11 00:00:00,2.7,307
Clinics 0,2024-03-18 00:00:00,2.8,307
Clinics 0,2024-03-25 00:00:00,2.8,307
Clinics 0,2024-04-01 00:00:00,2.8,307
Clinics 0,2024-04-08 00:00:00,2.8,307
Clinics 0,2024-04-15 00:00:00,2.4,307
Clinics 0,2024-04-22 00:00:00,2.7,307
Clinics 0,2024-04-29 00:00:00,2.7,307
Clinics 0,2024-05-06 00:00:00,2.6,307
Clinics 0,2024-05-13 00:00:00,1.5,307
Clinics 0,2024-05-20 00:00:00,2.8,307
Clinics 0,2024-05-27 00:00:00,2.8,307
Clinics 0,2024-06-03 00:00:00,2.3,307
Clinics 0,2024-06-10 00:00:00,2.1,307
Clinics 0,2024-06-17 00:00:00,2.1,307
Clinics 0,2024-06-24 00:00:00,2.8,307
Clinics 0,2024-07-01 00:00:00,1.3,307
Clinics 0,2024-07-08 00:00:00,0.9,307
Clinics 0,2024-07-15 00:00:00,1,307
Clinics 0,2024-07-22 00:00:00,1,307
Clinics 0,2024-07-29 00:00:00,1,307
Clinics 0,2024-08-05 00:00:00,0.8,307
Clinics 0,2024-08-12 00:00:00,1.8,307
Clinics 0,2024-08-19 00:00:00,2.8,307
Clinics 0,2024-08-26 00:00:00,2.1,307
Clinics 0,2024-09-02 00:00:00,2.8,307
Clinics 0,2024-09-09 00:00:00,2.7,307
Clinics 0,2024-09-16 00:00:00,2.4,307
Clinics 0,2024-09-23 00:00:00,1.9,307
Clinics 0,2024-09-30 00:00:00,2.3,307
Clinics 0,2024-10-07 00:00:00,3,307
Clinics 0,2024-10-14 00:00:00,3.3,307
Clinics 0,2024-10-21 00:00:00,3.3,307
Clinics 0,2024-10-28 00:00:00,3.1,307
Clinics 0,2024-11-04 00:00:00,3.3,307
Clinics 0,2024-11-11 00:00:00,3.1,307
Clinics 0,2024-11-18 00:00:00,3.2,307
Clinics 0,2024-11-25 00:00:00,3,307
Clinics 0,2024-12-02 00:00:00,3.3,307
Clinics 0,2024-12-09 00:00:00,2.9,307
Clinics 0,2024-12-16 00:00:00,2.1,307
Clinics 0,2024-12-23 00:00:00,1.6,307
Clinics 0,2024-12-30 00:00:00,2,307
Clinics 0,2025-01-06 00:00:00,3.1,307
Clinics 0,2025-01-13 00:00:00,3.3,307
Clinics 0,2025-01-20 00:00:00,3.3,307
Clinics 0,2025-01-27 00:00:00,2.9,307
Clinics 0,2025-02-03 00:00:00,1.6,307
Clinics 0,2025-02-10 00:00:00,2.7,307
Clinics 0,2025-02-17 00:00:00,3.1,307
Clinics 0,2025-02-24 00:00:00,3,307
Clinics 0,2025-03-03 00:00:00,2.5,307
Clinics 0,2025-03-10 00:00:00,2.7,307
Clinics 0,2025-03-17 00:00:00,2,307
Clinics 0,2025-03-24 00:00:00,1.8,307
Clinics 0,2025-03-31 00:00:00,3.5,307
Clinics 0,2025-04-07 00:00:00,3.1,307
Clinics 0,2025-04-14 00:00:00,2.7,307
Clinics 0,2025-04-21 00:00:00,3.3,307
Clinics 0,2025-04-28 00:00:00,3.2,307
Clinics 0,2025-05-05 00:00:00,2.8,307
Clinics 0,2025-05-12 00:00:00,2.7,307
Clinics 0,2025-05-19 00:00:00,2.6,307
Clinics 0,2025-05-26 00:00:00,2.5,307
Clinics 0,2025-06-02 00:00:00,2.6,307
Clinics 0,2025-06-09 00:00:00,2.4,307
Clinics 0,2025-06-16 00:00:00,2.6,307
Clinics 0,2025-06-23 00:00:00,2.2,307
Clinics 0,2025-06-30 00:00:00,1.8,307
Clinics 2,2022-06-27 00:00:00,6.5,310
Clinics 2,2022-07-04 00:00:00,6,310
Clinics 2,2022-07-11 00:00:00,5.5,310
Clinics 2,2022-07-18 00:00:00,5.4,310
Clinics 2,2022-07-25 00:00:00,5.6,310
Clinics 2,2022-08-01 00:00:00,4.6,310
Clinics 2,2022-08-08 00:00:00,3.8,310
Clinics 2,2022-08-15 00:00:00,3,310
Clinics 2,2022-08-22 00:00:00,5.4,310
Clinics 2,2022-08-29 00:00:00,6.3,310
Clinics 2,2022-09-05 00:00:00,6.4,310
Clinics 2,2022-09-12 00:00:00,5.3,310
Clinics 2,2022-09-19 00:00:00,6.6,310
Clinics 2,2022-09-26 00:00:00,6.6,310
Clinics 2,2022-10-03 00:00:00,6.5,310
Clinics 2,2022-10-10 00:00:00,7.3,310
Clinics 2,2022-10-17 00:00:00,7.3,310
Clinics 2,2022-10-24 00:00:00,6.6,310
Clinics 2,2022-10-31 00:00:00,7.1,310
Clinics 2,2022-11-07 00:00:00,6.3,310
Clinics 2,2022-11-14 00:00:00,8,310
Clinics 2,2022-11-21 00:00:00,8,310
Clinics 2,2022-11-28 00:00:00,7,310
Clinics 2,2022-12-05 00:00:00,8.4,310
Clinics 2,2022-12-12 00:00:00,8.4,310
Clinics 2,2022-12-19 00:00:00,8.1,310
Clinics 2,2022-12-26 00:00:00,7.5,310
Clinics 2,2023-01-02 00:00:00,6.8,310
Clinics 2,2023-01-09 00:00:00,6.1,310
Clinics 2,2023-01-16 00:00:00,6.8,310
Clinics 2,2023-01-23 00:00:00,7.3,310
Clinics 2,2023-01-30 00:00:00,9.1,310
Clinics 2,2023-02-06 00:00:00,8.6,310
Clinics 2,2023-02-13 00:00:00,8.6,310
Clinics 2,2023-02-20 00:00:00,7.5,310
Clinics 2,2023-02-27 00:00:00,8,310
Clinics 2,2023-03-06 00:00:00,6.2,310
Clinics 2,2023-03-13 00:00:00,7,310
Clinics 2,2023-03-20 00:00:00,7.3,310
Clinics 2,2023-03-27 00:00:00,7.2,310
Clinics 2,2023-04-03 00:00:00,7.9,310
Clinics 2,2023-04-10 00:00:00,8.5,310
Clinics 2,2023-04-17 00:00:00,9.1,310
Clinics 2,2023-04-24 00:00:00,9.5,310
Clinics 2,2023-05-01 00:00:00,8.5,310
Clinics 2,2023-05-08 00:00:00,8.5,310
Clinics 2,2023-05-15 00:00:00,9,310
Clinics 2,2023-05-22 00:00:00,9,310
Clinics 2,2023-05-29 00:00:00,8.4,310
Clinics 2,2023-06-05 00:00:00,8.2,310
Clinics 2,2023-06-12 00:00:00,7.8,310
Clinics 2,2023-06-19 00:00:00,8.7,310
Clinics 2,2023-06-26 00:00:00,8.4,310
Clinics 2,2023-07-03 00:00:00,6.7,310
Clinics 2,2023-07-10 00:00:00,6.6,310
Clinics 2,2023-07-17 00:00:00,5.7,310
Clinics 2,2023-07-24 00:00:00,4.1,310
Clinics 2,2023-07-31 00:00:00,5,310
Clinics 2,2023-08-07 00:00:00,5.1,310
Clinics 2,2023-08-14 00:00:00,5.2,310
Clinics 2,2023-08-21 00:00:00,7,310
Clinics 2,2023-08-28 00:00:00,8.3,310
Clinics 2,2023-09-04 00:00:00,8.6,310
Clinics 2,2023-09-11 00:00:00,6.9,310
Clinics 2,2023-09-18 00:00:00,9,310
Clinics 2,2023-09-25 00:00:00,7.7,310
Clinics 2,2023-10-02 00:00:00,9.5,310
Clinics 2,2023-10-09 00:00:00,9.6,310
Clinics 2,2023-10-16 00:00:00,9.6,310
Clinics 2,2023-10-23 00:00:00,9.3,310
Clinics 2,2023-10-30 00:00:00,10,310
Clinics 2,2023-11-06 00:00:00,8,310
Clinics 2,2023-11-13 00:00:00,8.9,310
Clinics 2,2023-11-20 00:00:00,7.5,310
Clinics 2,2023-11-27 00:00:00,8.5,310
Clinics 2,2023-12-04 00:00:00,8.8,310
Clinics 2,2023-12-11 00:00:00,8.3,310
Clinics 2,2023-12-18 00:00:00,8.2,310
Clinics 2,2023-12-25 00:00:00,7.3,310
Clinics 2,2024-01-01 00:00:00,7.4,310
Clinics 2,2024-01-08 00:00:00,9,310
Clinics 2,2024-01-15 00:00:00,8.2,310
Clinics 2,2024-01-22 00:00:00,7.6,310
Clinics 2,2024-01-29 00:00:00,7.9,310
Clinics 2,2024-02-05 00:00:00,7.8,310
Clinics 2,2024-02-12 00:00:00,7.9,310
Clinics 2,2024-02-19 00:00:00,8.3,310
Clinics 2,2024-02-26 00:00:00,8.8,310
Clinics 2,2024-03-04 00:00:00,7.8,310
Clinics 2,2024-03-11 00:00:00,7.6,310
Clinics 2,2024-03-18 00:00:00,7.9,310
Clinics 2,2024-03-25 00:00:00,8.4,310
Clinics 2,2024-04-01 00:00:00,5.5,310
Clinics 2,2024-04-08 00:00:00,7.4,310
Clinics 2,2024-04-15 00:00:00,6.7,310
Clinics 2,2024-04-22 00:00:00,8,310
Clinics 2,2024-04-29 00:00:00,8.3,310
Clinics 2,2024-05-06 00:00:00,7.2,310
Clinics 2,2024-05-13 00:00:00,7.6,310
Clinics 2,2024-05-20 00:00:00,7.8,310
Clinics 2,2024-05-27 00:00:00,8.1,310
Clinics 2,2024-06-03 00:00:00,6.5,310
Clinics 2,2024-06-10 00:00:00,6.5,310
Clinics 2,2024-06-17 00:00:00,5.3,310
Clinics 2,2024-06-24 00:00:00,5.2,310
Clinics 2,2024-07-01 00:00:00,4.3,310
Clinics 2,2024-07-08 00:00:00,3.7,310
Clinics 2,2024-07-15 00:00:00,3.9,310
Clinics 2,2024-07-22 00:00:00,4.1,310
Clinics 2,2024-07-29 00:00:00,3.7,310
Clinics 2,2024-08-05 00:00:00,5.2,310
Clinics 2,2024-08-12 00:00:00,6.9,310
Clinics 2,2024-08-19 00:00:00,7.4,310
Clinics 2,2024-08-26 00:00:00,7.9,310
Clinics 2,2024-09-02 00:00:00,7.4,310
Clinics 2,2024-09-09 00:00:00,7.3,310
Clinics 2,2024-09-16 00:00:00,7.5,310
Clinics 2,2024-09-23 00:00:00,6.9,310
Clinics 2,2024-09-30 00:00:00,9,310
Clinics 2,2024-10-07 00:00:00,8.5,310
Clinics 2,2024-10-14 00:00:00,8.5,310
Clinics 2,2024-10-21 00:00:00,8.3,310
Clinics 2,2024-10-28 00:00:00,6.5,310
Clinics 2,2024-11-04 00:00:00,8.5,310
Clinics 2,2024-11-11 00:00:00,7.3,310
Clinics 2,2024-11-18 00:00:00,7.9,310
Clinics 2,2024-11-25 00:00:00,8.3,310
Clinics 2,2024-12-02 00:00:00,8.2,310
Clinics 2,2024-12-09 00:00:00,8.5,310
Clinics 2,2024-12-16 00:00:00,7.4,310
Clinics 2,2024-12-23 00:00:00,5,310
Clinics 2,2024-12-30 00:00:00,5,310
Clinics 2,2025-01-06 00:00:00,6,310
Clinics 2,2025-01-13 00:00:00,8.1,310
Clinics 2,2025-01-20 00:00:00,9.1,310
Clinics 2,2025-01-27 00:00:00,8.3,310
Clinics 2,2025-02-03 00:00:00,9.2,310
Clinics 2,2025-02-10 00:00:00,6.6,310
Clinics 2,2025-02-17 00:00:00,8,310
Clinics 2,2025-02-24 00:00:00,8.2,310
Clinics 2,2025-03-03 00:00:00,8.1,310
Clinics 2,2025-03-10 00:00:00,5.8,310
Clinics 2,2025-03-17 00:00:00,8.1,310
Clinics 2,2025-03-24 00:00:00,7.9,310
Clinics 2,2025-03-31 00:00:00,7.5,310
Clinics 2,2025-04-07 00:00:00,6.6,310
Clinics 2,2025-04-14 00:00:00,5.5,310
Clinics 2,2025-04-21 00:00:00,7.1,310
Clinics 2,2025-04-28 00:00:00,6.1,310
Clinics 2,2025-05-05 00:00:00,7.3,310
Clinics 2,2025-05-12 00:00:00,7.4,310
Clinics 2,2025-05-19 00:00:00,7.4,310
Clinics 2,2025-05-26 00:00:00,7.6,310
Clinics 2,2025-06-02 00:00:00,6.8,310
Clinics 2,2025-06-09 00:00:00,7.6,310
Clinics 2,2025-06-16 00:00:00,7.5,310
Clinics 2,2025-06-23 00:00:00,5.2,310
Clinics 2,2025-06-30 00:00:00,5.8,310
Sjukhus B,2022-06-27 00:00:00,13.6,400
Sjukhus B,2022-07-04 00:00:00,11.1,400
Sjukhus B,2022-07-11 00:00:00,10.3,400
Sjukhus B,2022-07-18 00:00:00,11.3,400
Sjukhus B,2022-07-25 00:00:00,10.2,400
Sjukhus B,2022-08-01 00:00:00,10.6,400
Sjukhus B,2022-08-08 00:00:00,9.8,400
Sjukhus B,2022-08-15 00:00:00,6.9,400
Sjukhus B,2022-08-22 00:00:00,15.2,400
Sjukhus B,2022-08-29 00:00:00,15.5,400
Sjukhus B,2022-09-05 00:00:00,15.2,400
Sjukhus B,2022-09-12 00:00:00,15.4,400
Sjukhus B,2022-09-19 00:00:00,14.3,400
Sjukhus B,2022-09-26 00:00:00,16.4,400
Sjukhus B,2022-10-03 00:00:00,12,400
Sjukhus B,2022-10-10 00:00:00,17.1,400
Sjukhus B,2022-10-17 00:00:00,17.8,400
Sjukhus B,2022-10-24 00:00:00,17.3,400
Sjukhus B,2022-10-31 00:00:00,17.2,400
Sjukhus B,2022-11-07 00:00:00,17.3,400
Sjukhus B,2022-11-14 00:00:00,16.7,400
Sjukhus B,2022-11-21 00:00:00,16.7,400
Sjukhus B,2022-11-28 00:00:00,16.4,400
Sjukhus B,2022-12-05 00:00:00,16.7,400
Sjukhus B,2022-12-12 00:00:00,16.8,400
Sjukhus B,2022-12-19 00:00:00,16.7,400
Sjukhus B,2022-12-26 00:00:00,16.3,400
Sjukhus B,2023-01-02 00:00:00,12.1,400
Sjukhus B,2023-01-09 00:00:00,16.7,400
Sjukhus B,2023-01-16 00:00:00,14,400
Sjukhus B,2023-01-23 00:00:00,16.2,400
Sjukhus B,2023-01-30 00:00:00,16.7,400
Sjukhus B,2023-02-06 00:00:00,15.1,400
Sjukhus B,2023-02-13 00:00:00,17.5,400
Sjukhus B,2023-02-20 00:00:00,18.5,400
Sjukhus B,2023-02-27 00:00:00,19.3,400
Sjukhus B,2023-03-06 00:00:00,17.4,400
Sjukhus B,2023-03-13 00:00:00,18.2,400
Sjukhus B,2023-03-20 00:00:00,17.3,400
Sjukhus B,2023-03-27 00:00:00,20.3,400
Sjukhus B,2023-04-03 00:00:00,19.6,400
Sjukhus B,2023-04-10 00:00:00,20.05,400
Sjukhus B,2023-04-17 00:00:00,20.5,400
Sjukhus B,2023-04-24 00:00:00,19.6,400
Sjukhus B,2023-05-01 00:00:00,18.8,400
Sjukhus B,2023-05-08 00:00:00,22.5,400
Sjukhus B,2023-05-15 00:00:00,18.2,400
Sjukhus B,2023-05-22 00:00:00,20.3,400
Sjukhus B,2023-05-29 00:00:00,18,400
Sjukhus B,2023-06-05 00:00:00,19.6,400
Sjukhus B,2023-06-12 00:00:00,21.9,400
Sjukhus B,2023-06-19 00:00:00,19.6,400
Sjukhus B,2023-06-26 00:00:00,17.5,400
Sjukhus B,2023-07-03 00:00:00,14.8,400
Sjukhus B,2023-07-10 00:00:00,13.8,400
Sjukhus B,2023-07-17 00:00:00,13.5,400
Sjukhus B,2023-07-24 00:00:00,13.1,400
Sjukhus B,2023-07-31 00:00:00,12.4,400
Sjukhus B,2023-08-07 00:00:00,12.8,400
Sjukhus B,2023-08-14 00:00:00,12,400
Sjukhus B,2023-08-21 00:00:00,17.4,400
Sjukhus B,2023-08-28 00:00:00,18,400
Sjukhus B,2023-09-04 00:00:00,17.2,400
Sjukhus B,2023-09-11 00:00:00,18.1,400
Sjukhus B,2023-09-18 00:00:00,18.8,400
Sjukhus B,2023-09-25 00:00:00,21.7,400
Sjukhus B,2023-10-02 00:00:00,18.7,400
Sjukhus B,2023-10-09 00:00:00,18.8,400
Sjukhus B,2023-10-16 00:00:00,19.5,400
Sjukhus B,2023-10-23 00:00:00,22.4,400
Sjukhus B,2023-10-30 00:00:00,20.5,400
Sjukhus B,2023-11-06 00:00:00,21.3,400
Sjukhus B,2023-11-13 00:00:00,19.7,400
Sjukhus B,2023-11-20 00:00:00,20,400
Sjukhus B,2023-11-27 00:00:00,22.1,400
Sjukhus B,2023-12-04 00:00:00,21.8,400
Sjukhus B,2023-12-11 00:00:00,21,400
Sjukhus B,2023-12-18 00:00:00,22.4,400
Sjukhus B,2023-12-25 00:00:00,20.7,400
Sjukhus B,2024-01-01 00:00:00,19.6,400
Sjukhus B,2024-01-08 00:00:00,22.8,400
Sjukhus B,2024-01-15 00:00:00,21.1,400
Sjukhus B,2024-01-22 00:00:00,21.1,400
Sjukhus B,2024-01-29 00:00:00,21,400
Sjukhus B,2024-02-05 00:00:00,21.7,400
Sjukhus B,2024-02-12 00:00:00,19.8,400
Sjukhus B,2024-02-19 00:00:00,20.4,400
Sjukhus B,2024-02-26 00:00:00,21,400
Sjukhus B,2024-03-04 00:00:00,22.3,400
Sjukhus B,2024-03-11 00:00:00,18.9,400
Sjukhus B,2024-03-18 00:00:00,21.5,400
Sjukhus B,2024-03-25 00:00:00,21.5,400
Sjukhus B,2024-04-01 00:00:00,22.6,400
Sjukhus B,2024-04-08 00:00:00,21.1,400
Sjukhus B,2024-04-15 00:00:00,20.5,400
Sjukhus B,2024-04-22 00:00:00,20.6,400
Sjukhus B,2024-04-29 00:00:00,22.1,400
Sjukhus B,2024-05-06 00:00:00,22.3,400
Sjukhus B,2024-05-13 00:00:00,19.8,400
Sjukhus B,2024-05-20 00:00:00,20.5,400
Sjukhus B,2024-05-27 00:00:00,20.5,400
Sjukhus B,2024-06-03 00:00:00,22.6,400
Sjukhus B,2024-06-10 00:00:00,21.9,400
Sjukhus B,2024-06-17 00:00:00,16.5,400
Sjukhus B,2024-06-24 00:00:00,13.4,400
Sjukhus B,2024-07-01 00:00:00,13.3,400
Sjukhus B,2024-07-08 00:00:00,13.1,400
Sjukhus B,2024-07-15 00:00:00,16.2,400
Sjukhus B,2024-07-22 00:00:00,14,400
Sjukhus B,2024-07-29 00:00:00,15.9,400
Sjukhus B,2024-08-05 00:00:00,16.1,400
Sjukhus B,2024-08-12 00:00:00,19.6,400
Sjukhus B,2024-08-19 00:00:00,20.6,400
Sjukhus B,2024-08-26 00:00:00,21.3,400
Sjukhus B,2024-09-02 00:00:00,18.7,400
Sjukhus B,2024-09-09 00:00:00,20.4,400
Sjukhus B,2024-09-16 00:00:00,21.8,400
Sjukhus B,2024-09-23 00:00:00,23.1,400
Sjukhus B,2024-09-30 00:00:00,21.2,400
Sjukhus B,2024-10-07 00:00:00,21.1,400
Sjukhus B,2024-10-14 00:00:00,21.6,400
Sjukhus B,2024-10-21 00:00:00,21.4,400
Sjukhus B,2024-10-28 00:00:00,20.2,400
Sjukhus B,2024-11-04 00:00:00,19.5,400
Sjukhus B,2024-11-11 00:00:00,19,400
Sjukhus B,2024-11-18 00:00:00,20,400
Sjukhus B,2024-11-25 00:00:00,19.3,400
Sjukhus B,2024-12-02 00:00:00,17.6,400
Sjukhus B,2024-12-09 00:00:00,19.7,400
Sjukhus B,2024-12-16 00:00:00,19.4,400
Sjukhus B,2024-12-23 00:00:00,25,400
Sjukhus B,2024-12-30 00:00:00,21.8,400
Sjukhus B,2025-01-06 00:00:00,21.7,400
Sjukhus B,2025-01-13 00:00:00,17.9,400
Sjukhus B,2025-01-20 00:00:00,17.2,400
Sjukhus B,2025-01-27 00:00:00,18.5,400
Sjukhus B,2025-02-03 00:00:00,20.4,400
Sjukhus B,2025-02-10 00:00:00,19.9,400
Sjukhus B,2025-02-17 00:00:00,19.8,400
Sjukhus B,2025-02-24 00:00:00,19.2,400
Sjukhus B,2025-03-03 00:00:00,18.9,400
Sjukhus B,2025-03-10 00:00:00,18.9,400
Sjukhus B,2025-03-17 00:00:00,20.4,400
Sjukhus B,2025-03-24 00:00:00,18.7,400
Sjukhus B,2025-03-31 00:00:00,20,400
Sjukhus B,2025-04-07 00:00:00,21,400
Sjukhus B,2025-04-14 00:00:00,21.2,400
Sjukhus B,2025-04-21 00:00:00,21.8,400
Sjukhus B,2025-04-28 00:00:00,21,400
Sjukhus B,2025-05-05 00:00:00,22.8,400
Sjukhus B,2025-05-12 00:00:00,21.5,400
Sjukhus B,2025-05-19 00:00:00,20.3,400
Sjukhus B,2025-05-26 00:00:00,22.2,400
Sjukhus B,2025-06-02 00:00:00,22.6,400
Sjukhus B,2025-06-09 00:00:00,22.2,400
Sjukhus B,2025-06-16 00:00:00,18.9,400
Sjukhus B,2025-06-23 00:00:00,15.6,400
Sjukhus B,2025-06-30 00:00:00,13,400
Clinics 1,2022-06-27 00:00:00,2.4,402
Clinics 1,2022-07-04 00:00:00,1.3,402
Clinics 1,2022-07-11 00:00:00,1.3,402
Clinics 1,2022-07-18 00:00:00,1.3,402
Clinics 1,2022-07-25 00:00:00,1.3,402
Clinics 1,2022-08-01 00:00:00,1.4,402
Clinics 1,2022-08-08 00:00:00,1.6,402
Clinics 1,2022-08-15 00:00:00,0.8,402
Clinics 1,2022-08-22 00:00:00,1.4,402
Clinics 1,2022-08-29 00:00:00,2.3,402
Clinics 1,2022-09-05 00:00:00,2.5,402
Clinics 1,2022-09-12 00:00:00,1.9,402
Clinics 1,2022-09-19 00:00:00,2.1,402
Clinics 1,2022-09-26 00:00:00,2.5,402
Clinics 1,2022-10-03 00:00:00,2.6,402
Clinics 1,2022-10-10 00:00:00,2.5,402
Clinics 1,2022-10-17 00:00:00,2.3,402
Clinics 1,2022-10-24 00:00:00,1.7,402
Clinics 1,2022-10-31 00:00:00,2.5,402
Clinics 1,2022-11-07 00:00:00,2.9,402
Clinics 1,2022-11-14 00:00:00,3.1,402
Clinics 1,2022-11-21 00:00:00,3.4,402
Clinics 1,2022-11-28 00:00:00,2.6,402
Clinics 1,2022-12-05 00:00:00,4,402
Clinics 1,2022-12-12 00:00:00,3.5,402
Clinics 1,2022-12-19 00:00:00,3.3,402
Clinics 1,2022-12-26 00:00:00,2.6,402
Clinics 1,2023-01-02 00:00:00,2.65,402
Clinics 1,2023-01-09 00:00:00,2.7,402
Clinics 1,2023-01-16 00:00:00,3.3,402
Clinics 1,2023-01-23 00:00:00,3.2,402
Clinics 1,2023-01-30 00:00:00,2.7,402
Clinics 1,2023-02-06 00:00:00,3.3,402
Clinics 1,2023-02-13 00:00:00,2.7,402
Clinics 1,2023-02-20 00:00:00,3.1,402
Clinics 1,2023-02-27 00:00:00,3,402
Clinics 1,2023-03-06 00:00:00,3.4,402
Clinics 1,2023-03-13 00:00:00,2.9,402
Clinics 1,2023-03-20 00:00:00,2,402
Clinics 1,2023-03-27 00:00:00,3.1,402
Clinics 1,2023-04-03 00:00:00,3,402
Clinics 1,2023-04-10 00:00:00,3.05,402
Clinics 1,2023-04-17 00:00:00,3.1,402
Clinics 1,2023-04-24 00:00:00,2.6,402
Clinics 1,2023-05-01 00:00:00,2.8,402
Clinics 1,2023-05-08 00:00:00,2.7,402
Clinics 1,2023-05-15 00:00:00,3.1,402
Clinics 1,2023-05-22 00:00:00,2.4,402
Clinics 1,2023-05-29 00:00:00,2.6,402
Clinics 1,2023-06-05 00:00:00,3,402
Clinics 1,2023-06-12 00:00:00,2.9,402
Clinics 1,2023-06-19 00:00:00,3.5,402
Clinics 1,2023-06-26 00:00:00,2,402
Clinics 1,2023-07-03 00:00:00,1.9,402
Clinics 1,2023-07-10 00:00:00,2.1,402
Clinics 1,2023-07-17 00:00:00,2.1,402
Clinics 1,2023-07-24 00:00:00,2,402
Clinics 1,2023-07-31 00:00:00,1.8,402
Clinics 1,2023-08-07 00:00:00,1.8,402
Clinics 1,2023-08-14 00:00:00,2,402
Clinics 1,2023-08-21 00:00:00,3,402
Clinics 1,2023-08-28 00:00:00,3.2,402
Clinics 1,2023-09-04 00:00:00,1.5,402
Clinics 1,2023-09-11 00:00:00,3.2,402
Clinics 1,2023-09-18 00:00:00,2.9,402
Clinics 1,2023-09-25 00:00:00,3.1,402
Clinics 1,2023-10-02 00:00:00,3.4,402
Clinics 1,2023-10-09 00:00:00,3,402
Clinics 1,2023-10-16 00:00:00,3.4,402
Clinics 1,2023-10-23 00:00:00,3.2,402
Clinics 1,2023-10-30 00:00:00,3.3,402
Clinics 1,2023-11-06 00:00:00,2.7,402
Clinics 1,2023-11-13 00:00:00,3.3,402
Clinics 1,2023-11-20 00:00:00,3,402
Clinics 1,2023-11-27 00:00:00,2.4,402
Clinics 1,2023-12-04 00:00:00,3.2,402
Clinics 1,2023-12-11 00:00:00,3.3,402
Clinics 1,2023-12-18 00:00:00,2.4,402
Clinics 1,2023-12-25 00:00:00,2.5,402
Clinics 1,2024-01-01 00:00:00,1.8,402
Clinics 1,2024-01-08 00:00:00,3.4,402
Clinics 1,2024-01-15 00:00:00,3.4,402
Clinics 1,2024-01-22 00:00:00,3.4,402
Clinics 1,2024-01-29 00:00:00,3.4,402
Clinics 1,2024-02-05 00:00:00,3.2,402
Clinics 1,2024-02-12 00:00:00,2.6,402
Clinics 1,2024-02-19 00:00:00,2.6,402
Clinics 1,2024-02-26 00:00:00,3.4,402
Clinics 1,2024-03-04 00:00:00,3.2,402
Clinics 1,2024-03-11 00:00:00,3.2,402
Clinics 1,2024-03-18 00:00:00,2.8,402
Clinics 1,2024-03-25 00:00:00,2.3,402
Clinics 1,2024-04-01 00:00:00,2.5,402
Clinics 1,2024-04-08 00:00:00,3.4,402
Clinics 1,2024-04-15 00:00:00,3.1,402
Clinics 1,2024-04-22 00:00:00,3.4,402
Clinics 1,2024-04-29 00:00:00,2.6,402
Clinics 1,2024-05-06 00:00:00,3.3,402
Clinics 1,2024-05-13 00:00:00,3.4,402
Clinics 1,2024-05-20 00:00:00,2.9,402
Clinics 1,2024-05-27 00:00:00,2.3,402
Clinics 1,2024-06-03 00:00:00,2.3,402
Clinics 1,2024-06-10 00:00:00,2.7,402
Clinics 1,2024-06-17 00:00:00,2,402
Clinics 1,2024-06-24 00:00:00,1.8,402
Clinics 1,2024-07-01 00:00:00,2,402
Clinics 1,2024-07-08 00:00:00,1.8,402
Clinics 1,2024-07-15 00:00:00,1.5,402
Clinics 1,2024-07-22 00:00:00,1.5,402
Clinics 1,2024-07-29 00:00:00,1.3,402
Clinics 1,2024-08-05 00:00:00,1.4,402
Clinics 1,2024-08-12 00:00:00,2.4,402
Clinics 1,2024-08-19 00:00:00,3.2,402
Clinics 1,2024-08-26 00:00:00,3.4,402
Clinics 1,2024-09-02 00:00:00,3.4,402
Clinics 1,2024-09-09 00:00:00,3.4,402
Clinics 1,2024-09-16 00:00:00,3,402
Clinics 1,2024-09-23 00:00:00,3.1,402
Clinics 1,2024-09-30 00:00:00,3.2,402
Clinics 1,2024-10-07 00:00:00,3.3,402
Clinics 1,2024-10-14 00:00:00,3,402
Clinics 1,2024-10-21 00:00:00,3,402
Clinics 1,2024-10-28 00:00:00,2,402
Clinics 1,2024-11-04 00:00:00,3,402
Clinics 1,2024-11-11 00:00:00,2.7,402
Clinics 1,2024-11-18 00:00:00,3.2,402
Clinics 1,2024-11-25 00:00:00,3.2,402
Clinics 1,2024-12-02 00:00:00,3.4,402
Clinics 1,2024-12-09 00:00:00,3.2,402
Clinics 1,2024-12-16 00:00:00,2.7,402
Clinics 1,2024-12-23 00:00:00,1.9,402
Clinics 1,2024-12-30 00:00:00,1.9,402
Clinics 1,2025-01-06 00:00:00,2.4,402
Clinics 1,2025-01-13 00:00:00,3.2,402
Clinics 1,2025-01-20 00:00:00,2.9,402
Clinics 1,2025-01-27 00:00:00,3,402
Clinics 1,2025-02-03 00:00:00,2.8,402
Clinics 1,2025-02-10 00:00:00,2,402
Clinics 1,2025-02-17 00:00:00,2.7,402
Clinics 1,2025-02-24 00:00:00,2.7,402
Clinics 1,2025-03-03 00:00:00,3,402
Clinics 1,2025-03-10 00:00:00,2.6,402
Clinics 1,2025-03-17 00:00:00,3,402
Clinics 1,2025-03-24 00:00:00,3,402
Clinics 1,2025-03-31 00:00:00,3,402
Clinics 1,2025-04-07 00:00:00,2.8,402
Clinics 1,2025-04-14 00:00:00,3.1,402
Clinics 1,2025-04-21 00:00:00,2.7,402
Clinics 1,2025-04-28 00:00:00,3,402
Clinics 1,2025-05-05 00:00:00,3,402
Clinics 1,2025-05-12 00:00:00,2.8,402
Clinics 1,2025-05-19 00:00:00,2.6,402
Clinics 1,2025-05-26 00:00:00,2.8,402
Clinics 1,2025-06-02 00:00:00,4.3,402
Clinics 1,2025-06-09 00:00:00,3.3,402
Clinics 1,2025-06-16 00:00:00,3.8,402
Clinics 1,2025-06-23 00:00:00,2.8,402
Clinics 1,2025-06-30 00:00:00,1.8,402
Clinics 1,2022-06-27 00:00:00,6.3,502
Clinics 1,2022-07-04 00:00:00,6.2,502
Clinics 1,2022-07-11 00:00:00,6,502
Clinics 1,2022-07-18 00:00:00,4.4,502
Clinics 1,2022-07-25 00:00:00,4,502
Clinics 1,2022-08-01 00:00:00,2.9,502
Clinics 1,2022-08-08 00:00:00,3,502
Clinics 1,2022-08-15 00:00:00,1.4,502
Clinics 1,2022-08-22 00:00:00,3.2,502
Clinics 1,2022-08-29 00:00:00,2.4,502
Clinics 1,2022-09-05 00:00:00,4.1,502
Clinics 1,2022-09-12 00:00:00,4.4,502
Clinics 1,2022-09-19 00:00:00,5.1,502
Clinics 1,2022-09-26 00:00:00,5.4,502
Clinics 1,2022-10-03 00:00:00,4.8,502
Clinics 1,2022-10-10 00:00:00,4.6,502
Clinics 1,2022-10-17 00:00:00,4.8,502
Clinics 1,2022-10-24 00:00:00,4.9,502
Clinics 1,2022-10-31 00:00:00,5.3,502
Clinics 1,2022-11-07 00:00:00,4.2,502
Clinics 1,2022-11-14 00:00:00,4.3,502
Clinics 1,2022-11-21 00:00:00,2.1,502
Clinics 1,2022-11-28 00:00:00,4.3,502
Clinics 1,2022-12-05 00:00:00,4.2,502
Clinics 1,2022-12-12 00:00:00,4.8,502
Clinics 1,2022-12-19 00:00:00,4.9,502
Clinics 1,2022-12-26 00:00:00,3.8,502
Clinics 1,2023-01-02 00:00:00,3.6,502
Clinics 1,2023-01-09 00:00:00,3.4,502
Clinics 1,2023-01-16 00:00:00,4.9,502
Clinics 1,2023-01-23 00:00:00,5.2,502
Clinics 1,2023-01-30 00:00:00,3,502
Clinics 1,2023-02-06 00:00:00,5.4,502
Clinics 1,2023-02-13 00:00:00,5.8,502
Clinics 1,2023-02-20 00:00:00,5.7,502
Clinics 1,2023-02-27 00:00:00,4.8,502
Clinics 1,2023-03-06 00:00:00,4.7,502
Clinics 1,2023-03-13 00:00:00,3.6,502
Clinics 1,2023-03-20 00:00:00,5.2,502
Clinics 1,2023-03-27 00:00:00,3.6,502
Clinics 1,2023-04-03 00:00:00,4.8,502
Clinics 1,2023-04-10 00:00:00,4.9,502
Clinics 1,2023-04-17 00:00:00,5,502
Clinics 1,2023-04-24 00:00:00,5.3,502
Clinics 1,2023-05-01 00:00:00,4.4,502
Clinics 1,2023-05-08 00:00:00,6.1,502
Clinics 1,2023-05-15 00:00:00,6.5,502
Clinics 1,2023-05-22 00:00:00,5.6,502
Clinics 1,2023-05-29 00:00:00,6.7,502
Clinics 1,2023-06-05 00:00:00,5.3,502
Clinics 1,2023-06-12 00:00:00,7,502
Clinics 1,2023-06-19 00:00:00,6,502
Clinics 1,2023-06-26 00:00:00,4.9,502
Clinics 1,2023-07-03 00:00:00,6.5,502
Clinics 1,2023-07-10 00:00:00,5.8,502
Clinics 1,2023-07-17 00:00:00,4.9,502
Clinics 1,2023-07-24 00:00:00,4.9,502
Clinics 1,2023-07-31 00:00:00,4.5,502
Clinics 1,2023-08-07 00:00:00,4.5,502
Clinics 1,2023-08-14 00:00:00,4.8,502
Clinics 1,2023-08-21 00:00:00,2.4,502
Clinics 1,2023-08-28 00:00:00,2.6,502
Clinics 1,2023-09-04 00:00:00,3.4,502
Clinics 1,2023-09-11 00:00:00,3.4,502
Clinics 1,2023-09-18 00:00:00,3.4,502
Clinics 1,2023-09-25 00:00:00,4.8,502
Clinics 1,2023-10-02 00:00:00,4.6,502
Clinics 1,2023-10-09 00:00:00,4.5,502
Clinics 1,2023-10-16 00:00:00,4.7,502
Clinics 1,2023-10-23 00:00:00,4.1,502
Clinics 1,2023-10-30 00:00:00,3.9,502
Clinics 1,2023-11-06 00:00:00,4.3,502
Clinics 1,2023-11-13 00:00:00,2.4,502
Clinics 1,2023-11-20 00:00:00,4.4,502
Clinics 1,2023-11-27 00:00:00,4,502
Clinics 1,2023-12-04 00:00:00,4,502
Clinics 1,2023-12-11 00:00:00,3.3,502
Clinics 1,2023-12-18 00:00:00,3.6,502
Clinics 1,2023-12-25 00:00:00,3.3,502
Clinics 1,2024-01-01 00:00:00,2.5,502
Clinics 1,2024-01-08 00:00:00,4.8,502
Clinics 1,2024-01-15 00:00:00,4.2,502
Clinics 1,2024-01-22 00:00:00,4.4,502
Clinics 1,2024-01-29 00:00:00,4.2,502
Clinics 1,2024-02-05 00:00:00,4.5,502
Clinics 1,2024-02-12 00:00:00,4.6,502
Clinics 1,2024-02-19 00:00:00,4.6,502
Clinics 1,2024-02-26 00:00:00,4.6,502
Clinics 1,2024-03-04 00:00:00,5,502
Clinics 1,2024-03-11 00:00:00,5,502
Clinics 1,2024-03-18 00:00:00,4.8,502
Clinics 1,2024-03-25 00:00:00,5.1,502
Clinics 1,2024-04-01 00:00:00,3.7,502
Clinics 1,2024-04-08 00:00:00,4.4,502
Clinics 1,2024-04-15 00:00:00,3.9,502
Clinics 1,2024-04-22 00:00:00,4.3,502
Clinics 1,2024-04-29 00:00:00,3.8,502
Clinics 1,2024-05-06 00:00:00,4.5,502
Clinics 1,2024-05-13 00:00:00,4.6,502
Clinics 1,2024-05-20 00:00:00,4.6,502
Clinics 1,2024-05-27 00:00:00,5.3,502
Clinics 1,2024-06-03 00:00:00,7.6,502
Clinics 1,2024-06-10 00:00:00,6.6,502
Clinics 1,2024-06-17 00:00:00,6.4,502
Clinics 1,2024-06-24 00:00:00,6.2,502
Clinics 1,2024-07-01 00:00:00,5,502
Clinics 1,2024-07-08 00:00:00,4,502
Clinics 1,2024-07-15 00:00:00,3.8,502
Clinics 1,2024-07-22 00:00:00,4.8,502
Clinics 1,2024-07-29 00:00:00,4.2,502
Clinics 1,2024-08-05 00:00:00,3.8,502
Clinics 1,2024-08-12 00:00:00,5.5,502
Clinics 1,2024-08-19 00:00:00,4.5,502
Clinics 1,2024-08-26 00:00:00,3.8,502
Clinics 1,2024-09-02 00:00:00,4.5,502
Clinics 1,2024-09-09 00:00:00,4.7,502
Clinics 1,2024-09-16 00:00:00,4.8,502
Clinics 1,2024-09-23 00:00:00,4,502
Clinics 1,2024-09-30 00:00:00,4.2,502
Clinics 1,2024-10-07 00:00:00,3.8,502
Clinics 1,2024-10-14 00:00:00,3.8,502
Clinics 1,2024-10-21 00:00:00,2.9,502
Clinics 1,2024-10-28 00:00:00,3.5,502
Clinics 1,2024-11-04 00:00:00,3.8,502
Clinics 1,2024-11-11 00:00:00,2.3,502
Clinics 1,2024-11-18 00:00:00,3.7,502
Clinics 1,2024-11-25 00:00:00,3.1,502
Clinics 1,2024-12-02 00:00:00,3,502
Clinics 1,2024-12-09 00:00:00,3.9,502
Clinics 1,2024-12-16 00:00:00,3.4,502
Clinics 1,2024-12-23 00:00:00,2,502
Clinics 1,2024-12-30 00:00:00,3,502
Clinics 1,2025-01-06 00:00:00,3.8,502
Clinics 1,2025-01-13 00:00:00,3.6,502
Clinics 1,2025-01-20 00:00:00,3.6,502
Clinics 1,2025-01-27 00:00:00,1.4,502
Clinics 1,2025-02-03 00:00:00,1.9,502
Clinics 1,2025-02-10 00:00:00,1.9,502
Clinics 1,2025-02-17 00:00:00,1.9,502
Clinics 1,2025-02-24 00:00:00,3.5,502
Clinics 1,2025-03-03 00:00:00,3.5,502
Clinics 1,2025-03-10 00:00:00,3.6,502
Clinics 1,2025-03-17 00:00:00,3.2,502
Clinics 1,2025-03-24 00:00:00,2.8,502
Clinics 1,2025-03-31 00:00:00,3.5,502
Clinics 1,2025-04-07 00:00:00,3.4,502
Clinics 1,2025-04-14 00:00:00,2.8,502
Clinics 1,2025-04-21 00:00:00,3.6,502
Clinics 1,2025-04-28 00:00:00,3.3,502
Clinics 1,2025-05-05 00:00:00,3.5,502
Clinics 1,2025-05-12 00:00:00,3.3,502
Clinics 1,2025-05-19 00:00:00,3.3,502
Clinics 1,2025-05-26 00:00:00,2.6,502
Clinics 1,2025-06-02 00:00:00,3.7,502
Clinics 1,2025-06-09 00:00:00,3.4,502
Clinics 1,2025-06-16 00:00:00,2,502
Clinics 1,2025-06-23 00:00:00,2.5,502
Clinics 1,2025-06-30 00:00:00,3,502
Sjukhus B,2022-06-27 00:00:00,13.7,504
Sjukhus B,2022-07-04 00:00:00,10.3,504
Sjukhus B,2022-07-11 00:00:00,12.5,504
Sjukhus B,2022-07-18 00:00:00,12.3,504
Sjukhus B,2022-07-25 00:00:00,12.2,504
Sjukhus B,2022-08-01 00:00:00,12.3,504
Sjukhus B,2022-08-08 00:00:00,12,504
Sjukhus B,2022-08-15 00:00:00,8.3,504
Sjukhus B,2022-08-22 00:00:00,14.1,504
Sjukhus B,2022-08-29 00:00:00,14.5,504
Sjukhus B,2022-09-05 00:00:00,13.2,504
Sjukhus B,2022-09-12 00:00:00,15,504
Sjukhus B,2022-09-19 00:00:00,14.4,504
Sjukhus B,2022-09-26 00:00:00,11.7,504
Sjukhus B,2022-10-03 00:00:00,16.5,504
Sjukhus B,2022-10-10 00:00:00,14.4,504
Sjukhus B,2022-10-17 00:00:00,14.9,504
Sjukhus B,2022-10-24 00:00:00,15.2,504
Sjukhus B,2022-10-31 00:00:00,14.8,504
Sjukhus B,2022-11-07 00:00:00,15.3,504
Sjukhus B,2022-11-14 00:00:00,17.6,504
Sjukhus B,2022-11-21 00:00:00,16.9,504
Sjukhus B,2022-11-28 00:00:00,16,504
Sjukhus B,2022-12-05 00:00:00,14.7,504
Sjukhus B,2022-12-12 00:00:00,15.8,504
Sjukhus B,2022-12-19 00:00:00,12.3,504
Sjukhus B,2022-12-26 00:00:00,15.5,504
Sjukhus B,2023-01-02 00:00:00,13.7,504
Sjukhus B,2023-01-09 00:00:00,16.8,504
Sjukhus B,2023-01-16 00:00:00,17.1,504
Sjukhus B,2023-01-23 00:00:00,14,504
Sjukhus B,2023-01-30 00:00:00,14.9,504
Sjukhus B,2023-02-06 00:00:00,16.3,504
Sjukhus B,2023-02-13 00:00:00,17.5,504
Sjukhus B,2023-02-20 00:00:00,15.5,504
Sjukhus B,2023-02-27 00:00:00,16.9,504
Sjukhus B,2023-03-06 00:00:00,14.9,504
Sjukhus B,2023-03-13 00:00:00,15,504
Sjukhus B,2023-03-20 00:00:00,14.1,504
Sjukhus B,2023-03-27 00:00:00,14.1,504
Sjukhus B,2023-04-03 00:00:00,11.9,504
Sjukhus B,2023-04-10 00:00:00,13.2,504
Sjukhus B,2023-04-17 00:00:00,14.5,504
Sjukhus B,2023-04-24 00:00:00,16,504
Sjukhus B,2023-05-01 00:00:00,16.1,504
Sjukhus B,2023-05-08 00:00:00,19,504
Sjukhus B,2023-05-15 00:00:00,15.7,504
Sjukhus B,2023-05-22 00:00:00,14,504
Sjukhus B,2023-05-29 00:00:00,13.2,504
Sjukhus B,2023-06-05 00:00:00,14.8,504
Sjukhus B,2023-06-12 00:00:00,17.4,504
Sjukhus B,2023-06-19 00:00:00,15.8,504
Sjukhus B,2023-06-26 00:00:00,17.1,504
Sjukhus B,2023-07-03 00:00:00,9.7,504
Sjukhus B,2023-07-10 00:00:00,8.8,504
Sjukhus B,2023-07-17 00:00:00,7.3,504
Sjukhus B,2023-07-24 00:00:00,9.1,504
Sjukhus B,2023-07-31 00:00:00,9,504
Sjukhus B,2023-08-07 00:00:00,9.7,504
Sjukhus B,2023-08-14 00:00:00,11.5,504
Sjukhus B,2023-08-21 00:00:00,13.4,504
Sjukhus B,2023-08-28 00:00:00,12.3,504
Sjukhus B,2023-09-04 00:00:00,13,504
Sjukhus B,2023-09-11 00:00:00,12.9,504
Sjukhus B,2023-09-18 00:00:00,13.7,504
Sjukhus B,2023-09-25 00:00:00,14.9,504
Sjukhus B,2023-10-02 00:00:00,15.5,504
Sjukhus B,2023-10-09 00:00:00,15.9,504
Sjukhus B,2023-10-16 00:00:00,16.2,504
Sjukhus B,2023-10-23 00:00:00,16.6,504
Sjukhus B,2023-10-30 00:00:00,13.8,504
Sjukhus B,2023-11-06 00:00:00,13.3,504
Sjukhus B,2023-11-13 00:00:00,17.5,504
Sjukhus B,2023-11-20 00:00:00,15.9,504
Sjukhus B,2023-11-27 00:00:00,15.7,504
Sjukhus B,2023-12-04 00:00:00,15.3,504
Sjukhus B,2023-12-11 00:00:00,15.6,504
Sjukhus B,2023-12-18 00:00:00,13.6,504
Sjukhus B,2023-12-25 00:00:00,11.8,504
Sjukhus B,2024-01-01 00:00:00,15.6,504
Sjukhus B,2024-01-08 00:00:00,14.4,504
Sjukhus B,2024-01-15 00:00:00,15,504
Sjukhus B,2024-01-22 00:00:00,13.6,504
Sjukhus B,2024-01-29 00:00:00,13.2,504
Sjukhus B,2024-02-05 00:00:00,13.9,504
Sjukhus B,2024-02-12 00:00:00,14.7,504
Sjukhus B,2024-02-19 00:00:00,14,504
Sjukhus B,2024-02-26 00:00:00,12.7,504
Sjukhus B,2024-03-04 00:00:00,12.4,504
Sjukhus B,2024-03-11 00:00:00,11.9,504
Sjukhus B,2024-03-18 00:00:00,11.1,504
Sjukhus B,2024-03-25 00:00:00,15,504
Sjukhus B,2024-04-01 00:00:00,11.4,504
Sjukhus B,2024-04-08 00:00:00,12.4,504
Sjukhus B,2024-04-15 00:00:00,12,504
Sjukhus B,2024-04-22 00:00:00,11.6,504
Sjukhus B,2024-04-29 00:00:00,13.3,504
Sjukhus B,2024-05-06 00:00:00,9.4,504
Sjukhus B,2024-05-13 00:00:00,10.3,504
Sjukhus B,2024-05-20 00:00:00,10.8,504
Sjukhus B,2024-05-27 00:00:00,10.2,504
Sjukhus B,2024-06-03 00:00:00,12.7,504
Sjukhus B,2024-06-10 00:00:00,9.1,504
Sjukhus B,2024-06-17 00:00:00,12.2,504
Sjukhus B,2024-06-24 00:00:00,10.4,504
Sjukhus B,2024-07-01 00:00:00,9.5,504
Sjukhus B,2024-07-08 00:00:00,8.2,504
Sjukhus B,2024-07-15 00:00:00,6.8,504
Sjukhus B,2024-07-22 00:00:00,8.2,504
Sjukhus B,2024-07-29 00:00:00,8,504
Sjukhus B,2024-08-05 00:00:00,8.9,504
Sjukhus B,2024-08-12 00:00:00,10.7,504
Sjukhus B,2024-08-19 00:00:00,11.3,504
Sjukhus B,2024-08-26 00:00:00,9.2,504
Sjukhus B,2024-09-02 00:00:00,9.6,504
Sjukhus B,2024-09-09 00:00:00,9.7,504
Sjukhus B,2024-09-16 00:00:00,10.1,504
Sjukhus B,2024-09-23 00:00:00,10.8,504
Sjukhus B,2024-09-30 00:00:00,9.9,504
Sjukhus B,2024-10-07 00:00:00,7.8,504
Sjukhus B,2024-10-14 00:00:00,10.4,504
Sjukhus B,2024-10-21 00:00:00,9,504
Sjukhus B,2024-10-28 00:00:00,9.7,504
Sjukhus B,2024-11-04 00:00:00,9.6,504
Sjukhus B,2024-11-11 00:00:00,9.6,504
Sjukhus B,2024-11-18 00:00:00,9.2,504
Sjukhus B,2024-11-25 00:00:00,8.9,504
Sjukhus B,2024-12-02 00:00:00,8.4,504
Sjukhus B,2024-12-09 00:00:00,9.8,504
Sjukhus B,2024-12-16 00:00:00,9.5,504
Sjukhus B,2024-12-23 00:00:00,16.5,504
Sjukhus B,2024-12-30 00:00:00,11.6,504
Sjukhus B,2025-01-06 00:00:00,11.6,504
Sjukhus B,2025-01-13 00:00:00,10.1,504
Sjukhus B,2025-01-20 00:00:00,9.6,504
Sjukhus B,2025-01-27 00:00:00,11,504
Sjukhus B,2025-02-03 00:00:00,10.7,504
Sjukhus B,2025-02-10 00:00:00,10.9,504
Sjukhus B,2025-02-17 00:00:00,10.1,504
Sjukhus B,2025-02-24 00:00:00,10.2,504
Sjukhus B,2025-03-03 00:00:00,10.1,504
Sjukhus B,2025-03-10 00:00:00,10.6,504
Sjukhus B,2025-03-17 00:00:00,12.6,504
Sjukhus B,2025-03-24 00:00:00,11.7,504
Sjukhus B,2025-03-31 00:00:00,14,504
Sjukhus B,2025-04-07 00:00:00,12,504
Sjukhus B,2025-04-14 00:00:00,11.5,504
Sjukhus B,2025-04-21 00:00:00,13.4,504
Sjukhus B,2025-04-28 00:00:00,13.3,504
Sjukhus B,2025-05-05 00:00:00,11.7,504
Sjukhus B,2025-05-12 00:00:00,9.8,504
Sjukhus B,2025-05-19 00:00:00,10.7,504
Sjukhus B,2025-05-26 00:00:00,11.2,504
Sjukhus B,2025-06-02 00:00:00,12.2,504
Sjukhus B,2025-06-09 00:00:00,11.8,504
Sjukhus B,2025-06-16 00:00:00,14.3,504
Sjukhus B,2025-06-23 00:00:00,9.2,504
Sjukhus B,2025-06-30 00:00:00,7.8,504
Clinics 1,2022-06-27 00:00:00,32,505
Clinics 1,2022-07-04 00:00:00,32,505
Clinics 1,2022-07-11 00:00:00,16,505
Clinics 1,2022-07-18 00:00:00,0,505
Clinics 1,2022-07-25 00:00:00,5.333333333,505
Clinics 1,2022-08-01 00:00:00,10.66666667,505
Clinics 1,2022-08-08 00:00:00,16,505
Clinics 1,2022-08-15 00:00:00,32,505
Clinics 1,2022-08-22 00:00:00,32,505
Clinics 1,2022-08-29 00:00:00,32,505
Clinics 1,2022-09-05 00:00:00,15.5,505
Clinics 1,2022-09-12 00:00:00,7.8667,505
Clinics 1,2022-09-19 00:00:00,15.2833,505
Clinics 1,2022-09-26 00:00:00,32,505
Clinics 1,2022-10-03 00:00:00,31.8833,505
Clinics 1,2022-10-10 00:00:00,31.3,505
Clinics 1,2022-10-17 00:00:00,32,505
Clinics 1,2022-10-24 00:00:00,32,505
Clinics 1,2022-10-31 00:00:00,24,505
Clinics 1,2022-11-07 00:00:00,32,505
Clinics 1,2022-11-14 00:00:00,24,505
Clinics 1,2022-11-21 00:00:00,16,505
Clinics 1,2022-11-28 00:00:00,32,505
Clinics 1,2022-12-05 00:00:00,32,505
Clinics 1,2022-12-12 00:00:00,32,505
Clinics 1,2022-12-19 00:00:00,32,505
Clinics 1,2022-12-26 00:00:00,0,505
Clinics 1,2023-01-02 00:00:00,24,505
Clinics 1,2023-01-09 00:00:00,24,505
Clinics 1,2023-01-16 00:00:00,32,505
Clinics 1,2023-01-23 00:00:00,32,505
Clinics 1,2023-01-30 00:00:00,32,505
Clinics 1,2023-02-06 00:00:00,32,505
Clinics 1,2023-02-13 00:00:00,30.5667,505
Clinics 1,2023-02-20 00:00:00,32,505
Clinics 1,2023-02-27 00:00:00,32,505
Clinics 1,2023-03-06 00:00:00,32,505
Clinics 1,2023-03-13 00:00:00,32,505
Clinics 1,2023-03-20 00:00:00,32,505
Clinics 1,2023-03-27 00:00:00,32,505
Clinics 1,2023-04-03 00:00:00,24,505
Clinics 1,2023-04-10 00:00:00,28,505
Clinics 1,2023-04-17 00:00:00,32,505
Clinics 1,2023-04-24 00:00:00,32,505
Clinics 1,2023-05-01 00:00:00,24,505
Clinics 1,2023-05-08 00:00:00,31.9,505
Clinics 1,2023-05-15 00:00:00,23.5,505
Clinics 1,2023-05-22 00:00:00,32,505
Clinics 1,2023-05-29 00:00:00,32,505
Clinics 1,2023-06-05 00:00:00,24,505
Clinics 1,2023-06-12 00:00:00,32,505
Clinics 1,2023-06-19 00:00:00,24,505
Clinics 1,2023-06-26 00:00:00,32,505
Clinics 1,2023-07-03 00:00:00,32,505
Clinics 1,2023-07-10 00:00:00,32,505
Clinics 1,2023-07-17 00:00:00,16,505
Clinics 1,2023-07-24 00:00:00,32,505
Clinics 1,2023-07-31 00:00:00,0,505
Clinics 1,2023-08-07 00:00:00,0,505
Clinics 1,2023-08-14 00:00:00,32,505
Clinics 1,2023-08-21 00:00:00,32,505
Clinics 1,2023-08-28 00:00:00,32,505
Clinics 1,2023-09-04 00:00:00,31.3333,505
Clinics 1,2023-09-11 00:00:00,32,505
Clinics 1,2023-09-18 00:00:00,31.8,505
Clinics 1,2023-09-25 00:00:00,23.7333,505
Clinics 1,2023-10-02 00:00:00,39.7833,505
Clinics 1,2023-10-09 00:00:00,39.6833,505
Clinics 1,2023-10-16 00:00:00,31.1833,505
Clinics 1,2023-10-23 00:00:00,39.6,505
Clinics 1,2023-10-30 00:00:00,39.8833,505
Clinics 1,2023-11-06 00:00:00,40,505
Clinics 1,2023-11-13 00:00:00,28,505
Clinics 1,2023-11-20 00:00:00,39.4,505
Clinics 1,2023-11-27 00:00:00,39.75,505
Clinics 1,2023-12-04 00:00:00,38.7,505
Clinics 1,2023-12-11 00:00:00,39.1,505
Clinics 1,2023-12-18 00:00:00,38.8,505
Clinics 1,2023-12-25 00:00:00,15.8333,505
Clinics 1,2024-01-01 00:00:00,19.6,505
Clinics 1,2024-01-08 00:00:00,39.85,505
Clinics 1,2024-01-15 00:00:00,32,505
Clinics 1,2024-01-22 00:00:00,32,505
Clinics 1,2024-01-29 00:00:00,38.2334,505
Clinics 1,2024-02-05 00:00:00,31.85,505
Clinics 1,2024-02-12 00:00:00,31.2,505
Clinics 1,2024-02-19 00:00:00,32,505
Clinics 1,2024-02-26 00:00:00,31.8833,505
Clinics 1,2024-03-04 00:00:00,32,505
Clinics 1,2024-03-11 00:00:00,32,505
Clinics 1,2024-03-18 00:00:00,31.8833,505
Clinics 1,2024-03-25 00:00:00,23.5833,505
Clinics 1,2024-04-01 00:00:00,16,505
Clinics 1,2024-04-08 00:00:00,24,505
Clinics 1,2024-04-15 00:00:00,31.7833,505
Clinics 1,2024-04-22 00:00:00,31.9,505
Clinics 1,2024-04-29 00:00:00,31.8833,505
Clinics 1,2024-05-06 00:00:00,16,505
Clinics 1,2024-05-13 00:00:00,16,505
Clinics 1,2024-05-20 00:00:00,30.9167,505
Clinics 1,2024-05-27 00:00:00,32,505
Clinics 1,2024-06-03 00:00:00,23.5,505
Clinics 1,2024-06-10 00:00:00,32,505
Clinics 1,2024-06-17 00:00:00,24,505
Clinics 1,2024-06-24 00:00:00,32,505
Clinics 1,2024-07-01 00:00:00,32,505
Clinics 1,2024-07-08 00:00:00,32,505
Clinics 1,2024-07-15 00:00:00,32,505
Clinics 1,2024-07-22 00:00:00,32,505
Clinics 1,2024-07-29 00:00:00,14.8833,505
Clinics 1,2024-08-05 00:00:00,31.85,505
Clinics 1,2024-08-12 00:00:00,32,505
Clinics 1,2024-08-19 00:00:00,32,505
Clinics 1,2024-08-26 00:00:00,32,505
Clinics 1,2024-09-02 00:00:00,32,505
Clinics 1,2024-09-09 00:00:00,32,505
Clinics 1,2024-09-16 00:00:00,24,505
Clinics 1,2024-09-23 00:00:00,32,505
Clinics 1,2024-09-30 00:00:00,32,505
Clinics 1,2024-10-07 00:00:00,23.9,505
Clinics 1,2024-10-14 00:00:00,30.8333,505
Clinics 1,2024-10-21 00:00:00,31.7833,505
Clinics 1,2024-10-28 00:00:00,31.85,505
Clinics 1,2024-11-04 00:00:00,31.85,505
Clinics 1,2024-11-11 00:00:00,31.9,505
Clinics 1,2024-11-18 00:00:00,32,505
Clinics 1,2024-11-25 00:00:00,28,505
Clinics 1,2024-12-02 00:00:00,32,505
Clinics 1,2024-12-09 00:00:00,16,505
Clinics 1,2024-12-16 00:00:00,32,505
Clinics 1,2024-12-23 00:00:00,16,505
Clinics 1,2024-12-30 00:00:00,23.8167,505
Clinics 1,2025-01-06 00:00:00,24,505
Clinics 1,2025-01-13 00:00:00,32,505
Clinics 1,2025-01-20 00:00:00,31.8667,505
Clinics 1,2025-01-27 00:00:00,32,505
Clinics 1,2025-02-03 00:00:00,31.85,505
Clinics 1,2025-02-10 00:00:00,31.85,505
Clinics 1,2025-02-17 00:00:00,32,505
Clinics 1,2025-02-24 00:00:00,32,505
Clinics 1,2025-03-03 00:00:00,32,505
Clinics 1,2025-03-10 00:00:00,31.7667,505
Clinics 1,2025-03-17 00:00:00,32,505
Clinics 1,2025-03-24 00:00:00,32,505
Clinics 1,2025-03-31 00:00:00,36.4166,505
Clinics 1,2025-04-07 00:00:00,32,505
Clinics 1,2025-04-14 00:00:00,24,505
Clinics 1,2025-04-21 00:00:00,23.8833,505
Clinics 1,2025-04-28 00:00:00,24,505
Clinics 1,2025-05-05 00:00:00,31.85,505
Clinics 1,2025-05-12 00:00:00,32,505
Clinics 1,2025-05-19 00:00:00,32,505
Clinics 1,2025-05-26 00:00:00,23.25,505
Clinics 1,2025-06-02 00:00:00,23.25,505
Clinics 1,2025-06-09 00:00:00,23.25,505
Clinics 1,2025-06-16 00:00:00,23.25,505
Clinics 1,2025-06-23 00:00:00,23.25,505
Clinics 1,2025-06-30 00:00:00,23.25,505
Sjukhus B,2022-06-27 00:00:00,8.8,506
Sjukhus B,2022-07-04 00:00:00,9.3,506
Sjukhus B,2022-07-11 00:00:00,5.8,506
Sjukhus B,2022-07-18 00:00:00,7,506
Sjukhus B,2022-07-25 00:00:00,6.5,506
Sjukhus B,2022-08-01 00:00:00,7.2,506
Sjukhus B,2022-08-08 00:00:00,4.9,506
Sjukhus B,2022-08-15 00:00:00,4.4,506
Sjukhus B,2022-08-22 00:00:00,7.2,506
Sjukhus B,2022-08-29 00:00:00,7.2,506
Sjukhus B,2022-09-05 00:00:00,6.6,506
Sjukhus B,2022-09-12 00:00:00,5.8,506
Sjukhus B,2022-09-19 00:00:00,7.5,506
Sjukhus B,2022-09-26 00:00:00,7.4,506
Sjukhus B,2022-10-03 00:00:00,8.1,506
Sjukhus B,2022-10-10 00:00:00,7.6,506
Sjukhus B,2022-10-17 00:00:00,6.9,506
Sjukhus B,2022-10-24 00:00:00,8.7,506
Sjukhus B,2022-10-31 00:00:00,9.1,506
Sjukhus B,2022-11-07 00:00:00,8.4,506
Sjukhus B,2022-11-14 00:00:00,7.8,506
Sjukhus B,2022-11-21 00:00:00,6.9,506
Sjukhus B,2022-11-28 00:00:00,8.3,506
Sjukhus B,2022-12-05 00:00:00,8,506
Sjukhus B,2022-12-12 00:00:00,8,506
Sjukhus B,2022-12-19 00:00:00,8.4,506
Sjukhus B,2022-12-26 00:00:00,8.9,506
Sjukhus B,2023-01-02 00:00:00,6.5,506
Sjukhus B,2023-01-09 00:00:00,8.2,506
Sjukhus B,2023-01-16 00:00:00,8.3,506
Sjukhus B,2023-01-23 00:00:00,8,506
Sjukhus B,2023-01-30 00:00:00,7.2,506
Sjukhus B,2023-02-06 00:00:00,6.1,506
Sjukhus B,2023-02-13 00:00:00,8,506
Sjukhus B,2023-02-20 00:00:00,8.2,506
Sjukhus B,2023-02-27 00:00:00,7.9,506
Sjukhus B,2023-03-06 00:00:00,9.2,506
Sjukhus B,2023-03-13 00:00:00,7,506
Sjukhus B,2023-03-20 00:00:00,8.4,506
Sjukhus B,2023-03-27 00:00:00,7.9,506
Sjukhus B,2023-04-03 00:00:00,6.5,506
Sjukhus B,2023-04-10 00:00:00,6.9,506
Sjukhus B,2023-04-17 00:00:00,7.3,506
Sjukhus B,2023-04-24 00:00:00,8,506
Sjukhus B,2023-05-01 00:00:00,8.2,506
Sjukhus B,2023-05-08 00:00:00,7.6,506
Sjukhus B,2023-05-15 00:00:00,8.6,506
Sjukhus B,2023-05-22 00:00:00,5.8,506
Sjukhus B,2023-05-29 00:00:00,9.3,506
Sjukhus B,2023-06-05 00:00:00,7.8,506
Sjukhus B,2023-06-12 00:00:00,7.7,506
Sjukhus B,2023-06-19 00:00:00,8.2,506
Sjukhus B,2023-06-26 00:00:00,8.7,506
Sjukhus B,2023-07-03 00:00:00,7.3,506
Sjukhus B,2023-07-10 00:00:00,6.6,506
Sjukhus B,2023-07-17 00:00:00,6.2,506
Sjukhus B,2023-07-24 00:00:00,6.8,506
Sjukhus B,2023-07-31 00:00:00,6,506
Sjukhus B,2023-08-07 00:00:00,4.9,506
Sjukhus B,2023-08-14 00:00:00,4.7,506
Sjukhus B,2023-08-21 00:00:00,7.2,506
Sjukhus B,2023-08-28 00:00:00,8.6,506
Sjukhus B,2023-09-04 00:00:00,8.5,506
Sjukhus B,2023-09-11 00:00:00,7.7,506
Sjukhus B,2023-09-18 00:00:00,8.6,506
Sjukhus B,2023-09-25 00:00:00,8.2,506
Sjukhus B,2023-10-02 00:00:00,9.2,506
Sjukhus B,2023-10-09 00:00:00,7.6,506
Sjukhus B,2023-10-16 00:00:00,8.6,506
Sjukhus B,2023-10-23 00:00:00,9.5,506
Sjukhus B,2023-10-30 00:00:00,7.6,506
Sjukhus B,2023-11-06 00:00:00,6.9,506
Sjukhus B,2023-11-13 00:00:00,8.4,506
Sjukhus B,2023-11-20 00:00:00,7.4,506
Sjukhus B,2023-11-27 00:00:00,8.7,506
Sjukhus B,2023-12-04 00:00:00,9.5,506
Sjukhus B,2023-12-11 00:00:00,8.9,506
Sjukhus B,2023-12-18 00:00:00,10,506
Sjukhus B,2023-12-25 00:00:00,9.1,506
Sjukhus B,2024-01-01 00:00:00,7.8,506
Sjukhus B,2024-01-08 00:00:00,9.2,506
Sjukhus B,2024-01-15 00:00:00,9.6,506
Sjukhus B,2024-01-22 00:00:00,9.6,506
Sjukhus B,2024-01-29 00:00:00,9.2,506
Sjukhus B,2024-02-05 00:00:00,9.9,506
Sjukhus B,2024-02-12 00:00:00,7.4,506
Sjukhus B,2024-02-19 00:00:00,8.3,506
Sjukhus B,2024-02-26 00:00:00,9.3,506
Sjukhus B,2024-03-04 00:00:00,6.8,506
Sjukhus B,2024-03-11 00:00:00,8.7,506
Sjukhus B,2024-03-18 00:00:00,8.9,506
Sjukhus B,2024-03-25 00:00:00,7.8,506
Sjukhus B,2024-04-01 00:00:00,8.3,506
Sjukhus B,2024-04-08 00:00:00,9,506
Sjukhus B,2024-04-15 00:00:00,9.3,506
Sjukhus B,2024-04-22 00:00:00,7.4,506
Sjukhus B,2024-04-29 00:00:00,10,506
Sjukhus B,2024-05-06 00:00:00,8.4,506
Sjukhus B,2024-05-13 00:00:00,9.1,506
Sjukhus B,2024-05-20 00:00:00,8.5,506
Sjukhus B,2024-05-27 00:00:00,9.5,506
Sjukhus B,2024-06-03 00:00:00,7.6,506
Sjukhus B,2024-06-10 00:00:00,8.5,506
Sjukhus B,2024-06-17 00:00:00,6.6,506
Sjukhus B,2024-06-24 00:00:00,5.1,506
Sjukhus B,2024-07-01 00:00:00,4.4,506
Sjukhus B,2024-07-08 00:00:00,4.2,506
Sjukhus B,2024-07-15 00:00:00,5.3,506
Sjukhus B,2024-07-22 00:00:00,5,506
Sjukhus B,2024-07-29 00:00:00,4.7,506
Sjukhus B,2024-08-05 00:00:00,4.6,506
Sjukhus B,2024-08-12 00:00:00,5.1,506
Sjukhus B,2024-08-19 00:00:00,8.3,506
Sjukhus B,2024-08-26 00:00:00,6.6,506
Sjukhus B,2024-09-02 00:00:00,6,506
Sjukhus B,2024-09-09 00:00:00,8.1,506
Sjukhus B,2024-09-16 00:00:00,7.5,506
Sjukhus B,2024-09-23 00:00:00,7,506
Sjukhus B,2024-09-30 00:00:00,6.3,506
Sjukhus B,2024-10-07 00:00:00,7.5,506
Sjukhus B,2024-10-14 00:00:00,8.3,506
Sjukhus B,2024-10-21 00:00:00,7.4,506
Sjukhus B,2024-10-28 00:00:00,5.9,506
Sjukhus B,2024-11-04 00:00:00,7.2,506
Sjukhus B,2024-11-11 00:00:00,8,506
Sjukhus B,2024-11-18 00:00:00,7.2,506
Sjukhus B,2024-11-25 00:00:00,6.5,506
Sjukhus B,2024-12-02 00:00:00,7.8,506
Sjukhus B,2024-12-09 00:00:00,7.8,506
Sjukhus B,2024-12-16 00:00:00,6.9,506
Sjukhus B,2024-12-23 00:00:00,5.1,506
Sjukhus B,2024-12-30 00:00:00,6.3,506
Sjukhus B,2025-01-06 00:00:00,8,506
Sjukhus B,2025-01-13 00:00:00,8,506
Sjukhus B,2025-01-20 00:00:00,8.5,506
Sjukhus B,2025-01-27 00:00:00,8.3,506
Sjukhus B,2025-02-03 00:00:00,7.5,506
Sjukhus B,2025-02-10 00:00:00,7.6,506
Sjukhus B,2025-02-17 00:00:00,7.4,506
Sjukhus B,2025-02-24 00:00:00,7.4,506
Sjukhus B,2025-03-03 00:00:00,5.9,506
Sjukhus B,2025-03-10 00:00:00,6.8,506
Sjukhus B,2025-03-17 00:00:00,7.5,506
Sjukhus B,2025-03-24 00:00:00,7.7,506
Sjukhus B,2025-03-31 00:00:00,7.8,506
Sjukhus B,2025-04-07 00:00:00,7.5,506
Sjukhus B,2025-04-14 00:00:00,6.9,506
Sjukhus B,2025-04-21 00:00:00,5.2,506
Sjukhus B,2025-04-28 00:00:00,6.2,506
Sjukhus B,2025-05-05 00:00:00,6.5,506
Sjukhus B,2025-05-12 00:00:00,7.4,506
Sjukhus B,2025-05-19 00:00:00,6.3,506
Sjukhus B,2025-05-26 00:00:00,6.9,506
Sjukhus B,2025-06-02 00:00:00,7.3,506
Sjukhus B,2025-06-09 00:00:00,6.8,506
Sjukhus B,2025-06-16 00:00:00,6.8,506
Sjukhus B,2025-06-23 00:00:00,5.2,506
Sjukhus B,2025-06-30 00:00:00,3.5,506
Sjukhus A,2022-06-27 00:00:00,13.3,8080
Sjukhus A,2022-07-04 00:00:00,9.6,8080
Sjukhus A,2022-07-11 00:00:00,9.2,8080
Sjukhus A,2022-07-18 00:00:00,9.5,8080
Sjukhus A,2022-07-25 00:00:00,8.1,8080
Sjukhus A,2022-08-01 00:00:00,8.9,8080
Sjukhus A,2022-08-08 00:00:00,8.1,8080
Sjukhus A,2022-08-15 00:00:00,6,8080
Sjukhus A,2022-08-22 00:00:00,9.7,8080
Sjukhus A,2022-08-29 00:00:00,11.6,8080
Sjukhus A,2022-09-05 00:00:00,10.3,8080
Sjukhus A,2022-09-12 00:00:00,12.4,8080
Sjukhus A,2022-09-19 00:00:00,14.4,8080
Sjukhus A,2022-09-26 00:00:00,14.3,8080
Sjukhus A,2022-10-03 00:00:00,14.1,8080
Sjukhus A,2022-10-10 00:00:00,14,8080
Sjukhus A,2022-10-17 00:00:00,14.3,8080
Sjukhus A,2022-10-24 00:00:00,15.1,8080
Sjukhus A,2022-10-31 00:00:00,17.1,8080
Sjukhus A,2022-11-07 00:00:00,13.8,8080
Sjukhus A,2022-11-14 00:00:00,14.8,8080
Sjukhus A,2022-11-21 00:00:00,16.5,8080
Sjukhus A,2022-11-28 00:00:00,14.4,8080
Sjukhus A,2022-12-05 00:00:00,15.6,8080
Sjukhus A,2022-12-12 00:00:00,14.8,8080
Sjukhus A,2022-12-19 00:00:00,14.9,8080
Sjukhus A,2022-12-26 00:00:00,14.5,8080
Sjukhus A,2023-01-02 00:00:00,11.2,8080
Sjukhus A,2023-01-09 00:00:00,13.9,8080
Sjukhus A,2023-01-16 00:00:00,13.4,8080
Sjukhus A,2023-01-23 00:00:00,14,8080
Sjukhus A,2023-01-30 00:00:00,14.6,8080
Sjukhus A,2023-02-06 00:00:00,15.6,8080
Sjukhus A,2023-02-13 00:00:00,13.4,8080
Sjukhus A,2023-02-20 00:00:00,16.7,8080
Sjukhus A,2023-02-27 00:00:00,16.5,8080
Sjukhus A,2023-03-06 00:00:00,17.5,8080
Sjukhus A,2023-03-13 00:00:00,16.2,8080
Sjukhus A,2023-03-20 00:00:00,17.2,8080
Sjukhus A,2023-03-27 00:00:00,15.8,8080
Sjukhus A,2023-04-03 00:00:00,16.4,8080
Sjukhus A,2023-04-10 00:00:00,16.5,8080
Sjukhus A,2023-04-17 00:00:00,16.6,8080
Sjukhus A,2023-04-24 00:00:00,16.5,8080
Sjukhus A,2023-05-01 00:00:00,15.2,8080
Sjukhus A,2023-05-08 00:00:00,16.6,8080
Sjukhus A,2023-05-15 00:00:00,14.2,8080
Sjukhus A,2023-05-22 00:00:00,15.8,8080
Sjukhus A,2023-05-29 00:00:00,14.8,8080
Sjukhus A,2023-06-05 00:00:00,11.5,8080
Sjukhus A,2023-06-12 00:00:00,13.5,8080
Sjukhus A,2023-06-19 00:00:00,12.5,8080
Sjukhus A,2023-06-26 00:00:00,10.9,8080
Sjukhus A,2023-07-03 00:00:00,9.5,8080
Sjukhus A,2023-07-10 00:00:00,9,8080
Sjukhus A,2023-07-17 00:00:00,9,8080
Sjukhus A,2023-07-24 00:00:00,9.3,8080
Sjukhus A,2023-07-31 00:00:00,9.4,8080
Sjukhus A,2023-08-07 00:00:00,9,8080
Sjukhus A,2023-08-14 00:00:00,9.1,8080
Sjukhus A,2023-08-21 00:00:00,10.2,8080
Sjukhus A,2023-08-28 00:00:00,9.3,8080
Sjukhus A,2023-09-04 00:00:00,10.5,8080
Sjukhus A,2023-09-11 00:00:00,11.5,8080
Sjukhus A,2023-09-18 00:00:00,12.4,8080
Sjukhus A,2023-09-25 00:00:00,12,8080
Sjukhus A,2023-10-02 00:00:00,12.4,8080
Sjukhus A,2023-10-09 00:00:00,13.8,8080
Sjukhus A,2023-10-16 00:00:00,13.7,8080
Sjukhus A,2023-10-23 00:00:00,13.5,8080
Sjukhus A,2023-10-30 00:00:00,13.8,8080
Sjukhus A,2023-11-06 00:00:00,12.8,8080
Sjukhus A,2023-11-13 00:00:00,14.9,8080
Sjukhus A,2023-11-20 00:00:00,14.5,8080
Sjukhus A,2023-11-27 00:00:00,12.7,8080
Sjukhus A,2023-12-04 00:00:00,13.8,8080
Sjukhus A,2023-12-11 00:00:00,13.1,8080
Sjukhus A,2023-12-18 00:00:00,12.2,8080
Sjukhus A,2023-12-25 00:00:00,11.6,8080
Sjukhus A,2024-01-01 00:00:00,13.4,8080
Sjukhus A,2024-01-08 00:00:00,13,8080
Sjukhus A,2024-01-15 00:00:00,14.1,8080
Sjukhus A,2024-01-22 00:00:00,12.2,8080
Sjukhus A,2024-01-29 00:00:00,14.2,8080
Sjukhus A,2024-02-05 00:00:00,15,8080
Sjukhus A,2024-02-12 00:00:00,14.8,8080
Sjukhus A,2024-02-19 00:00:00,11.8,8080
Sjukhus A,2024-02-26 00:00:00,14.6,8080
Sjukhus A,2024-03-04 00:00:00,16.6,8080
Sjukhus A,2024-03-11 00:00:00,16,8080
Sjukhus A,2024-03-18 00:00:00,14,8080
Sjukhus A,2024-03-25 00:00:00,16.6,8080
Sjukhus A,2024-04-01 00:00:00,16.4,8080
Sjukhus A,2024-04-08 00:00:00,15.3,8080
Sjukhus A,2024-04-15 00:00:00,15.7,8080
Sjukhus A,2024-04-22 00:00:00,16.2,8080
Sjukhus A,2024-04-29 00:00:00,15.4,8080
Sjukhus A,2024-05-06 00:00:00,14.3,8080
Sjukhus A,2024-05-13 00:00:00,15,8080
Sjukhus A,2024-05-20 00:00:00,15.1,8080
Sjukhus A,2024-05-27 00:00:00,15.6,8080
Sjukhus A,2024-06-03 00:00:00,14.5,8080
Sjukhus A,2024-06-10 00:00:00,12,8080
Sjukhus A,2024-06-17 00:00:00,13,8080
Sjukhus A,2024-06-24 00:00:00,10.5,8080
Sjukhus A,2024-07-01 00:00:00,9.1,8080
Sjukhus A,2024-07-08 00:00:00,7.8,8080
Sjukhus A,2024-07-15 00:00:00,8.6,8080
Sjukhus A,2024-07-22 00:00:00,8.8,8080
Sjukhus A,2024-07-29 00:00:00,8.2,8080
Sjukhus A,2024-08-05 00:00:00,9.8,8080
Sjukhus A,2024-08-12 00:00:00,10.8,8080
Sjukhus A,2024-08-19 00:00:00,12.3,8080
Sjukhus A,2024-08-26 00:00:00,12.6,8080
Sjukhus A,2024-09-02 00:00:00,12.6,8080
Sjukhus A,2024-09-09 00:00:00,12.9,8080
Sjukhus A,2024-09-16 00:00:00,14.3,8080
Sjukhus A,2024-09-23 00:00:00,11.2,8080
Sjukhus A,2024-09-30 00:00:00,11.9,8080
Sjukhus A,2024-10-07 00:00:00,11.5,8080
Sjukhus A,2024-10-14 00:00:00,13.4,8080
Sjukhus A,2024-10-21 00:00:00,13,8080
Sjukhus A,2024-10-28 00:00:00,11,8080
Sjukhus A,2024-11-04 00:00:00,12.8,8080
Sjukhus A,2024-11-11 00:00:00,13,8080
Sjukhus A,2024-11-18 00:00:00,13.7,8080
Sjukhus A,2024-11-25 00:00:00,12,8080
Sjukhus A,2024-12-02 00:00:00,11.4,8080
Sjukhus A,2024-12-09 00:00:00,10.7,8080
Sjukhus A,2024-12-16 00:00:00,12.2,8080
Sjukhus A,2024-12-23 00:00:00,16.2,8080
Sjukhus A,2024-12-30 00:00:00,10.4,8080
Sjukhus A,2025-01-06 00:00:00,11.1,8080
Sjukhus A,2025-01-13 00:00:00,12.1,8080
Sjukhus A,2025-01-20 00:00:00,12.2,8080
Sjukhus A,2025-01-27 00:00:00,11.9,8080
Sjukhus A,2025-02-03 00:00:00,10.4,8080
Sjukhus A,2025-02-10 00:00:00,11.5,8080
Sjukhus A,2025-02-17 00:00:00,12.8,8080
Sjukhus A,2025-02-24 00:00:00,11.8,8080
Sjukhus A,2025-03-03 00:00:00,10.1,8080
Sjukhus A,2025-03-10 00:00:00,11.7,8080
Sjukhus A,2025-03-17 00:00:00,11.9,8080
Sjukhus A,2025-03-24 00:00:00,13.5,8080
Sjukhus A,2025-03-31 00:00:00,11.4,8080
Sjukhus A,2025-04-07 00:00:00,11.4,8080
Sjukhus A,2025-04-14 00:00:00,11,8080
Sjukhus A,2025-04-21 00:00:00,12.4,8080
Sjukhus A,2025-04-28 00:00:00,11.7,8080
Sjukhus A,2025-05-05 00:00:00,12.2,8080
Sjukhus A,2025-05-12 00:00:00,13.3,8080
Sjukhus A,2025-05-19 00:00:00,12.5,8080
Sjukhus A,2025-05-26 00:00:00,13.3,8080
Sjukhus A,2025-06-02 00:00:00,12.6,8080
Sjukhus A,2025-06-09 00:00:00,10.6,8080
Sjukhus A,2025-06-16 00:00:00,12.8,8080
Sjukhus A,2025-06-23 00:00:00,10.4,8080
Sjukhus A,2025-06-30 00:00:00,8.2,8080
Clinics 1,2022-06-27 00:00:00,3.4,8082
Clinics 1,2022-07-04 00:00:00,2.1,8082
Clinics 1,2022-07-11 00:00:00,2.1,8082
Clinics 1,2022-07-18 00:00:00,2.2,8082
Clinics 1,2022-07-25 00:00:00,2.2,8082
Clinics 1,2022-08-01 00:00:00,2.4,8082
Clinics 1,2022-08-08 00:00:00,2.6,8082
Clinics 1,2022-08-15 00:00:00,2.1,8082
Clinics 1,2022-08-22 00:00:00,2.9,8082
Clinics 1,2022-08-29 00:00:00,3.7,8082
Clinics 1,2022-09-05 00:00:00,3.5,8082
Clinics 1,2022-09-12 00:00:00,3.5,8082
Clinics 1,2022-09-19 00:00:00,2.1,8082
Clinics 1,2022-09-26 00:00:00,3.2,8082
Clinics 1,2022-10-03 00:00:00,3.5,8082
Clinics 1,2022-10-10 00:00:00,4,8082
Clinics 1,2022-10-17 00:00:00,2.4,8082
Clinics 1,2022-10-24 00:00:00,5.1,8082
Clinics 1,2022-10-31 00:00:00,4.4,8082
Clinics 1,2022-11-07 00:00:00,3.6,8082
Clinics 1,2022-11-14 00:00:00,4,8082
Clinics 1,2022-11-21 00:00:00,4.2,8082
Clinics 1,2022-11-28 00:00:00,4,8082
Clinics 1,2022-12-05 00:00:00,3.3,8082
Clinics 1,2022-12-12 00:00:00,4,8082
Clinics 1,2022-12-19 00:00:00,4.3,8082
Clinics 1,2022-12-26 00:00:00,3.7,8082
Clinics 1,2023-01-02 00:00:00,3.1,8082
Clinics 1,2023-01-09 00:00:00,2.5,8082
Clinics 1,2023-01-16 00:00:00,4.6,8082
Clinics 1,2023-01-23 00:00:00,4.1,8082
Clinics 1,2023-01-30 00:00:00,4.7,8082
Clinics 1,2023-02-06 00:00:00,4.3,8082
Clinics 1,2023-02-13 00:00:00,3.6,8082
Clinics 1,2023-02-20 00:00:00,3,8082
Clinics 1,2023-02-27 00:00:00,4.2,8082
Clinics 1,2023-03-06 00:00:00,3.2,8082
Clinics 1,2023-03-13 00:00:00,3.8,8082
Clinics 1,2023-03-20 00:00:00,4.2,8082
Clinics 1,2023-03-27 00:00:00,4.1,8082
Clinics 1,2023-04-03 00:00:00,4.5,8082
Clinics 1,2023-04-10 00:00:00,3.7,8082
Clinics 1,2023-04-17 00:00:00,2.9,8082
Clinics 1,2023-04-24 00:00:00,4,8082
Clinics 1,2023-05-01 00:00:00,4,8082
Clinics 1,2023-05-08 00:00:00,3.7,8082
Clinics 1,2023-05-15 00:00:00,3.7,8082
Clinics 1,2023-05-22 00:00:00,3.6,8082
Clinics 1,2023-05-29 00:00:00,4,8082
Clinics 1,2023-06-05 00:00:00,4.3,8082
Clinics 1,2023-06-12 00:00:00,4.1,8082
Clinics 1,2023-06-19 00:00:00,4.2,8082
Clinics 1,2023-06-26 00:00:00,3.1,8082
Clinics 1,2023-07-03 00:00:00,2.7,8082
Clinics 1,2023-07-10 00:00:00,2.7,8082
Clinics 1,2023-07-17 00:00:00,2.7,8082
Clinics 1,2023-07-24 00:00:00,1.8,8082
Clinics 1,2023-07-31 00:00:00,1.6,8082
Clinics 1,2023-08-07 00:00:00,2.4,8082
Clinics 1,2023-08-14 00:00:00,2.2,8082
Clinics 1,2023-08-21 00:00:00,3.2,8082
Clinics 1,2023-08-28 00:00:00,3,8082
Clinics 1,2023-09-04 00:00:00,3.9,8082
Clinics 1,2023-09-11 00:00:00,4.2,8082
Clinics 1,2023-09-18 00:00:00,2.9,8082
Clinics 1,2023-09-25 00:00:00,3.2,8082
Clinics 1,2023-10-02 00:00:00,4.1,8082
Clinics 1,2023-10-09 00:00:00,4.1,8082
Clinics 1,2023-10-16 00:00:00,3.2,8082
Clinics 1,2023-10-23 00:00:00,4.3,8082
Clinics 1,2023-10-30 00:00:00,4.2,8082
Clinics 1,2023-11-06 00:00:00,3.5,8082
Clinics 1,2023-11-13 00:00:00,2.8,8082
Clinics 1,2023-11-20 00:00:00,3.9,8082
Clinics 1,2023-11-27 00:00:00,3.2,8082
Clinics 1,2023-12-04 00:00:00,2.9,8082
Clinics 1,2023-12-11 00:00:00,3.8,8082
Clinics 1,2023-12-18 00:00:00,4,8082
Clinics 1,2023-12-25 00:00:00,4.1,8082
Clinics 1,2024-01-01 00:00:00,4.4,8082
Clinics 1,2024-01-08 00:00:00,4.3,8082
Clinics 1,2024-01-15 00:00:00,4.2,8082
Clinics 1,2024-01-22 00:00:00,3.8,8082
Clinics 1,2024-01-29 00:00:00,3.7,8082
Clinics 1,2024-02-05 00:00:00,3.4,8082
Clinics 1,2024-02-12 00:00:00,3.5,8082
Clinics 1,2024-02-19 00:00:00,3,8082
Clinics 1,2024-02-26 00:00:00,2.7,8082
Clinics 1,2024-03-04 00:00:00,4.1,8082
Clinics 1,2024-03-11 00:00:00,3.8,8082
Clinics 1,2024-03-18 00:00:00,4.3,8082
Clinics 1,2024-03-25 00:00:00,3.9,8082
Clinics 1,2024-04-01 00:00:00,2.6,8082
Clinics 1,2024-04-08 00:00:00,4.2,8082
Clinics 1,2024-04-15 00:00:00,4.1,8082
Clinics 1,2024-04-22 00:00:00,4.2,8082
Clinics 1,2024-04-29 00:00:00,3.6,8082
Clinics 1,2024-05-06 00:00:00,3.1,8082
Clinics 1,2024-05-13 00:00:00,3.8,8082
Clinics 1,2024-05-20 00:00:00,3.6,8082
Clinics 1,2024-05-27 00:00:00,3.7,8082
Clinics 1,2024-06-03 00:00:00,2.7,8082
Clinics 1,2024-06-10 00:00:00,3.9,8082
Clinics 1,2024-06-17 00:00:00,3.7,8082
Clinics 1,2024-06-24 00:00:00,3.3,8082
Clinics 1,2024-07-01 00:00:00,2.3,8082
Clinics 1,2024-07-08 00:00:00,2.4,8082
Clinics 1,2024-07-15 00:00:00,1.4,8082
Clinics 1,2024-07-22 00:00:00,1.5,8082
Clinics 1,2024-07-29 00:00:00,1.5,8082
Clinics 1,2024-08-05 00:00:00,1.4,8082
Clinics 1,2024-08-12 00:00:00,2.4,8082
Clinics 1,2024-08-19 00:00:00,2.3,8082
Clinics 1,2024-08-26 00:00:00,2.5,8082
Clinics 1,2024-09-02 00:00:00,2.7,8082
Clinics 1,2024-09-09 00:00:00,2.6,8082
Clinics 1,2024-09-16 00:00:00,3.1,8082
Clinics 1,2024-09-23 00:00:00,2.1,8082
Clinics 1,2024-09-30 00:00:00,2.2,8082
Clinics 1,2024-10-07 00:00:00,3,8082
Clinics 1,2024-10-14 00:00:00,2.9,8082
Clinics 1,2024-10-21 00:00:00,3.4,8082
Clinics 1,2024-10-28 00:00:00,2.6,8082
Clinics 1,2024-11-04 00:00:00,3.5,8082
Clinics 1,2024-11-11 00:00:00,3,8082
Clinics 1,2024-11-18 00:00:00,2.9,8082
Clinics 1,2024-11-25 00:00:00,2.5,8082
Clinics 1,2024-12-02 00:00:00,1.7,8082
Clinics 1,2024-12-09 00:00:00,2,8082
Clinics 1,2024-12-16 00:00:00,2.3,8082
Clinics 1,2024-12-23 00:00:00,1.7,8082
Clinics 1,2024-12-30 00:00:00,3,8082
Clinics 1,2025-01-06 00:00:00,1.2,8082
Clinics 1,2025-01-13 00:00:00,2.3,8082
Clinics 1,2025-01-20 00:00:00,2.2,8082
Clinics 1,2025-01-27 00:00:00,2.3,8082
Clinics 1,2025-02-03 00:00:00,2.2,8082
Clinics 1,2025-02-10 00:00:00,1.9,8082
Clinics 1,2025-02-17 00:00:00,2.2,8082
Clinics 1,2025-02-24 00:00:00,1.4,8082
Clinics 1,2025-03-03 00:00:00,2,8082
Clinics 1,2025-03-10 00:00:00,2.3,8082
Clinics 1,2025-03-17 00:00:00,2.2,8082
Clinics 1,2025-03-24 00:00:00,2.3,8082
Clinics 1,2025-03-31 00:00:00,2.2,8082
Clinics 1,2025-04-07 00:00:00,1.9,8082
Clinics 1,2025-04-14 00:00:00,2.4,8082
Clinics 1,2025-04-21 00:00:00,1.7,8082
Clinics 1,2025-04-28 00:00:00,1.5,8082
Clinics 1,2025-05-05 00:00:00,2.3,8082
Clinics 1,2025-05-12 00:00:00,2.1,8082
Clinics 1,2025-05-19 00:00:00,2.3,8082
Clinics 1,2025-05-26 00:00:00,2,8082
Clinics 1,2025-06-02 00:00:00,1.3,8082
Clinics 1,2025-06-09 00:00:00,1.8,8082
Clinics 1,2025-06-16 00:00:00,2.4,8082
Clinics 1,2025-06-23 00:00:00,1.4,8082
Clinics 1,2025-06-30 00:00:00,1,8082
Clinics 0,2022-06-27 00:00:00,2.3,8084
Clinics 0,2022-07-04 00:00:00,2.2,8084
Clinics 0,2022-07-11 00:00:00,3.1,8084
Clinics 0,2022-07-18 00:00:00,2,8084
Clinics 0,2022-07-25 00:00:00,2,8084
Clinics 0,2022-08-01 00:00:00,2,8084
Clinics 0,2022-08-08 00:00:00,1.8,8084
Clinics 0,2022-08-15 00:00:00,0.6,8084
Clinics 0,2022-08-22 00:00:00,1.2,8084
Clinics 0,2022-08-29 00:00:00,2.5,8084
Clinics 0,2022-09-05 00:00:00,3.3,8084
Clinics 0,2022-09-12 00:00:00,2.8,8084
Clinics 0,2022-09-19 00:00:00,3.6,8084
Clinics 0,2022-09-26 00:00:00,3.3,8084
Clinics 0,2022-10-03 00:00:00,3.5,8084
Clinics 0,2022-10-10 00:00:00,3.1,8084
Clinics 0,2022-10-17 00:00:00,2.2,8084
Clinics 0,2022-10-24 00:00:00,3.4,8084
Clinics 0,2022-10-31 00:00:00,4.9,8084
Clinics 0,2022-11-07 00:00:00,4,8084
Clinics 0,2022-11-14 00:00:00,4.6,8084
Clinics 0,2022-11-21 00:00:00,3.8,8084
Clinics 0,2022-11-28 00:00:00,3.7,8084
Clinics 0,2022-12-05 00:00:00,3.3,8084
Clinics 0,2022-12-12 00:00:00,3,8084
Clinics 0,2022-12-19 00:00:00,2.8,8084
Clinics 0,2022-12-26 00:00:00,3.6,8084
Clinics 0,2023-01-02 00:00:00,3.05,8084
Clinics 0,2023-01-09 00:00:00,2.5,8084
Clinics 0,2023-01-16 00:00:00,3.8,8084
Clinics 0,2023-01-23 00:00:00,3.6,8084
Clinics 0,2023-01-30 00:00:00,3.9,8084
Clinics 0,2023-02-06 00:00:00,3.5,8084
Clinics 0,2023-02-13 00:00:00,3.1,8084
Clinics 0,2023-02-20 00:00:00,2.9,8084
Clinics 0,2023-02-27 00:00:00,2.9,8084
Clinics 0,2023-03-06 00:00:00,3.2,8084
Clinics 0,2023-03-13 00:00:00,2.6,8084
Clinics 0,2023-03-20 00:00:00,3.6,8084
Clinics 0,2023-03-27 00:00:00,3.8,8084
Clinics 0,2023-04-03 00:00:00,3.6,8084
Clinics 0,2023-04-10 00:00:00,3.6,8084
Clinics 0,2023-04-17 00:00:00,3.6,8084
Clinics 0,2023-04-24 00:00:00,3.7,8084
Clinics 0,2023-05-01 00:00:00,3.1,8084
Clinics 0,2023-05-08 00:00:00,3.1,8084
Clinics 0,2023-05-15 00:00:00,3.6,8084
Clinics 0,2023-05-22 00:00:00,2.8,8084
Clinics 0,2023-05-29 00:00:00,3.8,8084
Clinics 0,2023-06-05 00:00:00,3.8,8084
Clinics 0,2023-06-12 00:00:00,3.4,8084
Clinics 0,2023-06-19 00:00:00,4,8084
Clinics 0,2023-06-26 00:00:00,3.6,8084
Clinics 0,2023-07-03 00:00:00,3.9,8084
Clinics 0,2023-07-10 00:00:00,3.1,8084
Clinics 0,2023-07-17 00:00:00,1.8,8084
Clinics 0,2023-07-24 00:00:00,1.4,8084
Clinics 0,2023-07-31 00:00:00,1,8084
Clinics 0,2023-08-07 00:00:00,1.7,8084
Clinics 0,2023-08-14 00:00:00,1.2,8084
Clinics 0,2023-08-21 00:00:00,1.2,8084
Clinics 0,2023-08-28 00:00:00,1,8084
Clinics 0,2023-09-04 00:00:00,1.8,8084
Clinics 0,2023-09-11 00:00:00,1.9,8084
Clinics 0,2023-09-18 00:00:00,1.9,8084
Clinics 0,2023-09-25 00:00:00,2.4,8084
Clinics 0,2023-10-02 00:00:00,2.3,8084
Clinics 0,2023-10-09 00:00:00,3,8084
Clinics 0,2023-10-16 00:00:00,2.4,8084
Clinics 0,2023-10-23 00:00:00,2.2,8084
Clinics 0,2023-10-30 00:00:00,2.4,8084
Clinics 0,2023-11-06 00:00:00,1.9,8084
Clinics 0,2023-11-13 00:00:00,2.4,8084
Clinics 0,2023-11-20 00:00:00,2,8084
Clinics 0,2023-11-27 00:00:00,2.2,8084
Clinics 0,2023-12-04 00:00:00,2.3,8084
Clinics 0,2023-12-11 00:00:00,2.2,8084
Clinics 0,2023-12-18 00:00:00,2.3,8084
Clinics 0,2023-12-25 00:00:00,1.8,8084
Clinics 0,2024-01-01 00:00:00,0.8,8084
Clinics 0,2024-01-08 00:00:00,1,8084
Clinics 0,2024-01-15 00:00:00,2.2,8084
Clinics 0,2024-01-22 00:00:00,2.3,8084
Clinics 0,2024-01-29 00:00:00,2.2,8084
Clinics 0,2024-02-05 00:00:00,2,8084
Clinics 0,2024-02-12 00:00:00,1.4,8084
Clinics 0,2024-02-19 00:00:00,2.2,8084
Clinics 0,2024-02-26 00:00:00,2.2,8084
Clinics 0,2024-03-04 00:00:00,2.2,8084
Clinics 0,2024-03-11 00:00:00,1.1,8084
Clinics 0,2024-03-18 00:00:00,2,8084
Clinics 0,2024-03-25 00:00:00,2.3,8084
Clinics 0,2024-04-01 00:00:00,2.1,8084
Clinics 0,2024-04-08 00:00:00,3,8084
Clinics 0,2024-04-15 00:00:00,2.8,8084
Clinics 0,2024-04-22 00:00:00,2.6,8084
Clinics 0,2024-04-29 00:00:00,3.2,8084
Clinics 0,2024-05-06 00:00:00,2.4,8084
Clinics 0,2024-05-13 00:00:00,2.8,8084
Clinics 0,2024-05-20 00:00:00,2,8084
Clinics 0,2024-05-27 00:00:00,2.1,8084
Clinics 0,2024-06-03 00:00:00,1.5,8084
Clinics 0,2024-06-10 00:00:00,1.8,8084
Clinics 0,2024-06-17 00:00:00,2.2,8084
Clinics 0,2024-06-24 00:00:00,2.9,8084
Clinics 0,2024-07-01 00:00:00,2.4,8084
Clinics 0,2024-07-08 00:00:00,1.9,8084
Clinics 0,2024-07-15 00:00:00,0.9,8084
Clinics 0,2024-07-22 00:00:00,1.4,8084
Clinics 0,2024-07-29 00:00:00,0.8,8084
Clinics 0,2024-08-05 00:00:00,1.8,8084
Clinics 0,2024-08-12 00:00:00,2,8084
Clinics 0,2024-08-19 00:00:00,1.9,8084
Clinics 0,2024-08-26 00:00:00,1.6,8084
Clinics 0,2024-09-02 00:00:00,4.1,8084
Clinics 0,2024-09-09 00:00:00,4,8084
Clinics 0,2024-09-16 00:00:00,4,8084
Clinics 0,2024-09-23 00:00:00,4,8084
Clinics 0,2024-09-30 00:00:00,3.7,8084
Clinics 0,2024-10-07 00:00:00,3.3,8084
Clinics 0,2024-10-14 00:00:00,4.1,8084
Clinics 0,2024-10-21 00:00:00,3.7,8084
Clinics 0,2024-10-28 00:00:00,3.2,8084
Clinics 0,2024-11-04 00:00:00,3.7,8084
Clinics 0,2024-11-11 00:00:00,3,8084
Clinics 0,2024-11-18 00:00:00,2.9,8084
Clinics 0,2024-11-25 00:00:00,2.9,8084
Clinics 0,2024-12-02 00:00:00,2.4,8084
Clinics 0,2024-12-09 00:00:00,2.5,8084
Clinics 0,2024-12-16 00:00:00,2,8084
Clinics 0,2024-12-23 00:00:00,1.5,8084
Clinics 0,2024-12-30 00:00:00,1.5,8084
Clinics 0,2025-01-06 00:00:00,1.5,8084
Clinics 0,2025-01-13 00:00:00,2.1,8084
Clinics 0,2025-01-20 00:00:00,2.1,8084
Clinics 0,2025-01-27 00:00:00,2.7,8084
Clinics 0,2025-02-03 00:00:00,2.3,8084
Clinics 0,2025-02-10 00:00:00,2.3,8084
Clinics 0,2025-02-17 00:00:00,2.4,8084
Clinics 0,2025-02-24 00:00:00,1.9,8084
Clinics 0,2025-03-03 00:00:00,2.5,8084
Clinics 0,2025-03-10 00:00:00,2.7,8084
Clinics 0,2025-03-17 00:00:00,2.6,8084
Clinics 0,2025-03-24 00:00:00,2.7,8084
Clinics 0,2025-03-31 00:00:00,2.4,8084
Clinics 0,2025-04-07 00:00:00,2.6,8084
Clinics 0,2025-04-14 00:00:00,1,8084
Clinics 0,2025-04-21 00:00:00,2.5,8084
Clinics 0,2025-04-28 00:00:00,2.6,8084
Clinics 0,2025-05-05 00:00:00,2.3,8084
Clinics 0,2025-05-12 00:00:00,2.3,8084
Clinics 0,2025-05-19 00:00:00,2.9,8084
Clinics 0,2025-05-26 00:00:00,2.1,8084
Clinics 0,2025-06-02 00:00:00,3.6,8084
Clinics 0,2025-06-09 00:00:00,3.1,8084
Clinics 0,2025-06-16 00:00:00,3.3,8084
Clinics 0,2025-06-23 00:00:00,2.6,8084
Clinics 0,2025-06-30 00:00:00,3.6,8084
Clinics 0,2022-06-27 00:00:00,4.4,8086
Clinics 0,2022-07-04 00:00:00,3.8,8086
Clinics 0,2022-07-11 00:00:00,3.4,8086
Clinics 0,2022-07-18 00:00:00,2,8086
Clinics 0,2022-07-25 00:00:00,2,8086
Clinics 0,2022-08-01 00:00:00,2,8086
Clinics 0,2022-08-08 00:00:00,1.7,8086
Clinics 0,2022-08-15 00:00:00,1.2,8086
Clinics 0,2022-08-22 00:00:00,2.3,8086
Clinics 0,2022-08-29 00:00:00,2,8086
Clinics 0,2022-09-05 00:00:00,2.6,8086
Clinics 0,2022-09-12 00:00:00,1.8,8086
Clinics 0,2022-09-19 00:00:00,2.3,8086
Clinics 0,2022-09-26 00:00:00,2.2,8086
Clinics 0,2022-10-03 00:00:00,2.2,8086
Clinics 0,2022-10-10 00:00:00,1.6,8086
Clinics 0,2022-10-17 00:00:00,2.2,8086
Clinics 0,2022-10-24 00:00:00,1.2,8086
Clinics 0,2022-10-31 00:00:00,2,8086
Clinics 0,2022-11-07 00:00:00,1.4,8086
Clinics 0,2022-11-14 00:00:00,2.2,8086
Clinics 0,2022-11-21 00:00:00,2.1,8086
Clinics 0,2022-11-28 00:00:00,2.2,8086
Clinics 0,2022-12-05 00:00:00,2.2,8086
Clinics 0,2022-12-12 00:00:00,2.2,8086
Clinics 0,2022-12-19 00:00:00,2.3,8086
Clinics 0,2022-12-26 00:00:00,2.2,8086
Clinics 0,2023-01-02 00:00:00,2.25,8086
Clinics 0,2023-01-09 00:00:00,2.3,8086
Clinics 0,2023-01-16 00:00:00,1.9,8086
Clinics 0,2023-01-23 00:00:00,2.3,8086
Clinics 0,2023-01-30 00:00:00,2.8,8086
Clinics 0,2023-02-06 00:00:00,3.4,8086
Clinics 0,2023-02-13 00:00:00,2.9,8086
Clinics 0,2023-02-20 00:00:00,2.4,8086
Clinics 0,2023-02-27 00:00:00,2.1,8086
Clinics 0,2023-03-06 00:00:00,1.6,8086
Clinics 0,2023-03-13 00:00:00,3,8086
Clinics 0,2023-03-20 00:00:00,3.3,8086
Clinics 0,2023-03-27 00:00:00,3.8,8086
Clinics 0,2023-04-03 00:00:00,2.5,8086
Clinics 0,2023-04-10 00:00:00,3.2,8086
Clinics 0,2023-04-17 00:00:00,3.9,8086
Clinics 0,2023-04-24 00:00:00,3.1,8086
Clinics 0,2023-05-01 00:00:00,2.8,8086
Clinics 0,2023-05-08 00:00:00,4.2,8086
Clinics 0,2023-05-15 00:00:00,4.4,8086
Clinics 0,2023-05-22 00:00:00,2,8086
Clinics 0,2023-05-29 00:00:00,4,8086
Clinics 0,2023-06-05 00:00:00,3.8,8086
Clinics 0,2023-06-12 00:00:00,2.5,8086
Clinics 0,2023-06-19 00:00:00,3,8086
Clinics 0,2023-06-26 00:00:00,3.9,8086
Clinics 0,2023-07-03 00:00:00,2.8,8086
Clinics 0,2023-07-10 00:00:00,2.8,8086
Clinics 0,2023-07-17 00:00:00,1.6,8086
Clinics 0,2023-07-24 00:00:00,1.8,8086
Clinics 0,2023-07-31 00:00:00,0.8,8086
Clinics 0,2023-08-07 00:00:00,1,8086
Clinics 0,2023-08-14 00:00:00,1.3,8086
Clinics 0,2023-08-21 00:00:00,2,8086
Clinics 0,2023-08-28 00:00:00,3.7,8086
Clinics 0,2023-09-04 00:00:00,3.4,8086
Clinics 0,2023-09-11 00:00:00,3.7,8086
Clinics 0,2023-09-18 00:00:00,3.3,8086
Clinics 0,2023-09-25 00:00:00,3.6,8086
Clinics 0,2023-10-02 00:00:00,2.6,8086
Clinics 0,2023-10-09 00:00:00,3.2,8086
Clinics 0,2023-10-16 00:00:00,3.1,8086
Clinics 0,2023-10-23 00:00:00,3,8086
Clinics 0,2023-10-30 00:00:00,3,8086
Clinics 0,2023-11-06 00:00:00,1.8,8086
Clinics 0,2023-11-13 00:00:00,2,8086
Clinics 0,2023-11-20 00:00:00,2.5,8086
Clinics 0,2023-11-27 00:00:00,2.2,8086
Clinics 0,2023-12-04 00:00:00,2.5,8086
Clinics 0,2023-12-11 00:00:00,2.1,8086
Clinics 0,2023-12-18 00:00:00,3,8086
Clinics 0,2023-12-25 00:00:00,2.2,8086
Clinics 0,2024-01-01 00:00:00,2,8086
Clinics 0,2024-01-08 00:00:00,2.1,8086
Clinics 0,2024-01-15 00:00:00,3.1,8086
Clinics 0,2024-01-22 00:00:00,3.6,8086
Clinics 0,2024-01-29 00:00:00,3.9,8086
Clinics 0,2024-02-05 00:00:00,3,8086
Clinics 0,2024-02-12 00:00:00,3,8086
Clinics 0,2024-02-19 00:00:00,2,8086
Clinics 0,2024-02-26 00:00:00,2.6,8086
Clinics 0,2024-03-04 00:00:00,3.2,8086
Clinics 0,2024-03-11 00:00:00,3.2,8086
Clinics 0,2024-03-18 00:00:00,4.2,8086
Clinics 0,2024-03-25 00:00:00,3.3,8086
Clinics 0,2024-04-01 00:00:00,3.3,8086
Clinics 0,2024-04-08 00:00:00,3.4,8086
Clinics 0,2024-04-15 00:00:00,2.6,8086
Clinics 0,2024-04-22 00:00:00,3.2,8086
Clinics 0,2024-04-29 00:00:00,3.5,8086
Clinics 0,2024-05-06 00:00:00,3.5,8086
Clinics 0,2024-05-13 00:00:00,3.4,8086
Clinics 0,2024-05-20 00:00:00,3.4,8086
Clinics 0,2024-05-27 00:00:00,2.2,8086
Clinics 0,2024-06-03 00:00:00,2.5,8086
Clinics 0,2024-06-10 00:00:00,2.4,8086
Clinics 0,2024-06-17 00:00:00,2.3,8086
Clinics 0,2024-06-24 00:00:00,3,8086
Clinics 0,2024-07-01 00:00:00,2.2,8086
Clinics 0,2024-07-08 00:00:00,2.2,8086
Clinics 0,2024-07-15 00:00:00,2.8,8086
Clinics 0,2024-07-22 00:00:00,2.8,8086
Clinics 0,2024-07-29 00:00:00,2.6,8086
Clinics 0,2024-08-05 00:00:00,1.8,8086
Clinics 0,2024-08-12 00:00:00,2.6,8086
Clinics 0,2024-08-19 00:00:00,2.4,8086
Clinics 0,2024-08-26 00:00:00,3,8086
Clinics 0,2024-09-02 00:00:00,3.4,8086
Clinics 0,2024-09-09 00:00:00,3,8086
Clinics 0,2024-09-16 00:00:00,3.4,8086
Clinics 0,2024-09-23 00:00:00,3.4,8086
Clinics 0,2024-09-30 00:00:00,3.2,8086
Clinics 0,2024-10-07 00:00:00,3.2,8086
Clinics 0,2024-10-14 00:00:00,3,8086
Clinics 0,2024-10-21 00:00:00,2.2,8086
Clinics 0,2024-10-28 00:00:00,2.4,8086
Clinics 0,2024-11-04 00:00:00,2.9,8086
Clinics 0,2024-11-11 00:00:00,3.1,8086
Clinics 0,2024-11-18 00:00:00,3,8086
Clinics 0,2024-11-25 00:00:00,3.2,8086
Clinics 0,2024-12-02 00:00:00,2.6,8086
Clinics 0,2024-12-09 00:00:00,3,8086
Clinics 0,2024-12-16 00:00:00,3.2,8086
Clinics 0,2024-12-23 00:00:00,2,8086
Clinics 0,2024-12-30 00:00:00,3,8086
Clinics 0,2025-01-06 00:00:00,3.3,8086
Clinics 0,2025-01-13 00:00:00,3,8086
Clinics 0,2025-01-20 00:00:00,3.2,8086
Clinics 0,2025-01-27 00:00:00,3.4,8086
Clinics 0,2025-02-03 00:00:00,2.6,8086
Clinics 0,2025-02-10 00:00:00,2.6,8086
Clinics 0,2025-02-17 00:00:00,2.8,8086
Clinics 0,2025-02-24 00:00:00,2.2,8086
Clinics 0,2025-03-03 00:00:00,3,8086
Clinics 0,2025-03-10 00:00:00,2.6,8086
Clinics 0,2025-03-17 00:00:00,4,8086
Clinics 0,2025-03-24 00:00:00,4.2,8086
Clinics 0,2025-03-31 00:00:00,4,8086
Clinics 0,2025-04-07 00:00:00,3.8,8086
Clinics 0,2025-04-14 00:00:00,3.5,8086
Clinics 0,2025-04-21 00:00:00,4,8086
Clinics 0,2025-04-28 00:00:00,3.8,8086
Clinics 0,2025-05-05 00:00:00,4.3,8086
Clinics 0,2025-05-12 00:00:00,4.2,8086
Clinics 0,2025-05-19 00:00:00,4.2,8086
Clinics 0,2025-05-26 00:00:00,3.3,8086
Clinics 0,2025-06-02 00:00:00,3,8086
Clinics 0,2025-06-09 00:00:00,3.2,8086
Clinics 0,2025-06-16 00:00:00,4.3,8086
Clinics 0,2025-06-23 00:00:00,2.2,8086
Clinics 0,2025-06-30 00:00:00,4,8086
Clinics 0,2022-06-27 00:00:00,2,8089
Clinics 0,2022-07-04 00:00:00,2.1,8089
Clinics 0,2022-07-11 00:00:00,1.1,8089
Clinics 0,2022-07-18 00:00:00,1,8089
Clinics 0,2022-07-25 00:00:00,1.2,8089
Clinics 0,2022-08-01 00:00:00,0.9,8089
Clinics 0,2022-08-08 00:00:00,1.2,8089
Clinics 0,2022-08-15 00:00:00,1.5,8089
Clinics 0,2022-08-22 00:00:00,2.6,8089
Clinics 0,2022-08-29 00:00:00,2.7,8089
Clinics 0,2022-09-05 00:00:00,3,8089
Clinics 0,2022-09-12 00:00:00,3.1,8089
Clinics 0,2022-09-19 00:00:00,2.6,8089
Clinics 0,2022-09-26 00:00:00,2.1,8089
Clinics 0,2022-10-03 00:00:00,2.7,8089
Clinics 0,2022-10-10 00:00:00,2.1,8089
Clinics 0,2022-10-17 00:00:00,2.6,8089
Clinics 0,2022-10-24 00:00:00,2.8,8089
Clinics 0,2022-10-31 00:00:00,2.8,8089
Clinics 0,2022-11-07 00:00:00,2.5,8089
Clinics 0,2022-11-14 00:00:00,2.8,8089
Clinics 0,2022-11-21 00:00:00,2.3,8089
Clinics 0,2022-11-28 00:00:00,2.7,8089
Clinics 0,2022-12-05 00:00:00,1.9,8089
Clinics 0,2022-12-12 00:00:00,2.7,8089
Clinics 0,2022-12-19 00:00:00,2,8089
Clinics 0,2022-12-26 00:00:00,2.9,8089
Clinics 0,2023-01-02 00:00:00,2.25,8089
Clinics 0,2023-01-09 00:00:00,1.6,8089
Clinics 0,2023-01-16 00:00:00,2.5,8089
Clinics 0,2023-01-23 00:00:00,3.1,8089
Clinics 0,2023-01-30 00:00:00,1.8,8089
Clinics 0,2023-02-06 00:00:00,1.7,8089
Clinics 0,2023-02-13 00:00:00,2.8,8089
Clinics 0,2023-02-20 00:00:00,3,8089
Clinics 0,2023-02-27 00:00:00,3.6,8089
Clinics 0,2023-03-06 00:00:00,3.5,8089
Clinics 0,2023-03-13 00:00:00,3.5,8089
Clinics 0,2023-03-20 00:00:00,3,8089
Clinics 0,2023-03-27 00:00:00,2.7,8089
Clinics 0,2023-04-03 00:00:00,2.7,8089
Clinics 0,2023-04-10 00:00:00,2.65,8089
Clinics 0,2023-04-17 00:00:00,2.6,8089
Clinics 0,2023-04-24 00:00:00,1.3,8089
Clinics 0,2023-05-01 00:00:00,1.5,8089
Clinics 0,2023-05-08 00:00:00,1.5,8089
Clinics 0,2023-05-15 00:00:00,1.5,8089
Clinics 0,2023-05-22 00:00:00,1.8,8089
Clinics 0,2023-05-29 00:00:00,1.9,8089
Clinics 0,2023-06-05 00:00:00,1.7,8089
Clinics 0,2023-06-12 00:00:00,1.7,8089
Clinics 0,2023-06-19 00:00:00,1.5,8089
Clinics 0,2023-06-26 00:00:00,1.9,8089
Clinics 0,2023-07-03 00:00:00,0.5,8089
Clinics 0,2023-07-10 00:00:00,0.9,8089
Clinics 0,2023-07-17 00:00:00,0.9,8089
Clinics 0,2023-07-24 00:00:00,0.8,8089
Clinics 0,2023-07-31 00:00:00,1,8089
Clinics 0,2023-08-07 00:00:00,1.7,8089
Clinics 0,2023-08-14 00:00:00,1.7,8089
Clinics 0,2023-08-21 00:00:00,2.1,8089
Clinics 0,2023-08-28 00:00:00,1.6,8089
Clinics 0,2023-09-04 00:00:00,1.6,8089
Clinics 0,2023-09-11 00:00:00,1.7,8089
Clinics 0,2023-09-18 00:00:00,2,8089
Clinics 0,2023-09-25 00:00:00,2,8089
Clinics 0,2023-10-02 00:00:00,1.5,8089
Clinics 0,2023-10-09 00:00:00,2.1,8089
Clinics 0,2023-10-16 00:00:00,2.8,8089
Clinics 0,2023-10-23 00:00:00,2.7,8089
Clinics 0,2023-10-30 00:00:00,1.6,8089
Clinics 0,2023-11-06 00:00:00,2.1,8089
Clinics 0,2023-11-13 00:00:00,2.6,8089
Clinics 0,2023-11-20 00:00:00,2.4,8089
Clinics 0,2023-11-27 00:00:00,1.8,8089
Clinics 0,2023-12-04 00:00:00,2.5,8089
Clinics 0,2023-12-11 00:00:00,1.9,8089
Clinics 0,2023-12-18 00:00:00,1.8,8089
Clinics 0,2023-12-25 00:00:00,2.4,8089
Clinics 0,2024-01-01 00:00:00,2,8089
Clinics 0,2024-01-08 00:00:00,2.2,8089
Clinics 0,2024-01-15 00:00:00,1.4,8089
Clinics 0,2024-01-22 00:00:00,1.5,8089
Clinics 0,2024-01-29 00:00:00,2.6,8089
Clinics 0,2024-02-05 00:00:00,3.4,8089
Clinics 0,2024-02-12 00:00:00,3,8089
Clinics 0,2024-02-19 00:00:00,3.6,8089
Clinics 0,2024-02-26 00:00:00,3.4,8089
Clinics 0,2024-03-04 00:00:00,3.6,8089
Clinics 0,2024-03-11 00:00:00,3,8089
Clinics 0,2024-03-18 00:00:00,2.5,8089
Clinics 0,2024-03-25 00:00:00,2.4,8089
Clinics 0,2024-04-01 00:00:00,2.6,8089
Clinics 0,2024-04-08 00:00:00,2.2,8089
Clinics 0,2024-04-15 00:00:00,2.5,8089
Clinics 0,2024-04-22 00:00:00,1.5,8089
Clinics 0,2024-04-29 00:00:00,2,8089
Clinics 0,2024-05-06 00:00:00,1.5,8089
Clinics 0,2024-05-13 00:00:00,1.7,8089
Clinics 0,2024-05-20 00:00:00,1.9,8089
Clinics 0,2024-05-27 00:00:00,1.3,8089
Clinics 0,2024-06-03 00:00:00,1.5,8089
Clinics 0,2024-06-10 00:00:00,0.4,8089
Clinics 0,2024-06-17 00:00:00,1.7,8089
Clinics 0,2024-06-24 00:00:00,2.7,8089
Clinics 0,2024-07-01 00:00:00,2.1,8089
Clinics 0,2024-07-08 00:00:00,2.3,8089
Clinics 0,2024-07-15 00:00:00,1.8,8089
Clinics 0,2024-07-22 00:00:00,0.6,8089
Clinics 0,2024-07-29 00:00:00,0.3,8089
Clinics 0,2024-08-05 00:00:00,1,8089
Clinics 0,2024-08-12 00:00:00,1.1,8089
Clinics 0,2024-08-19 00:00:00,2.5,8089
Clinics 0,2024-08-26 00:00:00,2.7,8089
Clinics 0,2024-09-02 00:00:00,2.1,8089
Clinics 0,2024-09-09 00:00:00,2.4,8089
Clinics 0,2024-09-16 00:00:00,1.9,8089
Clinics 0,2024-09-23 00:00:00,2.6,8089
Clinics 0,2024-09-30 00:00:00,2.4,8089
Clinics 0,2024-10-07 00:00:00,2.4,8089
Clinics 0,2024-10-14 00:00:00,2.7,8089
Clinics 0,2024-10-21 00:00:00,2.5,8089
Clinics 0,2024-10-28 00:00:00,2.4,8089
Clinics 0,2024-11-04 00:00:00,2.6,8089
Clinics 0,2024-11-11 00:00:00,3,8089
Clinics 0,2024-11-18 00:00:00,2.5,8089
Clinics 0,2024-11-25 00:00:00,3,8089
Clinics 0,2024-12-02 00:00:00,3.2,8089
Clinics 0,2024-12-09 00:00:00,1.8,8089
Clinics 0,2024-12-16 00:00:00,2.1,8089
Clinics 0,2024-12-23 00:00:00,1.3,8089
Clinics 0,2024-12-30 00:00:00,1.5,8089
Clinics 0,2025-01-06 00:00:00,2.9,8089
Clinics 0,2025-01-13 00:00:00,3.1,8089
Clinics 0,2025-01-20 00:00:00,3,8089
Clinics 0,2025-01-27 00:00:00,3.1,8089
Clinics 0,2025-02-03 00:00:00,2.9,8089
Clinics 0,2025-02-10 00:00:00,2,8089
Clinics 0,2025-02-17 00:00:00,2.5,8089
Clinics 0,2025-02-24 00:00:00,3,8089
Clinics 0,2025-03-03 00:00:00,3.6,8089
Clinics 0,2025-03-10 00:00:00,2.8,8089
Clinics 0,2025-03-17 00:00:00,3.4,8089
Clinics 0,2025-03-24 00:00:00,3.4,8089
Clinics 0,2025-03-31 00:00:00,3.9,8089
Clinics 0,2025-04-07 00:00:00,3.9,8089
Clinics 0,2025-04-14 00:00:00,2.1,8089
Clinics 0,2025-04-21 00:00:00,2.9,8089
Clinics 0,2025-04-28 00:00:00,3.4,8089
Clinics 0,2025-05-05 00:00:00,3.7,8089
Clinics 0,2025-05-12 00:00:00,3.6,8089
Clinics 0,2025-05-19 00:00:00,3.3,8089
Clinics 0,2025-05-26 00:00:00,3.6,8089
Clinics 0,2025-06-02 00:00:00,3.2,8089
Clinics 0,2025-06-09 00:00:00,3.4,8089
Clinics 0,2025-06-16 00:00:00,3.6,8089
Clinics 0,2025-06-23 00:00:00,2.8,8089
Clinics 0,2025-06-30 00:00:00,2,8089
Clinics 1,2022-06-27 00:00:00,2.9,8090
Clinics 1,2022-07-04 00:00:00,2.5,8090
Clinics 1,2022-07-11 00:00:00,1.5,8090
Clinics 1,2022-07-18 00:00:00,2.2,8090
Clinics 1,2022-07-25 00:00:00,2.4,8090
Clinics 1,2022-08-01 00:00:00,2.4,8090
Clinics 1,2022-08-08 00:00:00,1.8,8090
Clinics 1,2022-08-15 00:00:00,1.6,8090
Clinics 1,2022-08-22 00:00:00,4.3,8090
Clinics 1,2022-08-29 00:00:00,4.1,8090
Clinics 1,2022-09-05 00:00:00,4,8090
Clinics 1,2022-09-12 00:00:00,2.2,8090
Clinics 1,2022-09-19 00:00:00,4,8090
Clinics 1,2022-09-26 00:00:00,3.8,8090
Clinics 1,2022-10-03 00:00:00,3.9,8090
Clinics 1,2022-10-10 00:00:00,3.9,8090
Clinics 1,2022-10-17 00:00:00,3.5,8090
Clinics 1,2022-10-24 00:00:00,3.5,8090
Clinics 1,2022-10-31 00:00:00,3.2,8090
Clinics 1,2022-11-07 00:00:00,1.4,8090
Clinics 1,2022-11-14 00:00:00,2.2,8090
Clinics 1,2022-11-21 00:00:00,3.4,8090
Clinics 1,2022-11-28 00:00:00,3.2,8090
Clinics 1,2022-12-05 00:00:00,3.9,8090
Clinics 1,2022-12-12 00:00:00,3.5,8090
Clinics 1,2022-12-19 00:00:00,3,8090
Clinics 1,2022-12-26 00:00:00,2.3,8090
Clinics 1,2023-01-02 00:00:00,2.15,8090
Clinics 1,2023-01-09 00:00:00,2,8090
Clinics 1,2023-01-16 00:00:00,3.7,8090
Clinics 1,2023-01-23 00:00:00,3.8,8090
Clinics 1,2023-01-30 00:00:00,3.4,8090
Clinics 1,2023-02-06 00:00:00,2.6,8090
Clinics 1,2023-02-13 00:00:00,4,8090
Clinics 1,2023-02-20 00:00:00,4,8090
Clinics 1,2023-02-27 00:00:00,3.5,8090
Clinics 1,2023-03-06 00:00:00,3.3,8090
Clinics 1,2023-03-13 00:00:00,2.8,8090
Clinics 1,2023-03-20 00:00:00,3.8,8090
Clinics 1,2023-03-27 00:00:00,3.1,8090
Clinics 1,2023-04-03 00:00:00,3.9,8090
Clinics 1,2023-04-10 00:00:00,3.55,8090
Clinics 1,2023-04-17 00:00:00,3.2,8090
Clinics 1,2023-04-24 00:00:00,4.1,8090
Clinics 1,2023-05-01 00:00:00,3.1,8090
Clinics 1,2023-05-08 00:00:00,3.2,8090
Clinics 1,2023-05-15 00:00:00,3.1,8090
Clinics 1,2023-05-22 00:00:00,3.1,8090
Clinics 1,2023-05-29 00:00:00,2.4,8090
Clinics 1,2023-06-05 00:00:00,2.8,8090
Clinics 1,2023-06-12 00:00:00,2.2,8090
Clinics 1,2023-06-19 00:00:00,3.2,8090
Clinics 1,2023-06-26 00:00:00,3.5,8090
Clinics 1,2023-07-03 00:00:00,3.1,8090
Clinics 1,2023-07-10 00:00:00,2.6,8090
Clinics 1,2023-07-17 00:00:00,2.3,8090
Clinics 1,2023-07-24 00:00:00,1.8,8090
Clinics 1,2023-07-31 00:00:00,2,8090
Clinics 1,2023-08-07 00:00:00,2.5,8090
Clinics 1,2023-08-14 00:00:00,3.5,8090
Clinics 1,2023-08-21 00:00:00,3.5,8090
Clinics 1,2023-08-28 00:00:00,4,8090
Clinics 1,2023-09-04 00:00:00,3.4,8090
Clinics 1,2023-09-11 00:00:00,3.1,8090
Clinics 1,2023-09-18 00:00:00,3,8090
Clinics 1,2023-09-25 00:00:00,3.1,8090
Clinics 1,2023-10-02 00:00:00,2.8,8090
Clinics 1,2023-10-09 00:00:00,3,8090
Clinics 1,2023-10-16 00:00:00,3,8090
Clinics 1,2023-10-23 00:00:00,3.2,8090
Clinics 1,2023-10-30 00:00:00,3.2,8090
Clinics 1,2023-11-06 00:00:00,2.6,8090
Clinics 1,2023-11-13 00:00:00,3.2,8090
Clinics 1,2023-11-20 00:00:00,2.5,8090
Clinics 1,2023-11-27 00:00:00,3,8090
Clinics 1,2023-12-04 00:00:00,2.6,8090
Clinics 1,2023-12-11 00:00:00,3,8090
Clinics 1,2023-12-18 00:00:00,3,8090
Clinics 1,2023-12-25 00:00:00,2.2,8090
Clinics 1,2024-01-01 00:00:00,2.1,8090
Clinics 1,2024-01-08 00:00:00,3.5,8090
Clinics 1,2024-01-15 00:00:00,3.4,8090
Clinics 1,2024-01-22 00:00:00,3.2,8090
Clinics 1,2024-01-29 00:00:00,3.3,8090
Clinics 1,2024-02-05 00:00:00,3.4,8090
Clinics 1,2024-02-12 00:00:00,3.6,8090
Clinics 1,2024-02-19 00:00:00,3.5,8090
Clinics 1,2024-02-26 00:00:00,3.7,8090
Clinics 1,2024-03-04 00:00:00,3.5,8090
Clinics 1,2024-03-11 00:00:00,3.8,8090
Clinics 1,2024-03-18 00:00:00,3.7,8090
Clinics 1,2024-03-25 00:00:00,4.9,8090
Clinics 1,2024-04-01 00:00:00,4.7,8090
Clinics 1,2024-04-08 00:00:00,4.8,8090
Clinics 1,2024-04-15 00:00:00,3.4,8090
Clinics 1,2024-04-22 00:00:00,4.4,8090
Clinics 1,2024-04-29 00:00:00,4.6,8090
Clinics 1,2024-05-06 00:00:00,2.2,8090
Clinics 1,2024-05-13 00:00:00,3.2,8090
Clinics 1,2024-05-20 00:00:00,4.4,8090
Clinics 1,2024-05-27 00:00:00,3,8090
Clinics 1,2024-06-03 00:00:00,3.5,8090
Clinics 1,2024-06-10 00:00:00,3.3,8090
Clinics 1,2024-06-17 00:00:00,3.4,8090
Clinics 1,2024-06-24 00:00:00,3,8090
Clinics 1,2024-07-01 00:00:00,2.7,8090
Clinics 1,2024-07-08 00:00:00,1.8,8090
Clinics 1,2024-07-15 00:00:00,1.6,8090
Clinics 1,2024-07-22 00:00:00,1.7,8090
Clinics 1,2024-07-29 00:00:00,2.2,8090
Clinics 1,2024-08-05 00:00:00,1,8090
Clinics 1,2024-08-12 00:00:00,1,8090
Clinics 1,2024-08-19 00:00:00,0.4,8090
Clinics 1,2024-08-26 00:00:00,1.6,8090
Clinics 1,2024-09-02 00:00:00,3.5,8090
Clinics 1,2024-09-09 00:00:00,4,8090
Clinics 1,2024-09-16 00:00:00,3.9,8090
Clinics 1,2024-09-23 00:00:00,3.2,8090
Clinics 1,2024-09-30 00:00:00,3.6,8090
Clinics 1,2024-10-07 00:00:00,4.1,8090
Clinics 1,2024-10-14 00:00:00,4.4,8090
Clinics 1,2024-10-21 00:00:00,4.5,8090
Clinics 1,2024-10-28 00:00:00,2.9,8090
Clinics 1,2024-11-04 00:00:00,2.9,8090
Clinics 1,2024-11-11 00:00:00,3.3,8090
Clinics 1,2024-11-18 00:00:00,3.1,8090
Clinics 1,2024-11-25 00:00:00,3.3,8090
Clinics 1,2024-12-02 00:00:00,3.5,8090
Clinics 1,2024-12-09 00:00:00,3.1,8090
Clinics 1,2024-12-16 00:00:00,3.6,8090
Clinics 1,2024-12-23 00:00:00,2,8090
Clinics 1,2024-12-30 00:00:00,2.2,8090
Clinics 1,2025-01-06 00:00:00,3.5,8090
Clinics 1,2025-01-13 00:00:00,3.3,8090
Clinics 1,2025-01-20 00:00:00,3.6,8090
Clinics 1,2025-01-27 00:00:00,4.2,8090
Clinics 1,2025-02-03 00:00:00,3.6,8090
Clinics 1,2025-02-10 00:00:00,4.1,8090
Clinics 1,2025-02-17 00:00:00,2.6,8090
Clinics 1,2025-02-24 00:00:00,3.6,8090
Clinics 1,2025-03-03 00:00:00,2.7,8090
Clinics 1,2025-03-10 00:00:00,4,8090
Clinics 1,2025-03-17 00:00:00,3.6,8090
Clinics 1,2025-03-24 00:00:00,4.6,8090
Clinics 1,2025-03-31 00:00:00,3.4,8090
Clinics 1,2025-04-07 00:00:00,4.2,8090
Clinics 1,2025-04-14 00:00:00,2.8,8090
Clinics 1,2025-04-21 00:00:00,4.9,8090
Clinics 1,2025-04-28 00:00:00,3.3,8090
Clinics 1,2025-05-05 00:00:00,4.6,8090
Clinics 1,2025-05-12 00:00:00,4,8090
Clinics 1,2025-05-19 00:00:00,3.8,8090
Clinics 1,2025-05-26 00:00:00,2.6,8090
Clinics 1,2025-06-02 00:00:00,3.8,8090
Clinics 1,2025-06-09 00:00:00,3.1,8090
Clinics 1,2025-06-16 00:00:00,3.4,8090
Clinics 1,2025-06-23 00:00:00,1.8,8090
Clinics 1,2025-06-30 00:00:00,1.2,8090
Clinics 1,2022-06-27 00:00:00,0,8091
Clinics 1,2022-07-04 00:00:00,0,8091
Clinics 1,2022-07-11 00:00:00,0,8091
Clinics 1,2022-07-18 00:00:00,3.2,8091
Clinics 1,2022-07-25 00:00:00,6.4,8091
Clinics 1,2022-08-01 00:00:00,9.6,8091
Clinics 1,2022-08-08 00:00:00,12.8,8091
Clinics 1,2022-08-15 00:00:00,16,8091
Clinics 1,2022-08-22 00:00:00,8,8091
Clinics 1,2022-08-29 00:00:00,16,8091
Clinics 1,2022-09-05 00:00:00,8,8091
Clinics 1,2022-09-12 00:00:00,13.5167,8091
Clinics 1,2022-09-19 00:00:00,16,8091
Clinics 1,2022-09-26 00:00:00,14,8091
Clinics 1,2022-10-03 00:00:00,16,8091
Clinics 1,2022-10-10 00:00:00,15.4667,8091
Clinics 1,2022-10-17 00:00:00,15,8091
Clinics 1,2022-10-24 00:00:00,16,8091
Clinics 1,2022-10-31 00:00:00,0,8091
Clinics 1,2022-11-07 00:00:00,0,8091
Clinics 1,2022-11-14 00:00:00,14.5,8091
Clinics 1,2022-11-21 00:00:00,16,8091
Clinics 1,2022-11-28 00:00:00,16,8091
Clinics 1,2022-12-05 00:00:00,8,8091
Clinics 1,2022-12-12 00:00:00,16,8091
Clinics 1,2022-12-19 00:00:00,8,8091
Clinics 1,2022-12-26 00:00:00,10.66666667,8091
Clinics 1,2023-01-02 00:00:00,13.33333333,8091
Clinics 1,2023-01-09 00:00:00,16,8091
Clinics 1,2023-01-16 00:00:00,16,8091
Clinics 1,2023-01-23 00:00:00,16,8091
Clinics 1,2023-01-30 00:00:00,16,8091
Clinics 1,2023-02-06 00:00:00,16,8091
Clinics 1,2023-02-13 00:00:00,16,8091
Clinics 1,2023-02-20 00:00:00,16,8091
Clinics 1,2023-02-27 00:00:00,16,8091
Clinics 1,2023-03-06 00:00:00,0,8091
Clinics 1,2023-03-13 00:00:00,16,8091
Clinics 1,2023-03-20 00:00:00,8,8091
Clinics 1,2023-03-27 00:00:00,16,8091
Clinics 1,2023-04-03 00:00:00,8,8091
Clinics 1,2023-04-10 00:00:00,7,8091
Clinics 1,2023-04-17 00:00:00,6,8091
Clinics 1,2023-04-24 00:00:00,14,8091
Clinics 1,2023-05-01 00:00:00,13.68421053,8091
Clinics 1,2023-05-08 00:00:00,13.36842105,8091
Clinics 1,2023-05-15 00:00:00,13.05263158,8091
Clinics 1,2023-05-22 00:00:00,12.73684211,8091
Clinics 1,2023-05-29 00:00:00,12.42105263,8091
Clinics 1,2023-06-05 00:00:00,12.10526316,8091
Clinics 1,2023-06-12 00:00:00,11.78947368,8091
Clinics 1,2023-06-19 00:00:00,11.47368421,8091
Clinics 1,2023-06-26 00:00:00,11.15789474,8091
Clinics 1,2023-07-03 00:00:00,10.84210526,8091
Clinics 1,2023-07-10 00:00:00,10.52631579,8091
Clinics 1,2023-07-17 00:00:00,10.21052632,8091
Clinics 1,2023-07-24 00:00:00,9.894736842,8091
Clinics 1,2023-07-31 00:00:00,9.578947368,8091
Clinics 1,2023-08-07 00:00:00,9.263157895,8091
Clinics 1,2023-08-14 00:00:00,8.947368421,8091
Clinics 1,2023-08-21 00:00:00,8.631578947,8091
Clinics 1,2023-08-28 00:00:00,8.315789474,8091
Clinics 1,2023-09-04 00:00:00,8,8091
Clinics 1,2023-09-11 00:00:00,0,8091
Clinics 1,2023-09-18 00:00:00,4,8091
Clinics 1,2023-09-25 00:00:00,0,8091
Clinics 1,2023-10-02 00:00:00,0,8091
Clinics 1,2023-10-09 00:00:00,2,8091
Clinics 1,2023-10-16 00:00:00,4,8091
Clinics 1,2023-10-23 00:00:00,2,8091
Clinics 1,2023-10-30 00:00:00,0,8091
Clinics 1,2023-11-06 00:00:00,0,8091
Clinics 1,2023-11-13 00:00:00,0,8091
Clinics 1,2023-11-20 00:00:00,0,8091
Clinics 1,2023-11-27 00:00:00,0,8091
Clinics 1,2023-12-04 00:00:00,2,8091
Clinics 1,2023-12-11 00:00:00,4,8091
Clinics 1,2023-12-18 00:00:00,3,8091
Clinics 1,2023-12-25 00:00:00,2,8091
Clinics 1,2024-01-01 00:00:00,1,8091
Clinics 1,2024-01-08 00:00:00,0,8091
Clinics 1,2024-01-15 00:00:00,2,8091
Clinics 1,2024-01-22 00:00:00,4,8091
Clinics 1,2024-01-29 00:00:00,3,8091
Clinics 1,2024-02-05 00:00:00,2,8091
Clinics 1,2024-02-12 00:00:00,2,8091
Clinics 1,2024-02-19 00:00:00,2,8091
Clinics 1,2024-02-26 00:00:00,3,8091
Clinics 1,2024-03-04 00:00:00,4,8091
Clinics 1,2024-03-11 00:00:00,4,8091
Clinics 1,2024-03-18 00:00:00,4,8091
Clinics 1,2024-03-25 00:00:00,4,8091
Clinics 1,2024-04-01 00:00:00,4,8091
Clinics 1,2024-04-08 00:00:00,4,8091
Clinics 1,2024-04-15 00:00:00,4,8091
Clinics 1,2024-04-22 00:00:00,5,8091
Clinics 1,2024-04-29 00:00:00,6,8091
Clinics 1,2024-05-06 00:00:00,6,8091
Clinics 1,2024-05-13 00:00:00,6,8091
Clinics 1,2024-05-20 00:00:00,6,8091
Clinics 1,2024-05-27 00:00:00,6,8091
Clinics 1,2024-06-03 00:00:00,7,8091
Clinics 1,2024-06-10 00:00:00,8,8091
Clinics 1,2024-06-17 00:00:00,9,8091
Clinics 1,2024-06-24 00:00:00,10,8091
Clinics 1,2024-07-01 00:00:00,11,8091
Clinics 1,2024-07-08 00:00:00,12,8091
Clinics 1,2024-07-15 00:00:00,13,8091
Clinics 1,2024-07-22 00:00:00,14,8091
Clinics 1,2024-07-29 00:00:00,15,8091
Clinics 1,2024-08-05 00:00:00,16,8091
Clinics 1,2024-08-12 00:00:00,17,8091
Clinics 1,2024-08-19 00:00:00,18,8091
Clinics 1,2024-08-26 00:00:00,19,8091
Clinics 1,2024-09-02 00:00:00,20,8091
Clinics 1,2024-09-09 00:00:00,22,8091
Clinics 1,2024-09-16 00:00:00,22,8091
Clinics 1,2024-09-23 00:00:00,18,8091
Clinics 1,2024-09-30 00:00:00,22,8091
Clinics 1,2024-10-07 00:00:00,22,8091
Clinics 1,2024-10-14 00:00:00,22,8091
Clinics 1,2024-10-21 00:00:00,18,8091
Clinics 1,2024-10-28 00:00:00,8,8091
Clinics 1,2024-11-04 00:00:00,9.75,8091
Clinics 1,2024-11-11 00:00:00,22,8091
Clinics 1,2024-11-18 00:00:00,14,8091
Clinics 1,2024-11-25 00:00:00,12.6,8091
Clinics 1,2024-12-02 00:00:00,11.2,8091
Clinics 1,2024-12-09 00:00:00,9.8,8091
Clinics 1,2024-12-16 00:00:00,8.4,8091
Clinics 1,2024-12-23 00:00:00,7,8091
Clinics 1,2024-12-30 00:00:00,5.6,8091
Clinics 1,2025-01-06 00:00:00,4.2,8091
Clinics 1,2025-01-13 00:00:00,2.8,8091
Clinics 1,2025-01-20 00:00:00,1.4,8091
Clinics 1,2025-01-27 00:00:00,0,8091
Clinics 1,2025-02-03 00:00:00,21,8091
Clinics 1,2025-02-10 00:00:00,21,8091
Clinics 1,2025-02-17 00:00:00,22,8091
Clinics 1,2025-02-24 00:00:00,21.5,8091
Clinics 1,2025-03-03 00:00:00,16,8091
Clinics 1,2025-03-10 00:00:00,24,8091
Clinics 1,2025-03-17 00:00:00,16,8091
Clinics 1,2025-03-24 00:00:00,24,8091
Clinics 1,2025-03-31 00:00:00,24,8091
Clinics 1,2025-04-07 00:00:00,18.5,8091
Clinics 1,2025-04-14 00:00:00,32,8091
Clinics 1,2025-04-21 00:00:00,24,8091
Clinics 1,2025-04-28 00:00:00,8,8091
Clinics 1,2025-05-05 00:00:00,16,8091
Clinics 1,2025-05-12 00:00:00,8,8091
Clinics 1,2025-05-19 00:00:00,16,8091
Clinics 1,2025-05-26 00:00:00,8,8091
Clinics 1,2025-06-02 00:00:00,8,8091
Clinics 1,2025-06-09 00:00:00,8,8091
Clinics 1,2025-06-16 00:00:00,8,8091
Clinics 1,2025-06-23 00:00:00,8,8091
Clinics 1,2025-06-30 00:00:00,8,8091
Clinics 0,2022-06-27 00:00:00,1.4,8092
Clinics 0,2022-07-04 00:00:00,1.3,8092
Clinics 0,2022-07-11 00:00:00,0.8,8092
Clinics 0,2022-07-18 00:00:00,1,8092
Clinics 0,2022-07-25 00:00:00,1,8092
Clinics 0,2022-08-01 00:00:00,1,8092
Clinics 0,2022-08-08 00:00:00,2,8092
Clinics 0,2022-08-15 00:00:00,0.8,8092
Clinics 0,2022-08-22 00:00:00,0.5,8092
Clinics 0,2022-08-29 00:00:00,1,8092
Clinics 0,2022-09-05 00:00:00,1.6,8092
Clinics 0,2022-09-12 00:00:00,1.8,8092
Clinics 0,2022-09-19 00:00:00,1,8092
Clinics 0,2022-09-26 00:00:00,0.8,8092
Clinics 0,2022-10-03 00:00:00,0.8,8092
Clinics 0,2022-10-10 00:00:00,0.4,8092
Clinics 0,2022-10-17 00:00:00,0.2,8092
Clinics 0,2022-10-24 00:00:00,0.3,8092
Clinics 0,2022-10-31 00:00:00,0.4,8092
Clinics 0,2022-11-07 00:00:00,0.2,8092
Clinics 0,2022-11-14 00:00:00,0.4,8092
Clinics 0,2022-11-21 00:00:00,0.4,8092
Clinics 0,2022-11-28 00:00:00,0.2,8092
Clinics 0,2022-12-05 00:00:00,0.6,8092
Clinics 0,2022-12-12 00:00:00,0.8,8092
Clinics 0,2022-12-19 00:00:00,0.2,8092
Clinics 0,2022-12-26 00:00:00,0.2,8092
Clinics 0,2023-01-02 00:00:00,0.6,8092
Clinics 0,2023-01-09 00:00:00,1,8092
Clinics 0,2023-01-16 00:00:00,1.4,8092
Clinics 0,2023-01-23 00:00:00,2.4,8092
Clinics 0,2023-01-30 00:00:00,1.6,8092
Clinics 0,2023-02-06 00:00:00,2.4,8092
Clinics 0,2023-02-13 00:00:00,2.4,8092
Clinics 0,2023-02-20 00:00:00,2.4,8092
Clinics 0,2023-02-27 00:00:00,2.4,8092
Clinics 0,2023-03-06 00:00:00,2.4,8092
Clinics 0,2023-03-13 00:00:00,2,8092
Clinics 0,2023-03-20 00:00:00,2.4,8092
Clinics 0,2023-03-27 00:00:00,2,8092
Clinics 0,2023-04-03 00:00:00,2.2,8092
Clinics 0,2023-04-10 00:00:00,2,8092
Clinics 0,2023-04-17 00:00:00,1.8,8092
Clinics 0,2023-04-24 00:00:00,2.4,8092
Clinics 0,2023-05-01 00:00:00,2.2,8092
Clinics 0,2023-05-08 00:00:00,2.5,8092
Clinics 0,2023-05-15 00:00:00,2.4,8092
Clinics 0,2023-05-22 00:00:00,1.2,8092
Clinics 0,2023-05-29 00:00:00,2.2,8092
Clinics 0,2023-06-05 00:00:00,1,8092
Clinics 0,2023-06-12 00:00:00,1,8092
Clinics 0,2023-06-19 00:00:00,1,8092
Clinics 0,2023-06-26 00:00:00,2,8092
Clinics 0,2023-07-03 00:00:00,1.8,8092
Clinics 0,2023-07-10 00:00:00,1.7,8092
Clinics 0,2023-07-17 00:00:00,0.8,8092
Clinics 0,2023-07-24 00:00:00,0.8,8092
Clinics 0,2023-07-31 00:00:00,0.6,8092
Clinics 0,2023-08-07 00:00:00,1,8092
Clinics 0,2023-08-14 00:00:00,1.8,8092
Clinics 0,2023-08-21 00:00:00,2.3,8092
Clinics 0,2023-08-28 00:00:00,1.9,8092
Clinics 0,2023-09-04 00:00:00,2.6,8092
Clinics 0,2023-09-11 00:00:00,2.5,8092
Clinics 0,2023-09-18 00:00:00,2.4,8092
Clinics 0,2023-09-25 00:00:00,2,8092
Clinics 0,2023-10-02 00:00:00,1.9,8092
Clinics 0,2023-10-09 00:00:00,2.1,8092
Clinics 0,2023-10-16 00:00:00,2.2,8092
Clinics 0,2023-10-23 00:00:00,2,8092
Clinics 0,2023-10-30 00:00:00,1.8,8092
Clinics 0,2023-11-06 00:00:00,2,8092
Clinics 0,2023-11-13 00:00:00,2.2,8092
Clinics 0,2023-11-20 00:00:00,1.8,8092
Clinics 0,2023-11-27 00:00:00,2,8092
Clinics 0,2023-12-04 00:00:00,2,8092
Clinics 0,2023-12-11 00:00:00,2,8092
Clinics 0,2023-12-18 00:00:00,2,8092
Clinics 0,2023-12-25 00:00:00,2,8092
Clinics 0,2024-01-01 00:00:00,1.7,8092
Clinics 0,2024-01-08 00:00:00,1.7,8092
Clinics 0,2024-01-15 00:00:00,1.6,8092
Clinics 0,2024-01-22 00:00:00,2,8092
Clinics 0,2024-01-29 00:00:00,1.6,8092
Clinics 0,2024-02-05 00:00:00,1.8,8092
Clinics 0,2024-02-12 00:00:00,1.8,8092
Clinics 0,2024-02-19 00:00:00,1.6,8092
Clinics 0,2024-02-26 00:00:00,2.8,8092
Clinics 0,2024-03-04 00:00:00,2.1,8092
Clinics 0,2024-03-11 00:00:00,2.1,8092
Clinics 0,2024-03-18 00:00:00,2.2,8092
Clinics 0,2024-03-25 00:00:00,1,8092
Clinics 0,2024-04-01 00:00:00,2.1,8092
Clinics 0,2024-04-08 00:00:00,2.1,8092
Clinics 0,2024-04-15 00:00:00,2.1,8092
Clinics 0,2024-04-22 00:00:00,2.1,8092
Clinics 0,2024-04-29 00:00:00,2,8092
Clinics 0,2024-05-06 00:00:00,1.7,8092
Clinics 0,2024-05-13 00:00:00,1.7,8092
Clinics 0,2024-05-20 00:00:00,2,8092
Clinics 0,2024-05-27 00:00:00,2,8092
Clinics 0,2024-06-03 00:00:00,1.1,8092
Clinics 0,2024-06-10 00:00:00,1.2,8092
Clinics 0,2024-06-17 00:00:00,2,8092
Clinics 0,2024-06-24 00:00:00,1.8,8092
Clinics 0,2024-07-01 00:00:00,1.6,8092
Clinics 0,2024-07-08 00:00:00,1,8092
Clinics 0,2024-07-15 00:00:00,1,8092
Clinics 0,2024-07-22 00:00:00,1,8092
Clinics 0,2024-07-29 00:00:00,1,8092
Clinics 0,2024-08-05 00:00:00,1.8,8092
Clinics 0,2024-08-12 00:00:00,1.9,8092
Clinics 0,2024-08-19 00:00:00,1.9,8092
Clinics 0,2024-08-26 00:00:00,2,8092
Clinics 0,2024-09-02 00:00:00,1.7,8092
Clinics 0,2024-09-09 00:00:00,1.6,8092
Clinics 0,2024-09-16 00:00:00,2,8092
Clinics 0,2024-09-23 00:00:00,2,8092
Clinics 0,2024-09-30 00:00:00,1.2,8092
Clinics 0,2024-10-07 00:00:00,2,8092
Clinics 0,2024-10-14 00:00:00,2,8092
Clinics 0,2024-10-21 00:00:00,2,8092
Clinics 0,2024-10-28 00:00:00,2,8092
Clinics 0,2024-11-04 00:00:00,1.8,8092
Clinics 0,2024-11-11 00:00:00,1,8092
Clinics 0,2024-11-18 00:00:00,1,8092
Clinics 0,2024-11-25 00:00:00,1.6,8092
Clinics 0,2024-12-02 00:00:00,2,8092
Clinics 0,2024-12-09 00:00:00,2,8092
Clinics 0,2024-12-16 00:00:00,2,8092
Clinics 0,2024-12-23 00:00:00,1,8092
Clinics 0,2024-12-30 00:00:00,1,8092
Clinics 0,2025-01-06 00:00:00,2.9,8092
Clinics 0,2025-01-13 00:00:00,2.7,8092
Clinics 0,2025-01-20 00:00:00,1.7,8092
Clinics 0,2025-01-27 00:00:00,1.4,8092
Clinics 0,2025-02-03 00:00:00,1.8,8092
Clinics 0,2025-02-10 00:00:00,1.6,8092
Clinics 0,2025-02-17 00:00:00,1.8,8092
Clinics 0,2025-02-24 00:00:00,1.8,8092
Clinics 0,2025-03-03 00:00:00,1.7,8092
Clinics 0,2025-03-10 00:00:00,1.7,8092
Clinics 0,2025-03-17 00:00:00,1.6,8092
Clinics 0,2025-03-24 00:00:00,1.2,8092
Clinics 0,2025-03-31 00:00:00,1.8,8092
Clinics 0,2025-04-07 00:00:00,1.8,8092
Clinics 0,2025-04-14 00:00:00,1.4,8092
Clinics 0,2025-04-21 00:00:00,1.7,8092
Clinics 0,2025-04-28 00:00:00,1.7,8092
Clinics 0,2025-05-05 00:00:00,1,8092
Clinics 0,2025-05-12 00:00:00,1.3,8092
Clinics 0,2025-05-19 00:00:00,1.2,8092
Clinics 0,2025-05-26 00:00:00,0.9,8092
Clinics 0,2025-06-02 00:00:00,0.8,8092
Clinics 0,2025-06-09 00:00:00,1.3,8092
Clinics 0,2025-06-16 00:00:00,1.2,8092
Clinics 0,2025-06-23 00:00:00,1,8092
Clinics 0,2025-06-30 00:00:00,1,8092
Clinics 1,2022-06-27 00:00:00,2.4,8093
Clinics 1,2022-07-04 00:00:00,2.8,8093
Clinics 1,2022-07-11 00:00:00,1.5,8093
Clinics 1,2022-07-18 00:00:00,2.1,8093
Clinics 1,2022-07-25 00:00:00,2.1,8093
Clinics 1,2022-08-01 00:00:00,0.7,8093
Clinics 1,2022-08-08 00:00:00,2.3,8093
Clinics 1,2022-08-15 00:00:00,1.7,8093
Clinics 1,2022-08-22 00:00:00,1.3,8093
Clinics 1,2022-08-29 00:00:00,1.3,8093
Clinics 1,2022-09-05 00:00:00,0.8,8093
Clinics 1,2022-09-12 00:00:00,0.8,8093
Clinics 1,2022-09-19 00:00:00,2.9,8093
Clinics 1,2022-09-26 00:00:00,2.5,8093
Clinics 1,2022-10-03 00:00:00,3,8093
Clinics 1,2022-10-10 00:00:00,3.8,8093
Clinics 1,2022-10-17 00:00:00,3.7,8093
Clinics 1,2022-10-24 00:00:00,3.4,8093
Clinics 1,2022-10-31 00:00:00,3.6,8093
Clinics 1,2022-11-07 00:00:00,2.5,8093
Clinics 1,2022-11-14 00:00:00,3.4,8093
Clinics 1,2022-11-21 00:00:00,3.8,8093
Clinics 1,2022-11-28 00:00:00,3.5,8093
Clinics 1,2022-12-05 00:00:00,3.8,8093
Clinics 1,2022-12-12 00:00:00,3.7,8093
Clinics 1,2022-12-19 00:00:00,3.8,8093
Clinics 1,2022-12-26 00:00:00,1.6,8093
Clinics 1,2023-01-02 00:00:00,2.5,8093
Clinics 1,2023-01-09 00:00:00,3.4,8093
Clinics 1,2023-01-16 00:00:00,3.6,8093
Clinics 1,2023-01-23 00:00:00,3.5,8093
Clinics 1,2023-01-30 00:00:00,3.6,8093
Clinics 1,2023-02-06 00:00:00,3.5,8093
Clinics 1,2023-02-13 00:00:00,3.1,8093
Clinics 1,2023-02-20 00:00:00,3,8093
Clinics 1,2023-02-27 00:00:00,2.1,8093
Clinics 1,2023-03-06 00:00:00,1.9,8093
Clinics 1,2023-03-13 00:00:00,2.1,8093
Clinics 1,2023-03-20 00:00:00,3.1,8093
Clinics 1,2023-03-27 00:00:00,2.6,8093
Clinics 1,2023-04-03 00:00:00,2.9,8093
Clinics 1,2023-04-10 00:00:00,3,8093
Clinics 1,2023-04-17 00:00:00,3.1,8093
Clinics 1,2023-04-24 00:00:00,2.9,8093
Clinics 1,2023-05-01 00:00:00,3.8,8093
Clinics 1,2023-05-08 00:00:00,3.3,8093
Clinics 1,2023-05-15 00:00:00,3.4,8093
Clinics 1,2023-05-22 00:00:00,3,8093
Clinics 1,2023-05-29 00:00:00,3.2,8093
Clinics 1,2023-06-05 00:00:00,3.4,8093
Clinics 1,2023-06-12 00:00:00,2.6,8093
Clinics 1,2023-06-19 00:00:00,2.2,8093
Clinics 1,2023-06-26 00:00:00,2.8,8093
Clinics 1,2023-07-03 00:00:00,2.4,8093
Clinics 1,2023-07-10 00:00:00,1.8,8093
Clinics 1,2023-07-17 00:00:00,1.5,8093
Clinics 1,2023-07-24 00:00:00,1.9,8093
Clinics 1,2023-07-31 00:00:00,1.7,8093
Clinics 1,2023-08-07 00:00:00,2.1,8093
Clinics 1,2023-08-14 00:00:00,1.9,8093
Clinics 1,2023-08-21 00:00:00,2.4,8093
Clinics 1,2023-08-28 00:00:00,2.6,8093
Clinics 1,2023-09-04 00:00:00,3.2,8093
Clinics 1,2023-09-11 00:00:00,3.1,8093
Clinics 1,2023-09-18 00:00:00,3,8093
Clinics 1,2023-09-25 00:00:00,2.3,8093
Clinics 1,2023-10-02 00:00:00,3.2,8093
Clinics 1,2023-10-09 00:00:00,3,8093
Clinics 1,2023-10-16 00:00:00,2.7,8093
Clinics 1,2023-10-23 00:00:00,2.7,8093
Clinics 1,2023-10-30 00:00:00,3,8093
Clinics 1,2023-11-06 00:00:00,3.6,8093
Clinics 1,2023-11-13 00:00:00,3.3,8093
Clinics 1,2023-11-20 00:00:00,3.2,8093
Clinics 1,2023-11-27 00:00:00,3.4,8093
Clinics 1,2023-12-04 00:00:00,2.6,8093
Clinics 1,2023-12-11 00:00:00,3.3,8093
Clinics 1,2023-12-18 00:00:00,2.9,8093
Clinics 1,2023-12-25 00:00:00,1.7,8093
Clinics 1,2024-01-01 00:00:00,2.2,8093
Clinics 1,2024-01-08 00:00:00,2.3,8093
Clinics 1,2024-01-15 00:00:00,2.3,8093
Clinics 1,2024-01-22 00:00:00,2.4,8093
Clinics 1,2024-01-29 00:00:00,2.2,8093
Clinics 1,2024-02-05 00:00:00,2.4,8093
Clinics 1,2024-02-12 00:00:00,2.3,8093
Clinics 1,2024-02-19 00:00:00,2.1,8093
Clinics 1,2024-02-26 00:00:00,2.5,8093
Clinics 1,2024-03-04 00:00:00,2.3,8093
Clinics 1,2024-03-11 00:00:00,1.7,8093
Clinics 1,2024-03-18 00:00:00,1.3,8093
Clinics 1,2024-03-25 00:00:00,2.4,8093
Clinics 1,2024-04-01 00:00:00,2.2,8093
Clinics 1,2024-04-08 00:00:00,2.5,8093
Clinics 1,2024-04-15 00:00:00,2.4,8093
Clinics 1,2024-04-22 00:00:00,2.1,8093
Clinics 1,2024-04-29 00:00:00,1.9,8093
Clinics 1,2024-05-06 00:00:00,1.4,8093
Clinics 1,2024-05-13 00:00:00,2.4,8093
Clinics 1,2024-05-20 00:00:00,2.4,8093
Clinics 1,2024-05-27 00:00:00,2.2,8093
Clinics 1,2024-06-03 00:00:00,1.8,8093
Clinics 1,2024-06-10 00:00:00,1.2,8093
Clinics 1,2024-06-17 00:00:00,1.5,8093
Clinics 1,2024-06-24 00:00:00,1.2,8093
Clinics 1,2024-07-01 00:00:00,1.4,8093
Clinics 1,2024-07-08 00:00:00,1.2,8093
Clinics 1,2024-07-15 00:00:00,1.8,8093
Clinics 1,2024-07-22 00:00:00,2.2,8093
Clinics 1,2024-07-29 00:00:00,1.7,8093
Clinics 1,2024-08-05 00:00:00,1.8,8093
Clinics 1,2024-08-12 00:00:00,2,8093
Clinics 1,2024-08-19 00:00:00,2,8093
Clinics 1,2024-08-26 00:00:00,2.1,8093
Clinics 1,2024-09-02 00:00:00,2.1,8093
Clinics 1,2024-09-09 00:00:00,2.2,8093
Clinics 1,2024-09-16 00:00:00,2,8093
Clinics 1,2024-09-23 00:00:00,2.2,8093
Clinics 1,2024-09-30 00:00:00,2,8093
Clinics 1,2024-10-07 00:00:00,2.4,8093
Clinics 1,2024-10-14 00:00:00,2.3,8093
Clinics 1,2024-10-21 00:00:00,2.2,8093
Clinics 1,2024-10-28 00:00:00,2,8093
Clinics 1,2024-11-04 00:00:00,2.3,8093
Clinics 1,2024-11-11 00:00:00,2.2,8093
Clinics 1,2024-11-18 00:00:00,2.4,8093
Clinics 1,2024-11-25 00:00:00,2.4,8093
Clinics 1,2024-12-02 00:00:00,2.2,8093
Clinics 1,2024-12-09 00:00:00,2.3,8093
Clinics 1,2024-12-16 00:00:00,2.3,8093
Clinics 1,2024-12-23 00:00:00,1.8,8093
Clinics 1,2024-12-30 00:00:00,1.9,8093
Clinics 1,2025-01-06 00:00:00,2.6,8093
Clinics 1,2025-01-13 00:00:00,2.3,8093
Clinics 1,2025-01-20 00:00:00,2.8,8093
Clinics 1,2025-01-27 00:00:00,1.5,8093
Clinics 1,2025-02-03 00:00:00,2.6,8093
Clinics 1,2025-02-10 00:00:00,2.5,8093
Clinics 1,2025-02-17 00:00:00,2.5,8093
Clinics 1,2025-02-24 00:00:00,2.6,8093
Clinics 1,2025-03-03 00:00:00,1.8,8093
Clinics 1,2025-03-10 00:00:00,1.8,8093
Clinics 1,2025-03-17 00:00:00,2.3,8093
Clinics 1,2025-03-24 00:00:00,2.8,8093
Clinics 1,2025-03-31 00:00:00,2.7,8093
Clinics 1,2025-04-07 00:00:00,2.2,8093
Clinics 1,2025-04-14 00:00:00,1.7,8093
Clinics 1,2025-04-21 00:00:00,2.7,8093
Clinics 1,2025-04-28 00:00:00,2.3,8093
Clinics 1,2025-05-05 00:00:00,2.4,8093
Clinics 1,2025-05-12 00:00:00,2.7,8093
Clinics 1,2025-05-19 00:00:00,2.6,8093
Clinics 1,2025-05-26 00:00:00,2.6,8093
Clinics 1,2025-06-02 00:00:00,2.4,8093
Clinics 1,2025-06-09 00:00:00,2.3,8093
Clinics 1,2025-06-16 00:00:00,2.4,8093
Clinics 1,2025-06-23 00:00:00,1.8,8093
Clinics 1,2025-06-30 00:00:00,2,8093
Clinics 1,2022-06-27 00:00:00,2.2,8094
Clinics 1,2022-07-04 00:00:00,2,8094
Clinics 1,2022-07-11 00:00:00,1.5,8094
Clinics 1,2022-07-18 00:00:00,1,8094
Clinics 1,2022-07-25 00:00:00,1,8094
Clinics 1,2022-08-01 00:00:00,1.9,8094
Clinics 1,2022-08-08 00:00:00,2.3,8094
Clinics 1,2022-08-15 00:00:00,1.1,8094
Clinics 1,2022-08-22 00:00:00,2.1,8094
Clinics 1,2022-08-29 00:00:00,1.3,8094
Clinics 1,2022-09-05 00:00:00,1,8094
Clinics 1,2022-09-12 00:00:00,3.3,8094
Clinics 1,2022-09-19 00:00:00,2.7,8094
Clinics 1,2022-09-26 00:00:00,2.1,8094
Clinics 1,2022-10-03 00:00:00,1.5,8094
Clinics 1,2022-10-10 00:00:00,2.3,8094
Clinics 1,2022-10-17 00:00:00,1.5,8094
Clinics 1,2022-10-24 00:00:00,2.1,8094
Clinics 1,2022-10-31 00:00:00,2.2,8094
Clinics 1,2022-11-07 00:00:00,1.8,8094
Clinics 1,2022-11-14 00:00:00,2.3,8094
Clinics 1,2022-11-21 00:00:00,2.1,8094
Clinics 1,2022-11-28 00:00:00,2.1,8094
Clinics 1,2022-12-05 00:00:00,2.4,8094
Clinics 1,2022-12-12 00:00:00,2.3,8094
Clinics 1,2022-12-19 00:00:00,2.3,8094
Clinics 1,2022-12-26 00:00:00,2,8094
Clinics 1,2023-01-02 00:00:00,2.3,8094
Clinics 1,2023-01-09 00:00:00,2.6,8094
Clinics 1,2023-01-16 00:00:00,2.2,8094
Clinics 1,2023-01-23 00:00:00,1.7,8094
Clinics 1,2023-01-30 00:00:00,2.3,8094
Clinics 1,2023-02-06 00:00:00,2.5,8094
Clinics 1,2023-02-13 00:00:00,1.9,8094
Clinics 1,2023-02-20 00:00:00,2.5,8094
Clinics 1,2023-02-27 00:00:00,2.2,8094
Clinics 1,2023-03-06 00:00:00,2.1,8094
Clinics 1,2023-03-13 00:00:00,2.3,8094
Clinics 1,2023-03-20 00:00:00,2.5,8094
Clinics 1,2023-03-27 00:00:00,2.5,8094
Clinics 1,2023-04-03 00:00:00,2.5,8094
Clinics 1,2023-04-10 00:00:00,2.4,8094
Clinics 1,2023-04-17 00:00:00,2.3,8094
Clinics 1,2023-04-24 00:00:00,2.4,8094
Clinics 1,2023-05-01 00:00:00,2.2,8094
Clinics 1,2023-05-08 00:00:00,1.9,8094
Clinics 1,2023-05-15 00:00:00,1.7,8094
Clinics 1,2023-05-22 00:00:00,1,8094
Clinics 1,2023-05-29 00:00:00,2.1,8094
Clinics 1,2023-06-05 00:00:00,1.8,8094
Clinics 1,2023-06-12 00:00:00,1.8,8094
Clinics 1,2023-06-19 00:00:00,1.4,8094
Clinics 1,2023-06-26 00:00:00,1.4,8094
Clinics 1,2023-07-03 00:00:00,1.3,8094
Clinics 1,2023-07-10 00:00:00,0.9,8094
Clinics 1,2023-07-17 00:00:00,0.9,8094
Clinics 1,2023-07-24 00:00:00,0.9,8094
Clinics 1,2023-07-31 00:00:00,1,8094
Clinics 1,2023-08-07 00:00:00,1,8094
Clinics 1,2023-08-14 00:00:00,1.9,8094
Clinics 1,2023-08-21 00:00:00,1.8,8094
Clinics 1,2023-08-28 00:00:00,2.3,8094
Clinics 1,2023-09-04 00:00:00,2.2,8094
Clinics 1,2023-09-11 00:00:00,2.3,8094
Clinics 1,2023-09-18 00:00:00,2.3,8094
Clinics 1,2023-09-25 00:00:00,2.3,8094
Clinics 1,2023-10-02 00:00:00,2.4,8094
Clinics 1,2023-10-09 00:00:00,2.1,8094
Clinics 1,2023-10-16 00:00:00,1.4,8094
Clinics 1,2023-10-23 00:00:00,2.1,8094
Clinics 1,2023-10-30 00:00:00,2.4,8094
Clinics 1,2023-11-06 00:00:00,1.3,8094
Clinics 1,2023-11-13 00:00:00,2.1,8094
Clinics 1,2023-11-20 00:00:00,1.9,8094
Clinics 1,2023-11-27 00:00:00,2.3,8094
Clinics 1,2023-12-04 00:00:00,2.4,8094
Clinics 1,2023-12-11 00:00:00,1.9,8094
Clinics 1,2023-12-18 00:00:00,1.9,8094
Clinics 1,2023-12-25 00:00:00,1.5,8094
Clinics 1,2024-01-01 00:00:00,2.4,8094
Clinics 1,2024-01-08 00:00:00,1.7,8094
Clinics 1,2024-01-15 00:00:00,1.5,8094
Clinics 1,2024-01-22 00:00:00,2.1,8094
Clinics 1,2024-01-29 00:00:00,2.5,8094
Clinics 1,2024-02-05 00:00:00,2.4,8094
Clinics 1,2024-02-12 00:00:00,2.1,8094
Clinics 1,2024-02-19 00:00:00,2.3,8094
Clinics 1,2024-02-26 00:00:00,1.4,8094
Clinics 1,2024-03-04 00:00:00,2.5,8094
Clinics 1,2024-03-11 00:00:00,2.1,8094
Clinics 1,2024-03-18 00:00:00,2.1,8094
Clinics 1,2024-03-25 00:00:00,2,8094
Clinics 1,2024-04-01 00:00:00,2.3,8094
Clinics 1,2024-04-08 00:00:00,2.5,8094
Clinics 1,2024-04-15 00:00:00,2,8094
Clinics 1,2024-04-22 00:00:00,2.4,8094
Clinics 1,2024-04-29 00:00:00,1.9,8094
Clinics 1,2024-05-06 00:00:00,2.6,8094
Clinics 1,2024-05-13 00:00:00,2.1,8094
Clinics 1,2024-05-20 00:00:00,1.8,8094
Clinics 1,2024-05-27 00:00:00,2.6,8094
Clinics 1,2024-06-03 00:00:00,2.2,8094
Clinics 1,2024-06-10 00:00:00,1.9,8094
Clinics 1,2024-06-17 00:00:00,1.4,8094
Clinics 1,2024-06-24 00:00:00,1.7,8094
Clinics 1,2024-07-01 00:00:00,1.9,8094
Clinics 1,2024-07-08 00:00:00,1.9,8094
Clinics 1,2024-07-15 00:00:00,1.8,8094
Clinics 1,2024-07-22 00:00:00,1.8,8094
Clinics 1,2024-07-29 00:00:00,1.8,8094
Clinics 1,2024-08-05 00:00:00,2.2,8094
Clinics 1,2024-08-12 00:00:00,2,8094
Clinics 1,2024-08-19 00:00:00,2.8,8094
Clinics 1,2024-08-26 00:00:00,2.8,8094
Clinics 1,2024-09-02 00:00:00,2.7,8094
Clinics 1,2024-09-09 00:00:00,1.9,8094
Clinics 1,2024-09-16 00:00:00,2.6,8094
Clinics 1,2024-09-23 00:00:00,1.9,8094
Clinics 1,2024-09-30 00:00:00,0.9,8094
Clinics 1,2024-10-07 00:00:00,0.9,8094
Clinics 1,2024-10-14 00:00:00,0.9,8094
Clinics 1,2024-10-21 00:00:00,0.9,8094
Clinics 1,2024-10-28 00:00:00,0.9,8094
Clinics 1,2024-11-04 00:00:00,0.9,8094
Clinics 1,2024-11-11 00:00:00,1,8094
Clinics 1,2024-11-18 00:00:00,0.8,8094
Clinics 1,2024-11-25 00:00:00,1,8094
Clinics 1,2024-12-02 00:00:00,1.2,8094
Clinics 1,2024-12-09 00:00:00,1.4,8094
Clinics 1,2024-12-16 00:00:00,1.1,8094
Clinics 1,2024-12-23 00:00:00,0.5,8094
Clinics 1,2024-12-30 00:00:00,1.3,8094
Clinics 1,2025-01-06 00:00:00,1.1,8094
Clinics 1,2025-01-13 00:00:00,1,8094
Clinics 1,2025-01-20 00:00:00,1.2,8094
Clinics 1,2025-01-27 00:00:00,1.2,8094
Clinics 1,2025-02-03 00:00:00,1.2,8094
Clinics 1,2025-02-10 00:00:00,1.4,8094
Clinics 1,2025-02-17 00:00:00,1.1,8094
Clinics 1,2025-02-24 00:00:00,1.2,8094
Clinics 1,2025-03-03 00:00:00,1.4,8094
Clinics 1,2025-03-10 00:00:00,2.6,8094
Clinics 1,2025-03-17 00:00:00,1.4,8094
Clinics 1,2025-03-24 00:00:00,1.5,8094
Clinics 1,2025-03-31 00:00:00,0.9,8094
Clinics 1,2025-04-07 00:00:00,0.5,8094
Clinics 1,2025-04-14 00:00:00,1.2,8094
Clinics 1,2025-04-21 00:00:00,1.5,8094
Clinics 1,2025-04-28 00:00:00,1.5,8094
Clinics 1,2025-05-05 00:00:00,1.6,8094
Clinics 1,2025-05-12 00:00:00,1.5,8094
Clinics 1,2025-05-19 00:00:00,1.2,8094
Clinics 1,2025-05-26 00:00:00,1.4,8094
Clinics 1,2025-06-02 00:00:00,1.3,8094
Clinics 1,2025-06-09 00:00:00,0.9,8094
Clinics 1,2025-06-16 00:00:00,0.9,8094
Clinics 1,2025-06-23 00:00:00,0.9,8094
Clinics 1,2025-06-30 00:00:00,0.9,8094
Clinics 0,2022-06-27 00:00:00,1.8,8103
Clinics 0,2022-07-04 00:00:00,1.6,8103
Clinics 0,2022-07-11 00:00:00,1,8103
Clinics 0,2022-07-18 00:00:00,1,8103
Clinics 0,2022-07-25 00:00:00,1,8103
Clinics 0,2022-08-01 00:00:00,1,8103
Clinics 0,2022-08-08 00:00:00,1,8103
Clinics 0,2022-08-15 00:00:00,0.6,8103
Clinics 0,2022-08-22 00:00:00,1,8103
Clinics 0,2022-08-29 00:00:00,1.8,8103
Clinics 0,2022-09-05 00:00:00,1.7,8103
Clinics 0,2022-09-12 00:00:00,1.8,8103
Clinics 0,2022-09-19 00:00:00,1.2,8103
Clinics 0,2022-09-26 00:00:00,1.8,8103
Clinics 0,2022-10-03 00:00:00,2.9,8103
Clinics 0,2022-10-10 00:00:00,2.9,8103
Clinics 0,2022-10-17 00:00:00,3,8103
Clinics 0,2022-10-24 00:00:00,2.5,8103
Clinics 0,2022-10-31 00:00:00,3,8103
Clinics 0,2022-11-07 00:00:00,3.8,8103
Clinics 0,2022-11-14 00:00:00,4,8103
Clinics 0,2022-11-21 00:00:00,3.6,8103
Clinics 0,2022-11-28 00:00:00,4,8103
Clinics 0,2022-12-05 00:00:00,3.9,8103
Clinics 0,2022-12-12 00:00:00,3.4,8103
Clinics 0,2022-12-19 00:00:00,3.6,8103
Clinics 0,2022-12-26 00:00:00,2,8103
Clinics 0,2023-01-02 00:00:00,2.4,8103
Clinics 0,2023-01-09 00:00:00,2.8,8103
Clinics 0,2023-01-16 00:00:00,3.7,8103
Clinics 0,2023-01-23 00:00:00,3.9,8103
Clinics 0,2023-01-30 00:00:00,4,8103
Clinics 0,2023-02-06 00:00:00,4,8103
Clinics 0,2023-02-13 00:00:00,3.3,8103
Clinics 0,2023-02-20 00:00:00,2.9,8103
Clinics 0,2023-02-27 00:00:00,3.2,8103
Clinics 0,2023-03-06 00:00:00,3.9,8103
Clinics 0,2023-03-13 00:00:00,3.4,8103
Clinics 0,2023-03-20 00:00:00,3.5,8103
Clinics 0,2023-03-27 00:00:00,4,8103
Clinics 0,2023-04-03 00:00:00,4,8103
Clinics 0,2023-04-10 00:00:00,3.75,8103
Clinics 0,2023-04-17 00:00:00,3.5,8103
Clinics 0,2023-04-24 00:00:00,3.4,8103
Clinics 0,2023-05-01 00:00:00,4,8103
Clinics 0,2023-05-08 00:00:00,4,8103
Clinics 0,2023-05-15 00:00:00,4,8103
Clinics 0,2023-05-22 00:00:00,3.2,8103
Clinics 0,2023-05-29 00:00:00,3.6,8103
Clinics 0,2023-06-05 00:00:00,3.7,8103
Clinics 0,2023-06-12 00:00:00,3.3,8103
Clinics 0,2023-06-19 00:00:00,3.6,8103
Clinics 0,2023-06-26 00:00:00,3.3,8103
Clinics 0,2023-07-03 00:00:00,4.7,8103
Clinics 0,2023-07-10 00:00:00,4,8103
Clinics 0,2023-07-17 00:00:00,3,8103
Clinics 0,2023-07-24 00:00:00,3,8103
Clinics 0,2023-07-31 00:00:00,2.9,8103
Clinics 0,2023-08-07 00:00:00,3,8103
Clinics 0,2023-08-14 00:00:00,3,8103
Clinics 0,2023-08-21 00:00:00,3,8103
Clinics 0,2023-08-28 00:00:00,3,8103
Clinics 0,2023-09-04 00:00:00,3.4,8103
Clinics 0,2023-09-11 00:00:00,4.6,8103
Clinics 0,2023-09-18 00:00:00,4,8103
Clinics 0,2023-09-25 00:00:00,4.6,8103
Clinics 0,2023-10-02 00:00:00,4.3,8103
Clinics 0,2023-10-09 00:00:00,4.6,8103
Clinics 0,2023-10-16 00:00:00,4.8,8103
Clinics 0,2023-10-23 00:00:00,3.9,8103
Clinics 0,2023-10-30 00:00:00,4.2,8103
Clinics 0,2023-11-06 00:00:00,3.3,8103
Clinics 0,2023-11-13 00:00:00,4,8103
Clinics 0,2023-11-20 00:00:00,4.5,8103
Clinics 0,2023-11-27 00:00:00,4.4,8103
Clinics 0,2023-12-04 00:00:00,3.4,8103
Clinics 0,2023-12-11 00:00:00,2.8,8103
Clinics 0,2023-12-18 00:00:00,4.6,8103
Clinics 0,2023-12-25 00:00:00,4.3,8103
Clinics 0,2024-01-01 00:00:00,4,8103
Clinics 0,2024-01-08 00:00:00,4.1,8103
Clinics 0,2024-01-15 00:00:00,4.6,8103
Clinics 0,2024-01-22 00:00:00,4.6,8103
Clinics 0,2024-01-29 00:00:00,3.2,8103
Clinics 0,2024-02-05 00:00:00,4,8103
Clinics 0,2024-02-12 00:00:00,4.3,8103
Clinics 0,2024-02-19 00:00:00,4.7,8103
Clinics 0,2024-02-26 00:00:00,4.4,8103
Clinics 0,2024-03-04 00:00:00,4.4,8103
Clinics 0,2024-03-11 00:00:00,4,8103
Clinics 0,2024-03-18 00:00:00,4.6,8103
Clinics 0,2024-03-25 00:00:00,3.6,8103
Clinics 0,2024-04-01 00:00:00,4,8103
Clinics 0,2024-04-08 00:00:00,3.6,8103
Clinics 0,2024-04-15 00:00:00,4.9,8103
Clinics 0,2024-04-22 00:00:00,5,8103
Clinics 0,2024-04-29 00:00:00,4.4,8103
Clinics 0,2024-05-06 00:00:00,3.9,8103
Clinics 0,2024-05-13 00:00:00,4.2,8103
Clinics 0,2024-05-20 00:00:00,4,8103
Clinics 0,2024-05-27 00:00:00,3.8,8103
Clinics 0,2024-06-03 00:00:00,5,8103
Clinics 0,2024-06-10 00:00:00,4.2,8103
Clinics 0,2024-06-17 00:00:00,4.4,8103
Clinics 0,2024-06-24 00:00:00,4,8103
Clinics 0,2024-07-01 00:00:00,3.4,8103
Clinics 0,2024-07-08 00:00:00,2,8103
Clinics 0,2024-07-15 00:00:00,1.9,8103
Clinics 0,2024-07-22 00:00:00,2,8103
Clinics 0,2024-07-29 00:00:00,2,8103
Clinics 0,2024-08-05 00:00:00,3,8103
Clinics 0,2024-08-12 00:00:00,3,8103
Clinics 0,2024-08-19 00:00:00,3.1,8103
Clinics 0,2024-08-26 00:00:00,3,8103
Clinics 0,2024-09-02 00:00:00,3.6,8103
Clinics 0,2024-09-09 00:00:00,4.4,8103
Clinics 0,2024-09-16 00:00:00,4.3,8103
Clinics 0,2024-09-23 00:00:00,4.4,8103
Clinics 0,2024-09-30 00:00:00,4.7,8103
Clinics 0,2024-10-07 00:00:00,3.9,8103
Clinics 0,2024-10-14 00:00:00,3.6,8103
Clinics 0,2024-10-21 00:00:00,5,8103
Clinics 0,2024-10-28 00:00:00,4.5,8103
Clinics 0,2024-11-04 00:00:00,5,8103
Clinics 0,2024-11-11 00:00:00,4.6,8103
Clinics 0,2024-11-18 00:00:00,4.6,8103
Clinics 0,2024-11-25 00:00:00,4.2,8103
Clinics 0,2024-12-02 00:00:00,4.8,8103
Clinics 0,2024-12-09 00:00:00,4.4,8103
Clinics 0,2024-12-16 00:00:00,4.1,8103
Clinics 0,2024-12-23 00:00:00,2.8,8103
Clinics 0,2024-12-30 00:00:00,2.8,8103
Clinics 0,2025-01-06 00:00:00,4.2,8103
Clinics 0,2025-01-13 00:00:00,4.7,8103
Clinics 0,2025-01-20 00:00:00,4.2,8103
Clinics 0,2025-01-27 00:00:00,4,8103
Clinics 0,2025-02-03 00:00:00,3.6,8103
Clinics 0,2025-02-10 00:00:00,3.3,8103
Clinics 0,2025-02-17 00:00:00,3.5,8103
Clinics 0,2025-02-24 00:00:00,3.2,8103
Clinics 0,2025-03-03 00:00:00,4,8103
Clinics 0,2025-03-10 00:00:00,3.1,8103
Clinics 0,2025-03-17 00:00:00,3.4,8103
Clinics 0,2025-03-24 00:00:00,3.8,8103
Clinics 0,2025-03-31 00:00:00,2.8,8103
Clinics 0,2025-04-07 00:00:00,3.8,8103
Clinics 0,2025-04-14 00:00:00,3.9,8103
Clinics 0,2025-04-21 00:00:00,3,8103
Clinics 0,2025-04-28 00:00:00,3,8103
Clinics 0,2025-05-05 00:00:00,4.7,8103
Clinics 0,2025-05-12 00:00:00,4.5,8103
Clinics 0,2025-05-19 00:00:00,4.5,8103
Clinics 0,2025-05-26 00:00:00,4.1,8103
Clinics 0,2025-06-02 00:00:00,4.2,8103
Clinics 0,2025-06-09 00:00:00,3.6,8103
Clinics 0,2025-06-16 00:00:00,3.4,8103
Clinics 0,2025-06-23 00:00:00,2.9,8103
Clinics 0,2025-06-30 00:00:00,4,8103
Clinics 1,2025-06-02 00:00:00,5.965789474,115
Clinics 1,2025-06-09 00:00:00,5.876315789,115
Clinics 1,2025-06-16 00:00:00,5.718421053,115
Clinics 1,2025-06-23 00:00:00,5.523684211,115
Clinics 1,2025-06-30 00:00:00,5.418421053,115
Clinics 1,2025-06-02 00:00:00,5.965789474,8091
Clinics 1,2025-06-09 00:00:00,5.876315789,8091
Clinics 1,2025-06-16 00:00:00,5.718421053,8091
Clinics 1,2025-06-23 00:00:00,5.523684211,8091
Clinics 1,2025-06-30 00:00:00,5.418421053,8091
Clinics 1,2025-06-02 00:00:00,5.965789474,505
Clinics 1,2025-06-09 00:00:00,5.876315789,505
Clinics 1,2025-06-16 00:00:00,5.718421053,505
Clinics 1,2025-06-23 00:00:00,5.523684211,505
Clinics 1,2025-06-30 00:00:00,5.418421053,505
Clinics 1,2025-06-02 00:00:00,5.965789474,108
Clinics 1,2025-06-09 00:00:00,5.876315789,108
Clinics 1,2025-06-16 00:00:00,5.718421053,108
Clinics 1,2025-06-23 00:00:00,5.523684211,108
Clinics 1,2025-06-30 00:00:00,5.418421053,108
