CountryKey,FiscalYearKey,CompanyKey,CostCodeKey,CountryCode,CCC,COMPANY_CODE,COST_CODE,COUNTRY,BRAND,BRAND_DESCRIPTION,BUSINESS_AREA,BUSINESS_AREA2,COUNTRY_REPORTING,REPORTING_ENTITY,FTE_TYPE,BALANCE_TYPE,FISCAL_YEAR,10,11,12,1,2,3,4,5,6,7,8,9
14,2018,336,551,SE,50039010,5003,9010,Sweden,HO,HQ,HO,HO,Group,Group,Head Office FTE,BDQTY,2018,0.000,0.000,0.000,0.000,0.000,0.000,0.000,0.000,0.000,0.000,0.000,0.000
14,2018,336,551,SE,50039010,5003,9010,Sweden,HO,HQ,HO,HO,Group,Group,Locum Nurse FTE,BDQTY,2018,0.000,0.000,0.000,0.000,0.000,0.000,0.000,0.000,0.000,0.000,0.000,0.000
14,2018,336,551,SE,50039010,5003,9010,Sweden,HO,HQ,HO,HO,Group,Group,Locum Vet FTE,BDQTY,2018,0.000,0.000,0.000,0.000,0.000,0.000,0.000,0.000,0.000,0.000,0.000,0.000
14,2018,336,551,SE,50039010,5003,9010,Sweden,HO,HQ,HO,HO,Group,Group,Nurse FTE,BDQTY,2018,0.000,0.000,0.000,0.000,0.000,0.000,0.000,0.000,0.000,0.000,0.000,0.000
14,2018,336,551,SE,50039010,5003,9010,Sweden,HO,HQ,HO,HO,Group,Group,Support FTE,BDQTY,2018,0.000,0.000,0.000,0.000,0.000,0.000,0.000,0.000,0.000,0.000,0.000,0.000
14,2018,336,551,SE,50039010,5003,9010,Sweden,HO,HQ,HO,HO,Group,Group,Vet FTE,BDQTY,2018,0.000,0.000,0.000,0.000,0.000,0.000,0.000,0.000,0.000,0.000,0.000,0.000
14,2018,336,576,SE,50039049,5003,9049,Sweden,HO,HQ,HO,HO,Group,Group,Support FTE,AQ,2018,0.000,0.000,0.000,0.000,0.000,0.000,9.500,9.000,9.900,10.000,10.000,10.000
14,2018,490,1455,SE,56008000,5600,8000,Sweden,Djursjukhus Gammelstad,Djursjukhus Gammelst,Vets,Small animal,Sweden,Sweden,Head Office FTE,BDQTY,2018,0.000,0.000,0.000,0.000,0.000,0.000,0.000,0.000,0.000,0.000,0.000,0.000
14,2018,490,1455,SE,56008000,5600,8000,Sweden,Djursjukhus Gammelstad,Djursjukhus Gammelst,Vets,Small animal,Sweden,Sweden,Locum Nurse FTE,BDQTY,2018,0.000,0.000,0.000,0.000,0.000,0.000,0.000,0.000,0.000,0.000,0.000,0.000
14,2018,490,1455,SE,56008000,5600,8000,Sweden,Djursjukhus Gammelstad,Djursjukhus Gammelst,Vets,Small animal,Sweden,Sweden,Locum Vet FTE,BDQTY,2018,0.000,0.000,0.000,0.000,0.000,0.000,0.000,0.000,0.000,0.000,0.000,0.000
14,2018,490,1455,SE,56008000,5600,8000,Sweden,Djursjukhus Gammelstad,Djursjukhus Gammelst,Vets,Small animal,Sweden,Sweden,Nurse FTE,AQ,2018,0.000,0.000,0.000,0.000,0.000,0.000,16.900,17.900,17.000,1.800,1.800,19.700
14,2018,490,1455,SE,56008000,5600,8000,Sweden,Djursjukhus Gammelstad,Djursjukhus Gammelst,Vets,Small animal,Sweden,Sweden,Nurse FTE,BDQTY,2018,0.000,0.000,0.000,0.000,0.000,0.000,0.000,0.000,0.000,0.000,0.000,0.000
14,2018,490,1455,SE,56008000,5600,8000,Sweden,Djursjukhus Gammelstad,Djursjukhus Gammelst,Vets,Small animal,Sweden,Sweden,Support FTE,AQ,2018,0.000,0.000,0.000,0.000,0.000,0.000,13.600,14.300,13.300,42.300,41.500,12.800
14,2018,490,1455,SE,56008000,5600,8000,Sweden,Djursjukhus Gammelstad,Djursjukhus Gammelst,Vets,Small animal,Sweden,Sweden,Support FTE,BDQTY,2018,0.000,0.000,0.000,0.000,0.000,0.000,0.000,0.000,0.000,0.000,0.000,0.000
14,2018,490,1455,SE,56008000,5600,8000,Sweden,Djursjukhus Gammelstad,Djursjukhus Gammelst,Vets,Small animal,Sweden,Sweden,Vet FTE,AQ,2018,0.000,0.000,0.000,0.000,0.000,0.000,9.500,9.500,10.100,0.000,0.500,11.800
14,2018,490,1455,SE,56008000,5600,8000,Sweden,Djursjukhus Gammelstad,Djursjukhus Gammelst,Vets,Small animal,Sweden,Sweden,Vet FTE,BDQTY,2018,0.000,0.000,0.000,0.000,0.000,0.000,0.000,0.000,0.000,0.000,0.000,0.000
14,2018,490,1456,SE,56008001,5600,8001,Sweden,Djurklinik Öjebyn,Djurklinik Öjebyn,Vets,Small animal,Sweden,Sweden,Head Office FTE,BDQTY,2018,0.000,0.000,0.000,0.000,0.000,0.000,0.000,0.000,0.000,0.000,0.000,0.000
14,2018,490,1456,SE,56008001,5600,8001,Sweden,Djurklinik Öjebyn,Djurklinik Öjebyn,Vets,Small animal,Sweden,Sweden,Locum Nurse FTE,BDQTY,2018,0.000,0.000,0.000,0.000,0.000,0.000,0.000,0.000,0.000,0.000,0.000,0.000
14,2018,490,1456,SE,56008001,5600,8001,Sweden,Djurklinik Öjebyn,Djurklinik Öjebyn,Vets,Small animal,Sweden,Sweden,Locum Vet FTE,BDQTY,2018,0.000,0.000,0.000,0.000,0.000,0.000,0.000,0.000,0.000,0.000,0.000,0.000
14,2018,490,1456,SE,56008001,5600,8001,Sweden,Djurklinik Öjebyn,Djurklinik Öjebyn,Vets,Small animal,Sweden,Sweden,Nurse FTE,AQ,2018,0.000,0.000,0.000,0.000,0.000,0.000,10.600,10.800,11.500,10.200,10.200,12.000
14,2018,490,1456,SE,56008001,5600,8001,Sweden,Djurklinik Öjebyn,Djurklinik Öjebyn,Vets,Small animal,Sweden,Sweden,Nurse FTE,BDQTY,2018,0.000,0.000,0.000,0.000,0.000,0.000,0.000,0.000,0.000,0.000,0.000,0.000
14,2018,490,1456,SE,56008001,5600,8001,Sweden,Djurklinik Öjebyn,Djurklinik Öjebyn,Vets,Small animal,Sweden,Sweden,Support FTE,AQ,2018,0.000,0.000,0.000,0.000,0.000,0.000,2.600,2.600,2.600,7.500,7.500,2.600
14,2018,490,1456,SE,56008001,5600,8001,Sweden,Djurklinik Öjebyn,Djurklinik Öjebyn,Vets,Small animal,Sweden,Sweden,Support FTE,BDQTY,2018,0.000,0.000,0.000,0.000,0.000,0.000,0.000,0.000,0.000,0.000,0.000,0.000
14,2018,490,1456,SE,56008001,5600,8001,Sweden,Djurklinik Öjebyn,Djurklinik Öjebyn,Vets,Small animal,Sweden,Sweden,Vet FTE,AQ,2018,0.000,0.000,0.000,0.000,0.000,0.000,5.900,5.900,5.900,2.800,2.600,5.700
14,2018,490,1456,SE,56008001,5600,8001,Sweden,Djurklinik Öjebyn,Djurklinik Öjebyn,Vets,Small animal,Sweden,Sweden,Vet FTE,BDQTY,2018,0.000,0.000,0.000,0.000,0.000,0.000,0.000,0.000,0.000,0.000,0.000,0.000
14,2018,490,1457,SE,56008002,5600,8002,Sweden,Djurkliniken Arninge,Djurkliniken Arninge,Vets,Small animal,Sweden,Sweden,Head Office FTE,BDQTY,2018,0.000,0.000,0.000,0.000,0.000,0.000,0.000,0.000,0.000,0.000,0.000,0.000
14,2018,490,1457,SE,56008002,5600,8002,Sweden,Djurkliniken Arninge,Djurkliniken Arninge,Vets,Small animal,Sweden,Sweden,Locum Nurse FTE,BDQTY,2018,0.000,0.000,0.000,0.000,0.000,0.000,0.000,0.000,0.000,0.000,0.000,0.000
14,2018,490,1457,SE,56008002,5600,8002,Sweden,Djurkliniken Arninge,Djurkliniken Arninge,Vets,Small animal,Sweden,Sweden,Locum Vet FTE,BDQTY,2018,0.000,0.000,0.000,0.000,0.000,0.000,0.000,0.000,0.000,0.000,0.000,0.000
14,2018,490,1457,SE,56008002,5600,8002,Sweden,Djurkliniken Arninge,Djurkliniken Arninge,Vets,Small animal,Sweden,Sweden,Nurse FTE,AQ,2018,0.000,0.000,0.000,0.000,0.000,0.000,12.400,12.300,12.300,11.300,11.000,14.000
14,2018,490,1457,SE,56008002,5600,8002,Sweden,Djurkliniken Arninge,Djurkliniken Arninge,Vets,Small animal,Sweden,Sweden,Nurse FTE,BDQTY,2018,0.000,0.000,0.000,0.000,0.000,0.000,0.000,0.000,0.000,0.000,0.000,0.000
14,2018,490,1457,SE,56008002,5600,8002,Sweden,Djurkliniken Arninge,Djurkliniken Arninge,Vets,Small animal,Sweden,Sweden,Support FTE,AQ,2018,0.000,0.000,0.000,0.000,0.000,0.000,3.800,3.800,3.800,6.000,6.000,4.000
14,2018,490,1457,SE,56008002,5600,8002,Sweden,Djurkliniken Arninge,Djurkliniken Arninge,Vets,Small animal,Sweden,Sweden,Support FTE,BDQTY,2018,0.000,0.000,0.000,0.000,0.000,0.000,0.000,0.000,0.000,0.000,0.000,0.000
14,2018,490,1457,SE,56008002,5600,8002,Sweden,Djurkliniken Arninge,Djurkliniken Arninge,Vets,Small animal,Sweden,Sweden,Vet FTE,AQ,2018,0.000,0.000,0.000,0.000,0.000,0.000,6.300,6.300,6.200,6.300,6.300,5.500
14,2018,490,1457,SE,56008002,5600,8002,Sweden,Djurkliniken Arninge,Djurkliniken Arninge,Vets,Small animal,Sweden,Sweden,Vet FTE,BDQTY,2018,0.000,0.000,0.000,0.000,0.000,0.000,0.000,0.000,0.000,0.000,0.000,0.000
14,2018,490,1458,SE,56008003,5600,8003,Sweden,Djurkliniken Farsta,Djurkliniken Farsta,Vets,Small animal,Sweden,Sweden,Head Office FTE,BDQTY,2018,0.000,0.000,0.000,0.000,0.000,0.000,0.000,0.000,0.000,0.000,0.000,0.000
14,2018,490,1458,SE,56008003,5600,8003,Sweden,Djurkliniken Farsta,Djurkliniken Farsta,Vets,Small animal,Sweden,Sweden,Locum Nurse FTE,BDQTY,2018,0.000,0.000,0.000,0.000,0.000,0.000,0.000,0.000,0.000,0.000,0.000,0.000
14,2018,490,1458,SE,56008003,5600,8003,Sweden,Djurkliniken Farsta,Djurkliniken Farsta,Vets,Small animal,Sweden,Sweden,Locum Vet FTE,BDQTY,2018,0.000,0.000,0.000,0.000,0.000,0.000,0.000,0.000,0.000,0.000,0.000,0.000
14,2018,490,1458,SE,56008003,5600,8003,Sweden,Djurkliniken Farsta,Djurkliniken Farsta,Vets,Small animal,Sweden,Sweden,Nurse FTE,AQ,2018,0.000,0.000,0.000,0.000,0.000,0.000,5.700,5.200,6.400,7.000,5.300,5.300
14,2018,490,1458,SE,56008003,5600,8003,Sweden,Djurkliniken Farsta,Djurkliniken Farsta,Vets,Small animal,Sweden,Sweden,Nurse FTE,BDQTY,2018,0.000,0.000,0.000,0.000,0.000,0.000,0.000,0.000,0.000,0.000,0.000,0.000
14,2018,490,1458,SE,56008003,5600,8003,Sweden,Djurkliniken Farsta,Djurkliniken Farsta,Vets,Small animal,Sweden,Sweden,Support FTE,AQ,2018,0.000,0.000,0.000,0.000,0.000,0.000,2.000,2.000,2.000,1.000,0.100,2.000
14,2018,490,1458,SE,56008003,5600,8003,Sweden,Djurkliniken Farsta,Djurkliniken Farsta,Vets,Small animal,Sweden,Sweden,Support FTE,BDQTY,2018,0.000,0.000,0.000,0.000,0.000,0.000,0.000,0.000,0.000,0.000,0.000,0.000
14,2018,490,1458,SE,56008003,5600,8003,Sweden,Djurkliniken Farsta,Djurkliniken Farsta,Vets,Small animal,Sweden,Sweden,Vet FTE,AQ,2018,0.000,0.000,0.000,0.000,0.000,0.000,2.000,2.000,2.000,3.100,3.900,2.000
14,2018,490,1458,SE,56008003,5600,8003,Sweden,Djurkliniken Farsta,Djurkliniken Farsta,Vets,Small animal,Sweden,Sweden,Vet FTE,BDQTY,2018,0.000,0.000,0.000,0.000,0.000,0.000,0.000,0.000,0.000,0.000,0.000,0.000
14,2018,490,1459,SE,56008004,5600,8004,Sweden,Djurkliniken Gefle,Djurkliniken Gefle,Vets,Small animal,Sweden,Sweden,Head Office FTE,BDQTY,2018,0.000,0.000,0.000,0.000,0.000,0.000,0.000,0.000,0.000,0.000,0.000,0.000
14,2018,490,1459,SE,56008004,5600,8004,Sweden,Djurkliniken Gefle,Djurkliniken Gefle,Vets,Small animal,Sweden,Sweden,Locum Nurse FTE,BDQTY,2018,0.000,0.000,0.000,0.000,0.000,0.000,0.000,0.000,0.000,0.000,0.000,0.000
14,2018,490,1459,SE,56008004,5600,8004,Sweden,Djurkliniken Gefle,Djurkliniken Gefle,Vets,Small animal,Sweden,Sweden,Locum Vet FTE,BDQTY,2018,0.000,0.000,0.000,0.000,0.000,0.000,0.000,0.000,0.000,0.000,0.000,0.000
14,2018,490,1459,SE,56008004,5600,8004,Sweden,Djurkliniken Gefle,Djurkliniken Gefle,Vets,Small animal,Sweden,Sweden,Nurse FTE,AQ,2018,0.000,0.000,0.000,0.000,0.000,0.000,13.700,12.700,14.400,10.900,9.700,14.900
14,2018,490,1459,SE,56008004,5600,8004,Sweden,Djurkliniken Gefle,Djurkliniken Gefle,Vets,Small animal,Sweden,Sweden,Nurse FTE,BDQTY,2018,0.000,0.000,0.000,0.000,0.000,0.000,0.000,0.000,0.000,0.000,0.000,0.000
14,2018,490,1459,SE,56008004,5600,8004,Sweden,Djurkliniken Gefle,Djurkliniken Gefle,Vets,Small animal,Sweden,Sweden,Support FTE,AQ,2018,0.000,0.000,0.000,0.000,0.000,0.000,5.000,5.000,5.000,7.900,5.900,4.000
14,2018,490,1459,SE,56008004,5600,8004,Sweden,Djurkliniken Gefle,Djurkliniken Gefle,Vets,Small animal,Sweden,Sweden,Support FTE,BDQTY,2018,0.000,0.000,0.000,0.000,0.000,0.000,0.000,0.000,0.000,0.000,0.000,0.000
14,2018,490,1459,SE,56008004,5600,8004,Sweden,Djurkliniken Gefle,Djurkliniken Gefle,Vets,Small animal,Sweden,Sweden,Vet FTE,AQ,2018,0.000,0.000,0.000,0.000,0.000,0.000,6.700,6.800,6.900,9.600,8.800,5.500
14,2018,490,1459,SE,56008004,5600,8004,Sweden,Djurkliniken Gefle,Djurkliniken Gefle,Vets,Small animal,Sweden,Sweden,Vet FTE,BDQTY,2018,0.000,0.000,0.000,0.000,0.000,0.000,0.000,0.000,0.000,0.000,0.000,0.000
14,2018,490,1460,SE,56008005,5600,8005,Sweden,Djurkliniken Nacka,Djurkliniken Nacka,Vets,Small animal,Sweden,Sweden,Head Office FTE,BDQTY,2018,0.000,0.000,0.000,0.000,0.000,0.000,0.000,0.000,0.000,0.000,0.000,0.000
14,2018,490,1460,SE,56008005,5600,8005,Sweden,Djurkliniken Nacka,Djurkliniken Nacka,Vets,Small animal,Sweden,Sweden,Locum Nurse FTE,BDQTY,2018,0.000,0.000,0.000,0.000,0.000,0.000,0.000,0.000,0.000,0.000,0.000,0.000
14,2018,490,1460,SE,56008005,5600,8005,Sweden,Djurkliniken Nacka,Djurkliniken Nacka,Vets,Small animal,Sweden,Sweden,Locum Vet FTE,BDQTY,2018,0.000,0.000,0.000,0.000,0.000,0.000,0.000,0.000,0.000,0.000,0.000,0.000
14,2018,490,1460,SE,56008005,5600,8005,Sweden,Djurkliniken Nacka,Djurkliniken Nacka,Vets,Small animal,Sweden,Sweden,Nurse FTE,AQ,2018,0.000,0.000,0.000,0.000,0.000,0.000,9.700,10.400,12.500,9.100,9.200,12.400
14,2018,490,1460,SE,56008005,5600,8005,Sweden,Djurkliniken Nacka,Djurkliniken Nacka,Vets,Small animal,Sweden,Sweden,Nurse FTE,BDQTY,2018,0.000,0.000,0.000,0.000,0.000,0.000,0.000,0.000,0.000,0.000,0.000,0.000
14,2018,490,1460,SE,56008005,5600,8005,Sweden,Djurkliniken Nacka,Djurkliniken Nacka,Vets,Small animal,Sweden,Sweden,Support FTE,AQ,2018,0.000,0.000,0.000,0.000,0.000,0.000,3.300,3.300,3.300,4.700,4.700,3.300
14,2018,490,1460,SE,56008005,5600,8005,Sweden,Djurkliniken Nacka,Djurkliniken Nacka,Vets,Small animal,Sweden,Sweden,Support FTE,BDQTY,2018,0.000,0.000,0.000,0.000,0.000,0.000,0.000,0.000,0.000,0.000,0.000,0.000
14,2018,490,1460,SE,56008005,5600,8005,Sweden,Djurkliniken Nacka,Djurkliniken Nacka,Vets,Small animal,Sweden,Sweden,Vet FTE,AQ,2018,0.000,0.000,0.000,0.000,0.000,0.000,6.200,6.200,6.200,9.400,8.400,6.700
14,2018,490,1460,SE,56008005,5600,8005,Sweden,Djurkliniken Nacka,Djurkliniken Nacka,Vets,Small animal,Sweden,Sweden,Vet FTE,BDQTY,2018,0.000,0.000,0.000,0.000,0.000,0.000,0.000,0.000,0.000,0.000,0.000,0.000
14,2018,490,1461,SE,56008006,5600,8006,Sweden,Djurkliniken Nyköping,Djurkliniken Nyköpin,Vets,Small animal,Sweden,Sweden,Head Office FTE,BDQTY,2018,0.000,0.000,0.000,0.000,0.000,0.000,0.000,0.000,0.000,0.000,0.000,0.000
14,2018,490,1461,SE,56008006,5600,8006,Sweden,Djurkliniken Nyköping,Djurkliniken Nyköpin,Vets,Small animal,Sweden,Sweden,Locum Nurse FTE,BDQTY,2018,0.000,0.000,0.000,0.000,0.000,0.000,0.000,0.000,0.000,0.000,0.000,0.000
14,2018,490,1461,SE,56008006,5600,8006,Sweden,Djurkliniken Nyköping,Djurkliniken Nyköpin,Vets,Small animal,Sweden,Sweden,Locum Vet FTE,BDQTY,2018,0.000,0.000,0.000,0.000,0.000,0.000,0.000,0.000,0.000,0.000,0.000,0.000
14,2018,490,1461,SE,56008006,5600,8006,Sweden,Djurkliniken Nyköping,Djurkliniken Nyköpin,Vets,Small animal,Sweden,Sweden,Nurse FTE,AQ,2018,0.000,0.000,0.000,0.000,0.000,0.000,4.700,4.600,5.900,8.100,7.500,5.400
14,2018,490,1461,SE,56008006,5600,8006,Sweden,Djurkliniken Nyköping,Djurkliniken Nyköpin,Vets,Small animal,Sweden,Sweden,Nurse FTE,BDQTY,2018,0.000,0.000,0.000,0.000,0.000,0.000,0.000,0.000,0.000,0.000,0.000,0.000
14,2018,490,1461,SE,56008006,5600,8006,Sweden,Djurkliniken Nyköping,Djurkliniken Nyköpin,Vets,Small animal,Sweden,Sweden,Support FTE,AQ,2018,0.000,0.000,0.000,0.000,0.000,0.000,3.000,3.000,3.000,0.600,0.600,3.000
14,2018,490,1461,SE,56008006,5600,8006,Sweden,Djurkliniken Nyköping,Djurkliniken Nyköpin,Vets,Small animal,Sweden,Sweden,Support FTE,BDQTY,2018,0.000,0.000,0.000,0.000,0.000,0.000,0.000,0.000,0.000,0.000,0.000,0.000
14,2018,490,1461,SE,56008006,5600,8006,Sweden,Djurkliniken Nyköping,Djurkliniken Nyköpin,Vets,Small animal,Sweden,Sweden,Vet FTE,AQ,2018,0.000,0.000,0.000,0.000,0.000,0.000,2.500,2.400,1.500,2.600,1.800,1.600
14,2018,490,1461,SE,56008006,5600,8006,Sweden,Djurkliniken Nyköping,Djurkliniken Nyköpin,Vets,Small animal,Sweden,Sweden,Vet FTE,BDQTY,2018,0.000,0.000,0.000,0.000,0.000,0.000,0.000,0.000,0.000,0.000,0.000,0.000
14,2018,490,1462,SE,56008007,5600,8007,Sweden,Djurkliniken Roslagstull,Djurkliniken Roslags,Vets,Small animal,Sweden,Sweden,Head Office FTE,BDQTY,2018,0.000,0.000,0.000,0.000,0.000,0.000,0.000,0.000,0.000,0.000,0.000,0.000
14,2018,490,1462,SE,56008007,5600,8007,Sweden,Djurkliniken Roslagstull,Djurkliniken Roslags,Vets,Small animal,Sweden,Sweden,Locum Nurse FTE,BDQTY,2018,0.000,0.000,0.000,0.000,0.000,0.000,0.000,0.000,0.000,0.000,0.000,0.000
14,2018,490,1462,SE,56008007,5600,8007,Sweden,Djurkliniken Roslagstull,Djurkliniken Roslags,Vets,Small animal,Sweden,Sweden,Locum Vet FTE,BDQTY,2018,0.000,0.000,0.000,0.000,0.000,0.000,0.000,0.000,0.000,0.000,0.000,0.000
14,2018,490,1462,SE,56008007,5600,8007,Sweden,Djurkliniken Roslagstull,Djurkliniken Roslags,Vets,Small animal,Sweden,Sweden,Nurse FTE,AQ,2018,0.000,0.000,0.000,0.000,0.000,0.000,8.400,8.500,9.300,11.200,11.000,8.400
14,2018,490,1462,SE,56008007,5600,8007,Sweden,Djurkliniken Roslagstull,Djurkliniken Roslags,Vets,Small animal,Sweden,Sweden,Nurse FTE,BDQTY,2018,0.000,0.000,0.000,0.000,0.000,0.000,0.000,0.000,0.000,0.000,0.000,0.000
14,2018,490,1462,SE,56008007,5600,8007,Sweden,Djurkliniken Roslagstull,Djurkliniken Roslags,Vets,Small animal,Sweden,Sweden,Support FTE,AQ,2018,0.000,0.000,0.000,0.000,0.000,0.000,2.000,2.200,2.000,1.600,1.600,2.000
14,2018,490,1462,SE,56008007,5600,8007,Sweden,Djurkliniken Roslagstull,Djurkliniken Roslags,Vets,Small animal,Sweden,Sweden,Support FTE,BDQTY,2018,0.000,0.000,0.000,0.000,0.000,0.000,0.000,0.000,0.000,0.000,0.000,0.000
14,2018,490,1462,SE,56008007,5600,8007,Sweden,Djurkliniken Roslagstull,Djurkliniken Roslags,Vets,Small animal,Sweden,Sweden,Vet FTE,AQ,2018,0.000,0.000,0.000,0.000,0.000,0.000,5.800,5.800,5.800,5.100,3.500,5.800
14,2018,490,1462,SE,56008007,5600,8007,Sweden,Djurkliniken Roslagstull,Djurkliniken Roslags,Vets,Small animal,Sweden,Sweden,Vet FTE,BDQTY,2018,0.000,0.000,0.000,0.000,0.000,0.000,0.000,0.000,0.000,0.000,0.000,0.000
14,2018,490,1463,SE,56008008,5600,8008,Sweden,Djurkliniken Sandviken,Djurkliniken Sandvik,Vets,Small animal,Sweden,Sweden,Head Office FTE,BDQTY,2018,0.000,0.000,0.000,0.000,0.000,0.000,0.000,0.000,0.000,0.000,0.000,0.000
14,2018,490,1463,SE,56008008,5600,8008,Sweden,Djurkliniken Sandviken,Djurkliniken Sandvik,Vets,Small animal,Sweden,Sweden,Locum Nurse FTE,BDQTY,2018,0.000,0.000,0.000,0.000,0.000,0.000,0.000,0.000,0.000,0.000,0.000,0.000
14,2018,490,1463,SE,56008008,5600,8008,Sweden,Djurkliniken Sandviken,Djurkliniken Sandvik,Vets,Small animal,Sweden,Sweden,Locum Vet FTE,BDQTY,2018,0.000,0.000,0.000,0.000,0.000,0.000,0.000,0.000,0.000,0.000,0.000,0.000
14,2018,490,1463,SE,56008008,5600,8008,Sweden,Djurkliniken Sandviken,Djurkliniken Sandvik,Vets,Small animal,Sweden,Sweden,Nurse FTE,BDQTY,2018,0.000,0.000,0.000,0.000,0.000,0.000,0.000,0.000,0.000,0.000,0.000,0.000
14,2018,490,1463,SE,56008008,5600,8008,Sweden,Djurkliniken Sandviken,Djurkliniken Sandvik,Vets,Small animal,Sweden,Sweden,Support FTE,BDQTY,2018,0.000,0.000,0.000,0.000,0.000,0.000,0.000,0.000,0.000,0.000,0.000,0.000
14,2018,490,1463,SE,56008008,5600,8008,Sweden,Djurkliniken Sandviken,Djurkliniken Sandvik,Vets,Small animal,Sweden,Sweden,Vet FTE,BDQTY,2018,0.000,0.000,0.000,0.000,0.000,0.000,0.000,0.000,0.000,0.000,0.000,0.000
14,2018,490,1464,SE,56008009,5600,8009,Sweden,Djurkliniken Åkersberga,Djurkliniken Åkersbe,Vets,Small animal,Sweden,Sweden,Head Office FTE,BDQTY,2018,0.000,0.000,0.000,0.000,0.000,0.000,0.000,0.000,0.000,0.000,0.000,0.000
14,2018,490,1464,SE,56008009,5600,8009,Sweden,Djurkliniken Åkersberga,Djurkliniken Åkersbe,Vets,Small animal,Sweden,Sweden,Locum Nurse FTE,BDQTY,2018,0.000,0.000,0.000,0.000,0.000,0.000,0.000,0.000,0.000,0.000,0.000,0.000
14,2018,490,1464,SE,56008009,5600,8009,Sweden,Djurkliniken Åkersberga,Djurkliniken Åkersbe,Vets,Small animal,Sweden,Sweden,Locum Vet FTE,BDQTY,2018,0.000,0.000,0.000,0.000,0.000,0.000,0.000,0.000,0.000,0.000,0.000,0.000
14,2018,490,1464,SE,56008009,5600,8009,Sweden,Djurkliniken Åkersberga,Djurkliniken Åkersbe,Vets,Small animal,Sweden,Sweden,Nurse FTE,AQ,2018,0.000,0.000,0.000,0.000,0.000,0.000,2.700,2.700,2.700,0.900,0.900,2.700
14,2018,490,1464,SE,56008009,5600,8009,Sweden,Djurkliniken Åkersberga,Djurkliniken Åkersbe,Vets,Small animal,Sweden,Sweden,Nurse FTE,BDQTY,2018,0.000,0.000,0.000,0.000,0.000,0.000,0.000,0.000,0.000,0.000,0.000,0.000
14,2018,490,1464,SE,56008009,5600,8009,Sweden,Djurkliniken Åkersberga,Djurkliniken Åkersbe,Vets,Small animal,Sweden,Sweden,Support FTE,AQ,2018,0.000,0.000,0.000,0.000,0.000,0.000,1.000,1.000,1.000,1.000,1.000,1.000
14,2018,490,1464,SE,56008009,5600,8009,Sweden,Djurkliniken Åkersberga,Djurkliniken Åkersbe,Vets,Small animal,Sweden,Sweden,Support FTE,BDQTY,2018,0.000,0.000,0.000,0.000,0.000,0.000,0.000,0.000,0.000,0.000,0.000,0.000
14,2018,490,1464,SE,56008009,5600,8009,Sweden,Djurkliniken Åkersberga,Djurkliniken Åkersbe,Vets,Small animal,Sweden,Sweden,Vet FTE,AQ,2018,0.000,0.000,0.000,0.000,0.000,0.000,0.000,0.000,0.000,1.800,1.800,0.000
14,2018,490,1464,SE,56008009,5600,8009,Sweden,Djurkliniken Åkersberga,Djurkliniken Åkersbe,Vets,Small animal,Sweden,Sweden,Vet FTE,BDQTY,2018,0.000,0.000,0.000,0.000,0.000,0.000,0.000,0.000,0.000,0.000,0.000,0.000
14,2018,490,1465,SE,56008010,5600,8010,Sweden,Djursjukhuset Södra,Djursjukhuset Södra,Vets,Small animal,Sweden,Sweden,Head Office FTE,BDQTY,2018,0.000,0.000,0.000,0.000,0.000,0.000,0.000,0.000,0.000,0.000,0.000,0.000
14,2018,490,1465,SE,56008010,5600,8010,Sweden,Djursjukhuset Södra,Djursjukhuset Södra,Vets,Small animal,Sweden,Sweden,Locum Nurse FTE,BDQTY,2018,0.000,0.000,0.000,0.000,0.000,0.000,0.000,0.000,0.000,0.000,0.000,0.000
14,2018,490,1465,SE,56008010,5600,8010,Sweden,Djursjukhuset Södra,Djursjukhuset Södra,Vets,Small animal,Sweden,Sweden,Locum Vet FTE,BDQTY,2018,0.000,0.000,0.000,0.000,0.000,0.000,0.000,0.000,0.000,0.000,0.000,0.000
14,2018,490,1465,SE,56008010,5600,8010,Sweden,Djursjukhuset Södra,Djursjukhuset Södra,Vets,Small animal,Sweden,Sweden,Nurse FTE,AQ,2018,0.000,0.000,0.000,0.000,0.000,0.000,63.700,65.200,69.900,76.900,72.900,68.200
14,2018,490,1465,SE,56008010,5600,8010,Sweden,Djursjukhuset Södra,Djursjukhuset Södra,Vets,Small animal,Sweden,Sweden,Nurse FTE,BDQTY,2018,0.000,0.000,0.000,0.000,0.000,0.000,0.000,0.000,0.000,0.000,0.000,0.000
14,2018,490,1465,SE,56008010,5600,8010,Sweden,Djursjukhuset Södra,Djursjukhuset Södra,Vets,Small animal,Sweden,Sweden,Support FTE,AQ,2018,0.000,0.000,0.000,0.000,0.000,0.000,16.100,15.900,15.700,16.000,16.000,19.200
14,2018,490,1465,SE,56008010,5600,8010,Sweden,Djursjukhuset Södra,Djursjukhuset Södra,Vets,Small animal,Sweden,Sweden,Support FTE,BDQTY,2018,0.000,0.000,0.000,0.000,0.000,0.000,0.000,0.000,0.000,0.000,0.000,0.000
14,2018,490,1465,SE,56008010,5600,8010,Sweden,Djursjukhuset Södra,Djursjukhuset Södra,Vets,Small animal,Sweden,Sweden,Vet FTE,AQ,2018,0.000,0.000,0.000,0.000,0.000,0.000,39.700,40.600,42.100,40.800,42.800,44.300
14,2018,490,1465,SE,56008010,5600,8010,Sweden,Djursjukhuset Södra,Djursjukhuset Södra,Vets,Small animal,Sweden,Sweden,Vet FTE,BDQTY,2018,0.000,0.000,0.000,0.000,0.000,0.000,0.000,0.000,0.000,0.000,0.000,0.000
14,2018,490,1466,SE,56008011,5600,8011,Sweden,Djursjukhuset Västerort,Djursjukhuset Väster,Vets,Small animal,Sweden,Sweden,Head Office FTE,BDQTY,2018,0.000,0.000,0.000,0.000,0.000,0.000,0.000,0.000,0.000,0.000,0.000,0.000
14,2018,490,1466,SE,56008011,5600,8011,Sweden,Djursjukhuset Västerort,Djursjukhuset Väster,Vets,Small animal,Sweden,Sweden,Locum Nurse FTE,BDQTY,2018,0.000,0.000,0.000,0.000,0.000,0.000,0.000,0.000,0.000,0.000,0.000,0.000
14,2018,490,1466,SE,56008011,5600,8011,Sweden,Djursjukhuset Västerort,Djursjukhuset Väster,Vets,Small animal,Sweden,Sweden,Locum Vet FTE,BDQTY,2018,0.000,0.000,0.000,0.000,0.000,0.000,0.000,0.000,0.000,0.000,0.000,0.000
14,2018,490,1466,SE,56008011,5600,8011,Sweden,Djursjukhuset Västerort,Djursjukhuset Väster,Vets,Small animal,Sweden,Sweden,Nurse FTE,AQ,2018,0.000,0.000,0.000,0.000,0.000,0.000,11.000,11.300,14.500,25.400,23.600,15.000
14,2018,490,1466,SE,56008011,5600,8011,Sweden,Djursjukhuset Västerort,Djursjukhuset Väster,Vets,Small animal,Sweden,Sweden,Nurse FTE,BDQTY,2018,0.000,0.000,0.000,0.000,0.000,0.000,0.000,0.000,0.000,0.000,0.000,0.000
14,2018,490,1466,SE,56008011,5600,8011,Sweden,Djursjukhuset Västerort,Djursjukhuset Väster,Vets,Small animal,Sweden,Sweden,Support FTE,AQ,2018,0.000,0.000,0.000,0.000,0.000,0.000,2.900,3.800,4.400,4.000,4.000,4.800
14,2018,490,1466,SE,56008011,5600,8011,Sweden,Djursjukhuset Västerort,Djursjukhuset Väster,Vets,Small animal,Sweden,Sweden,Support FTE,BDQTY,2018,0.000,0.000,0.000,0.000,0.000,0.000,0.000,0.000,0.000,0.000,0.000,0.000
14,2018,490,1466,SE,56008011,5600,8011,Sweden,Djursjukhuset Västerort,Djursjukhuset Väster,Vets,Small animal,Sweden,Sweden,Vet FTE,AQ,2018,0.000,0.000,0.000,0.000,0.000,0.000,9.700,9.500,10.500,3.000,2.700,10.500
14,2018,490,1466,SE,56008011,5600,8011,Sweden,Djursjukhuset Västerort,Djursjukhuset Väster,Vets,Small animal,Sweden,Sweden,Vet FTE,BDQTY,2018,0.000,0.000,0.000,0.000,0.000,0.000,0.000,0.000,0.000,0.000,0.000,0.000
14,2018,490,1467,SE,56008012,5600,8012,Sweden,Djurdoktorn Mälardalen,Djurdoktorn Mälardal,Vets,Small animal,Sweden,Sweden,Head Office FTE,BDQTY,2018,0.000,0.000,0.000,0.000,0.000,0.000,0.000,0.000,0.000,0.000,0.000,0.000
14,2018,490,1467,SE,56008012,5600,8012,Sweden,Djurdoktorn Mälardalen,Djurdoktorn Mälardal,Vets,Small animal,Sweden,Sweden,Locum Nurse FTE,BDQTY,2018,0.000,0.000,0.000,0.000,0.000,0.000,0.000,0.000,0.000,0.000,0.000,0.000
14,2018,490,1467,SE,56008012,5600,8012,Sweden,Djurdoktorn Mälardalen,Djurdoktorn Mälardal,Vets,Small animal,Sweden,Sweden,Locum Vet FTE,BDQTY,2018,0.000,0.000,0.000,0.000,0.000,0.000,0.000,0.000,0.000,0.000,0.000,0.000
14,2018,490,1467,SE,56008012,5600,8012,Sweden,Djurdoktorn Mälardalen,Djurdoktorn Mälardal,Vets,Small animal,Sweden,Sweden,Nurse FTE,AQ,2018,0.000,0.000,0.000,0.000,0.000,0.000,4.900,5.400,8.200,6.200,6.200,7.300
14,2018,490,1467,SE,56008012,5600,8012,Sweden,Djurdoktorn Mälardalen,Djurdoktorn Mälardal,Vets,Small animal,Sweden,Sweden,Nurse FTE,BDQTY,2018,0.000,0.000,0.000,0.000,0.000,0.000,0.000,0.000,0.000,0.000,0.000,0.000
14,2018,490,1467,SE,56008012,5600,8012,Sweden,Djurdoktorn Mälardalen,Djurdoktorn Mälardal,Vets,Small animal,Sweden,Sweden,Support FTE,AQ,2018,0.000,0.000,0.000,0.000,0.000,0.000,0.000,0.000,0.000,3.200,3.200,0.000
14,2018,490,1467,SE,56008012,5600,8012,Sweden,Djurdoktorn Mälardalen,Djurdoktorn Mälardal,Vets,Small animal,Sweden,Sweden,Support FTE,BDQTY,2018,0.000,0.000,0.000,0.000,0.000,0.000,0.000,0.000,0.000,0.000,0.000,0.000
14,2018,490,1467,SE,56008012,5600,8012,Sweden,Djurdoktorn Mälardalen,Djurdoktorn Mälardal,Vets,Small animal,Sweden,Sweden,Vet FTE,AQ,2018,0.000,0.000,0.000,0.000,0.000,0.000,3.400,3.400,3.400,1.500,1.300,3.400
14,2018,490,1467,SE,56008012,5600,8012,Sweden,Djurdoktorn Mälardalen,Djurdoktorn Mälardal,Vets,Small animal,Sweden,Sweden,Vet FTE,BDQTY,2018,0.000,0.000,0.000,0.000,0.000,0.000,0.000,0.000,0.000,0.000,0.000,0.000
14,2018,490,1468,SE,56008013,5600,8013,Sweden,Djurkliniken Eskilstuna,Djurkliniken Eskilst,Vets,Small animal,Sweden,Sweden,Head Office FTE,BDQTY,2018,0.000,0.000,0.000,0.000,0.000,0.000,0.000,0.000,0.000,0.000,0.000,0.000
14,2018,490,1468,SE,56008013,5600,8013,Sweden,Djurkliniken Eskilstuna,Djurkliniken Eskilst,Vets,Small animal,Sweden,Sweden,Locum Nurse FTE,BDQTY,2018,0.000,0.000,0.000,0.000,0.000,0.000,0.000,0.000,0.000,0.000,0.000,0.000
14,2018,490,1468,SE,56008013,5600,8013,Sweden,Djurkliniken Eskilstuna,Djurkliniken Eskilst,Vets,Small animal,Sweden,Sweden,Locum Vet FTE,BDQTY,2018,0.000,0.000,0.000,0.000,0.000,0.000,0.000,0.000,0.000,0.000,0.000,0.000
14,2018,490,1468,SE,56008013,5600,8013,Sweden,Djurkliniken Eskilstuna,Djurkliniken Eskilst,Vets,Small animal,Sweden,Sweden,Nurse FTE,AQ,2018,0.000,0.000,0.000,0.000,0.000,0.000,7.800,6.600,7.800,8.900,8.700,8.200
14,2018,490,1468,SE,56008013,5600,8013,Sweden,Djurkliniken Eskilstuna,Djurkliniken Eskilst,Vets,Small animal,Sweden,Sweden,Nurse FTE,BDQTY,2018,0.000,0.000,0.000,0.000,0.000,0.000,0.000,0.000,0.000,0.000,0.000,0.000
14,2018,490,1468,SE,56008013,5600,8013,Sweden,Djurkliniken Eskilstuna,Djurkliniken Eskilst,Vets,Small animal,Sweden,Sweden,Support FTE,AQ,2018,0.000,0.000,0.000,0.000,0.000,0.000,0.400,0.600,0.600,1.100,1.100,0.600
14,2018,490,1468,SE,56008013,5600,8013,Sweden,Djurkliniken Eskilstuna,Djurkliniken Eskilst,Vets,Small animal,Sweden,Sweden,Support FTE,BDQTY,2018,0.000,0.000,0.000,0.000,0.000,0.000,0.000,0.000,0.000,0.000,0.000,0.000
14,2018,490,1468,SE,56008013,5600,8013,Sweden,Djurkliniken Eskilstuna,Djurkliniken Eskilst,Vets,Small animal,Sweden,Sweden,Vet FTE,AQ,2018,0.000,0.000,0.000,0.000,0.000,0.000,2.400,2.400,3.300,3.000,2.200,3.200
14,2018,490,1468,SE,56008013,5600,8013,Sweden,Djurkliniken Eskilstuna,Djurkliniken Eskilst,Vets,Small animal,Sweden,Sweden,Vet FTE,BDQTY,2018,0.000,0.000,0.000,0.000,0.000,0.000,0.000,0.000,0.000,0.000,0.000,0.000
14,2018,490,1469,SE,56008014,5600,8014,Sweden,Djurkliniken Köping,Djurkliniken Köping,Vets,Small animal,Sweden,Sweden,Head Office FTE,BDQTY,2018,0.000,0.000,0.000,0.000,0.000,0.000,0.000,0.000,0.000,0.000,0.000,0.000
14,2018,490,1469,SE,56008014,5600,8014,Sweden,Djurkliniken Köping,Djurkliniken Köping,Vets,Small animal,Sweden,Sweden,Locum Nurse FTE,BDQTY,2018,0.000,0.000,0.000,0.000,0.000,0.000,0.000,0.000,0.000,0.000,0.000,0.000
14,2018,490,1469,SE,56008014,5600,8014,Sweden,Djurkliniken Köping,Djurkliniken Köping,Vets,Small animal,Sweden,Sweden,Locum Vet FTE,BDQTY,2018,0.000,0.000,0.000,0.000,0.000,0.000,0.000,0.000,0.000,0.000,0.000,0.000
14,2018,490,1469,SE,56008014,5600,8014,Sweden,Djurkliniken Köping,Djurkliniken Köping,Vets,Small animal,Sweden,Sweden,Nurse FTE,AQ,2018,0.000,0.000,0.000,0.000,0.000,0.000,4.200,4.200,4.500,2.600,2.600,4.500
14,2018,490,1469,SE,56008014,5600,8014,Sweden,Djurkliniken Köping,Djurkliniken Köping,Vets,Small animal,Sweden,Sweden,Nurse FTE,BDQTY,2018,0.000,0.000,0.000,0.000,0.000,0.000,0.000,0.000,0.000,0.000,0.000,0.000
14,2018,490,1469,SE,56008014,5600,8014,Sweden,Djurkliniken Köping,Djurkliniken Köping,Vets,Small animal,Sweden,Sweden,Support FTE,AQ,2018,0.000,0.000,0.000,0.000,0.000,0.000,0.300,0.300,0.300,0.000,0.000,0.300
14,2018,490,1469,SE,56008014,5600,8014,Sweden,Djurkliniken Köping,Djurkliniken Köping,Vets,Small animal,Sweden,Sweden,Support FTE,BDQTY,2018,0.000,0.000,0.000,0.000,0.000,0.000,0.000,0.000,0.000,0.000,0.000,0.000
14,2018,490,1469,SE,56008014,5600,8014,Sweden,Djurkliniken Köping,Djurkliniken Köping,Vets,Small animal,Sweden,Sweden,Vet FTE,AQ,2018,0.000,0.000,0.000,0.000,0.000,0.000,1.000,1.000,1.000,3.200,3.200,1.000
14,2018,490,1469,SE,56008014,5600,8014,Sweden,Djurkliniken Köping,Djurkliniken Köping,Vets,Small animal,Sweden,Sweden,Vet FTE,BDQTY,2018,0.000,0.000,0.000,0.000,0.000,0.000,0.000,0.000,0.000,0.000,0.000,0.000
14,2018,490,1470,SE,56008015,5600,8015,Sweden,Djurkliniken Västerås,Djurkliniken Västerå,Vets,Small animal,Sweden,Sweden,Head Office FTE,BDQTY,2018,0.000,0.000,0.000,0.000,0.000,0.000,0.000,0.000,0.000,0.000,0.000,0.000
14,2018,490,1470,SE,56008015,5600,8015,Sweden,Djurkliniken Västerås,Djurkliniken Västerå,Vets,Small animal,Sweden,Sweden,Locum Nurse FTE,BDQTY,2018,0.000,0.000,0.000,0.000,0.000,0.000,0.000,0.000,0.000,0.000,0.000,0.000
14,2018,490,1470,SE,56008015,5600,8015,Sweden,Djurkliniken Västerås,Djurkliniken Västerå,Vets,Small animal,Sweden,Sweden,Locum Vet FTE,BDQTY,2018,0.000,0.000,0.000,0.000,0.000,0.000,0.000,0.000,0.000,0.000,0.000,0.000
14,2018,490,1470,SE,56008015,5600,8015,Sweden,Djurkliniken Västerås,Djurkliniken Västerå,Vets,Small animal,Sweden,Sweden,Nurse FTE,AQ,2018,0.000,0.000,0.000,0.000,0.000,0.000,8.400,7.800,9.100,8.300,7.500,9.400
14,2018,490,1470,SE,56008015,5600,8015,Sweden,Djurkliniken Västerås,Djurkliniken Västerå,Vets,Small animal,Sweden,Sweden,Nurse FTE,BDQTY,2018,0.000,0.000,0.000,0.000,0.000,0.000,0.000,0.000,0.000,0.000,0.000,0.000
14,2018,490,1470,SE,56008015,5600,8015,Sweden,Djurkliniken Västerås,Djurkliniken Västerå,Vets,Small animal,Sweden,Sweden,Support FTE,AQ,2018,0.000,0.000,0.000,0.000,0.000,0.000,0.200,0.200,0.200,2.000,2.000,0.200
14,2018,490,1470,SE,56008015,5600,8015,Sweden,Djurkliniken Västerås,Djurkliniken Västerå,Vets,Small animal,Sweden,Sweden,Support FTE,BDQTY,2018,0.000,0.000,0.000,0.000,0.000,0.000,0.000,0.000,0.000,0.000,0.000,0.000
14,2018,490,1470,SE,56008015,5600,8015,Sweden,Djurkliniken Västerås,Djurkliniken Västerå,Vets,Small animal,Sweden,Sweden,Vet FTE,AQ,2018,0.000,0.000,0.000,0.000,0.000,0.000,5.100,5.100,5.100,4.800,5.000,5.100
14,2018,490,1470,SE,56008015,5600,8015,Sweden,Djurkliniken Västerås,Djurkliniken Västerå,Vets,Small animal,Sweden,Sweden,Vet FTE,BDQTY,2018,0.000,0.000,0.000,0.000,0.000,0.000,0.000,0.000,0.000,0.000,0.000,0.000
14,2018,490,1471,SE,56008016,5600,8016,Sweden,Specialistdjursjukhuset Ströms,Specialistdjursjukhu,Vets,Small animal,Sweden,Sweden,Head Office FTE,BDQTY,2018,0.000,0.000,0.000,0.000,0.000,0.000,0.000,0.000,0.000,0.000,0.000,0.000
14,2018,490,1471,SE,56008016,5600,8016,Sweden,Specialistdjursjukhuset Ströms,Specialistdjursjukhu,Vets,Small animal,Sweden,Sweden,Locum Nurse FTE,BDQTY,2018,0.000,0.000,0.000,0.000,0.000,0.000,0.000,0.000,0.000,0.000,0.000,0.000
14,2018,490,1471,SE,56008016,5600,8016,Sweden,Specialistdjursjukhuset Ströms,Specialistdjursjukhu,Vets,Small animal,Sweden,Sweden,Locum Vet FTE,BDQTY,2018,0.000,0.000,0.000,0.000,0.000,0.000,0.000,0.000,0.000,0.000,0.000,0.000
14,2018,490,1471,SE,56008016,5600,8016,Sweden,Specialistdjursjukhuset Ströms,Specialistdjursjukhu,Vets,Small animal,Sweden,Sweden,Nurse FTE,AQ,2018,0.000,0.000,0.000,0.000,0.000,0.000,66.900,65.900,72.800,82.500,79.000,73.900
14,2018,490,1471,SE,56008016,5600,8016,Sweden,Specialistdjursjukhuset Ströms,Specialistdjursjukhu,Vets,Small animal,Sweden,Sweden,Nurse FTE,BDQTY,2018,0.000,0.000,0.000,0.000,0.000,0.000,0.000,0.000,0.000,0.000,0.000,0.000
14,2018,490,1471,SE,56008016,5600,8016,Sweden,Specialistdjursjukhuset Ströms,Specialistdjursjukhu,Vets,Small animal,Sweden,Sweden,Support FTE,AQ,2018,0.000,0.000,0.000,0.000,0.000,0.000,29.000,28.700,33.200,22.800,20.600,30.000
14,2018,490,1471,SE,56008016,5600,8016,Sweden,Specialistdjursjukhuset Ströms,Specialistdjursjukhu,Vets,Small animal,Sweden,Sweden,Support FTE,BDQTY,2018,0.000,0.000,0.000,0.000,0.000,0.000,0.000,0.000,0.000,0.000,0.000,0.000
14,2018,490,1471,SE,56008016,5600,8016,Sweden,Specialistdjursjukhuset Ströms,Specialistdjursjukhu,Vets,Small animal,Sweden,Sweden,Vet FTE,AQ,2018,0.000,0.000,0.000,0.000,0.000,0.000,39.500,39.800,41.100,46.100,44.500,40.300
14,2018,490,1471,SE,56008016,5600,8016,Sweden,Specialistdjursjukhuset Ströms,Specialistdjursjukhu,Vets,Small animal,Sweden,Sweden,Vet FTE,BDQTY,2018,0.000,0.000,0.000,0.000,0.000,0.000,0.000,0.000,0.000,0.000,0.000,0.000
14,2018,490,1472,SE,56008017,5600,8017,Sweden,Djurkliniken Karlskoga,Djurkliniken Karlsko,Vets,Small animal,Sweden,Sweden,Head Office FTE,BDQTY,2018,0.000,0.000,0.000,0.000,0.000,0.000,0.000,0.000,0.000,0.000,0.000,0.000
14,2018,490,1472,SE,56008017,5600,8017,Sweden,Djurkliniken Karlskoga,Djurkliniken Karlsko,Vets,Small animal,Sweden,Sweden,Locum Nurse FTE,BDQTY,2018,0.000,0.000,0.000,0.000,0.000,0.000,0.000,0.000,0.000,0.000,0.000,0.000
14,2018,490,1472,SE,56008017,5600,8017,Sweden,Djurkliniken Karlskoga,Djurkliniken Karlsko,Vets,Small animal,Sweden,Sweden,Locum Vet FTE,BDQTY,2018,0.000,0.000,0.000,0.000,0.000,0.000,0.000,0.000,0.000,0.000,0.000,0.000
14,2018,490,1472,SE,56008017,5600,8017,Sweden,Djurkliniken Karlskoga,Djurkliniken Karlsko,Vets,Small animal,Sweden,Sweden,Nurse FTE,AQ,2018,0.000,0.000,0.000,0.000,0.000,0.000,12.300,12.300,13.300,13.500,12.800,13.700
14,2018,490,1472,SE,56008017,5600,8017,Sweden,Djurkliniken Karlskoga,Djurkliniken Karlsko,Vets,Small animal,Sweden,Sweden,Nurse FTE,BDQTY,2018,0.000,0.000,0.000,0.000,0.000,0.000,0.000,0.000,0.000,0.000,0.000,0.000
14,2018,490,1472,SE,56008017,5600,8017,Sweden,Djurkliniken Karlskoga,Djurkliniken Karlsko,Vets,Small animal,Sweden,Sweden,Support FTE,AQ,2018,0.000,0.000,0.000,0.000,0.000,0.000,1.000,1.000,1.000,1.800,1.800,1.000
14,2018,490,1472,SE,56008017,5600,8017,Sweden,Djurkliniken Karlskoga,Djurkliniken Karlsko,Vets,Small animal,Sweden,Sweden,Support FTE,BDQTY,2018,0.000,0.000,0.000,0.000,0.000,0.000,0.000,0.000,0.000,0.000,0.000,0.000
14,2018,490,1472,SE,56008017,5600,8017,Sweden,Djurkliniken Karlskoga,Djurkliniken Karlsko,Vets,Small animal,Sweden,Sweden,Vet FTE,AQ,2018,0.000,0.000,0.000,0.000,0.000,0.000,6.600,6.600,6.600,5.000,6.700,6.600
14,2018,490,1472,SE,56008017,5600,8017,Sweden,Djurkliniken Karlskoga,Djurkliniken Karlsko,Vets,Small animal,Sweden,Sweden,Vet FTE,BDQTY,2018,0.000,0.000,0.000,0.000,0.000,0.000,0.000,0.000,0.000,0.000,0.000,0.000
14,2018,490,1473,SE,56008018,5600,8018,Sweden,Djursjukhuset Karlstad,Djursjukhuset Karlst,Vets,Small animal,Sweden,Sweden,Head Office FTE,BDQTY,2018,0.000,0.000,0.000,0.000,0.000,0.000,0.000,0.000,0.000,0.000,0.000,0.000
14,2018,490,1473,SE,56008018,5600,8018,Sweden,Djursjukhuset Karlstad,Djursjukhuset Karlst,Vets,Small animal,Sweden,Sweden,Locum Nurse FTE,BDQTY,2018,0.000,0.000,0.000,0.000,0.000,0.000,0.000,0.000,0.000,0.000,0.000,0.000
14,2018,490,1473,SE,56008018,5600,8018,Sweden,Djursjukhuset Karlstad,Djursjukhuset Karlst,Vets,Small animal,Sweden,Sweden,Locum Vet FTE,BDQTY,2018,0.000,0.000,0.000,0.000,0.000,0.000,0.000,0.000,0.000,0.000,0.000,0.000
14,2018,490,1473,SE,56008018,5600,8018,Sweden,Djursjukhuset Karlstad,Djursjukhuset Karlst,Vets,Small animal,Sweden,Sweden,Nurse FTE,AQ,2018,0.000,0.000,0.000,0.000,0.000,0.000,30.400,30.100,30.500,27.000,26.800,33.200
14,2018,490,1473,SE,56008018,5600,8018,Sweden,Djursjukhuset Karlstad,Djursjukhuset Karlst,Vets,Small animal,Sweden,Sweden,Nurse FTE,BDQTY,2018,0.000,0.000,0.000,0.000,0.000,0.000,0.000,0.000,0.000,0.000,0.000,0.000
14,2018,490,1473,SE,56008018,5600,8018,Sweden,Djursjukhuset Karlstad,Djursjukhuset Karlst,Vets,Small animal,Sweden,Sweden,Support FTE,AQ,2018,0.000,0.000,0.000,0.000,0.000,0.000,9.900,10.800,10.900,10.100,9.600,11.500
14,2018,490,1473,SE,56008018,5600,8018,Sweden,Djursjukhuset Karlstad,Djursjukhuset Karlst,Vets,Small animal,Sweden,Sweden,Support FTE,BDQTY,2018,0.000,0.000,0.000,0.000,0.000,0.000,0.000,0.000,0.000,0.000,0.000,0.000
14,2018,490,1473,SE,56008018,5600,8018,Sweden,Djursjukhuset Karlstad,Djursjukhuset Karlst,Vets,Small animal,Sweden,Sweden,Vet FTE,AQ,2018,0.000,0.000,0.000,0.000,0.000,0.000,13.900,14.700,14.300,26.400,23.200,14.900
14,2018,490,1473,SE,56008018,5600,8018,Sweden,Djursjukhuset Karlstad,Djursjukhuset Karlst,Vets,Small animal,Sweden,Sweden,Vet FTE,BDQTY,2018,0.000,0.000,0.000,0.000,0.000,0.000,0.000,0.000,0.000,0.000,0.000,0.000
14,2018,490,1474,SE,56008019,5600,8019,Sweden,Djurkliniken Norrköping,Djurkliniken Norrköp,Vets,Small animal,Sweden,Sweden,Head Office FTE,BDQTY,2018,0.000,0.000,0.000,0.000,0.000,0.000,0.000,0.000,0.000,0.000,0.000,0.000
14,2018,490,1474,SE,56008019,5600,8019,Sweden,Djurkliniken Norrköping,Djurkliniken Norrköp,Vets,Small animal,Sweden,Sweden,Locum Nurse FTE,BDQTY,2018,0.000,0.000,0.000,0.000,0.000,0.000,0.000,0.000,0.000,0.000,0.000,0.000
14,2018,490,1474,SE,56008019,5600,8019,Sweden,Djurkliniken Norrköping,Djurkliniken Norrköp,Vets,Small animal,Sweden,Sweden,Locum Vet FTE,BDQTY,2018,0.000,0.000,0.000,0.000,0.000,0.000,0.000,0.000,0.000,0.000,0.000,0.000
14,2018,490,1474,SE,56008019,5600,8019,Sweden,Djurkliniken Norrköping,Djurkliniken Norrköp,Vets,Small animal,Sweden,Sweden,Nurse FTE,AQ,2018,0.000,0.000,0.000,0.000,0.000,0.000,10.400,10.400,10.800,9.200,7.700,11.700
14,2018,490,1474,SE,56008019,5600,8019,Sweden,Djurkliniken Norrköping,Djurkliniken Norrköp,Vets,Small animal,Sweden,Sweden,Nurse FTE,BDQTY,2018,0.000,0.000,0.000,0.000,0.000,0.000,0.000,0.000,0.000,0.000,0.000,0.000
14,2018,490,1474,SE,56008019,5600,8019,Sweden,Djurkliniken Norrköping,Djurkliniken Norrköp,Vets,Small animal,Sweden,Sweden,Support FTE,AQ,2018,0.000,0.000,0.000,0.000,0.000,0.000,1.000,1.000,1.000,3.000,3.000,1.000
14,2018,490,1474,SE,56008019,5600,8019,Sweden,Djurkliniken Norrköping,Djurkliniken Norrköp,Vets,Small animal,Sweden,Sweden,Support FTE,BDQTY,2018,0.000,0.000,0.000,0.000,0.000,0.000,0.000,0.000,0.000,0.000,0.000,0.000
14,2018,490,1474,SE,56008019,5600,8019,Sweden,Djurkliniken Norrköping,Djurkliniken Norrköp,Vets,Small animal,Sweden,Sweden,Vet FTE,AQ,2018,0.000,0.000,0.000,0.000,0.000,0.000,4.200,4.400,4.800,5.600,4.900,2.400
14,2018,490,1474,SE,56008019,5600,8019,Sweden,Djurkliniken Norrköping,Djurkliniken Norrköp,Vets,Small animal,Sweden,Sweden,Vet FTE,BDQTY,2018,0.000,0.000,0.000,0.000,0.000,0.000,0.000,0.000,0.000,0.000,0.000,0.000
14,2018,490,1475,SE,56008020,5600,8020,Sweden,"Djursjukhus Valla, Linköping","Djursjukhus Valla, L",Vets,Small animal,Sweden,Sweden,Head Office FTE,BDQTY,2018,0.000,0.000,0.000,0.000,0.000,0.000,0.000,0.000,0.000,0.000,0.000,0.000
14,2018,490,1475,SE,56008020,5600,8020,Sweden,"Djursjukhus Valla, Linköping","Djursjukhus Valla, L",Vets,Small animal,Sweden,Sweden,Locum Nurse FTE,BDQTY,2018,0.000,0.000,0.000,0.000,0.000,0.000,0.000,0.000,0.000,0.000,0.000,0.000
14,2018,490,1475,SE,56008020,5600,8020,Sweden,"Djursjukhus Valla, Linköping","Djursjukhus Valla, L",Vets,Small animal,Sweden,Sweden,Locum Vet FTE,BDQTY,2018,0.000,0.000,0.000,0.000,0.000,0.000,0.000,0.000,0.000,0.000,0.000,0.000
14,2018,490,1475,SE,56008020,5600,8020,Sweden,"Djursjukhus Valla, Linköping","Djursjukhus Valla, L",Vets,Small animal,Sweden,Sweden,Nurse FTE,AQ,2018,0.000,0.000,0.000,0.000,0.000,0.000,25.300,27.300,26.100,31.500,31.100,28.000
14,2018,490,1475,SE,56008020,5600,8020,Sweden,"Djursjukhus Valla, Linköping","Djursjukhus Valla, L",Vets,Small animal,Sweden,Sweden,Nurse FTE,BDQTY,2018,0.000,0.000,0.000,0.000,0.000,0.000,0.000,0.000,0.000,0.000,0.000,0.000
14,2018,490,1475,SE,56008020,5600,8020,Sweden,"Djursjukhus Valla, Linköping","Djursjukhus Valla, L",Vets,Small animal,Sweden,Sweden,Support FTE,AQ,2018,0.000,0.000,0.000,0.000,0.000,0.000,10.700,11.000,11.100,6.000,6.000,12.400
14,2018,490,1475,SE,56008020,5600,8020,Sweden,"Djursjukhus Valla, Linköping","Djursjukhus Valla, L",Vets,Small animal,Sweden,Sweden,Support FTE,BDQTY,2018,0.000,0.000,0.000,0.000,0.000,0.000,0.000,0.000,0.000,0.000,0.000,0.000
14,2018,490,1475,SE,56008020,5600,8020,Sweden,"Djursjukhus Valla, Linköping","Djursjukhus Valla, L",Vets,Small animal,Sweden,Sweden,Vet FTE,AQ,2018,0.000,0.000,0.000,0.000,0.000,0.000,11.500,11.600,11.600,15.100,15.900,12.600
14,2018,490,1475,SE,56008020,5600,8020,Sweden,"Djursjukhus Valla, Linköping","Djursjukhus Valla, L",Vets,Small animal,Sweden,Sweden,Vet FTE,BDQTY,2018,0.000,0.000,0.000,0.000,0.000,0.000,0.000,0.000,0.000,0.000,0.000,0.000
14,2018,490,1476,SE,56008021,5600,8021,Sweden,Djurkliniken Frölunda,Djurkliniken Frölund,Vets,Small animal,Sweden,Sweden,Head Office FTE,BDQTY,2018,0.000,0.000,0.000,0.000,0.000,0.000,0.000,0.000,0.000,0.000,0.000,0.000
14,2018,490,1476,SE,56008021,5600,8021,Sweden,Djurkliniken Frölunda,Djurkliniken Frölund,Vets,Small animal,Sweden,Sweden,Locum Nurse FTE,BDQTY,2018,0.000,0.000,0.000,0.000,0.000,0.000,0.000,0.000,0.000,0.000,0.000,0.000
14,2018,490,1476,SE,56008021,5600,8021,Sweden,Djurkliniken Frölunda,Djurkliniken Frölund,Vets,Small animal,Sweden,Sweden,Locum Vet FTE,BDQTY,2018,0.000,0.000,0.000,0.000,0.000,0.000,0.000,0.000,0.000,0.000,0.000,0.000
14,2018,490,1476,SE,56008021,5600,8021,Sweden,Djurkliniken Frölunda,Djurkliniken Frölund,Vets,Small animal,Sweden,Sweden,Nurse FTE,AQ,2018,0.000,0.000,0.000,0.000,0.000,0.000,0.000,0.000,0.000,4.000,4.000,3.400
14,2018,490,1476,SE,56008021,5600,8021,Sweden,Djurkliniken Frölunda,Djurkliniken Frölund,Vets,Small animal,Sweden,Sweden,Nurse FTE,BDQTY,2018,0.000,0.000,0.000,0.000,0.000,0.000,0.000,0.000,0.000,0.000,0.000,0.000
14,2018,490,1476,SE,56008021,5600,8021,Sweden,Djurkliniken Frölunda,Djurkliniken Frölund,Vets,Small animal,Sweden,Sweden,Support FTE,AQ,2018,0.000,0.000,0.000,0.000,0.000,0.000,0.000,0.000,0.000,0.000,0.000,0.800
14,2018,490,1476,SE,56008021,5600,8021,Sweden,Djurkliniken Frölunda,Djurkliniken Frölund,Vets,Small animal,Sweden,Sweden,Support FTE,BDQTY,2018,0.000,0.000,0.000,0.000,0.000,0.000,0.000,0.000,0.000,0.000,0.000,0.000
14,2018,490,1476,SE,56008021,5600,8021,Sweden,Djurkliniken Frölunda,Djurkliniken Frölund,Vets,Small animal,Sweden,Sweden,Vet FTE,AQ,2018,0.000,0.000,0.000,0.000,0.000,0.000,0.800,0.800,0.800,2.600,2.600,2.400
14,2018,490,1476,SE,56008021,5600,8021,Sweden,Djurkliniken Frölunda,Djurkliniken Frölund,Vets,Small animal,Sweden,Sweden,Vet FTE,BDQTY,2018,0.000,0.000,0.000,0.000,0.000,0.000,0.000,0.000,0.000,0.000,0.000,0.000
14,2018,490,1477,SE,56008022,5600,8022,Sweden,Djurkliniken Kungälv,Djurkliniken Kungälv,Vets,Small animal,Sweden,Sweden,Head Office FTE,BDQTY,2018,0.000,0.000,0.000,0.000,0.000,0.000,0.000,0.000,0.000,0.000,0.000,0.000
14,2018,490,1477,SE,56008022,5600,8022,Sweden,Djurkliniken Kungälv,Djurkliniken Kungälv,Vets,Small animal,Sweden,Sweden,Locum Nurse FTE,BDQTY,2018,0.000,0.000,0.000,0.000,0.000,0.000,0.000,0.000,0.000,0.000,0.000,0.000
14,2018,490,1477,SE,56008022,5600,8022,Sweden,Djurkliniken Kungälv,Djurkliniken Kungälv,Vets,Small animal,Sweden,Sweden,Locum Vet FTE,BDQTY,2018,0.000,0.000,0.000,0.000,0.000,0.000,0.000,0.000,0.000,0.000,0.000,0.000
14,2018,490,1477,SE,56008022,5600,8022,Sweden,Djurkliniken Kungälv,Djurkliniken Kungälv,Vets,Small animal,Sweden,Sweden,Nurse FTE,AQ,2018,0.000,0.000,0.000,0.000,0.000,0.000,4.900,4.900,5.300,7.000,7.000,5.600
14,2018,490,1477,SE,56008022,5600,8022,Sweden,Djurkliniken Kungälv,Djurkliniken Kungälv,Vets,Small animal,Sweden,Sweden,Nurse FTE,BDQTY,2018,0.000,0.000,0.000,0.000,0.000,0.000,0.000,0.000,0.000,0.000,0.000,0.000
14,2018,490,1477,SE,56008022,5600,8022,Sweden,Djurkliniken Kungälv,Djurkliniken Kungälv,Vets,Small animal,Sweden,Sweden,Support FTE,AQ,2018,0.000,0.000,0.000,0.000,0.000,0.000,1.200,1.200,1.200,2.900,2.600,1.200
14,2018,490,1477,SE,56008022,5600,8022,Sweden,Djurkliniken Kungälv,Djurkliniken Kungälv,Vets,Small animal,Sweden,Sweden,Support FTE,BDQTY,2018,0.000,0.000,0.000,0.000,0.000,0.000,0.000,0.000,0.000,0.000,0.000,0.000
14,2018,490,1477,SE,56008022,5600,8022,Sweden,Djurkliniken Kungälv,Djurkliniken Kungälv,Vets,Small animal,Sweden,Sweden,Vet FTE,AQ,2018,0.000,0.000,0.000,0.000,0.000,0.000,3.400,3.600,4.000,1.900,1.200,4.100
14,2018,490,1477,SE,56008022,5600,8022,Sweden,Djurkliniken Kungälv,Djurkliniken Kungälv,Vets,Small animal,Sweden,Sweden,Vet FTE,BDQTY,2018,0.000,0.000,0.000,0.000,0.000,0.000,0.000,0.000,0.000,0.000,0.000,0.000
14,2018,490,1478,SE,56008023,5600,8023,Sweden,Djurkliniken Kållered,Djurkliniken Kållere,Vets,Small animal,Sweden,Sweden,Head Office FTE,BDQTY,2018,0.000,0.000,0.000,0.000,0.000,0.000,0.000,0.000,0.000,0.000,0.000,0.000
14,2018,490,1478,SE,56008023,5600,8023,Sweden,Djurkliniken Kållered,Djurkliniken Kållere,Vets,Small animal,Sweden,Sweden,Locum Nurse FTE,BDQTY,2018,0.000,0.000,0.000,0.000,0.000,0.000,0.000,0.000,0.000,0.000,0.000,0.000
14,2018,490,1478,SE,56008023,5600,8023,Sweden,Djurkliniken Kållered,Djurkliniken Kållere,Vets,Small animal,Sweden,Sweden,Locum Vet FTE,BDQTY,2018,0.000,0.000,0.000,0.000,0.000,0.000,0.000,0.000,0.000,0.000,0.000,0.000
14,2018,490,1478,SE,56008023,5600,8023,Sweden,Djurkliniken Kållered,Djurkliniken Kållere,Vets,Small animal,Sweden,Sweden,Nurse FTE,AQ,2018,0.000,0.000,0.000,0.000,0.000,0.000,5.500,6.100,5.500,2.800,2.800,5.500
14,2018,490,1478,SE,56008023,5600,8023,Sweden,Djurkliniken Kållered,Djurkliniken Kållere,Vets,Small animal,Sweden,Sweden,Nurse FTE,BDQTY,2018,0.000,0.000,0.000,0.000,0.000,0.000,0.000,0.000,0.000,0.000,0.000,0.000
14,2018,490,1478,SE,56008023,5600,8023,Sweden,Djurkliniken Kållered,Djurkliniken Kållere,Vets,Small animal,Sweden,Sweden,Support FTE,AQ,2018,0.000,0.000,0.000,0.000,0.000,0.000,1.000,1.000,1.000,2.900,2.900,1.000
14,2018,490,1478,SE,56008023,5600,8023,Sweden,Djurkliniken Kållered,Djurkliniken Kållere,Vets,Small animal,Sweden,Sweden,Support FTE,BDQTY,2018,0.000,0.000,0.000,0.000,0.000,0.000,0.000,0.000,0.000,0.000,0.000,0.000
14,2018,490,1478,SE,56008023,5600,8023,Sweden,Djurkliniken Kållered,Djurkliniken Kållere,Vets,Small animal,Sweden,Sweden,Vet FTE,AQ,2018,0.000,0.000,0.000,0.000,0.000,0.000,1.200,1.900,2.200,3.900,3.000,2.200
14,2018,490,1478,SE,56008023,5600,8023,Sweden,Djurkliniken Kållered,Djurkliniken Kållere,Vets,Small animal,Sweden,Sweden,Vet FTE,BDQTY,2018,0.000,0.000,0.000,0.000,0.000,0.000,0.000,0.000,0.000,0.000,0.000,0.000
14,2018,490,1479,SE,56008024,5600,8024,Sweden,Djurkliniken Mölndal,Djurkliniken Mölndal,Vets,Small animal,Sweden,Sweden,Head Office FTE,BDQTY,2018,0.000,0.000,0.000,0.000,0.000,0.000,0.000,0.000,0.000,0.000,0.000,0.000
14,2018,490,1479,SE,56008024,5600,8024,Sweden,Djurkliniken Mölndal,Djurkliniken Mölndal,Vets,Small animal,Sweden,Sweden,Locum Nurse FTE,BDQTY,2018,0.000,0.000,0.000,0.000,0.000,0.000,0.000,0.000,0.000,0.000,0.000,0.000
14,2018,490,1479,SE,56008024,5600,8024,Sweden,Djurkliniken Mölndal,Djurkliniken Mölndal,Vets,Small animal,Sweden,Sweden,Locum Vet FTE,BDQTY,2018,0.000,0.000,0.000,0.000,0.000,0.000,0.000,0.000,0.000,0.000,0.000,0.000
14,2018,490,1479,SE,56008024,5600,8024,Sweden,Djurkliniken Mölndal,Djurkliniken Mölndal,Vets,Small animal,Sweden,Sweden,Nurse FTE,AQ,2018,0.000,0.000,0.000,0.000,0.000,0.000,2.000,2.000,2.000,2.700,3.000,2.000
14,2018,490,1479,SE,56008024,5600,8024,Sweden,Djurkliniken Mölndal,Djurkliniken Mölndal,Vets,Small animal,Sweden,Sweden,Nurse FTE,BDQTY,2018,0.000,0.000,0.000,0.000,0.000,0.000,0.000,0.000,0.000,0.000,0.000,0.000
14,2018,490,1479,SE,56008024,5600,8024,Sweden,Djurkliniken Mölndal,Djurkliniken Mölndal,Vets,Small animal,Sweden,Sweden,Support FTE,AQ,2018,0.000,0.000,0.000,0.000,0.000,0.000,1.600,1.600,1.600,2.400,2.400,1.600
14,2018,490,1479,SE,56008024,5600,8024,Sweden,Djurkliniken Mölndal,Djurkliniken Mölndal,Vets,Small animal,Sweden,Sweden,Support FTE,BDQTY,2018,0.000,0.000,0.000,0.000,0.000,0.000,0.000,0.000,0.000,0.000,0.000,0.000
14,2018,490,1479,SE,56008024,5600,8024,Sweden,Djurkliniken Mölndal,Djurkliniken Mölndal,Vets,Small animal,Sweden,Sweden,Vet FTE,AQ,2018,0.000,0.000,0.000,0.000,0.000,0.000,1.800,1.800,1.800,1.000,1.000,2.800
14,2018,490,1479,SE,56008024,5600,8024,Sweden,Djurkliniken Mölndal,Djurkliniken Mölndal,Vets,Small animal,Sweden,Sweden,Vet FTE,BDQTY,2018,0.000,0.000,0.000,0.000,0.000,0.000,0.000,0.000,0.000,0.000,0.000,0.000
14,2018,490,1480,SE,56008025,5600,8025,Sweden,Djurkliniken Åsa  DO NOT USE,Djurkliniken Åsa,Vets,Small animal,Sweden,Sweden,Head Office FTE,BDQTY,2018,0.000,0.000,0.000,0.000,0.000,0.000,0.000,0.000,0.000,0.000,0.000,0.000
14,2018,490,1480,SE,56008025,5600,8025,Sweden,Djurkliniken Åsa  DO NOT USE,Djurkliniken Åsa,Vets,Small animal,Sweden,Sweden,Locum Nurse FTE,BDQTY,2018,0.000,0.000,0.000,0.000,0.000,0.000,0.000,0.000,0.000,0.000,0.000,0.000
14,2018,490,1480,SE,56008025,5600,8025,Sweden,Djurkliniken Åsa  DO NOT USE,Djurkliniken Åsa,Vets,Small animal,Sweden,Sweden,Locum Vet FTE,BDQTY,2018,0.000,0.000,0.000,0.000,0.000,0.000,0.000,0.000,0.000,0.000,0.000,0.000
14,2018,490,1480,SE,56008025,5600,8025,Sweden,Djurkliniken Åsa  DO NOT USE,Djurkliniken Åsa,Vets,Small animal,Sweden,Sweden,Nurse FTE,BDQTY,2018,0.000,0.000,0.000,0.000,0.000,0.000,0.000,0.000,0.000,0.000,0.000,0.000
14,2018,490,1480,SE,56008025,5600,8025,Sweden,Djurkliniken Åsa  DO NOT USE,Djurkliniken Åsa,Vets,Small animal,Sweden,Sweden,Support FTE,BDQTY,2018,0.000,0.000,0.000,0.000,0.000,0.000,0.000,0.000,0.000,0.000,0.000,0.000
14,2018,490,1480,SE,56008025,5600,8025,Sweden,Djurkliniken Åsa  DO NOT USE,Djurkliniken Åsa,Vets,Small animal,Sweden,Sweden,Vet FTE,BDQTY,2018,0.000,0.000,0.000,0.000,0.000,0.000,0.000,0.000,0.000,0.000,0.000,0.000
14,2018,490,1481,SE,56008026,5600,8026,Sweden,Djursjukhuset Göteborg,Djursjukhuset Götebo,Vets,Small animal,Sweden,Sweden,Head Office FTE,BDQTY,2018,0.000,0.000,0.000,0.000,0.000,0.000,0.000,0.000,0.000,0.000,0.000,0.000
14,2018,490,1481,SE,56008026,5600,8026,Sweden,Djursjukhuset Göteborg,Djursjukhuset Götebo,Vets,Small animal,Sweden,Sweden,Locum Nurse FTE,BDQTY,2018,0.000,0.000,0.000,0.000,0.000,0.000,0.000,0.000,0.000,0.000,0.000,0.000
14,2018,490,1481,SE,56008026,5600,8026,Sweden,Djursjukhuset Göteborg,Djursjukhuset Götebo,Vets,Small animal,Sweden,Sweden,Locum Vet FTE,BDQTY,2018,0.000,0.000,0.000,0.000,0.000,0.000,0.000,0.000,0.000,0.000,0.000,0.000
14,2018,490,1481,SE,56008026,5600,8026,Sweden,Djursjukhuset Göteborg,Djursjukhuset Götebo,Vets,Small animal,Sweden,Sweden,Nurse FTE,AQ,2018,0.000,0.000,0.000,0.000,0.000,0.000,15.300,15.300,15.400,17.500,16.700,13.100
14,2018,490,1481,SE,56008026,5600,8026,Sweden,Djursjukhuset Göteborg,Djursjukhuset Götebo,Vets,Small animal,Sweden,Sweden,Nurse FTE,BDQTY,2018,0.000,0.000,0.000,0.000,0.000,0.000,0.000,0.000,0.000,0.000,0.000,0.000
14,2018,490,1481,SE,56008026,5600,8026,Sweden,Djursjukhuset Göteborg,Djursjukhuset Götebo,Vets,Small animal,Sweden,Sweden,Support FTE,AQ,2018,0.000,0.000,0.000,0.000,0.000,0.000,8.700,8.500,8.900,11.100,10.400,10.500
14,2018,490,1481,SE,56008026,5600,8026,Sweden,Djursjukhuset Göteborg,Djursjukhuset Götebo,Vets,Small animal,Sweden,Sweden,Support FTE,BDQTY,2018,0.000,0.000,0.000,0.000,0.000,0.000,0.000,0.000,0.000,0.000,0.000,0.000
14,2018,490,1481,SE,56008026,5600,8026,Sweden,Djursjukhuset Göteborg,Djursjukhuset Götebo,Vets,Small animal,Sweden,Sweden,Vet FTE,AQ,2018,0.000,0.000,0.000,0.000,0.000,0.000,13.100,13.100,12.600,11.100,9.600,14.100
14,2018,490,1481,SE,56008026,5600,8026,Sweden,Djursjukhuset Göteborg,Djursjukhuset Götebo,Vets,Small animal,Sweden,Sweden,Vet FTE,BDQTY,2018,0.000,0.000,0.000,0.000,0.000,0.000,0.000,0.000,0.000,0.000,0.000,0.000
14,2018,490,1482,SE,56008027,5600,8027,Sweden,Djursjukhuset Norra Halland,Djursjukhuset Norra,Vets,Small animal,Sweden,Sweden,Head Office FTE,BDQTY,2018,0.000,0.000,0.000,0.000,0.000,0.000,0.000,0.000,0.000,0.000,0.000,0.000
14,2018,490,1482,SE,56008027,5600,8027,Sweden,Djursjukhuset Norra Halland,Djursjukhuset Norra,Vets,Small animal,Sweden,Sweden,Locum Nurse FTE,BDQTY,2018,0.000,0.000,0.000,0.000,0.000,0.000,0.000,0.000,0.000,0.000,0.000,0.000
14,2018,490,1482,SE,56008027,5600,8027,Sweden,Djursjukhuset Norra Halland,Djursjukhuset Norra,Vets,Small animal,Sweden,Sweden,Locum Vet FTE,BDQTY,2018,0.000,0.000,0.000,0.000,0.000,0.000,0.000,0.000,0.000,0.000,0.000,0.000
14,2018,490,1482,SE,56008027,5600,8027,Sweden,Djursjukhuset Norra Halland,Djursjukhuset Norra,Vets,Small animal,Sweden,Sweden,Nurse FTE,AQ,2018,0.000,0.000,0.000,0.000,0.000,0.000,0.000,0.000,0.000,11.100,10.800,13.000
14,2018,490,1482,SE,56008027,5600,8027,Sweden,Djursjukhuset Norra Halland,Djursjukhuset Norra,Vets,Small animal,Sweden,Sweden,Nurse FTE,BDQTY,2018,0.000,0.000,0.000,0.000,0.000,0.000,0.000,0.000,0.000,0.000,0.000,0.000
14,2018,490,1482,SE,56008027,5600,8027,Sweden,Djursjukhuset Norra Halland,Djursjukhuset Norra,Vets,Small animal,Sweden,Sweden,Support FTE,AQ,2018,0.000,0.000,0.000,0.000,0.000,0.000,0.000,0.000,0.000,4.200,4.600,3.900
14,2018,490,1482,SE,56008027,5600,8027,Sweden,Djursjukhuset Norra Halland,Djursjukhuset Norra,Vets,Small animal,Sweden,Sweden,Support FTE,BDQTY,2018,0.000,0.000,0.000,0.000,0.000,0.000,0.000,0.000,0.000,0.000,0.000,0.000
14,2018,490,1482,SE,56008027,5600,8027,Sweden,Djursjukhuset Norra Halland,Djursjukhuset Norra,Vets,Small animal,Sweden,Sweden,Vet FTE,AQ,2018,0.000,0.000,0.000,0.000,0.000,0.000,0.000,0.000,0.200,8.400,9.500,7.300
14,2018,490,1482,SE,56008027,5600,8027,Sweden,Djursjukhuset Norra Halland,Djursjukhuset Norra,Vets,Small animal,Sweden,Sweden,Vet FTE,BDQTY,2018,0.000,0.000,0.000,0.000,0.000,0.000,0.000,0.000,0.000,0.000,0.000,0.000
14,2018,490,1483,SE,56008028,5600,8028,Sweden,Djurkliniken Kristianstad,Djurkliniken Kristia,Vets,Small animal,Sweden,Sweden,Head Office FTE,BDQTY,2018,0.000,0.000,0.000,0.000,0.000,0.000,0.000,0.000,0.000,0.000,0.000,0.000
14,2018,490,1483,SE,56008028,5600,8028,Sweden,Djurkliniken Kristianstad,Djurkliniken Kristia,Vets,Small animal,Sweden,Sweden,Locum Nurse FTE,BDQTY,2018,0.000,0.000,0.000,0.000,0.000,0.000,0.000,0.000,0.000,0.000,0.000,0.000
14,2018,490,1483,SE,56008028,5600,8028,Sweden,Djurkliniken Kristianstad,Djurkliniken Kristia,Vets,Small animal,Sweden,Sweden,Locum Vet FTE,BDQTY,2018,0.000,0.000,0.000,0.000,0.000,0.000,0.000,0.000,0.000,0.000,0.000,0.000
14,2018,490,1483,SE,56008028,5600,8028,Sweden,Djurkliniken Kristianstad,Djurkliniken Kristia,Vets,Small animal,Sweden,Sweden,Nurse FTE,AQ,2018,0.000,0.000,0.000,0.000,0.000,0.000,5.700,5.700,6.300,1.900,1.900,7.900
14,2018,490,1483,SE,56008028,5600,8028,Sweden,Djurkliniken Kristianstad,Djurkliniken Kristia,Vets,Small animal,Sweden,Sweden,Nurse FTE,BDQTY,2018,0.000,0.000,0.000,0.000,0.000,0.000,0.000,0.000,0.000,0.000,0.000,0.000
14,2018,490,1483,SE,56008028,5600,8028,Sweden,Djurkliniken Kristianstad,Djurkliniken Kristia,Vets,Small animal,Sweden,Sweden,Support FTE,AQ,2018,0.000,0.000,0.000,0.000,0.000,0.000,1.700,1.700,1.700,5.000,5.600,1.600
14,2018,490,1483,SE,56008028,5600,8028,Sweden,Djurkliniken Kristianstad,Djurkliniken Kristia,Vets,Small animal,Sweden,Sweden,Support FTE,BDQTY,2018,0.000,0.000,0.000,0.000,0.000,0.000,0.000,0.000,0.000,0.000,0.000,0.000
14,2018,490,1483,SE,56008028,5600,8028,Sweden,Djurkliniken Kristianstad,Djurkliniken Kristia,Vets,Small animal,Sweden,Sweden,Vet FTE,AQ,2018,0.000,0.000,0.000,0.000,0.000,0.000,3.500,3.500,5.300,7.700,7.500,5.500
14,2018,490,1483,SE,56008028,5600,8028,Sweden,Djurkliniken Kristianstad,Djurkliniken Kristia,Vets,Small animal,Sweden,Sweden,Vet FTE,BDQTY,2018,0.000,0.000,0.000,0.000,0.000,0.000,0.000,0.000,0.000,0.000,0.000,0.000
14,2018,490,1484,SE,56008029,5600,8029,Sweden,Djurkliniken Åhus,Djurkliniken Åhus,Vets,Small animal,Sweden,Sweden,Head Office FTE,BDQTY,2018,0.000,0.000,0.000,0.000,0.000,0.000,0.000,0.000,0.000,0.000,0.000,0.000
14,2018,490,1484,SE,56008029,5600,8029,Sweden,Djurkliniken Åhus,Djurkliniken Åhus,Vets,Small animal,Sweden,Sweden,Locum Nurse FTE,BDQTY,2018,0.000,0.000,0.000,0.000,0.000,0.000,0.000,0.000,0.000,0.000,0.000,0.000
14,2018,490,1484,SE,56008029,5600,8029,Sweden,Djurkliniken Åhus,Djurkliniken Åhus,Vets,Small animal,Sweden,Sweden,Locum Vet FTE,BDQTY,2018,0.000,0.000,0.000,0.000,0.000,0.000,0.000,0.000,0.000,0.000,0.000,0.000
14,2018,490,1484,SE,56008029,5600,8029,Sweden,Djurkliniken Åhus,Djurkliniken Åhus,Vets,Small animal,Sweden,Sweden,Nurse FTE,BDQTY,2018,0.000,0.000,0.000,0.000,0.000,0.000,0.000,0.000,0.000,0.000,0.000,0.000
14,2018,490,1484,SE,56008029,5600,8029,Sweden,Djurkliniken Åhus,Djurkliniken Åhus,Vets,Small animal,Sweden,Sweden,Support FTE,BDQTY,2018,0.000,0.000,0.000,0.000,0.000,0.000,0.000,0.000,0.000,0.000,0.000,0.000
14,2018,490,1484,SE,56008029,5600,8029,Sweden,Djurkliniken Åhus,Djurkliniken Åhus,Vets,Small animal,Sweden,Sweden,Vet FTE,BDQTY,2018,0.000,0.000,0.000,0.000,0.000,0.000,0.000,0.000,0.000,0.000,0.000,0.000
14,2018,490,1485,SE,56008030,5600,8030,Sweden,Djursjukhuset Växjö,Djursjukhuset Växjö,Vets,Small animal,Sweden,Sweden,Head Office FTE,BDQTY,2018,0.000,0.000,0.000,0.000,0.000,0.000,0.000,0.000,0.000,0.000,0.000,0.000
14,2018,490,1485,SE,56008030,5600,8030,Sweden,Djursjukhuset Växjö,Djursjukhuset Växjö,Vets,Small animal,Sweden,Sweden,Locum Nurse FTE,BDQTY,2018,0.000,0.000,0.000,0.000,0.000,0.000,0.000,0.000,0.000,0.000,0.000,0.000
14,2018,490,1485,SE,56008030,5600,8030,Sweden,Djursjukhuset Växjö,Djursjukhuset Växjö,Vets,Small animal,Sweden,Sweden,Locum Vet FTE,BDQTY,2018,0.000,0.000,0.000,0.000,0.000,0.000,0.000,0.000,0.000,0.000,0.000,0.000
14,2018,490,1485,SE,56008030,5600,8030,Sweden,Djursjukhuset Växjö,Djursjukhuset Växjö,Vets,Small animal,Sweden,Sweden,Nurse FTE,AQ,2018,0.000,0.000,0.000,0.000,0.000,0.000,18.000,19.000,19.800,23.300,23.100,21.500
14,2018,490,1485,SE,56008030,5600,8030,Sweden,Djursjukhuset Växjö,Djursjukhuset Växjö,Vets,Small animal,Sweden,Sweden,Nurse FTE,BDQTY,2018,0.000,0.000,0.000,0.000,0.000,0.000,0.000,0.000,0.000,0.000,0.000,0.000
14,2018,490,1485,SE,56008030,5600,8030,Sweden,Djursjukhuset Växjö,Djursjukhuset Växjö,Vets,Small animal,Sweden,Sweden,Support FTE,AQ,2018,0.000,0.000,0.000,0.000,0.000,0.000,5.900,5.900,6.500,13.200,12.300,5.700
14,2018,490,1485,SE,56008030,5600,8030,Sweden,Djursjukhuset Växjö,Djursjukhuset Växjö,Vets,Small animal,Sweden,Sweden,Support FTE,BDQTY,2018,0.000,0.000,0.000,0.000,0.000,0.000,0.000,0.000,0.000,0.000,0.000,0.000
14,2018,490,1485,SE,56008030,5600,8030,Sweden,Djursjukhuset Växjö,Djursjukhuset Växjö,Vets,Small animal,Sweden,Sweden,Vet FTE,AQ,2018,0.000,0.000,0.000,0.000,0.000,0.000,10.400,9.500,9.500,1.800,2.400,9.900
14,2018,490,1485,SE,56008030,5600,8030,Sweden,Djursjukhuset Växjö,Djursjukhuset Växjö,Vets,Small animal,Sweden,Sweden,Vet FTE,BDQTY,2018,0.000,0.000,0.000,0.000,0.000,0.000,0.000,0.000,0.000,0.000,0.000,0.000
14,2018,490,1486,SE,56008031,5600,8031,Sweden,HBG Specialistdjursjukhuset He,Specialistdjursjukhu,Vets,Small animal,Sweden,Sweden,Head Office FTE,BDQTY,2018,0.000,0.000,0.000,0.000,0.000,0.000,0.000,0.000,0.000,0.000,0.000,0.000
14,2018,490,1486,SE,56008031,5600,8031,Sweden,HBG Specialistdjursjukhuset He,Specialistdjursjukhu,Vets,Small animal,Sweden,Sweden,Locum Nurse FTE,BDQTY,2018,0.000,0.000,0.000,0.000,0.000,0.000,0.000,0.000,0.000,0.000,0.000,0.000
14,2018,490,1486,SE,56008031,5600,8031,Sweden,HBG Specialistdjursjukhuset He,Specialistdjursjukhu,Vets,Small animal,Sweden,Sweden,Locum Vet FTE,BDQTY,2018,0.000,0.000,0.000,0.000,0.000,0.000,0.000,0.000,0.000,0.000,0.000,0.000
14,2018,490,1486,SE,56008031,5600,8031,Sweden,HBG Specialistdjursjukhuset He,Specialistdjursjukhu,Vets,Small animal,Sweden,Sweden,Nurse FTE,AQ,2018,0.000,0.000,0.000,0.000,0.000,0.000,41.000,40.200,42.600,47.000,46.900,51.900
14,2018,490,1486,SE,56008031,5600,8031,Sweden,HBG Specialistdjursjukhuset He,Specialistdjursjukhu,Vets,Small animal,Sweden,Sweden,Nurse FTE,BDQTY,2018,0.000,0.000,0.000,0.000,0.000,0.000,0.000,0.000,0.000,0.000,0.000,0.000
14,2018,490,1486,SE,56008031,5600,8031,Sweden,HBG Specialistdjursjukhuset He,Specialistdjursjukhu,Vets,Small animal,Sweden,Sweden,Support FTE,AQ,2018,0.000,0.000,0.000,0.000,0.000,0.000,21.700,22.000,23.500,26.600,25.500,23.100
14,2018,490,1486,SE,56008031,5600,8031,Sweden,HBG Specialistdjursjukhuset He,Specialistdjursjukhu,Vets,Small animal,Sweden,Sweden,Support FTE,BDQTY,2018,0.000,0.000,0.000,0.000,0.000,0.000,0.000,0.000,0.000,0.000,0.000,0.000
14,2018,490,1486,SE,56008031,5600,8031,Sweden,HBG Specialistdjursjukhuset He,Specialistdjursjukhu,Vets,Small animal,Sweden,Sweden,Vet FTE,AQ,2018,0.000,0.000,0.000,0.000,0.000,0.000,30.700,33.600,35.100,29.100,29.100,34.300
14,2018,490,1486,SE,56008031,5600,8031,Sweden,HBG Specialistdjursjukhuset He,Specialistdjursjukhu,Vets,Small animal,Sweden,Sweden,Vet FTE,BDQTY,2018,0.000,0.000,0.000,0.000,0.000,0.000,0.000,0.000,0.000,0.000,0.000,0.000
14,2018,490,1487,SE,56008032,5600,8032,Sweden,Djurkliniken Höllviken,Djurkliniken Höllvik,Vets,Small animal,Sweden,Sweden,Head Office FTE,BDQTY,2018,0.000,0.000,0.000,0.000,0.000,0.000,0.000,0.000,0.000,0.000,0.000,0.000
14,2018,490,1487,SE,56008032,5600,8032,Sweden,Djurkliniken Höllviken,Djurkliniken Höllvik,Vets,Small animal,Sweden,Sweden,Locum Nurse FTE,BDQTY,2018,0.000,0.000,0.000,0.000,0.000,0.000,0.000,0.000,0.000,0.000,0.000,0.000
14,2018,490,1487,SE,56008032,5600,8032,Sweden,Djurkliniken Höllviken,Djurkliniken Höllvik,Vets,Small animal,Sweden,Sweden,Locum Vet FTE,BDQTY,2018,0.000,0.000,0.000,0.000,0.000,0.000,0.000,0.000,0.000,0.000,0.000,0.000
14,2018,490,1487,SE,56008032,5600,8032,Sweden,Djurkliniken Höllviken,Djurkliniken Höllvik,Vets,Small animal,Sweden,Sweden,Nurse FTE,AQ,2018,0.000,0.000,0.000,0.000,0.000,0.000,4.000,3.700,4.000,3.400,3.400,3.600
14,2018,490,1487,SE,56008032,5600,8032,Sweden,Djurkliniken Höllviken,Djurkliniken Höllvik,Vets,Small animal,Sweden,Sweden,Nurse FTE,BDQTY,2018,0.000,0.000,0.000,0.000,0.000,0.000,0.000,0.000,0.000,0.000,0.000,0.000
14,2018,490,1487,SE,56008032,5600,8032,Sweden,Djurkliniken Höllviken,Djurkliniken Höllvik,Vets,Small animal,Sweden,Sweden,Support FTE,AQ,2018,0.000,0.000,0.000,0.000,0.000,0.000,3.000,3.000,3.000,2.000,2.000,4.200
14,2018,490,1487,SE,56008032,5600,8032,Sweden,Djurkliniken Höllviken,Djurkliniken Höllvik,Vets,Small animal,Sweden,Sweden,Support FTE,BDQTY,2018,0.000,0.000,0.000,0.000,0.000,0.000,0.000,0.000,0.000,0.000,0.000,0.000
14,2018,490,1487,SE,56008032,5600,8032,Sweden,Djurkliniken Höllviken,Djurkliniken Höllvik,Vets,Small animal,Sweden,Sweden,Vet FTE,AQ,2018,0.000,0.000,0.000,0.000,0.000,0.000,2.700,2.700,2.900,5.500,7.000,3.500
14,2018,490,1487,SE,56008032,5600,8032,Sweden,Djurkliniken Höllviken,Djurkliniken Höllvik,Vets,Small animal,Sweden,Sweden,Vet FTE,BDQTY,2018,0.000,0.000,0.000,0.000,0.000,0.000,0.000,0.000,0.000,0.000,0.000,0.000
14,2018,490,1488,SE,56008033,5600,8033,Sweden,Djurkliniken Trelleborg,Djurkliniken Trelleb,Vets,Small animal,Sweden,Sweden,Head Office FTE,BDQTY,2018,0.000,0.000,0.000,0.000,0.000,0.000,0.000,0.000,0.000,0.000,0.000,0.000
14,2018,490,1488,SE,56008033,5600,8033,Sweden,Djurkliniken Trelleborg,Djurkliniken Trelleb,Vets,Small animal,Sweden,Sweden,Locum Nurse FTE,BDQTY,2018,0.000,0.000,0.000,0.000,0.000,0.000,0.000,0.000,0.000,0.000,0.000,0.000
14,2018,490,1488,SE,56008033,5600,8033,Sweden,Djurkliniken Trelleborg,Djurkliniken Trelleb,Vets,Small animal,Sweden,Sweden,Locum Vet FTE,BDQTY,2018,0.000,0.000,0.000,0.000,0.000,0.000,0.000,0.000,0.000,0.000,0.000,0.000
14,2018,490,1488,SE,56008033,5600,8033,Sweden,Djurkliniken Trelleborg,Djurkliniken Trelleb,Vets,Small animal,Sweden,Sweden,Nurse FTE,AQ,2018,0.000,0.000,0.000,0.000,0.000,0.000,2.000,2.000,2.000,6.300,5.600,2.300
14,2018,490,1488,SE,56008033,5600,8033,Sweden,Djurkliniken Trelleborg,Djurkliniken Trelleb,Vets,Small animal,Sweden,Sweden,Nurse FTE,BDQTY,2018,0.000,0.000,0.000,0.000,0.000,0.000,0.000,0.000,0.000,0.000,0.000,0.000
14,2018,490,1488,SE,56008033,5600,8033,Sweden,Djurkliniken Trelleborg,Djurkliniken Trelleb,Vets,Small animal,Sweden,Sweden,Support FTE,AQ,2018,0.000,0.000,0.000,0.000,0.000,0.000,1.000,1.000,1.000,0.000,0.000,1.000
14,2018,490,1488,SE,56008033,5600,8033,Sweden,Djurkliniken Trelleborg,Djurkliniken Trelleb,Vets,Small animal,Sweden,Sweden,Support FTE,BDQTY,2018,0.000,0.000,0.000,0.000,0.000,0.000,0.000,0.000,0.000,0.000,0.000,0.000
14,2018,490,1488,SE,56008033,5600,8033,Sweden,Djurkliniken Trelleborg,Djurkliniken Trelleb,Vets,Small animal,Sweden,Sweden,Vet FTE,AQ,2018,0.000,0.000,0.000,0.000,0.000,0.000,1.000,1.000,1.400,0.000,0.000,1.600
14,2018,490,1488,SE,56008033,5600,8033,Sweden,Djurkliniken Trelleborg,Djurkliniken Trelleb,Vets,Small animal,Sweden,Sweden,Vet FTE,BDQTY,2018,0.000,0.000,0.000,0.000,0.000,0.000,0.000,0.000,0.000,0.000,0.000,0.000
14,2018,490,1489,SE,56008034,5600,8034,Sweden,Djurkliniken Ystad,Djurkliniken Ystad,Vets,Small animal,Sweden,Sweden,Head Office FTE,BDQTY,2018,0.000,0.000,0.000,0.000,0.000,0.000,0.000,0.000,0.000,0.000,0.000,0.000
14,2018,490,1489,SE,56008034,5600,8034,Sweden,Djurkliniken Ystad,Djurkliniken Ystad,Vets,Small animal,Sweden,Sweden,Locum Nurse FTE,BDQTY,2018,0.000,0.000,0.000,0.000,0.000,0.000,0.000,0.000,0.000,0.000,0.000,0.000
14,2018,490,1489,SE,56008034,5600,8034,Sweden,Djurkliniken Ystad,Djurkliniken Ystad,Vets,Small animal,Sweden,Sweden,Locum Vet FTE,BDQTY,2018,0.000,0.000,0.000,0.000,0.000,0.000,0.000,0.000,0.000,0.000,0.000,0.000
14,2018,490,1489,SE,56008034,5600,8034,Sweden,Djurkliniken Ystad,Djurkliniken Ystad,Vets,Small animal,Sweden,Sweden,Nurse FTE,AQ,2018,0.000,0.000,0.000,0.000,0.000,0.000,5.100,5.000,5.900,4.300,3.600,6.300
14,2018,490,1489,SE,56008034,5600,8034,Sweden,Djurkliniken Ystad,Djurkliniken Ystad,Vets,Small animal,Sweden,Sweden,Nurse FTE,BDQTY,2018,0.000,0.000,0.000,0.000,0.000,0.000,0.000,0.000,0.000,0.000,0.000,0.000
14,2018,490,1489,SE,56008034,5600,8034,Sweden,Djurkliniken Ystad,Djurkliniken Ystad,Vets,Small animal,Sweden,Sweden,Support FTE,AQ,2018,0.000,0.000,0.000,0.000,0.000,0.000,1.000,1.000,1.000,2.800,2.800,1.000
14,2018,490,1489,SE,56008034,5600,8034,Sweden,Djurkliniken Ystad,Djurkliniken Ystad,Vets,Small animal,Sweden,Sweden,Support FTE,BDQTY,2018,0.000,0.000,0.000,0.000,0.000,0.000,0.000,0.000,0.000,0.000,0.000,0.000
14,2018,490,1489,SE,56008034,5600,8034,Sweden,Djurkliniken Ystad,Djurkliniken Ystad,Vets,Small animal,Sweden,Sweden,Vet FTE,AQ,2018,0.000,0.000,0.000,0.000,0.000,0.000,2.500,1.600,1.600,3.500,3.600,3.600
14,2018,490,1489,SE,56008034,5600,8034,Sweden,Djurkliniken Ystad,Djurkliniken Ystad,Vets,Small animal,Sweden,Sweden,Vet FTE,BDQTY,2018,0.000,0.000,0.000,0.000,0.000,0.000,0.000,0.000,0.000,0.000,0.000,0.000
14,2018,490,1490,SE,56008035,5600,8035,Sweden,Djurkliniken Staffanstorp,Djurkliniken Staffan,Vets,Small animal,Sweden,Sweden,Head Office FTE,BDQTY,2018,0.000,0.000,0.000,0.000,0.000,0.000,0.000,0.000,0.000,0.000,0.000,0.000
14,2018,490,1490,SE,56008035,5600,8035,Sweden,Djurkliniken Staffanstorp,Djurkliniken Staffan,Vets,Small animal,Sweden,Sweden,Locum Nurse FTE,BDQTY,2018,0.000,0.000,0.000,0.000,0.000,0.000,0.000,0.000,0.000,0.000,0.000,0.000
14,2018,490,1490,SE,56008035,5600,8035,Sweden,Djurkliniken Staffanstorp,Djurkliniken Staffan,Vets,Small animal,Sweden,Sweden,Locum Vet FTE,BDQTY,2018,0.000,0.000,0.000,0.000,0.000,0.000,0.000,0.000,0.000,0.000,0.000,0.000
14,2018,490,1490,SE,56008035,5600,8035,Sweden,Djurkliniken Staffanstorp,Djurkliniken Staffan,Vets,Small animal,Sweden,Sweden,Nurse FTE,AQ,2018,0.000,0.000,0.000,0.000,0.000,0.000,2.000,2.000,2.000,0.000,0.000,2.300
14,2018,490,1490,SE,56008035,5600,8035,Sweden,Djurkliniken Staffanstorp,Djurkliniken Staffan,Vets,Small animal,Sweden,Sweden,Nurse FTE,BDQTY,2018,0.000,0.000,0.000,0.000,0.000,0.000,0.000,0.000,0.000,0.000,0.000,0.000
14,2018,490,1490,SE,56008035,5600,8035,Sweden,Djurkliniken Staffanstorp,Djurkliniken Staffan,Vets,Small animal,Sweden,Sweden,Support FTE,AQ,2018,0.000,0.000,0.000,0.000,0.000,0.000,0.000,0.000,0.000,3.000,3.000,0.500
14,2018,490,1490,SE,56008035,5600,8035,Sweden,Djurkliniken Staffanstorp,Djurkliniken Staffan,Vets,Small animal,Sweden,Sweden,Support FTE,BDQTY,2018,0.000,0.000,0.000,0.000,0.000,0.000,0.000,0.000,0.000,0.000,0.000,0.000
14,2018,490,1490,SE,56008035,5600,8035,Sweden,Djurkliniken Staffanstorp,Djurkliniken Staffan,Vets,Small animal,Sweden,Sweden,Vet FTE,AQ,2018,0.000,0.000,0.000,0.000,0.000,0.000,1.000,1.000,1.000,0.000,0.200,1.000
14,2018,490,1490,SE,56008035,5600,8035,Sweden,Djurkliniken Staffanstorp,Djurkliniken Staffan,Vets,Small animal,Sweden,Sweden,Vet FTE,BDQTY,2018,0.000,0.000,0.000,0.000,0.000,0.000,0.000,0.000,0.000,0.000,0.000,0.000
14,2018,490,1491,SE,56008036,5600,8036,Sweden,Djursjukhuset Malmö,Djursjukhuset Malmö,Vets,Small animal,Sweden,Sweden,Head Office FTE,BDQTY,2018,0.000,0.000,0.000,0.000,0.000,0.000,0.000,0.000,0.000,0.000,0.000,0.000
14,2018,490,1491,SE,56008036,5600,8036,Sweden,Djursjukhuset Malmö,Djursjukhuset Malmö,Vets,Small animal,Sweden,Sweden,Locum Nurse FTE,BDQTY,2018,0.000,0.000,0.000,0.000,0.000,0.000,0.000,0.000,0.000,0.000,0.000,0.000
14,2018,490,1491,SE,56008036,5600,8036,Sweden,Djursjukhuset Malmö,Djursjukhuset Malmö,Vets,Small animal,Sweden,Sweden,Locum Vet FTE,BDQTY,2018,0.000,0.000,0.000,0.000,0.000,0.000,0.000,0.000,0.000,0.000,0.000,0.000
14,2018,490,1491,SE,56008036,5600,8036,Sweden,Djursjukhuset Malmö,Djursjukhuset Malmö,Vets,Small animal,Sweden,Sweden,Nurse FTE,AQ,2018,0.000,0.000,0.000,0.000,0.000,0.000,45.200,44.200,46.500,50.200,46.900,53.900
14,2018,490,1491,SE,56008036,5600,8036,Sweden,Djursjukhuset Malmö,Djursjukhuset Malmö,Vets,Small animal,Sweden,Sweden,Nurse FTE,BDQTY,2018,0.000,0.000,0.000,0.000,0.000,0.000,0.000,0.000,0.000,0.000,0.000,0.000
14,2018,490,1491,SE,56008036,5600,8036,Sweden,Djursjukhuset Malmö,Djursjukhuset Malmö,Vets,Small animal,Sweden,Sweden,Support FTE,AQ,2018,0.000,0.000,0.000,0.000,0.000,0.000,22.500,21.200,20.200,21.300,21.300,25.000
14,2018,490,1491,SE,56008036,5600,8036,Sweden,Djursjukhuset Malmö,Djursjukhuset Malmö,Vets,Small animal,Sweden,Sweden,Support FTE,BDQTY,2018,0.000,0.000,0.000,0.000,0.000,0.000,0.000,0.000,0.000,0.000,0.000,0.000
14,2018,490,1491,SE,56008036,5600,8036,Sweden,Djursjukhuset Malmö,Djursjukhuset Malmö,Vets,Small animal,Sweden,Sweden,Vet FTE,AQ,2018,0.000,0.000,0.000,0.000,0.000,0.000,31.600,32.500,32.900,38.800,43.700,34.700
14,2018,490,1491,SE,56008036,5600,8036,Sweden,Djursjukhuset Malmö,Djursjukhuset Malmö,Vets,Small animal,Sweden,Sweden,Vet FTE,BDQTY,2018,0.000,0.000,0.000,0.000,0.000,0.000,0.000,0.000,0.000,0.000,0.000,0.000
14,2018,490,1512,SE,56008057,5600,8057,Sweden,Djurkliniken City Göteborg,Djurkliniken City Gö,Vets,Small animal,Sweden,Sweden,Nurse FTE,AQ,2018,0.000,0.000,0.000,0.000,0.000,0.000,12.300,12.300,12.800,0.000,0.000,0.000
14,2018,490,1512,SE,56008057,5600,8057,Sweden,Djurkliniken City Göteborg,Djurkliniken City Gö,Vets,Small animal,Sweden,Sweden,Support FTE,AQ,2018,0.000,0.000,0.000,0.000,0.000,0.000,5.100,4.600,4.600,0.000,0.000,0.000
14,2018,490,1512,SE,56008057,5600,8057,Sweden,Djurkliniken City Göteborg,Djurkliniken City Gö,Vets,Small animal,Sweden,Sweden,Vet FTE,AQ,2018,0.000,0.000,0.000,0.000,0.000,0.000,9.800,9.300,9.100,0.000,0.000,0.000
14,2018,490,1541,SE,56009010,5600,9010,Sweden,HO,HQ,HO,HO,Sweden,Sweden,Head Office FTE,BDQTY,2018,0.000,0.000,0.000,0.000,0.000,0.000,0.000,0.000,0.000,0.000,0.000,0.000
14,2018,490,1541,SE,56009010,5600,9010,Sweden,HO,HQ,HO,HO,Sweden,Sweden,Locum Nurse FTE,BDQTY,2018,0.000,0.000,0.000,0.000,0.000,0.000,0.000,0.000,0.000,0.000,0.000,0.000
14,2018,490,1541,SE,56009010,5600,9010,Sweden,HO,HQ,HO,HO,Sweden,Sweden,Locum Vet FTE,BDQTY,2018,0.000,0.000,0.000,0.000,0.000,0.000,0.000,0.000,0.000,0.000,0.000,0.000
14,2018,490,1541,SE,56009010,5600,9010,Sweden,HO,HQ,HO,HO,Sweden,Sweden,Nurse FTE,BDQTY,2018,0.000,0.000,0.000,0.000,0.000,0.000,0.000,0.000,0.000,0.000,0.000,0.000
14,2018,490,1541,SE,56009010,5600,9010,Sweden,HO,HQ,HO,HO,Sweden,Sweden,Support FTE,BDQTY,2018,0.000,0.000,0.000,0.000,0.000,0.000,0.000,0.000,0.000,0.000,0.000,0.000
14,2018,490,1541,SE,56009010,5600,9010,Sweden,HO,HQ,HO,HO,Sweden,Sweden,Vet FTE,BDQTY,2018,0.000,0.000,0.000,0.000,0.000,0.000,0.000,0.000,0.000,0.000,0.000,0.000
14,2018,490,1550,SE,56009022,5600,9022,Sweden,HO,HQ Grp Vet Costs,HO,HO,Sweden,Sweden,Head Office FTE,BDQTY,2018,0.000,0.000,0.000,0.000,0.000,0.000,0.000,0.000,0.000,0.000,0.000,0.000
14,2018,490,1550,SE,56009022,5600,9022,Sweden,HO,HQ Grp Vet Costs,HO,HO,Sweden,Sweden,Locum Nurse FTE,BDQTY,2018,0.000,0.000,0.000,0.000,0.000,0.000,0.000,0.000,0.000,0.000,0.000,0.000
14,2018,490,1550,SE,56009022,5600,9022,Sweden,HO,HQ Grp Vet Costs,HO,HO,Sweden,Sweden,Locum Vet FTE,BDQTY,2018,0.000,0.000,0.000,0.000,0.000,0.000,0.000,0.000,0.000,0.000,0.000,0.000
14,2018,490,1550,SE,56009022,5600,9022,Sweden,HO,HQ Grp Vet Costs,HO,HO,Sweden,Sweden,Nurse FTE,BDQTY,2018,0.000,0.000,0.000,0.000,0.000,0.000,0.000,0.000,0.000,0.000,0.000,0.000
14,2018,490,1550,SE,56009022,5600,9022,Sweden,HO,HQ Grp Vet Costs,HO,HO,Sweden,Sweden,Support FTE,BDQTY,2018,0.000,0.000,0.000,0.000,0.000,0.000,0.000,0.000,0.000,0.000,0.000,0.000
14,2018,490,1550,SE,56009022,5600,9022,Sweden,HO,HQ Grp Vet Costs,HO,HO,Sweden,Sweden,Vet FTE,BDQTY,2018,0.000,0.000,0.000,0.000,0.000,0.000,0.000,0.000,0.000,0.000,0.000,0.000
14,2018,490,1558,SE,56009040,5600,9040,Sweden,HO,HQ,HO,HO,Sweden,Sweden,Support FTE,AQ,2018,0.000,0.000,0.000,0.000,0.000,0.000,38.500,39.500,39.200,41.100,38.700,42.300
14,2018,490,1558,SE,56009040,5600,9040,Sweden,HO,HQ,HO,HO,Sweden,Sweden,Vet FTE,AQ,2018,0.000,0.000,0.000,0.000,0.000,0.000,0.000,0.000,0.000,1.000,2.500,0.000
14,2018,491,1607,SE,56018038,5601,8038,Sweden,Hästkliniken Boden,Hästkliniken Boden,Vets,Small animal,Sweden,Sweden,Head Office FTE,BDQTY,2018,0.000,0.000,0.000,0.000,0.000,0.000,0.000,0.000,0.000,0.000,0.000,0.000
14,2018,491,1607,SE,56018038,5601,8038,Sweden,Hästkliniken Boden,Hästkliniken Boden,Vets,Small animal,Sweden,Sweden,Locum Nurse FTE,BDQTY,2018,0.000,0.000,0.000,0.000,0.000,0.000,0.000,0.000,0.000,0.000,0.000,0.000
14,2018,491,1607,SE,56018038,5601,8038,Sweden,Hästkliniken Boden,Hästkliniken Boden,Vets,Small animal,Sweden,Sweden,Locum Vet FTE,BDQTY,2018,0.000,0.000,0.000,0.000,0.000,0.000,0.000,0.000,0.000,0.000,0.000,0.000
14,2018,491,1607,SE,56018038,5601,8038,Sweden,Hästkliniken Boden,Hästkliniken Boden,Vets,Small animal,Sweden,Sweden,Nurse FTE,AQ,2018,0.000,0.000,0.000,0.000,0.000,0.000,1.900,1.900,1.900,1.000,0.000,1.900
14,2018,491,1607,SE,56018038,5601,8038,Sweden,Hästkliniken Boden,Hästkliniken Boden,Vets,Small animal,Sweden,Sweden,Nurse FTE,BDQTY,2018,0.000,0.000,0.000,0.000,0.000,0.000,0.000,0.000,0.000,0.000,0.000,0.000
14,2018,491,1607,SE,56018038,5601,8038,Sweden,Hästkliniken Boden,Hästkliniken Boden,Vets,Small animal,Sweden,Sweden,Support FTE,BDQTY,2018,0.000,0.000,0.000,0.000,0.000,0.000,0.000,0.000,0.000,0.000,0.000,0.000
14,2018,491,1607,SE,56018038,5601,8038,Sweden,Hästkliniken Boden,Hästkliniken Boden,Vets,Small animal,Sweden,Sweden,Vet FTE,AQ,2018,0.000,0.000,0.000,0.000,0.000,0.000,1.000,1.000,1.000,1.900,0.000,1.000
14,2018,491,1607,SE,56018038,5601,8038,Sweden,Hästkliniken Boden,Hästkliniken Boden,Vets,Small animal,Sweden,Sweden,Vet FTE,BDQTY,2018,0.000,0.000,0.000,0.000,0.000,0.000,0.000,0.000,0.000,0.000,0.000,0.000
14,2018,491,1608,SE,56018039,5601,8039,Sweden,Hästkliniken Skellefteå (filia,Hästkliniken Skellef,Vets,Small animal,Sweden,Sweden,Head Office FTE,BDQTY,2018,0.000,0.000,0.000,0.000,0.000,0.000,0.000,0.000,0.000,0.000,0.000,0.000
14,2018,491,1608,SE,56018039,5601,8039,Sweden,Hästkliniken Skellefteå (filia,Hästkliniken Skellef,Vets,Small animal,Sweden,Sweden,Locum Nurse FTE,BDQTY,2018,0.000,0.000,0.000,0.000,0.000,0.000,0.000,0.000,0.000,0.000,0.000,0.000
14,2018,491,1608,SE,56018039,5601,8039,Sweden,Hästkliniken Skellefteå (filia,Hästkliniken Skellef,Vets,Small animal,Sweden,Sweden,Locum Vet FTE,BDQTY,2018,0.000,0.000,0.000,0.000,0.000,0.000,0.000,0.000,0.000,0.000,0.000,0.000
14,2018,491,1608,SE,56018039,5601,8039,Sweden,Hästkliniken Skellefteå (filia,Hästkliniken Skellef,Vets,Small animal,Sweden,Sweden,Nurse FTE,BDQTY,2018,0.000,0.000,0.000,0.000,0.000,0.000,0.000,0.000,0.000,0.000,0.000,0.000
14,2018,491,1608,SE,56018039,5601,8039,Sweden,Hästkliniken Skellefteå (filia,Hästkliniken Skellef,Vets,Small animal,Sweden,Sweden,Support FTE,BDQTY,2018,0.000,0.000,0.000,0.000,0.000,0.000,0.000,0.000,0.000,0.000,0.000,0.000
14,2018,491,1608,SE,56018039,5601,8039,Sweden,Hästkliniken Skellefteå (filia,Hästkliniken Skellef,Vets,Small animal,Sweden,Sweden,Vet FTE,BDQTY,2018,0.000,0.000,0.000,0.000,0.000,0.000,0.000,0.000,0.000,0.000,0.000,0.000
14,2018,491,1609,SE,56018040,5601,8040,Sweden,Hästkliniken Umeå,HästklinikenSolängen,Vets,Small animal,Sweden,Sweden,Nurse FTE,AQ,2018,0.000,0.000,0.000,0.000,0.000,0.000,3.000,3.000,3.000,4.000,0.000,3.300
14,2018,491,1609,SE,56018040,5601,8040,Sweden,Hästkliniken Umeå,HästklinikenSolängen,Vets,Small animal,Sweden,Sweden,Vet FTE,AQ,2018,0.000,0.000,0.000,0.000,0.000,0.000,3.000,3.000,3.000,3.000,0.000,3.000
14,2018,491,1611,SE,56018042,5601,8042,Sweden,Hästkliniken Mantorp,Hästkliniken Mantorp,Vets,Small animal,Sweden,Sweden,Head Office FTE,BDQTY,2018,0.000,0.000,0.000,0.000,0.000,0.000,0.000,0.000,0.000,0.000,0.000,0.000
14,2018,491,1611,SE,56018042,5601,8042,Sweden,Hästkliniken Mantorp,Hästkliniken Mantorp,Vets,Small animal,Sweden,Sweden,Locum Nurse FTE,BDQTY,2018,0.000,0.000,0.000,0.000,0.000,0.000,0.000,0.000,0.000,0.000,0.000,0.000
14,2018,491,1611,SE,56018042,5601,8042,Sweden,Hästkliniken Mantorp,Hästkliniken Mantorp,Vets,Small animal,Sweden,Sweden,Locum Vet FTE,BDQTY,2018,0.000,0.000,0.000,0.000,0.000,0.000,0.000,0.000,0.000,0.000,0.000,0.000
14,2018,491,1611,SE,56018042,5601,8042,Sweden,Hästkliniken Mantorp,Hästkliniken Mantorp,Vets,Small animal,Sweden,Sweden,Nurse FTE,AQ,2018,0.000,0.000,0.000,0.000,0.000,0.000,3.000,3.000,3.000,2.500,0.000,3.200
14,2018,491,1611,SE,56018042,5601,8042,Sweden,Hästkliniken Mantorp,Hästkliniken Mantorp,Vets,Small animal,Sweden,Sweden,Nurse FTE,BDQTY,2018,0.000,0.000,0.000,0.000,0.000,0.000,0.000,0.000,0.000,0.000,0.000,0.000
14,2018,491,1611,SE,56018042,5601,8042,Sweden,Hästkliniken Mantorp,Hästkliniken Mantorp,Vets,Small animal,Sweden,Sweden,Support FTE,AQ,2018,0.000,0.000,0.000,0.000,0.000,0.000,1.500,1.500,1.500,1.000,0.000,1.500
14,2018,491,1611,SE,56018042,5601,8042,Sweden,Hästkliniken Mantorp,Hästkliniken Mantorp,Vets,Small animal,Sweden,Sweden,Support FTE,BDQTY,2018,0.000,0.000,0.000,0.000,0.000,0.000,0.000,0.000,0.000,0.000,0.000,0.000
14,2018,491,1611,SE,56018042,5601,8042,Sweden,Hästkliniken Mantorp,Hästkliniken Mantorp,Vets,Small animal,Sweden,Sweden,Vet FTE,AQ,2018,0.000,0.000,0.000,0.000,0.000,0.000,3.500,3.700,3.700,4.700,0.000,3.700
14,2018,491,1611,SE,56018042,5601,8042,Sweden,Hästkliniken Mantorp,Hästkliniken Mantorp,Vets,Small animal,Sweden,Sweden,Vet FTE,BDQTY,2018,0.000,0.000,0.000,0.000,0.000,0.000,0.000,0.000,0.000,0.000,0.000,0.000
14,2018,491,1612,SE,56018043,5601,8043,Sweden,Hästkliniken Örebro,Hästkliniken Örebro,Vets,Small animal,Sweden,Sweden,Head Office FTE,BDQTY,2018,0.000,0.000,0.000,0.000,0.000,0.000,0.000,0.000,0.000,0.000,0.000,0.000
14,2018,491,1612,SE,56018043,5601,8043,Sweden,Hästkliniken Örebro,Hästkliniken Örebro,Vets,Small animal,Sweden,Sweden,Locum Nurse FTE,BDQTY,2018,0.000,0.000,0.000,0.000,0.000,0.000,0.000,0.000,0.000,0.000,0.000,0.000
14,2018,491,1612,SE,56018043,5601,8043,Sweden,Hästkliniken Örebro,Hästkliniken Örebro,Vets,Small animal,Sweden,Sweden,Locum Vet FTE,BDQTY,2018,0.000,0.000,0.000,0.000,0.000,0.000,0.000,0.000,0.000,0.000,0.000,0.000
14,2018,491,1612,SE,56018043,5601,8043,Sweden,Hästkliniken Örebro,Hästkliniken Örebro,Vets,Small animal,Sweden,Sweden,Nurse FTE,AQ,2018,0.000,0.000,0.000,0.000,0.000,0.000,1.000,1.000,1.000,0.800,0.000,1.000
14,2018,491,1612,SE,56018043,5601,8043,Sweden,Hästkliniken Örebro,Hästkliniken Örebro,Vets,Small animal,Sweden,Sweden,Nurse FTE,BDQTY,2018,0.000,0.000,0.000,0.000,0.000,0.000,0.000,0.000,0.000,0.000,0.000,0.000
14,2018,491,1612,SE,56018043,5601,8043,Sweden,Hästkliniken Örebro,Hästkliniken Örebro,Vets,Small animal,Sweden,Sweden,Support FTE,BDQTY,2018,0.000,0.000,0.000,0.000,0.000,0.000,0.000,0.000,0.000,0.000,0.000,0.000
14,2018,491,1612,SE,56018043,5601,8043,Sweden,Hästkliniken Örebro,Hästkliniken Örebro,Vets,Small animal,Sweden,Sweden,Vet FTE,AQ,2018,0.000,0.000,0.000,0.000,0.000,0.000,1.800,1.800,1.800,2.000,0.000,1.800
14,2018,491,1612,SE,56018043,5601,8043,Sweden,Hästkliniken Örebro,Hästkliniken Örebro,Vets,Small animal,Sweden,Sweden,Vet FTE,BDQTY,2018,0.000,0.000,0.000,0.000,0.000,0.000,0.000,0.000,0.000,0.000,0.000,0.000
14,2018,491,1613,SE,56018044,5601,8044,Sweden,Hästsjukhuset Stav,Hästsjukhuset Stav,Vets,Small animal,Sweden,Sweden,Head Office FTE,BDQTY,2018,0.000,0.000,0.000,0.000,0.000,0.000,0.000,0.000,0.000,0.000,0.000,0.000
14,2018,491,1613,SE,56018044,5601,8044,Sweden,Hästsjukhuset Stav,Hästsjukhuset Stav,Vets,Small animal,Sweden,Sweden,Locum Nurse FTE,BDQTY,2018,0.000,0.000,0.000,0.000,0.000,0.000,0.000,0.000,0.000,0.000,0.000,0.000
14,2018,491,1613,SE,56018044,5601,8044,Sweden,Hästsjukhuset Stav,Hästsjukhuset Stav,Vets,Small animal,Sweden,Sweden,Locum Vet FTE,BDQTY,2018,0.000,0.000,0.000,0.000,0.000,0.000,0.000,0.000,0.000,0.000,0.000,0.000
14,2018,491,1613,SE,56018044,5601,8044,Sweden,Hästsjukhuset Stav,Hästsjukhuset Stav,Vets,Small animal,Sweden,Sweden,Nurse FTE,AQ,2018,0.000,0.000,0.000,0.000,0.000,0.000,3.600,4.000,4.000,3.800,0.000,4.000
14,2018,491,1613,SE,56018044,5601,8044,Sweden,Hästsjukhuset Stav,Hästsjukhuset Stav,Vets,Small animal,Sweden,Sweden,Nurse FTE,BDQTY,2018,0.000,0.000,0.000,0.000,0.000,0.000,0.000,0.000,0.000,0.000,0.000,0.000
14,2018,491,1613,SE,56018044,5601,8044,Sweden,Hästsjukhuset Stav,Hästsjukhuset Stav,Vets,Small animal,Sweden,Sweden,Support FTE,BDQTY,2018,0.000,0.000,0.000,0.000,0.000,0.000,0.000,0.000,0.000,0.000,0.000,0.000
14,2018,491,1613,SE,56018044,5601,8044,Sweden,Hästsjukhuset Stav,Hästsjukhuset Stav,Vets,Small animal,Sweden,Sweden,Vet FTE,AQ,2018,0.000,0.000,0.000,0.000,0.000,0.000,4.400,4.400,4.100,3.600,0.000,3.400
14,2018,491,1613,SE,56018044,5601,8044,Sweden,Hästsjukhuset Stav,Hästsjukhuset Stav,Vets,Small animal,Sweden,Sweden,Vet FTE,BDQTY,2018,0.000,0.000,0.000,0.000,0.000,0.000,0.000,0.000,0.000,0.000,0.000,0.000
14,2018,491,1614,SE,56018045,5601,8045,Sweden,Specialisthästsjukhuset Ströms,Specialisthästsjukhu,Vets,Equine,Sweden,Sweden,Head Office FTE,BDQTY,2018,0.000,0.000,0.000,0.000,0.000,0.000,0.000,0.000,0.000,0.000,0.000,0.000
14,2018,491,1614,SE,56018045,5601,8045,Sweden,Specialisthästsjukhuset Ströms,Specialisthästsjukhu,Vets,Equine,Sweden,Sweden,Locum Nurse FTE,BDQTY,2018,0.000,0.000,0.000,0.000,0.000,0.000,0.000,0.000,0.000,0.000,0.000,0.000
14,2018,491,1614,SE,56018045,5601,8045,Sweden,Specialisthästsjukhuset Ströms,Specialisthästsjukhu,Vets,Equine,Sweden,Sweden,Locum Vet FTE,BDQTY,2018,0.000,0.000,0.000,0.000,0.000,0.000,0.000,0.000,0.000,0.000,0.000,0.000
14,2018,491,1614,SE,56018045,5601,8045,Sweden,Specialisthästsjukhuset Ströms,Specialisthästsjukhu,Vets,Equine,Sweden,Sweden,Nurse FTE,AQ,2018,0.000,0.000,0.000,0.000,0.000,0.000,19.800,20.000,20.800,22.800,0.000,16.200
14,2018,491,1614,SE,56018045,5601,8045,Sweden,Specialisthästsjukhuset Ströms,Specialisthästsjukhu,Vets,Equine,Sweden,Sweden,Nurse FTE,BDQTY,2018,0.000,0.000,0.000,0.000,0.000,0.000,0.000,0.000,0.000,0.000,0.000,0.000
14,2018,491,1614,SE,56018045,5601,8045,Sweden,Specialisthästsjukhuset Ströms,Specialisthästsjukhu,Vets,Equine,Sweden,Sweden,Support FTE,AQ,2018,0.000,0.000,0.000,0.000,0.000,0.000,2.800,2.800,2.800,2.800,0.000,9.300
14,2018,491,1614,SE,56018045,5601,8045,Sweden,Specialisthästsjukhuset Ströms,Specialisthästsjukhu,Vets,Equine,Sweden,Sweden,Support FTE,BDQTY,2018,0.000,0.000,0.000,0.000,0.000,0.000,0.000,0.000,0.000,0.000,0.000,0.000
14,2018,491,1614,SE,56018045,5601,8045,Sweden,Specialisthästsjukhuset Ströms,Specialisthästsjukhu,Vets,Equine,Sweden,Sweden,Vet FTE,AQ,2018,0.000,0.000,0.000,0.000,0.000,0.000,7.200,7.200,7.600,7.200,0.000,7.700
14,2018,491,1614,SE,56018045,5601,8045,Sweden,Specialisthästsjukhuset Ströms,Specialisthästsjukhu,Vets,Equine,Sweden,Sweden,Vet FTE,BDQTY,2018,0.000,0.000,0.000,0.000,0.000,0.000,0.000,0.000,0.000,0.000,0.000,0.000
14,2018,491,1616,SE,56018047,5601,8047,Sweden,Hästkliniken Gävle,Hästkliniken Gävle,Vets,Small animal,Sweden,Sweden,Head Office FTE,BDQTY,2018,0.000,0.000,0.000,0.000,0.000,0.000,0.000,0.000,0.000,0.000,0.000,0.000
14,2018,491,1616,SE,56018047,5601,8047,Sweden,Hästkliniken Gävle,Hästkliniken Gävle,Vets,Small animal,Sweden,Sweden,Locum Nurse FTE,BDQTY,2018,0.000,0.000,0.000,0.000,0.000,0.000,0.000,0.000,0.000,0.000,0.000,0.000
14,2018,491,1616,SE,56018047,5601,8047,Sweden,Hästkliniken Gävle,Hästkliniken Gävle,Vets,Small animal,Sweden,Sweden,Locum Vet FTE,BDQTY,2018,0.000,0.000,0.000,0.000,0.000,0.000,0.000,0.000,0.000,0.000,0.000,0.000
14,2018,491,1616,SE,56018047,5601,8047,Sweden,Hästkliniken Gävle,Hästkliniken Gävle,Vets,Small animal,Sweden,Sweden,Nurse FTE,AQ,2018,0.000,0.000,0.000,0.000,0.000,0.000,1.000,1.000,1.000,1.000,0.000,1.000
14,2018,491,1616,SE,56018047,5601,8047,Sweden,Hästkliniken Gävle,Hästkliniken Gävle,Vets,Small animal,Sweden,Sweden,Nurse FTE,BDQTY,2018,0.000,0.000,0.000,0.000,0.000,0.000,0.000,0.000,0.000,0.000,0.000,0.000
14,2018,491,1616,SE,56018047,5601,8047,Sweden,Hästkliniken Gävle,Hästkliniken Gävle,Vets,Small animal,Sweden,Sweden,Support FTE,AQ,2018,0.000,0.000,0.000,0.000,0.000,0.000,1.000,1.000,1.000,1.000,0.000,1.000
14,2018,491,1616,SE,56018047,5601,8047,Sweden,Hästkliniken Gävle,Hästkliniken Gävle,Vets,Small animal,Sweden,Sweden,Support FTE,BDQTY,2018,0.000,0.000,0.000,0.000,0.000,0.000,0.000,0.000,0.000,0.000,0.000,0.000
14,2018,491,1616,SE,56018047,5601,8047,Sweden,Hästkliniken Gävle,Hästkliniken Gävle,Vets,Small animal,Sweden,Sweden,Vet FTE,AQ,2018,0.000,0.000,0.000,0.000,0.000,0.000,1.500,1.500,2.000,2.000,0.000,2.000
14,2018,491,1616,SE,56018047,5601,8047,Sweden,Hästkliniken Gävle,Hästkliniken Gävle,Vets,Small animal,Sweden,Sweden,Vet FTE,BDQTY,2018,0.000,0.000,0.000,0.000,0.000,0.000,0.000,0.000,0.000,0.000,0.000,0.000
14,2018,491,1617,SE,56018048,5601,8048,Sweden,Hästkliniken Kalmar / Tingsryd,Hästkliniken Kalmar,Vets,Small animal,Sweden,Sweden,Head Office FTE,BDQTY,2018,0.000,0.000,0.000,0.000,0.000,0.000,0.000,0.000,0.000,0.000,0.000,0.000
14,2018,491,1617,SE,56018048,5601,8048,Sweden,Hästkliniken Kalmar / Tingsryd,Hästkliniken Kalmar,Vets,Small animal,Sweden,Sweden,Locum Nurse FTE,BDQTY,2018,0.000,0.000,0.000,0.000,0.000,0.000,0.000,0.000,0.000,0.000,0.000,0.000
14,2018,491,1617,SE,56018048,5601,8048,Sweden,Hästkliniken Kalmar / Tingsryd,Hästkliniken Kalmar,Vets,Small animal,Sweden,Sweden,Locum Vet FTE,BDQTY,2018,0.000,0.000,0.000,0.000,0.000,0.000,0.000,0.000,0.000,0.000,0.000,0.000
14,2018,491,1617,SE,56018048,5601,8048,Sweden,Hästkliniken Kalmar / Tingsryd,Hästkliniken Kalmar,Vets,Small animal,Sweden,Sweden,Nurse FTE,AQ,2018,0.000,0.000,0.000,0.000,0.000,0.000,2.600,2.600,2.600,3.000,0.000,2.600
14,2018,491,1617,SE,56018048,5601,8048,Sweden,Hästkliniken Kalmar / Tingsryd,Hästkliniken Kalmar,Vets,Small animal,Sweden,Sweden,Nurse FTE,BDQTY,2018,0.000,0.000,0.000,0.000,0.000,0.000,0.000,0.000,0.000,0.000,0.000,0.000
14,2018,491,1617,SE,56018048,5601,8048,Sweden,Hästkliniken Kalmar / Tingsryd,Hästkliniken Kalmar,Vets,Small animal,Sweden,Sweden,Support FTE,AQ,2018,0.000,0.000,0.000,0.000,0.000,0.000,1.000,1.000,1.000,2.000,0.000,1.000
14,2018,491,1617,SE,56018048,5601,8048,Sweden,Hästkliniken Kalmar / Tingsryd,Hästkliniken Kalmar,Vets,Small animal,Sweden,Sweden,Support FTE,BDQTY,2018,0.000,0.000,0.000,0.000,0.000,0.000,0.000,0.000,0.000,0.000,0.000,0.000
14,2018,491,1617,SE,56018048,5601,8048,Sweden,Hästkliniken Kalmar / Tingsryd,Hästkliniken Kalmar,Vets,Small animal,Sweden,Sweden,Vet FTE,AQ,2018,0.000,0.000,0.000,0.000,0.000,0.000,3.000,3.000,3.000,1.600,0.000,3.400
14,2018,491,1617,SE,56018048,5601,8048,Sweden,Hästkliniken Kalmar / Tingsryd,Hästkliniken Kalmar,Vets,Small animal,Sweden,Sweden,Vet FTE,BDQTY,2018,0.000,0.000,0.000,0.000,0.000,0.000,0.000,0.000,0.000,0.000,0.000,0.000
14,2018,491,1618,SE,56018049,5601,8049,Sweden,Specialisthästsjukhuset Helsin,Specialisthästsjukhu,Vets,Equine,Sweden,Sweden,Head Office FTE,BDQTY,2018,0.000,0.000,0.000,0.000,0.000,0.000,0.000,0.000,0.000,0.000,0.000,0.000
14,2018,491,1618,SE,56018049,5601,8049,Sweden,Specialisthästsjukhuset Helsin,Specialisthästsjukhu,Vets,Equine,Sweden,Sweden,Locum Nurse FTE,BDQTY,2018,0.000,0.000,0.000,0.000,0.000,0.000,0.000,0.000,0.000,0.000,0.000,0.000
14,2018,491,1618,SE,56018049,5601,8049,Sweden,Specialisthästsjukhuset Helsin,Specialisthästsjukhu,Vets,Equine,Sweden,Sweden,Locum Vet FTE,BDQTY,2018,0.000,0.000,0.000,0.000,0.000,0.000,0.000,0.000,0.000,0.000,0.000,0.000
14,2018,491,1618,SE,56018049,5601,8049,Sweden,Specialisthästsjukhuset Helsin,Specialisthästsjukhu,Vets,Equine,Sweden,Sweden,Nurse FTE,AQ,2018,0.000,0.000,0.000,0.000,0.000,0.000,15.600,16.200,17.700,19.100,0.000,22.600
14,2018,491,1618,SE,56018049,5601,8049,Sweden,Specialisthästsjukhuset Helsin,Specialisthästsjukhu,Vets,Equine,Sweden,Sweden,Nurse FTE,BDQTY,2018,0.000,0.000,0.000,0.000,0.000,0.000,0.000,0.000,0.000,0.000,0.000,0.000
14,2018,491,1618,SE,56018049,5601,8049,Sweden,Specialisthästsjukhuset Helsin,Specialisthästsjukhu,Vets,Equine,Sweden,Sweden,Support FTE,AQ,2018,0.000,0.000,0.000,0.000,0.000,0.000,8.000,8.000,8.000,9.300,0.000,8.300
14,2018,491,1618,SE,56018049,5601,8049,Sweden,Specialisthästsjukhuset Helsin,Specialisthästsjukhu,Vets,Equine,Sweden,Sweden,Support FTE,BDQTY,2018,0.000,0.000,0.000,0.000,0.000,0.000,0.000,0.000,0.000,0.000,0.000,0.000
14,2018,491,1618,SE,56018049,5601,8049,Sweden,Specialisthästsjukhuset Helsin,Specialisthästsjukhu,Vets,Equine,Sweden,Sweden,Vet FTE,AQ,2018,0.000,0.000,0.000,0.000,0.000,0.000,15.900,15.700,15.700,16.400,0.000,16.800
14,2018,491,1618,SE,56018049,5601,8049,Sweden,Specialisthästsjukhuset Helsin,Specialisthästsjukhu,Vets,Equine,Sweden,Sweden,Vet FTE,BDQTY,2018,0.000,0.000,0.000,0.000,0.000,0.000,0.000,0.000,0.000,0.000,0.000,0.000
14,2018,492,1705,SE,56028050,5602,8050,Sweden,Evidensia Smådjurskliniken Jön,Evidensia Smådjurskl,Vets,Small animal,Sweden,Sweden,Head Office FTE,BDQTY,2018,0.000,0.000,0.000,0.000,0.000,0.000,0.000,0.000,0.000,0.000,0.000,0.000
14,2018,492,1705,SE,56028050,5602,8050,Sweden,Evidensia Smådjurskliniken Jön,Evidensia Smådjurskl,Vets,Small animal,Sweden,Sweden,Locum Nurse FTE,BDQTY,2018,0.000,0.000,0.000,0.000,0.000,0.000,0.000,0.000,0.000,0.000,0.000,0.000
14,2018,492,1705,SE,56028050,5602,8050,Sweden,Evidensia Smådjurskliniken Jön,Evidensia Smådjurskl,Vets,Small animal,Sweden,Sweden,Locum Vet FTE,BDQTY,2018,0.000,0.000,0.000,0.000,0.000,0.000,0.000,0.000,0.000,0.000,0.000,0.000
14,2018,492,1705,SE,56028050,5602,8050,Sweden,Evidensia Smådjurskliniken Jön,Evidensia Smådjurskl,Vets,Small animal,Sweden,Sweden,Nurse FTE,AQ,2018,0.000,0.000,0.000,0.000,0.000,0.000,9.900,10.100,10.500,11.900,11.900,9.600
14,2018,492,1705,SE,56028050,5602,8050,Sweden,Evidensia Smådjurskliniken Jön,Evidensia Smådjurskl,Vets,Small animal,Sweden,Sweden,Nurse FTE,BDQTY,2018,0.000,0.000,0.000,0.000,0.000,0.000,0.000,0.000,0.000,0.000,0.000,0.000
14,2018,492,1705,SE,56028050,5602,8050,Sweden,Evidensia Smådjurskliniken Jön,Evidensia Smådjurskl,Vets,Small animal,Sweden,Sweden,Support FTE,AQ,2018,0.000,0.000,0.000,0.000,0.000,0.000,1.700,1.900,3.200,2.700,2.700,3.400
14,2018,492,1705,SE,56028050,5602,8050,Sweden,Evidensia Smådjurskliniken Jön,Evidensia Smådjurskl,Vets,Small animal,Sweden,Sweden,Support FTE,BDQTY,2018,0.000,0.000,0.000,0.000,0.000,0.000,0.000,0.000,0.000,0.000,0.000,0.000
14,2018,492,1705,SE,56028050,5602,8050,Sweden,Evidensia Smådjurskliniken Jön,Evidensia Smådjurskl,Vets,Small animal,Sweden,Sweden,Vet FTE,AQ,2018,0.000,0.000,0.000,0.000,0.000,0.000,3.200,4.100,4.100,4.700,4.700,5.100
14,2018,492,1705,SE,56028050,5602,8050,Sweden,Evidensia Smådjurskliniken Jön,Evidensia Smådjurskl,Vets,Small animal,Sweden,Sweden,Vet FTE,BDQTY,2018,0.000,0.000,0.000,0.000,0.000,0.000,0.000,0.000,0.000,0.000,0.000,0.000
14,2018,493,1785,SE,56038051,5603,8051,Sweden,Djursjukhuset Analysen Örebro,Djursjukhuset Analys,Vets,Small animal,Sweden,Sweden,Head Office FTE,BDQTY,2018,0.000,0.000,0.000,0.000,0.000,0.000,0.000,0.000,0.000,0.000,0.000,0.000
14,2018,493,1785,SE,56038051,5603,8051,Sweden,Djursjukhuset Analysen Örebro,Djursjukhuset Analys,Vets,Small animal,Sweden,Sweden,Locum Nurse FTE,BDQTY,2018,0.000,0.000,0.000,0.000,0.000,0.000,0.000,0.000,0.000,0.000,0.000,0.000
14,2018,493,1785,SE,56038051,5603,8051,Sweden,Djursjukhuset Analysen Örebro,Djursjukhuset Analys,Vets,Small animal,Sweden,Sweden,Locum Vet FTE,BDQTY,2018,0.000,0.000,0.000,0.000,0.000,0.000,0.000,0.000,0.000,0.000,0.000,0.000
14,2018,493,1785,SE,56038051,5603,8051,Sweden,Djursjukhuset Analysen Örebro,Djursjukhuset Analys,Vets,Small animal,Sweden,Sweden,Nurse FTE,AQ,2018,0.000,0.000,0.000,0.000,0.000,0.000,7.700,7.600,7.600,5.800,5.800,6.700
14,2018,493,1785,SE,56038051,5603,8051,Sweden,Djursjukhuset Analysen Örebro,Djursjukhuset Analys,Vets,Small animal,Sweden,Sweden,Nurse FTE,BDQTY,2018,0.000,0.000,0.000,0.000,0.000,0.000,0.000,0.000,0.000,0.000,0.000,0.000
14,2018,493,1785,SE,56038051,5603,8051,Sweden,Djursjukhuset Analysen Örebro,Djursjukhuset Analys,Vets,Small animal,Sweden,Sweden,Support FTE,AQ,2018,0.000,0.000,0.000,0.000,0.000,0.000,2.000,2.000,2.000,2.900,2.900,2.000
14,2018,493,1785,SE,56038051,5603,8051,Sweden,Djursjukhuset Analysen Örebro,Djursjukhuset Analys,Vets,Small animal,Sweden,Sweden,Support FTE,BDQTY,2018,0.000,0.000,0.000,0.000,0.000,0.000,0.000,0.000,0.000,0.000,0.000,0.000
14,2018,493,1785,SE,56038051,5603,8051,Sweden,Djursjukhuset Analysen Örebro,Djursjukhuset Analys,Vets,Small animal,Sweden,Sweden,Vet FTE,AQ,2018,0.000,0.000,0.000,0.000,0.000,0.000,4.500,4.500,4.800,5.800,5.800,6.200
14,2018,493,1785,SE,56038051,5603,8051,Sweden,Djursjukhuset Analysen Örebro,Djursjukhuset Analys,Vets,Small animal,Sweden,Sweden,Vet FTE,BDQTY,2018,0.000,0.000,0.000,0.000,0.000,0.000,0.000,0.000,0.000,0.000,0.000,0.000
14,2018,494,1865,SE,56048052,5604,8052,Sweden,Mälarhöjdens Veterinärpraktik,Mälarhöjdens Veterin,Vets,Small animal,Sweden,Sweden,Head Office FTE,BDQTY,2018,0.000,0.000,0.000,0.000,0.000,0.000,0.000,0.000,0.000,0.000,0.000,0.000
14,2018,494,1865,SE,56048052,5604,8052,Sweden,Mälarhöjdens Veterinärpraktik,Mälarhöjdens Veterin,Vets,Small animal,Sweden,Sweden,Locum Nurse FTE,BDQTY,2018,0.000,0.000,0.000,0.000,0.000,0.000,0.000,0.000,0.000,0.000,0.000,0.000
14,2018,494,1865,SE,56048052,5604,8052,Sweden,Mälarhöjdens Veterinärpraktik,Mälarhöjdens Veterin,Vets,Small animal,Sweden,Sweden,Locum Vet FTE,BDQTY,2018,0.000,0.000,0.000,0.000,0.000,0.000,0.000,0.000,0.000,0.000,0.000,0.000
14,2018,494,1865,SE,56048052,5604,8052,Sweden,Mälarhöjdens Veterinärpraktik,Mälarhöjdens Veterin,Vets,Small animal,Sweden,Sweden,Nurse FTE,AQ,2018,0.000,0.000,0.000,0.000,0.000,0.000,0.000,0.000,4.300,0.000,3.900,3.800
14,2018,494,1865,SE,56048052,5604,8052,Sweden,Mälarhöjdens Veterinärpraktik,Mälarhöjdens Veterin,Vets,Small animal,Sweden,Sweden,Nurse FTE,BDQTY,2018,0.000,0.000,0.000,0.000,0.000,0.000,0.000,0.000,0.000,0.000,0.000,0.000
14,2018,494,1865,SE,56048052,5604,8052,Sweden,Mälarhöjdens Veterinärpraktik,Mälarhöjdens Veterin,Vets,Small animal,Sweden,Sweden,Support FTE,AQ,2018,0.000,0.000,0.000,0.000,0.000,0.000,0.000,0.000,0.800,0.000,0.800,0.800
14,2018,494,1865,SE,56048052,5604,8052,Sweden,Mälarhöjdens Veterinärpraktik,Mälarhöjdens Veterin,Vets,Small animal,Sweden,Sweden,Support FTE,BDQTY,2018,0.000,0.000,0.000,0.000,0.000,0.000,0.000,0.000,0.000,0.000,0.000,0.000
14,2018,494,1865,SE,56048052,5604,8052,Sweden,Mälarhöjdens Veterinärpraktik,Mälarhöjdens Veterin,Vets,Small animal,Sweden,Sweden,Vet FTE,AQ,2018,0.000,0.000,0.000,0.000,0.000,0.000,0.000,0.000,6.600,0.000,6.600,6.600
14,2018,494,1865,SE,56048052,5604,8052,Sweden,Mälarhöjdens Veterinärpraktik,Mälarhöjdens Veterin,Vets,Small animal,Sweden,Sweden,Vet FTE,BDQTY,2018,0.000,0.000,0.000,0.000,0.000,0.000,0.000,0.000,0.000,0.000,0.000,0.000
14,2018,498,2102,SE,56088063,5608,8063,Sweden,Kullabygden,Kullabygden,Vets,Small animal,Sweden,Sweden,Head Office FTE,BDQTY,2018,0.000,0.000,0.000,0.000,0.000,0.000,0.000,0.000,0.000,0.000,0.000,0.000
14,2018,498,2102,SE,56088063,5608,8063,Sweden,Kullabygden,Kullabygden,Vets,Small animal,Sweden,Sweden,Locum Nurse FTE,BDQTY,2018,0.000,0.000,0.000,0.000,0.000,0.000,0.000,0.000,0.000,0.000,0.000,0.000
14,2018,498,2102,SE,56088063,5608,8063,Sweden,Kullabygden,Kullabygden,Vets,Small animal,Sweden,Sweden,Locum Vet FTE,BDQTY,2018,0.000,0.000,0.000,0.000,0.000,0.000,0.000,0.000,0.000,0.000,0.000,0.000
14,2018,498,2102,SE,56088063,5608,8063,Sweden,Kullabygden,Kullabygden,Vets,Small animal,Sweden,Sweden,Nurse FTE,AQ,2018,0.000,0.000,0.000,0.000,0.000,0.000,0.000,0.000,5.700,6.700,7.700,7.700
14,2018,498,2102,SE,56088063,5608,8063,Sweden,Kullabygden,Kullabygden,Vets,Small animal,Sweden,Sweden,Nurse FTE,BDQTY,2018,0.000,0.000,0.000,0.000,0.000,7.800,7.800,7.800,7.800,7.800,7.800,7.800
14,2018,498,2102,SE,56088063,5608,8063,Sweden,Kullabygden,Kullabygden,Vets,Small animal,Sweden,Sweden,Support FTE,AQ,2018,0.000,0.000,0.000,0.000,0.000,0.000,0.000,0.000,3.500,3.500,3.500,4.500
14,2018,498,2102,SE,56088063,5608,8063,Sweden,Kullabygden,Kullabygden,Vets,Small animal,Sweden,Sweden,Support FTE,BDQTY,2018,0.000,0.000,0.000,0.000,0.000,1.200,1.200,1.200,1.200,1.200,1.200,1.200
14,2018,498,2102,SE,56088063,5608,8063,Sweden,Kullabygden,Kullabygden,Vets,Small animal,Sweden,Sweden,Vet FTE,AQ,2018,0.000,0.000,0.000,0.000,0.000,0.000,0.000,0.000,2.000,2.000,2.500,3.000
14,2018,498,2102,SE,56088063,5608,8063,Sweden,Kullabygden,Kullabygden,Vets,Small animal,Sweden,Sweden,Vet FTE,BDQTY,2018,0.000,0.000,0.000,0.000,0.000,4.400,4.400,4.400,4.400,4.400,4.400,4.400
14,2018,499,2158,SE,56099161,5609,9161,Sweden,HO,HQ,HO,HO,Sweden,Sweden,Support FTE,AQ,2018,0.000,0.000,0.000,0.000,0.000,0.000,0.000,0.000,0.000,0.000,0.000,6.600
14,2018,500,2161,SE,56108068,5610,8068,Sweden,Visby Veterinärpraktik,Visby Veterinärprakt,Vets,Small animal,Sweden,Sweden,Head Office FTE,BDQTY,2018,0.000,0.000,0.000,0.000,0.000,0.000,0.000,0.000,0.000,0.000,0.000,0.000
14,2018,500,2161,SE,56108068,5610,8068,Sweden,Visby Veterinärpraktik,Visby Veterinärprakt,Vets,Small animal,Sweden,Sweden,Locum Nurse FTE,BDQTY,2018,0.000,0.000,0.000,0.000,0.000,0.000,0.000,0.000,0.000,0.000,0.000,0.000
14,2018,500,2161,SE,56108068,5610,8068,Sweden,Visby Veterinärpraktik,Visby Veterinärprakt,Vets,Small animal,Sweden,Sweden,Locum Vet FTE,BDQTY,2018,0.000,0.000,0.000,0.000,0.000,0.000,0.000,0.000,0.000,0.000,0.000,0.000
14,2018,500,2161,SE,56108068,5610,8068,Sweden,Visby Veterinärpraktik,Visby Veterinärprakt,Vets,Small animal,Sweden,Sweden,Nurse FTE,AQ,2018,0.000,0.000,0.000,0.000,0.000,0.000,0.000,0.000,0.000,6.600,6.600,6.600
14,2018,500,2161,SE,56108068,5610,8068,Sweden,Visby Veterinärpraktik,Visby Veterinärprakt,Vets,Small animal,Sweden,Sweden,Nurse FTE,BDQTY,2018,0.000,0.000,0.000,0.000,0.000,0.000,0.000,4.200,4.700,4.700,4.700,4.200
14,2018,500,2161,SE,56108068,5610,8068,Sweden,Visby Veterinärpraktik,Visby Veterinärprakt,Vets,Small animal,Sweden,Sweden,Support FTE,AQ,2018,0.000,0.000,0.000,0.000,0.000,0.000,0.000,0.000,0.000,0.200,0.000,0.200
14,2018,500,2161,SE,56108068,5610,8068,Sweden,Visby Veterinärpraktik,Visby Veterinärprakt,Vets,Small animal,Sweden,Sweden,Support FTE,BDQTY,2018,0.000,0.000,0.000,0.000,0.000,0.000,0.000,0.300,0.300,0.300,0.300,0.300
14,2018,500,2161,SE,56108068,5610,8068,Sweden,Visby Veterinärpraktik,Visby Veterinärprakt,Vets,Small animal,Sweden,Sweden,Vet FTE,BDQTY,2018,0.000,0.000,0.000,0.000,0.000,0.000,0.000,0.500,0.500,1.500,1.500,0.500
14,2018,501,2206,SE,56118067,5611,8067,Sweden,Veterinärkliniken Limhamn Evid,Limhamn Veterinärpra,Vets,Small animal,Sweden,Sweden,Head Office FTE,BDQTY,2018,0.000,0.000,0.000,0.000,0.000,0.000,0.000,0.000,0.000,0.000,0.000,0.000
14,2018,501,2206,SE,56118067,5611,8067,Sweden,Veterinärkliniken Limhamn Evid,Limhamn Veterinärpra,Vets,Small animal,Sweden,Sweden,Locum Nurse FTE,BDQTY,2018,0.000,0.000,0.000,0.000,0.000,0.000,0.000,0.000,0.000,0.000,0.000,0.000
14,2018,501,2206,SE,56118067,5611,8067,Sweden,Veterinärkliniken Limhamn Evid,Limhamn Veterinärpra,Vets,Small animal,Sweden,Sweden,Locum Vet FTE,BDQTY,2018,0.000,0.000,0.000,0.000,0.000,0.000,0.000,0.000,0.000,0.000,0.000,0.000
14,2018,501,2206,SE,56118067,5611,8067,Sweden,Veterinärkliniken Limhamn Evid,Limhamn Veterinärpra,Vets,Small animal,Sweden,Sweden,Nurse FTE,AQ,2018,0.000,0.000,0.000,0.000,0.000,0.000,0.000,0.000,0.000,4.000,3.300,4.000
14,2018,501,2206,SE,56118067,5611,8067,Sweden,Veterinärkliniken Limhamn Evid,Limhamn Veterinärpra,Vets,Small animal,Sweden,Sweden,Nurse FTE,BDQTY,2018,0.000,0.000,0.000,0.000,0.000,0.000,0.000,3.700,3.000,3.000,3.000,3.000
14,2018,501,2206,SE,56118067,5611,8067,Sweden,Veterinärkliniken Limhamn Evid,Limhamn Veterinärpra,Vets,Small animal,Sweden,Sweden,Support FTE,AQ,2018,0.000,0.000,0.000,0.000,0.000,0.000,0.000,0.000,0.000,2.800,3.100,2.800
14,2018,501,2206,SE,56118067,5611,8067,Sweden,Veterinärkliniken Limhamn Evid,Limhamn Veterinärpra,Vets,Small animal,Sweden,Sweden,Support FTE,BDQTY,2018,0.000,0.000,0.000,0.000,0.000,0.000,0.000,1.800,1.800,1.800,1.800,1.800
14,2018,501,2206,SE,56118067,5611,8067,Sweden,Veterinärkliniken Limhamn Evid,Limhamn Veterinärpra,Vets,Small animal,Sweden,Sweden,Vet FTE,AQ,2018,0.000,0.000,0.000,0.000,0.000,0.000,0.000,0.000,0.000,3.000,3.000,3.000
14,2018,501,2206,SE,56118067,5611,8067,Sweden,Veterinärkliniken Limhamn Evid,Limhamn Veterinärpra,Vets,Small animal,Sweden,Sweden,Vet FTE,BDQTY,2018,0.000,0.000,0.000,0.000,0.000,0.000,0.000,3.000,3.000,3.000,3.000,3.000
14,2018,502,2249,SE,56128066,5612,8066,Sweden,Veterinärkliniken Malmö Eviden,Öresund Malmö Veteri,Vets,Small animal,Sweden,Sweden,Head Office FTE,BDQTY,2018,0.000,0.000,0.000,0.000,0.000,0.000,0.000,0.000,0.000,0.000,0.000,0.000
14,2018,502,2249,SE,56128066,5612,8066,Sweden,Veterinärkliniken Malmö Eviden,Öresund Malmö Veteri,Vets,Small animal,Sweden,Sweden,Locum Nurse FTE,BDQTY,2018,0.000,0.000,0.000,0.000,0.000,0.000,0.000,0.000,0.000,0.000,0.000,0.000
14,2018,502,2249,SE,56128066,5612,8066,Sweden,Veterinärkliniken Malmö Eviden,Öresund Malmö Veteri,Vets,Small animal,Sweden,Sweden,Locum Vet FTE,BDQTY,2018,0.000,0.000,0.000,0.000,0.000,0.000,0.000,0.000,0.000,0.000,0.000,0.000
14,2018,502,2249,SE,56128066,5612,8066,Sweden,Veterinärkliniken Malmö Eviden,Öresund Malmö Veteri,Vets,Small animal,Sweden,Sweden,Nurse FTE,AQ,2018,0.000,0.000,0.000,0.000,0.000,0.000,0.000,0.000,0.000,0.000,10.700,10.700
14,2018,502,2249,SE,56128066,5612,8066,Sweden,Veterinärkliniken Malmö Eviden,Öresund Malmö Veteri,Vets,Small animal,Sweden,Sweden,Nurse FTE,BDQTY,2018,0.000,0.000,0.000,0.000,0.000,0.000,0.000,11.300,11.300,11.300,11.300,11.300
14,2018,502,2249,SE,56128066,5612,8066,Sweden,Veterinärkliniken Malmö Eviden,Öresund Malmö Veteri,Vets,Small animal,Sweden,Sweden,Support FTE,AQ,2018,0.000,0.000,0.000,0.000,0.000,0.000,0.000,0.000,0.000,0.000,7.100,7.100
14,2018,502,2249,SE,56128066,5612,8066,Sweden,Veterinärkliniken Malmö Eviden,Öresund Malmö Veteri,Vets,Small animal,Sweden,Sweden,Support FTE,BDQTY,2018,0.000,0.000,0.000,0.000,0.000,0.000,0.000,3.600,3.600,3.000,3.000,3.000
14,2018,502,2249,SE,56128066,5612,8066,Sweden,Veterinärkliniken Malmö Eviden,Öresund Malmö Veteri,Vets,Small animal,Sweden,Sweden,Vet FTE,AQ,2018,0.000,0.000,0.000,0.000,0.000,0.000,0.000,0.000,0.000,0.000,4.500,4.500
14,2018,502,2249,SE,56128066,5612,8066,Sweden,Veterinärkliniken Malmö Eviden,Öresund Malmö Veteri,Vets,Small animal,Sweden,Sweden,Vet FTE,BDQTY,2018,0.000,0.000,0.000,0.000,0.000,0.000,0.000,5.400,5.400,5.400,5.400,5.400
14,2018,503,2292,SE,56138065,5613,8065,Sweden,Södra Berget Veterinärpraktik,Södra Berget Veterin,Vets,Small animal,Sweden,Sweden,Head Office FTE,BDQTY,2018,0.000,0.000,0.000,0.000,0.000,0.000,0.000,0.000,0.000,0.000,0.000,0.000
14,2018,503,2292,SE,56138065,5613,8065,Sweden,Södra Berget Veterinärpraktik,Södra Berget Veterin,Vets,Small animal,Sweden,Sweden,Locum Nurse FTE,BDQTY,2018,0.000,0.000,0.000,0.000,0.000,0.000,0.000,0.000,0.000,0.000,0.000,0.000
14,2018,503,2292,SE,56138065,5613,8065,Sweden,Södra Berget Veterinärpraktik,Södra Berget Veterin,Vets,Small animal,Sweden,Sweden,Locum Vet FTE,BDQTY,2018,0.000,0.000,0.000,0.000,0.000,0.000,0.000,0.000,0.000,0.000,0.000,0.000
14,2018,503,2292,SE,56138065,5613,8065,Sweden,Södra Berget Veterinärpraktik,Södra Berget Veterin,Vets,Small animal,Sweden,Sweden,Nurse FTE,BDQTY,2018,0.000,0.000,0.000,0.000,0.000,0.000,13.600,13.600,18.600,20.600,19.600,17.600
14,2018,503,2292,SE,56138065,5613,8065,Sweden,Södra Berget Veterinärpraktik,Södra Berget Veterin,Vets,Small animal,Sweden,Sweden,Support FTE,BDQTY,2018,0.000,0.000,0.000,0.000,0.000,0.000,3.600,3.600,3.600,3.600,3.600,3.600
14,2018,503,2292,SE,56138065,5613,8065,Sweden,Södra Berget Veterinärpraktik,Södra Berget Veterin,Vets,Small animal,Sweden,Sweden,Vet FTE,BDQTY,2018,0.000,0.000,0.000,0.000,0.000,0.000,8.800,8.800,8.800,8.800,8.800,8.800
14,2018,504,2335,SE,56148072,5614,8072,Sweden,Veterinärhuset Lidköping AB,Lidkoping,Vets,Small animal,Sweden,Sweden,Head Office FTE,BDQTY,2018,0.000,0.000,0.000,0.000,0.000,0.000,0.000,0.000,0.000,0.000,0.000,0.000
14,2018,504,2335,SE,56148072,5614,8072,Sweden,Veterinärhuset Lidköping AB,Lidkoping,Vets,Small animal,Sweden,Sweden,Locum Nurse FTE,BDQTY,2018,0.000,0.000,0.000,0.000,0.000,0.000,0.000,0.000,0.000,0.000,0.000,0.000
14,2018,504,2335,SE,56148072,5614,8072,Sweden,Veterinärhuset Lidköping AB,Lidkoping,Vets,Small animal,Sweden,Sweden,Locum Vet FTE,BDQTY,2018,0.000,0.000,0.000,0.000,0.000,0.000,0.000,0.000,0.000,0.000,0.000,0.000
14,2018,504,2335,SE,56148072,5614,8072,Sweden,Veterinärhuset Lidköping AB,Lidkoping,Vets,Small animal,Sweden,Sweden,Nurse FTE,BDQTY,2018,0.000,0.000,0.000,0.000,0.000,0.000,0.000,0.000,0.000,0.000,6.000,7.000
14,2018,504,2335,SE,56148072,5614,8072,Sweden,Veterinärhuset Lidköping AB,Lidkoping,Vets,Small animal,Sweden,Sweden,Support FTE,BDQTY,2018,0.000,0.000,0.000,0.000,0.000,0.000,0.000,0.000,0.000,0.000,1.000,1.000
14,2018,504,2335,SE,56148072,5614,8072,Sweden,Veterinärhuset Lidköping AB,Lidkoping,Vets,Small animal,Sweden,Sweden,Vet FTE,BDQTY,2018,0.000,0.000,0.000,0.000,0.000,0.000,0.000,0.000,0.000,0.000,4.000,4.000
14,2018,505,2377,SE,56158073,5615,8073,Sweden,Ugglarp Gard Hast,Ugglarp Gard Hast,Vets,Equine,Sweden,Sweden,Head Office FTE,BDQTY,2018,0.000,0.000,0.000,0.000,0.000,0.000,0.000,0.000,0.000,0.000,0.000,0.000
14,2018,505,2377,SE,56158073,5615,8073,Sweden,Ugglarp Gard Hast,Ugglarp Gard Hast,Vets,Equine,Sweden,Sweden,Locum Nurse FTE,BDQTY,2018,0.000,0.000,0.000,0.000,0.000,0.000,0.000,0.000,0.000,0.000,0.000,0.000
14,2018,505,2377,SE,56158073,5615,8073,Sweden,Ugglarp Gard Hast,Ugglarp Gard Hast,Vets,Equine,Sweden,Sweden,Locum Vet FTE,BDQTY,2018,0.000,0.000,0.000,0.000,0.000,0.000,0.000,0.000,0.000,0.000,0.000,0.000
14,2018,505,2377,SE,56158073,5615,8073,Sweden,Ugglarp Gard Hast,Ugglarp Gard Hast,Vets,Equine,Sweden,Sweden,Nurse FTE,BDQTY,2018,0.000,0.000,0.000,0.000,0.000,0.000,0.000,0.000,0.000,0.000,0.000,9.600
14,2018,505,2377,SE,56158073,5615,8073,Sweden,Ugglarp Gard Hast,Ugglarp Gard Hast,Vets,Equine,Sweden,Sweden,Support FTE,BDQTY,2018,0.000,0.000,0.000,0.000,0.000,0.000,0.000,0.000,0.000,0.000,0.000,0.000
14,2018,505,2377,SE,56158073,5615,8073,Sweden,Ugglarp Gard Hast,Ugglarp Gard Hast,Vets,Equine,Sweden,Sweden,Vet FTE,BDQTY,2018,0.000,0.000,0.000,0.000,0.000,0.000,0.000,0.000,0.000,0.000,0.000,6.600
14,2019,336,552,SE,50039011,5003,9011,Sweden,HO,HQ,HO,HO,Group,Group,Head Office FTE,BDQTY,2019,0.000,0.000,0.000,0.000,0.000,0.000,0.000,0.000,0.000,0.000,0.000,0.000
14,2019,336,552,SE,50039011,5003,9011,Sweden,HO,HQ,HO,HO,Group,Group,Locum Nurse FTE,BDQTY,2019,0.000,0.000,0.000,0.000,0.000,0.000,0.000,0.000,0.000,0.000,0.000,0.000
14,2019,336,552,SE,50039011,5003,9011,Sweden,HO,HQ,HO,HO,Group,Group,Locum Vet FTE,BDQTY,2019,0.000,0.000,0.000,0.000,0.000,0.000,0.000,0.000,0.000,0.000,0.000,0.000
14,2019,336,552,SE,50039011,5003,9011,Sweden,HO,HQ,HO,HO,Group,Group,Nurse FTE,BDQTY,2019,0.000,0.000,0.000,0.000,0.000,0.000,0.000,0.000,0.000,0.000,0.000,0.000
14,2019,336,552,SE,50039011,5003,9011,Sweden,HO,HQ,HO,HO,Group,Group,Support FTE,BDQTY,2019,0.000,0.000,0.000,0.000,0.000,0.000,0.000,0.000,0.000,0.000,0.000,0.000
14,2019,336,552,SE,50039011,5003,9011,Sweden,HO,HQ,HO,HO,Group,Group,Vet FTE,BDQTY,2019,0.000,0.000,0.000,0.000,0.000,0.000,0.000,0.000,0.000,0.000,0.000,0.000
14,2019,336,564,SE,50039030,5003,9030,Sweden,HO,HQ,HO,HO,Group,Group,Head Office FTE,BDQTY,2019,0.000,0.000,0.000,0.000,0.000,0.000,0.000,0.000,0.000,0.000,0.000,0.000
14,2019,336,564,SE,50039030,5003,9030,Sweden,HO,HQ,HO,HO,Group,Group,Locum Nurse FTE,BDQTY,2019,0.000,0.000,0.000,0.000,0.000,0.000,0.000,0.000,0.000,0.000,0.000,0.000
14,2019,336,564,SE,50039030,5003,9030,Sweden,HO,HQ,HO,HO,Group,Group,Locum Vet FTE,BDQTY,2019,0.000,0.000,0.000,0.000,0.000,0.000,0.000,0.000,0.000,0.000,0.000,0.000
14,2019,336,564,SE,50039030,5003,9030,Sweden,HO,HQ,HO,HO,Group,Group,Nurse FTE,BDQTY,2019,0.000,0.000,0.000,0.000,0.000,0.000,0.000,0.000,0.000,0.000,0.000,0.000
14,2019,336,564,SE,50039030,5003,9030,Sweden,HO,HQ,HO,HO,Group,Group,Support FTE,BDQTY,2019,0.000,0.000,0.000,0.000,0.000,0.000,0.000,0.000,0.000,0.000,0.000,0.000
14,2019,336,564,SE,50039030,5003,9030,Sweden,HO,HQ,HO,HO,Group,Group,Vet FTE,BDQTY,2019,0.000,0.000,0.000,0.000,0.000,0.000,0.000,0.000,0.000,0.000,0.000,0.000
14,2019,336,576,SE,50039049,5003,9049,Sweden,HO,HQ,HO,HO,Group,Group,Support FTE,AQ,2019,9.000,9.000,10.000,20.000,10.000,0.000,0.000,0.000,0.000,0.000,0.000,0.000
14,2019,336,577,SE,50039050,5003,9050,Sweden,HO,HQ,HO,HO,Group,Group,Head Office FTE,BDQTY,2019,0.000,0.000,0.000,0.000,0.000,0.000,0.000,0.000,0.000,0.000,0.000,0.000
14,2019,336,577,SE,50039050,5003,9050,Sweden,HO,HQ,HO,HO,Group,Group,Locum Nurse FTE,BDQTY,2019,0.000,0.000,0.000,0.000,0.000,0.000,0.000,0.000,0.000,0.000,0.000,0.000
14,2019,336,577,SE,50039050,5003,9050,Sweden,HO,HQ,HO,HO,Group,Group,Locum Vet FTE,BDQTY,2019,0.000,0.000,0.000,0.000,0.000,0.000,0.000,0.000,0.000,0.000,0.000,0.000
14,2019,336,577,SE,50039050,5003,9050,Sweden,HO,HQ,HO,HO,Group,Group,Nurse FTE,BDQTY,2019,0.000,0.000,0.000,0.000,0.000,0.000,0.000,0.000,0.000,0.000,0.000,0.000
14,2019,336,577,SE,50039050,5003,9050,Sweden,HO,HQ,HO,HO,Group,Group,Support FTE,BDQTY,2019,0.000,0.000,0.000,0.000,0.000,0.000,0.000,0.000,0.000,0.000,0.000,0.000
14,2019,336,577,SE,50039050,5003,9050,Sweden,HO,HQ,HO,HO,Group,Group,Vet FTE,BDQTY,2019,0.000,0.000,0.000,0.000,0.000,0.000,0.000,0.000,0.000,0.000,0.000,0.000
14,2019,336,579,SE,50039055,5003,9055,Sweden,HO,HQ,HO,HO,Group,Group,Head Office FTE,BDQTY,2019,0.000,0.000,0.000,0.000,0.000,0.000,0.000,0.000,0.000,0.000,0.000,0.000
14,2019,336,579,SE,50039055,5003,9055,Sweden,HO,HQ,HO,HO,Group,Group,Locum Nurse FTE,BDQTY,2019,0.000,0.000,0.000,0.000,0.000,0.000,0.000,0.000,0.000,0.000,0.000,0.000
14,2019,336,579,SE,50039055,5003,9055,Sweden,HO,HQ,HO,HO,Group,Group,Locum Vet FTE,BDQTY,2019,0.000,0.000,0.000,0.000,0.000,0.000,0.000,0.000,0.000,0.000,0.000,0.000
14,2019,336,579,SE,50039055,5003,9055,Sweden,HO,HQ,HO,HO,Group,Group,Nurse FTE,BDQTY,2019,0.000,0.000,0.000,0.000,0.000,0.000,0.000,0.000,0.000,0.000,0.000,0.000
14,2019,336,579,SE,50039055,5003,9055,Sweden,HO,HQ,HO,HO,Group,Group,Support FTE,BDQTY,2019,0.000,0.000,0.000,0.000,0.000,0.000,0.000,0.000,0.000,0.000,0.000,0.000
14,2019,336,579,SE,50039055,5003,9055,Sweden,HO,HQ,HO,HO,Group,Group,Vet FTE,BDQTY,2019,0.000,0.000,0.000,0.000,0.000,0.000,0.000,0.000,0.000,0.000,0.000,0.000
14,2019,336,581,SE,50039067,5003,9067,Sweden,HO,Group Support,HO,HO,Group,Group,Support FTE,AQ,2019,0.000,0.000,0.000,0.000,0.000,0.000,14.000,14.000,14.000,15.000,15.900,17.000
14,2019,490,1455,SE,56008000,5600,8000,Sweden,Djursjukhus Gammelstad,Djursjukhus Gammelst,Vets,Small animal,Sweden,Sweden,Head Office FTE,BDQTY,2019,0.000,0.000,0.000,0.000,0.000,0.000,0.000,0.000,0.000,0.000,0.000,0.000
14,2019,490,1455,SE,56008000,5600,8000,Sweden,Djursjukhus Gammelstad,Djursjukhus Gammelst,Vets,Small animal,Sweden,Sweden,Locum Nurse FTE,BDQTY,2019,0.000,0.000,0.000,0.000,0.000,0.000,0.000,0.000,0.000,0.000,0.000,0.000
14,2019,490,1455,SE,56008000,5600,8000,Sweden,Djursjukhus Gammelstad,Djursjukhus Gammelst,Vets,Small animal,Sweden,Sweden,Locum Vet FTE,AQ,2019,0.000,0.000,0.000,0.000,1.940,1.070,1.220,0.680,0.000,0.000,1.620,0.000
14,2019,490,1455,SE,56008000,5600,8000,Sweden,Djursjukhus Gammelstad,Djursjukhus Gammelst,Vets,Small animal,Sweden,Sweden,Locum Vet FTE,BDQTY,2019,0.000,0.000,0.000,0.000,0.000,0.000,0.000,0.000,0.000,0.000,0.000,0.000
14,2019,490,1455,SE,56008000,5600,8000,Sweden,Djursjukhus Gammelstad,Djursjukhus Gammelst,Vets,Small animal,Sweden,Sweden,Nurse FTE,AQ,2019,16.620,16.800,16.800,17.570,17.430,16.900,19.000,19.800,21.300,24.000,22.500,19.100
14,2019,490,1455,SE,56008000,5600,8000,Sweden,Djursjukhus Gammelstad,Djursjukhus Gammelst,Vets,Small animal,Sweden,Sweden,Nurse FTE,BDQTY,2019,17.500,17.300,17.200,17.100,16.900,15.700,13.200,15.100,15.300,16.900,17.000,16.700
14,2019,490,1455,SE,56008000,5600,8000,Sweden,Djursjukhus Gammelstad,Djursjukhus Gammelst,Vets,Small animal,Sweden,Sweden,Support FTE,AQ,2019,12.130,11.330,11.340,9.930,10.730,8.900,8.900,8.900,8.400,8.400,8.600,8.500
14,2019,490,1455,SE,56008000,5600,8000,Sweden,Djursjukhus Gammelstad,Djursjukhus Gammelst,Vets,Small animal,Sweden,Sweden,Support FTE,BDQTY,2019,8.400,8.600,8.300,9.000,8.900,8.000,7.000,8.700,10.000,9.500,9.800,9.900
14,2019,490,1455,SE,56008000,5600,8000,Sweden,Djursjukhus Gammelstad,Djursjukhus Gammelst,Vets,Small animal,Sweden,Sweden,Vet FTE,AQ,2019,12.450,12.450,12.450,12.700,12.540,14.700,14.900,15.900,15.800,15.800,15.800,16.500
14,2019,490,1455,SE,56008000,5600,8000,Sweden,Djursjukhus Gammelstad,Djursjukhus Gammelst,Vets,Small animal,Sweden,Sweden,Vet FTE,BDQTY,2019,11.500,11.100,11.200,11.600,10.900,10.300,8.900,9.200,13.400,13.300,13.400,11.200
14,2019,490,1456,SE,56008001,5600,8001,Sweden,Djurklinik Öjebyn,Djurklinik Öjebyn,Vets,Small animal,Sweden,Sweden,Head Office FTE,BDQTY,2019,0.000,0.000,0.000,0.000,0.000,0.000,0.000,0.000,0.000,0.000,0.000,0.000
14,2019,490,1456,SE,56008001,5600,8001,Sweden,Djurklinik Öjebyn,Djurklinik Öjebyn,Vets,Small animal,Sweden,Sweden,Locum Nurse FTE,BDQTY,2019,0.000,0.000,0.000,0.000,0.000,0.000,0.000,0.000,0.000,0.000,0.000,0.000
14,2019,490,1456,SE,56008001,5600,8001,Sweden,Djurklinik Öjebyn,Djurklinik Öjebyn,Vets,Small animal,Sweden,Sweden,Locum Vet FTE,AQ,2019,0.000,0.000,0.000,0.000,0.000,0.160,0.160,0.190,0.000,0.000,0.270,0.080
14,2019,490,1456,SE,56008001,5600,8001,Sweden,Djurklinik Öjebyn,Djurklinik Öjebyn,Vets,Small animal,Sweden,Sweden,Locum Vet FTE,BDQTY,2019,0.000,0.000,0.000,0.000,0.000,0.000,0.000,0.000,0.000,0.000,0.000,0.000
14,2019,490,1456,SE,56008001,5600,8001,Sweden,Djurklinik Öjebyn,Djurklinik Öjebyn,Vets,Small animal,Sweden,Sweden,Nurse FTE,AQ,2019,13.460,12.280,12.780,13.030,13.150,13.200,13.200,13.200,13.400,14.500,14.300,11.400
14,2019,490,1456,SE,56008001,5600,8001,Sweden,Djurklinik Öjebyn,Djurklinik Öjebyn,Vets,Small animal,Sweden,Sweden,Nurse FTE,BDQTY,2019,9.000,9.000,8.600,8.500,8.400,8.100,6.100,6.800,8.500,8.600,8.300,8.700
14,2019,490,1456,SE,56008001,5600,8001,Sweden,Djurklinik Öjebyn,Djurklinik Öjebyn,Vets,Small animal,Sweden,Sweden,Support FTE,AQ,2019,2.600,2.800,2.800,2.600,2.800,2.600,2.800,2.800,2.800,2.800,2.400,1.800
14,2019,490,1456,SE,56008001,5600,8001,Sweden,Djurklinik Öjebyn,Djurklinik Öjebyn,Vets,Small animal,Sweden,Sweden,Support FTE,BDQTY,2019,3.000,3.100,2.800,2.900,3.100,2.900,2.600,3.100,2.800,2.700,3.100,3.000
14,2019,490,1456,SE,56008001,5600,8001,Sweden,Djurklinik Öjebyn,Djurklinik Öjebyn,Vets,Small animal,Sweden,Sweden,Vet FTE,AQ,2019,4.600,4.600,4.600,4.850,5.850,6.700,5.850,4.900,4.900,6.400,6.900,6.900
14,2019,490,1456,SE,56008001,5600,8001,Sweden,Djurklinik Öjebyn,Djurklinik Öjebyn,Vets,Small animal,Sweden,Sweden,Vet FTE,BDQTY,2019,6.200,6.800,6.500,6.600,6.900,6.700,5.000,6.000,6.400,6.900,7.300,6.500
14,2019,490,1457,SE,56008002,5600,8002,Sweden,Djurkliniken Arninge,Djurkliniken Arninge,Vets,Small animal,Sweden,Sweden,Head Office FTE,BDQTY,2019,0.000,0.000,0.000,0.000,0.000,0.000,0.000,0.000,0.000,0.000,0.000,0.000
14,2019,490,1457,SE,56008002,5600,8002,Sweden,Djurkliniken Arninge,Djurkliniken Arninge,Vets,Small animal,Sweden,Sweden,Locum Nurse FTE,BDQTY,2019,0.000,0.000,0.000,0.000,0.000,0.000,0.000,0.000,0.000,0.000,0.000,0.000
14,2019,490,1457,SE,56008002,5600,8002,Sweden,Djurkliniken Arninge,Djurkliniken Arninge,Vets,Small animal,Sweden,Sweden,Locum Vet FTE,AQ,2019,0.000,0.000,0.000,0.000,0.480,0.550,0.430,0.530,0.550,0.620,0.000,1.040
14,2019,490,1457,SE,56008002,5600,8002,Sweden,Djurkliniken Arninge,Djurkliniken Arninge,Vets,Small animal,Sweden,Sweden,Locum Vet FTE,BDQTY,2019,0.000,0.000,0.000,0.000,0.000,0.000,0.000,0.000,0.000,0.000,0.000,0.000
14,2019,490,1457,SE,56008002,5600,8002,Sweden,Djurkliniken Arninge,Djurkliniken Arninge,Vets,Small animal,Sweden,Sweden,Nurse FTE,AQ,2019,11.300,11.300,11.300,10.630,10.500,11.000,9.900,11.000,13.300,17.500,15.600,13.700
14,2019,490,1457,SE,56008002,5600,8002,Sweden,Djurkliniken Arninge,Djurkliniken Arninge,Vets,Small animal,Sweden,Sweden,Nurse FTE,BDQTY,2019,7.600,7.600,7.600,8.600,8.800,8.200,7.300,7.100,8.100,8.600,8.700,8.500
14,2019,490,1457,SE,56008002,5600,8002,Sweden,Djurkliniken Arninge,Djurkliniken Arninge,Vets,Small animal,Sweden,Sweden,Support FTE,AQ,2019,3.900,3.900,3.900,3.900,3.900,3.900,4.000,4.000,4.000,4.000,4.000,4.000
14,2019,490,1457,SE,56008002,5600,8002,Sweden,Djurkliniken Arninge,Djurkliniken Arninge,Vets,Small animal,Sweden,Sweden,Support FTE,BDQTY,2019,2.600,2.800,2.800,3.000,2.800,2.700,2.200,2.000,2.800,2.800,2.900,2.600
14,2019,490,1457,SE,56008002,5600,8002,Sweden,Djurkliniken Arninge,Djurkliniken Arninge,Vets,Small animal,Sweden,Sweden,Vet FTE,AQ,2019,7.250,7.250,7.250,7.250,6.890,7.300,7.300,7.300,7.300,7.300,7.300,7.300
14,2019,490,1457,SE,56008002,5600,8002,Sweden,Djurkliniken Arninge,Djurkliniken Arninge,Vets,Small animal,Sweden,Sweden,Vet FTE,BDQTY,2019,3.500,2.500,3.200,3.300,3.200,3.600,2.300,2.900,3.800,4.400,4.800,2.800
14,2019,490,1458,SE,56008003,5600,8003,Sweden,Djurkliniken Farsta,Djurkliniken Farsta,Vets,Small animal,Sweden,Sweden,Head Office FTE,BDQTY,2019,0.000,0.000,0.000,0.000,0.000,0.000,0.000,0.000,0.000,0.000,0.000,0.000
14,2019,490,1458,SE,56008003,5600,8003,Sweden,Djurkliniken Farsta,Djurkliniken Farsta,Vets,Small animal,Sweden,Sweden,Locum Nurse FTE,BDQTY,2019,0.000,0.000,0.000,0.000,0.000,0.000,0.000,0.000,0.000,0.000,0.000,0.000
14,2019,490,1458,SE,56008003,5600,8003,Sweden,Djurkliniken Farsta,Djurkliniken Farsta,Vets,Small animal,Sweden,Sweden,Locum Vet FTE,BDQTY,2019,0.000,0.000,0.000,0.000,0.000,0.000,0.000,0.000,0.000,0.000,0.000,0.000
14,2019,490,1458,SE,56008003,5600,8003,Sweden,Djurkliniken Farsta,Djurkliniken Farsta,Vets,Small animal,Sweden,Sweden,Nurse FTE,AQ,2019,4.820,5.050,5.050,4.240,4.140,4.200,3.600,3.600,3.700,6.400,4.400,3.700
14,2019,490,1458,SE,56008003,5600,8003,Sweden,Djurkliniken Farsta,Djurkliniken Farsta,Vets,Small animal,Sweden,Sweden,Nurse FTE,BDQTY,2019,3.300,3.800,3.800,4.500,4.200,4.500,3.100,3.100,4.300,4.600,4.500,4.400
14,2019,490,1458,SE,56008003,5600,8003,Sweden,Djurkliniken Farsta,Djurkliniken Farsta,Vets,Small animal,Sweden,Sweden,Support FTE,AQ,2019,2.000,2.000,2.000,1.580,1.000,1.400,2.000,2.000,1.700,1.000,1.000,1.000
14,2019,490,1458,SE,56008003,5600,8003,Sweden,Djurkliniken Farsta,Djurkliniken Farsta,Vets,Small animal,Sweden,Sweden,Support FTE,BDQTY,2019,2.000,1.400,2.000,2.000,2.000,1.900,1.800,2.000,2.000,2.000,2.000,1.900
14,2019,490,1458,SE,56008003,5600,8003,Sweden,Djurkliniken Farsta,Djurkliniken Farsta,Vets,Small animal,Sweden,Sweden,Vet FTE,AQ,2019,2.600,2.600,2.600,2.600,1.600,2.600,2.600,2.600,2.600,2.600,2.800,3.600
14,2019,490,1458,SE,56008003,5600,8003,Sweden,Djurkliniken Farsta,Djurkliniken Farsta,Vets,Small animal,Sweden,Sweden,Vet FTE,BDQTY,2019,2.700,1.300,2.700,2.900,2.700,2.100,2.300,1.600,2.500,2.400,2.400,2.600
14,2019,490,1459,SE,56008004,5600,8004,Sweden,Djurkliniken Gefle,Djurkliniken Gefle,Vets,Small animal,Sweden,Sweden,Head Office FTE,BDQTY,2019,0.000,0.000,0.000,0.000,0.000,0.000,0.000,0.000,0.000,0.000,0.000,0.000
14,2019,490,1459,SE,56008004,5600,8004,Sweden,Djurkliniken Gefle,Djurkliniken Gefle,Vets,Small animal,Sweden,Sweden,Locum Nurse FTE,BDQTY,2019,0.000,0.000,0.000,0.000,0.000,0.000,0.000,0.000,0.000,0.000,0.000,0.000
14,2019,490,1459,SE,56008004,5600,8004,Sweden,Djurkliniken Gefle,Djurkliniken Gefle,Vets,Small animal,Sweden,Sweden,Locum Vet FTE,BDQTY,2019,0.000,0.000,0.000,0.000,0.000,0.000,0.000,0.000,0.000,0.000,0.000,0.000
14,2019,490,1459,SE,56008004,5600,8004,Sweden,Djurkliniken Gefle,Djurkliniken Gefle,Vets,Small animal,Sweden,Sweden,Nurse FTE,AQ,2019,13.410,12.700,12.700,12.700,12.700,12.400,12.500,12.500,30.900,13.900,13.000,12.700
14,2019,490,1459,SE,56008004,5600,8004,Sweden,Djurkliniken Gefle,Djurkliniken Gefle,Vets,Small animal,Sweden,Sweden,Nurse FTE,BDQTY,2019,5.100,5.500,4.300,5.400,5.400,5.000,0.700,4.100,5.900,7.800,6.000,4.400
14,2019,490,1459,SE,56008004,5600,8004,Sweden,Djurkliniken Gefle,Djurkliniken Gefle,Vets,Small animal,Sweden,Sweden,Support FTE,AQ,2019,4.000,4.870,4.870,5.000,5.000,4.900,4.200,4.200,4.200,4.200,4.200,4.200
14,2019,490,1459,SE,56008004,5600,8004,Sweden,Djurkliniken Gefle,Djurkliniken Gefle,Vets,Small animal,Sweden,Sweden,Support FTE,BDQTY,2019,2.500,2.500,2.500,2.500,2.500,2.300,1.100,2.300,2.100,2.500,2.200,1.900
14,2019,490,1459,SE,56008004,5600,8004,Sweden,Djurkliniken Gefle,Djurkliniken Gefle,Vets,Small animal,Sweden,Sweden,Vet FTE,AQ,2019,6.260,6.230,6.230,6.070,6.530,6.800,6.300,6.300,8.000,9.900,9.700,9.900
14,2019,490,1459,SE,56008004,5600,8004,Sweden,Djurkliniken Gefle,Djurkliniken Gefle,Vets,Small animal,Sweden,Sweden,Vet FTE,BDQTY,2019,2.900,3.100,3.000,3.000,3.000,2.800,1.600,2.500,2.800,4.000,3.700,3.800
14,2019,490,1460,SE,56008005,5600,8005,Sweden,Djurkliniken Nacka,Djurkliniken Nacka,Vets,Small animal,Sweden,Sweden,Head Office FTE,BDQTY,2019,0.000,0.000,0.000,0.000,0.000,0.000,0.000,0.000,0.000,0.000,0.000,0.000
14,2019,490,1460,SE,56008005,5600,8005,Sweden,Djurkliniken Nacka,Djurkliniken Nacka,Vets,Small animal,Sweden,Sweden,Locum Nurse FTE,BDQTY,2019,0.000,0.000,0.000,0.000,0.000,0.000,0.000,0.000,0.000,0.000,0.000,0.000
14,2019,490,1460,SE,56008005,5600,8005,Sweden,Djurkliniken Nacka,Djurkliniken Nacka,Vets,Small animal,Sweden,Sweden,Locum Vet FTE,AQ,2019,0.000,0.000,0.000,0.000,0.090,0.000,0.070,0.040,0.000,0.000,0.050,0.000
14,2019,490,1460,SE,56008005,5600,8005,Sweden,Djurkliniken Nacka,Djurkliniken Nacka,Vets,Small animal,Sweden,Sweden,Locum Vet FTE,BDQTY,2019,0.000,0.000,0.000,0.000,0.000,0.000,0.000,0.000,0.000,0.000,0.000,0.000
14,2019,490,1460,SE,56008005,5600,8005,Sweden,Djurkliniken Nacka,Djurkliniken Nacka,Vets,Small animal,Sweden,Sweden,Nurse FTE,AQ,2019,11.190,10.260,10.280,10.230,9.100,9.400,9.500,9.500,0.000,11.000,11.200,9.200
14,2019,490,1460,SE,56008005,5600,8005,Sweden,Djurkliniken Nacka,Djurkliniken Nacka,Vets,Small animal,Sweden,Sweden,Nurse FTE,BDQTY,2019,10.200,10.700,10.900,11.000,11.500,10.400,7.500,9.200,13.500,13.400,13.300,10.700
14,2019,490,1460,SE,56008005,5600,8005,Sweden,Djurkliniken Nacka,Djurkliniken Nacka,Vets,Small animal,Sweden,Sweden,Support FTE,AQ,2019,3.250,3.250,3.250,3.250,3.250,3.300,3.500,4.300,4.300,4.300,4.300,4.300
14,2019,490,1460,SE,56008005,5600,8005,Sweden,Djurkliniken Nacka,Djurkliniken Nacka,Vets,Small animal,Sweden,Sweden,Support FTE,BDQTY,2019,2.800,3.100,3.100,3.000,3.200,3.100,1.600,2.400,3.200,3.300,3.300,2.900
14,2019,490,1460,SE,56008005,5600,8005,Sweden,Djurkliniken Nacka,Djurkliniken Nacka,Vets,Small animal,Sweden,Sweden,Vet FTE,AQ,2019,6.750,6.750,6.750,6.750,6.750,6.100,5.800,6.700,7.700,7.700,7.700,7.300
14,2019,490,1460,SE,56008005,5600,8005,Sweden,Djurkliniken Nacka,Djurkliniken Nacka,Vets,Small animal,Sweden,Sweden,Vet FTE,BDQTY,2019,5.200,5.100,5.200,5.400,5.100,5.300,4.000,4.500,5.300,5.300,5.400,5.100
14,2019,490,1461,SE,56008006,5600,8006,Sweden,Djurkliniken Nyköping,Djurkliniken Nyköpin,Vets,Small animal,Sweden,Sweden,Head Office FTE,BDQTY,2019,0.000,0.000,0.000,0.000,0.000,0.000,0.000,0.000,0.000,0.000,0.000,0.000
14,2019,490,1461,SE,56008006,5600,8006,Sweden,Djurkliniken Nyköping,Djurkliniken Nyköpin,Vets,Small animal,Sweden,Sweden,Locum Nurse FTE,BDQTY,2019,0.000,0.000,0.000,0.000,0.000,0.000,0.000,0.000,0.000,0.000,0.000,0.000
14,2019,490,1461,SE,56008006,5600,8006,Sweden,Djurkliniken Nyköping,Djurkliniken Nyköpin,Vets,Small animal,Sweden,Sweden,Locum Vet FTE,AQ,2019,0.000,0.000,0.000,0.000,0.000,0.640,0.360,0.210,0.000,0.670,0.000,0.490
14,2019,490,1461,SE,56008006,5600,8006,Sweden,Djurkliniken Nyköping,Djurkliniken Nyköpin,Vets,Small animal,Sweden,Sweden,Locum Vet FTE,BDQTY,2019,0.000,0.000,0.000,0.000,0.000,0.000,0.000,0.000,0.000,0.000,0.000,0.000
14,2019,490,1461,SE,56008006,5600,8006,Sweden,Djurkliniken Nyköping,Djurkliniken Nyköpin,Vets,Small animal,Sweden,Sweden,Nurse FTE,AQ,2019,4.550,4.700,4.700,4.700,4.700,4.700,4.700,4.700,0.000,7.700,6.200,3.700
14,2019,490,1461,SE,56008006,5600,8006,Sweden,Djurkliniken Nyköping,Djurkliniken Nyköpin,Vets,Small animal,Sweden,Sweden,Nurse FTE,BDQTY,2019,6.000,6.100,6.100,5.900,6.000,5.600,4.300,5.700,6.100,6.200,6.200,6.100
14,2019,490,1461,SE,56008006,5600,8006,Sweden,Djurkliniken Nyköping,Djurkliniken Nyköpin,Vets,Small animal,Sweden,Sweden,Support FTE,AQ,2019,3.000,3.000,3.000,3.000,3.000,3.000,3.000,3.000,3.000,3.000,3.000,3.000
14,2019,490,1461,SE,56008006,5600,8006,Sweden,Djurkliniken Nyköping,Djurkliniken Nyköpin,Vets,Small animal,Sweden,Sweden,Support FTE,BDQTY,2019,2.200,2.200,2.300,2.200,2.200,1.900,1.200,1.600,2.400,2.200,2.200,2.100
14,2019,490,1461,SE,56008006,5600,8006,Sweden,Djurkliniken Nyköping,Djurkliniken Nyköpin,Vets,Small animal,Sweden,Sweden,Vet FTE,AQ,2019,1.730,1.500,1.860,1.500,1.500,1.700,2.300,2.300,2.300,2.300,2.300,2.300
14,2019,490,1461,SE,56008006,5600,8006,Sweden,Djurkliniken Nyköping,Djurkliniken Nyköpin,Vets,Small animal,Sweden,Sweden,Vet FTE,BDQTY,2019,1.800,2.000,2.200,2.000,2.000,1.800,1.600,1.800,2.200,2.100,1.900,2.100
14,2019,490,1462,SE,56008007,5600,8007,Sweden,Djurkliniken Roslagstull,Djurkliniken Roslags,Vets,Small animal,Sweden,Sweden,Head Office FTE,BDQTY,2019,0.000,0.000,0.000,0.000,0.000,0.000,0.000,0.000,0.000,0.000,0.000,0.000
14,2019,490,1462,SE,56008007,5600,8007,Sweden,Djurkliniken Roslagstull,Djurkliniken Roslags,Vets,Small animal,Sweden,Sweden,Locum Nurse FTE,BDQTY,2019,0.000,0.000,0.000,0.000,0.000,0.000,0.000,0.000,0.000,0.000,0.000,0.000
14,2019,490,1462,SE,56008007,5600,8007,Sweden,Djurkliniken Roslagstull,Djurkliniken Roslags,Vets,Small animal,Sweden,Sweden,Locum Vet FTE,AQ,2019,0.000,0.000,0.000,0.000,0.000,0.090,0.000,0.000,0.000,0.000,0.000,0.000
14,2019,490,1462,SE,56008007,5600,8007,Sweden,Djurkliniken Roslagstull,Djurkliniken Roslags,Vets,Small animal,Sweden,Sweden,Locum Vet FTE,BDQTY,2019,0.000,0.000,0.000,0.000,0.000,0.000,0.000,0.000,0.000,0.000,0.000,0.000
14,2019,490,1462,SE,56008007,5600,8007,Sweden,Djurkliniken Roslagstull,Djurkliniken Roslags,Vets,Small animal,Sweden,Sweden,Nurse FTE,AQ,2019,7.430,7.300,7.620,7.400,7.420,7.500,8.100,8.200,8.600,8.700,8.200,10.300
14,2019,490,1462,SE,56008007,5600,8007,Sweden,Djurkliniken Roslagstull,Djurkliniken Roslags,Vets,Small animal,Sweden,Sweden,Nurse FTE,BDQTY,2019,6.800,6.800,6.800,6.800,6.900,6.900,5.300,5.000,9.700,9.900,9.500,6.600
14,2019,490,1462,SE,56008007,5600,8007,Sweden,Djurkliniken Roslagstull,Djurkliniken Roslags,Vets,Small animal,Sweden,Sweden,Support FTE,AQ,2019,2.000,2.000,2.000,2.000,2.460,1.000,1.000,1.000,1.000,1.000,1.000,1.000
14,2019,490,1462,SE,56008007,5600,8007,Sweden,Djurkliniken Roslagstull,Djurkliniken Roslags,Vets,Small animal,Sweden,Sweden,Support FTE,BDQTY,2019,1.900,1.800,1.800,2.000,2.000,2.000,2.000,1.600,2.000,1.800,2.000,1.900
14,2019,490,1462,SE,56008007,5600,8007,Sweden,Djurkliniken Roslagstull,Djurkliniken Roslags,Vets,Small animal,Sweden,Sweden,Vet FTE,AQ,2019,5.750,5.750,4.750,4.750,4.650,4.700,4.700,4.700,5.300,4.600,4.100,3.600
14,2019,490,1462,SE,56008007,5600,8007,Sweden,Djurkliniken Roslagstull,Djurkliniken Roslags,Vets,Small animal,Sweden,Sweden,Vet FTE,BDQTY,2019,4.900,5.000,4.900,5.000,4.900,4.700,4.700,4.700,5.500,5.900,5.800,4.800
14,2019,490,1463,SE,56008008,5600,8008,Sweden,Djurkliniken Sandviken,Djurkliniken Sandvik,Vets,Small animal,Sweden,Sweden,Head Office FTE,BDQTY,2019,0.000,0.000,0.000,0.000,0.000,0.000,0.000,0.000,0.000,0.000,0.000,0.000
14,2019,490,1463,SE,56008008,5600,8008,Sweden,Djurkliniken Sandviken,Djurkliniken Sandvik,Vets,Small animal,Sweden,Sweden,Locum Nurse FTE,BDQTY,2019,0.000,0.000,0.000,0.000,0.000,0.000,0.000,0.000,0.000,0.000,0.000,0.000
14,2019,490,1463,SE,56008008,5600,8008,Sweden,Djurkliniken Sandviken,Djurkliniken Sandvik,Vets,Small animal,Sweden,Sweden,Locum Vet FTE,BDQTY,2019,0.000,0.000,0.000,0.000,0.000,0.000,0.000,0.000,0.000,0.000,0.000,0.000
14,2019,490,1463,SE,56008008,5600,8008,Sweden,Djurkliniken Sandviken,Djurkliniken Sandvik,Vets,Small animal,Sweden,Sweden,Nurse FTE,BDQTY,2019,4.500,4.500,4.500,4.500,4.500,4.500,4.500,4.500,4.500,4.500,4.500,4.500
14,2019,490,1463,SE,56008008,5600,8008,Sweden,Djurkliniken Sandviken,Djurkliniken Sandvik,Vets,Small animal,Sweden,Sweden,Support FTE,BDQTY,2019,1.900,1.900,1.900,2.100,2.100,2.100,2.100,2.100,2.100,2.100,2.100,2.100
14,2019,490,1463,SE,56008008,5600,8008,Sweden,Djurkliniken Sandviken,Djurkliniken Sandvik,Vets,Small animal,Sweden,Sweden,Vet FTE,BDQTY,2019,2.100,2.100,2.100,2.100,2.100,2.100,2.100,2.100,2.100,2.100,2.100,2.100
14,2019,490,1464,SE,56008009,5600,8009,Sweden,Djurkliniken Åkersberga,Djurkliniken Åkersbe,Vets,Small animal,Sweden,Sweden,Head Office FTE,BDQTY,2019,0.000,0.000,0.000,0.000,0.000,0.000,0.000,0.000,0.000,0.000,0.000,0.000
14,2019,490,1464,SE,56008009,5600,8009,Sweden,Djurkliniken Åkersberga,Djurkliniken Åkersbe,Vets,Small animal,Sweden,Sweden,Locum Nurse FTE,BDQTY,2019,0.000,0.000,0.000,0.000,0.000,0.000,0.000,0.000,0.000,0.000,0.000,0.000
14,2019,490,1464,SE,56008009,5600,8009,Sweden,Djurkliniken Åkersberga,Djurkliniken Åkersbe,Vets,Small animal,Sweden,Sweden,Locum Vet FTE,AQ,2019,0.000,0.000,0.000,0.000,0.000,0.310,0.100,0.100,0.070,0.150,1.170,0.000
14,2019,490,1464,SE,56008009,5600,8009,Sweden,Djurkliniken Åkersberga,Djurkliniken Åkersbe,Vets,Small animal,Sweden,Sweden,Locum Vet FTE,BDQTY,2019,0.000,0.000,0.000,0.000,0.000,0.000,0.000,0.000,0.000,0.000,0.000,0.000
14,2019,490,1464,SE,56008009,5600,8009,Sweden,Djurkliniken Åkersberga,Djurkliniken Åkersbe,Vets,Small animal,Sweden,Sweden,Nurse FTE,AQ,2019,2.650,2.650,2.650,2.650,2.650,2.700,2.700,2.700,2.700,2.700,2.700,2.700
14,2019,490,1464,SE,56008009,5600,8009,Sweden,Djurkliniken Åkersberga,Djurkliniken Åkersbe,Vets,Small animal,Sweden,Sweden,Nurse FTE,BDQTY,2019,4.300,4.300,4.000,4.200,4.200,3.600,2.400,2.800,4.200,4.500,4.200,4.100
14,2019,490,1464,SE,56008009,5600,8009,Sweden,Djurkliniken Åkersberga,Djurkliniken Åkersbe,Vets,Small animal,Sweden,Sweden,Support FTE,AQ,2019,1.000,1.000,1.000,1.000,1.000,1.000,1.000,1.000,1.000,1.000,1.000,1.000
14,2019,490,1464,SE,56008009,5600,8009,Sweden,Djurkliniken Åkersberga,Djurkliniken Åkersbe,Vets,Small animal,Sweden,Sweden,Support FTE,BDQTY,2019,1.100,1.000,1.000,0.800,1.100,1.000,1.000,0.400,1.000,1.000,1.000,1.000
14,2019,490,1464,SE,56008009,5600,8009,Sweden,Djurkliniken Åkersberga,Djurkliniken Åkersbe,Vets,Small animal,Sweden,Sweden,Vet FTE,BDQTY,2019,2.000,1.700,1.700,1.700,1.700,1.700,1.700,1.700,1.700,1.700,1.700,1.700
14,2019,490,1465,SE,56008010,5600,8010,Sweden,Djursjukhuset Södra,Djursjukhuset Södra,Vets,Small animal,Sweden,Sweden,Head Office FTE,BDQTY,2019,0.000,0.000,0.000,0.000,0.000,0.000,0.000,0.000,0.000,0.000,0.000,0.000
14,2019,490,1465,SE,56008010,5600,8010,Sweden,Djursjukhuset Södra,Djursjukhuset Södra,Vets,Small animal,Sweden,Sweden,Locum Nurse FTE,BDQTY,2019,0.000,0.000,0.000,0.000,0.000,0.000,0.000,0.000,0.000,0.000,0.000,0.000
14,2019,490,1465,SE,56008010,5600,8010,Sweden,Djursjukhuset Södra,Djursjukhuset Södra,Vets,Small animal,Sweden,Sweden,Locum Vet FTE,AQ,2019,0.000,0.000,0.000,0.000,2.060,1.610,1.560,2.300,2.030,2.050,2.190,0.710
14,2019,490,1465,SE,56008010,5600,8010,Sweden,Djursjukhuset Södra,Djursjukhuset Södra,Vets,Small animal,Sweden,Sweden,Locum Vet FTE,BDQTY,2019,0.000,0.000,0.000,0.000,0.000,0.000,0.000,0.000,0.000,0.000,0.000,0.000
14,2019,490,1465,SE,56008010,5600,8010,Sweden,Djursjukhuset Södra,Djursjukhuset Södra,Vets,Small animal,Sweden,Sweden,Nurse FTE,AQ,2019,67.410,68.990,68.210,68.260,68.820,72.600,74.900,76.300,82.300,87.300,87.700,79.700
14,2019,490,1465,SE,56008010,5600,8010,Sweden,Djursjukhuset Södra,Djursjukhuset Södra,Vets,Small animal,Sweden,Sweden,Nurse FTE,BDQTY,2019,55.200,53.900,54.300,55.400,56.500,51.900,41.400,48.900,55.600,56.000,55.000,52.500
14,2019,490,1465,SE,56008010,5600,8010,Sweden,Djursjukhuset Södra,Djursjukhuset Södra,Vets,Small animal,Sweden,Sweden,Support FTE,AQ,2019,19.490,18.770,19.270,20.810,20.330,19.300,19.400,19.700,22.800,23.100,22.900,22.400
14,2019,490,1465,SE,56008010,5600,8010,Sweden,Djursjukhuset Södra,Djursjukhuset Södra,Vets,Small animal,Sweden,Sweden,Support FTE,BDQTY,2019,11.200,11.500,11.800,12.800,13.100,11.400,8.800,11.200,11.700,12.800,11.900,10.900
14,2019,490,1465,SE,56008010,5600,8010,Sweden,Djursjukhuset Södra,Djursjukhuset Södra,Vets,Small animal,Sweden,Sweden,Vet FTE,AQ,2019,43.300,43.450,43.450,44.700,46.970,47.700,47.300,48.200,48.900,49.100,48.800,50.500
14,2019,490,1465,SE,56008010,5600,8010,Sweden,Djursjukhuset Södra,Djursjukhuset Södra,Vets,Small animal,Sweden,Sweden,Vet FTE,BDQTY,2019,37.900,38.200,37.400,39.100,39.800,40.400,40.500,38.200,35.300,27.800,33.100,38.300
14,2019,490,1466,SE,56008011,5600,8011,Sweden,Djursjukhuset Västerort,Djursjukhuset Väster,Vets,Small animal,Sweden,Sweden,Head Office FTE,BDQTY,2019,0.000,0.000,0.000,0.000,0.000,0.000,0.000,0.000,0.000,0.000,0.000,0.000
14,2019,490,1466,SE,56008011,5600,8011,Sweden,Djursjukhuset Västerort,Djursjukhuset Väster,Vets,Small animal,Sweden,Sweden,Locum Nurse FTE,BDQTY,2019,0.000,0.000,0.000,0.000,0.000,0.000,0.000,0.000,0.000,0.000,0.000,0.000
14,2019,490,1466,SE,56008011,5600,8011,Sweden,Djursjukhuset Västerort,Djursjukhuset Väster,Vets,Small animal,Sweden,Sweden,Locum Vet FTE,AQ,2019,0.000,0.000,0.000,0.000,0.460,0.590,0.330,0.600,0.610,0.660,0.060,0.160
14,2019,490,1466,SE,56008011,5600,8011,Sweden,Djursjukhuset Västerort,Djursjukhuset Väster,Vets,Small animal,Sweden,Sweden,Locum Vet FTE,BDQTY,2019,0.000,0.000,0.000,0.000,0.000,0.000,0.000,0.000,0.000,0.000,0.000,0.000
14,2019,490,1466,SE,56008011,5600,8011,Sweden,Djursjukhuset Västerort,Djursjukhuset Väster,Vets,Small animal,Sweden,Sweden,Nurse FTE,AQ,2019,13.820,12.350,12.430,12.510,14.220,14.300,13.600,13.500,15.500,18.400,15.200,12.500
14,2019,490,1466,SE,56008011,5600,8011,Sweden,Djursjukhuset Västerort,Djursjukhuset Väster,Vets,Small animal,Sweden,Sweden,Nurse FTE,BDQTY,2019,11.200,11.000,11.200,11.200,11.100,9.900,7.000,8.600,12.700,13.300,13.200,10.800
14,2019,490,1466,SE,56008011,5600,8011,Sweden,Djursjukhuset Västerort,Djursjukhuset Väster,Vets,Small animal,Sweden,Sweden,Support FTE,AQ,2019,3.750,4.750,4.750,4.750,4.750,4.800,4.800,4.800,5.500,5.100,6.400,4.800
14,2019,490,1466,SE,56008011,5600,8011,Sweden,Djursjukhuset Västerort,Djursjukhuset Väster,Vets,Small animal,Sweden,Sweden,Support FTE,BDQTY,2019,3.800,4.100,3.900,4.000,4.100,3.800,1.700,3.900,4.900,5.000,5.000,3.500
14,2019,490,1466,SE,56008011,5600,8011,Sweden,Djursjukhuset Västerort,Djursjukhuset Väster,Vets,Small animal,Sweden,Sweden,Vet FTE,AQ,2019,9.250,9.200,9.200,8.630,9.050,7.900,8.000,8.900,9.600,10.100,9.600,9.100
14,2019,490,1466,SE,56008011,5600,8011,Sweden,Djursjukhuset Västerort,Djursjukhuset Väster,Vets,Small animal,Sweden,Sweden,Vet FTE,BDQTY,2019,8.200,9.000,9.300,9.300,8.800,8.300,6.700,8.400,10.600,10.000,10.600,8.800
14,2019,490,1467,SE,56008012,5600,8012,Sweden,Djurdoktorn Mälardalen,Djurdoktorn Mälardal,Vets,Small animal,Sweden,Sweden,Head Office FTE,BDQTY,2019,0.000,0.000,0.000,0.000,0.000,0.000,0.000,0.000,0.000,0.000,0.000,0.000
14,2019,490,1467,SE,56008012,5600,8012,Sweden,Djurdoktorn Mälardalen,Djurdoktorn Mälardal,Vets,Small animal,Sweden,Sweden,Locum Nurse FTE,BDQTY,2019,0.000,0.000,0.000,0.000,0.000,0.000,0.000,0.000,0.000,0.000,0.000,0.000
14,2019,490,1467,SE,56008012,5600,8012,Sweden,Djurdoktorn Mälardalen,Djurdoktorn Mälardal,Vets,Small animal,Sweden,Sweden,Locum Vet FTE,BDQTY,2019,0.000,0.000,0.000,0.000,0.000,0.000,0.000,0.000,0.000,0.000,0.000,0.000
14,2019,490,1467,SE,56008012,5600,8012,Sweden,Djurdoktorn Mälardalen,Djurdoktorn Mälardal,Vets,Small animal,Sweden,Sweden,Nurse FTE,AQ,2019,6.670,6.900,6.900,7.070,5.080,5.100,5.300,6.300,6.900,7.200,6.900,6.700
14,2019,490,1467,SE,56008012,5600,8012,Sweden,Djurdoktorn Mälardalen,Djurdoktorn Mälardal,Vets,Small animal,Sweden,Sweden,Nurse FTE,BDQTY,2019,4.800,5.400,4.400,4.400,4.300,3.700,3.000,2.700,5.700,5.900,6.200,4.100
14,2019,490,1467,SE,56008012,5600,8012,Sweden,Djurdoktorn Mälardalen,Djurdoktorn Mälardal,Vets,Small animal,Sweden,Sweden,Support FTE,BDQTY,2019,0.000,0.000,0.000,0.000,0.000,0.000,0.000,0.000,0.000,0.000,0.000,0.000
14,2019,490,1467,SE,56008012,5600,8012,Sweden,Djurdoktorn Mälardalen,Djurdoktorn Mälardal,Vets,Small animal,Sweden,Sweden,Vet FTE,AQ,2019,3.350,3.350,3.350,2.640,3.350,3.400,3.400,4.000,3.800,3.800,3.800,3.800
14,2019,490,1467,SE,56008012,5600,8012,Sweden,Djurdoktorn Mälardalen,Djurdoktorn Mälardal,Vets,Small animal,Sweden,Sweden,Vet FTE,BDQTY,2019,3.200,3.600,3.500,3.500,3.400,3.200,2.400,2.600,3.400,3.700,3.700,3.400
14,2019,490,1468,SE,56008013,5600,8013,Sweden,Djurkliniken Eskilstuna,Djurkliniken Eskilst,Vets,Small animal,Sweden,Sweden,Head Office FTE,BDQTY,2019,0.000,0.000,0.000,0.000,0.000,0.000,0.000,0.000,0.000,0.000,0.000,0.000
14,2019,490,1468,SE,56008013,5600,8013,Sweden,Djurkliniken Eskilstuna,Djurkliniken Eskilst,Vets,Small animal,Sweden,Sweden,Locum Nurse FTE,BDQTY,2019,0.000,0.000,0.000,0.000,0.000,0.000,0.000,0.000,0.000,0.000,0.000,0.000
14,2019,490,1468,SE,56008013,5600,8013,Sweden,Djurkliniken Eskilstuna,Djurkliniken Eskilst,Vets,Small animal,Sweden,Sweden,Locum Vet FTE,AQ,2019,0.000,0.000,0.000,0.000,0.180,0.120,0.090,0.080,0.070,0.060,0.070,0.130
14,2019,490,1468,SE,56008013,5600,8013,Sweden,Djurkliniken Eskilstuna,Djurkliniken Eskilst,Vets,Small animal,Sweden,Sweden,Locum Vet FTE,BDQTY,2019,0.000,0.000,0.000,0.000,0.000,0.000,0.000,0.000,0.000,0.000,0.000,0.000
14,2019,490,1468,SE,56008013,5600,8013,Sweden,Djurkliniken Eskilstuna,Djurkliniken Eskilst,Vets,Small animal,Sweden,Sweden,Nurse FTE,AQ,2019,7.280,7.140,7.140,7.520,7.670,7.300,7.400,7.500,8.200,9.300,8.800,6.100
14,2019,490,1468,SE,56008013,5600,8013,Sweden,Djurkliniken Eskilstuna,Djurkliniken Eskilst,Vets,Small animal,Sweden,Sweden,Nurse FTE,BDQTY,2019,5.200,5.400,5.900,5.900,5.500,5.400,3.300,4.300,6.400,7.100,6.900,5.400
14,2019,490,1468,SE,56008013,5600,8013,Sweden,Djurkliniken Eskilstuna,Djurkliniken Eskilst,Vets,Small animal,Sweden,Sweden,Support FTE,AQ,2019,0.600,0.600,0.600,0.600,0.600,0.600,0.600,0.600,0.600,0.600,1.000,1.600
14,2019,490,1468,SE,56008013,5600,8013,Sweden,Djurkliniken Eskilstuna,Djurkliniken Eskilst,Vets,Small animal,Sweden,Sweden,Support FTE,BDQTY,2019,0.000,0.000,0.000,0.000,0.000,0.000,0.000,0.000,0.000,0.000,0.000,0.000
14,2019,490,1468,SE,56008013,5600,8013,Sweden,Djurkliniken Eskilstuna,Djurkliniken Eskilst,Vets,Small animal,Sweden,Sweden,Vet FTE,AQ,2019,2.400,2.400,2.400,2.400,2.550,2.600,2.600,2.600,2.900,3.600,3.600,3.600
14,2019,490,1468,SE,56008013,5600,8013,Sweden,Djurkliniken Eskilstuna,Djurkliniken Eskilst,Vets,Small animal,Sweden,Sweden,Vet FTE,BDQTY,2019,2.100,2.500,2.400,2.400,2.100,2.300,1.900,1.600,3.500,3.800,3.600,2.200
14,2019,490,1469,SE,56008014,5600,8014,Sweden,Djurkliniken Köping,Djurkliniken Köping,Vets,Small animal,Sweden,Sweden,Head Office FTE,BDQTY,2019,0.000,0.000,0.000,0.000,0.000,0.000,0.000,0.000,0.000,0.000,0.000,0.000
14,2019,490,1469,SE,56008014,5600,8014,Sweden,Djurkliniken Köping,Djurkliniken Köping,Vets,Small animal,Sweden,Sweden,Locum Nurse FTE,BDQTY,2019,0.000,0.000,0.000,0.000,0.000,0.000,0.000,0.000,0.000,0.000,0.000,0.000
14,2019,490,1469,SE,56008014,5600,8014,Sweden,Djurkliniken Köping,Djurkliniken Köping,Vets,Small animal,Sweden,Sweden,Locum Vet FTE,BDQTY,2019,0.000,0.000,0.000,0.000,0.000,0.000,0.000,0.000,0.000,0.000,0.000,0.000
14,2019,490,1469,SE,56008014,5600,8014,Sweden,Djurkliniken Köping,Djurkliniken Köping,Vets,Small animal,Sweden,Sweden,Nurse FTE,AQ,2019,4.410,4.150,4.150,4.140,3.950,4.000,4.000,4.000,4.400,4.700,4.500,4.700
14,2019,490,1469,SE,56008014,5600,8014,Sweden,Djurkliniken Köping,Djurkliniken Köping,Vets,Small animal,Sweden,Sweden,Nurse FTE,BDQTY,2019,3.800,3.700,3.100,3.700,3.700,3.600,2.200,2.700,4.100,4.700,4.100,3.000
14,2019,490,1469,SE,56008014,5600,8014,Sweden,Djurkliniken Köping,Djurkliniken Köping,Vets,Small animal,Sweden,Sweden,Support FTE,AQ,2019,0.250,0.250,0.250,0.200,0.000,0.000,0.000,0.000,0.000,0.000,0.000,0.000
14,2019,490,1469,SE,56008014,5600,8014,Sweden,Djurkliniken Köping,Djurkliniken Köping,Vets,Small animal,Sweden,Sweden,Support FTE,BDQTY,2019,0.600,0.500,0.600,0.600,0.500,0.600,0.400,0.500,0.600,0.600,0.600,0.600
14,2019,490,1469,SE,56008014,5600,8014,Sweden,Djurkliniken Köping,Djurkliniken Köping,Vets,Small animal,Sweden,Sweden,Vet FTE,AQ,2019,1.000,1.000,1.000,1.000,1.000,1.000,1.000,1.000,1.000,1.000,1.100,1.000
14,2019,490,1469,SE,56008014,5600,8014,Sweden,Djurkliniken Köping,Djurkliniken Köping,Vets,Small animal,Sweden,Sweden,Vet FTE,BDQTY,2019,1.500,1.500,1.100,1.500,1.700,1.500,1.000,1.400,1.500,1.200,1.600,1.700
14,2019,490,1470,SE,56008015,5600,8015,Sweden,Djurkliniken Västerås,Djurkliniken Västerå,Vets,Small animal,Sweden,Sweden,Head Office FTE,BDQTY,2019,0.000,0.000,0.000,0.000,0.000,0.000,0.000,0.000,0.000,0.000,0.000,0.000
14,2019,490,1470,SE,56008015,5600,8015,Sweden,Djurkliniken Västerås,Djurkliniken Västerå,Vets,Small animal,Sweden,Sweden,Locum Nurse FTE,BDQTY,2019,0.000,0.000,0.000,0.000,0.000,0.000,0.000,0.000,0.000,0.000,0.000,0.000
14,2019,490,1470,SE,56008015,5600,8015,Sweden,Djurkliniken Västerås,Djurkliniken Västerå,Vets,Small animal,Sweden,Sweden,Locum Vet FTE,BDQTY,2019,0.000,0.000,0.000,0.000,0.000,0.000,0.000,0.000,0.000,0.000,0.000,0.000
14,2019,490,1470,SE,56008015,5600,8015,Sweden,Djurkliniken Västerås,Djurkliniken Västerå,Vets,Small animal,Sweden,Sweden,Nurse FTE,AQ,2019,7.930,7.850,7.970,9.210,9.550,9.600,10.000,9.800,11.100,12.200,10.600,10.400
14,2019,490,1470,SE,56008015,5600,8015,Sweden,Djurkliniken Västerås,Djurkliniken Västerå,Vets,Small animal,Sweden,Sweden,Nurse FTE,BDQTY,2019,7.400,7.600,7.700,7.500,7.600,6.300,5.600,5.300,8.500,9.600,8.200,7.100
14,2019,490,1470,SE,56008015,5600,8015,Sweden,Djurkliniken Västerås,Djurkliniken Västerå,Vets,Small animal,Sweden,Sweden,Support FTE,AQ,2019,0.060,0.000,0.070,0.000,0.000,0.000,0.000,0.000,0.000,0.000,0.000,0.000
14,2019,490,1470,SE,56008015,5600,8015,Sweden,Djurkliniken Västerås,Djurkliniken Västerå,Vets,Small animal,Sweden,Sweden,Support FTE,BDQTY,2019,0.900,0.900,0.900,0.900,0.900,0.900,0.900,0.900,0.900,0.900,0.900,0.900
14,2019,490,1470,SE,56008015,5600,8015,Sweden,Djurkliniken Västerås,Djurkliniken Västerå,Vets,Small animal,Sweden,Sweden,Vet FTE,AQ,2019,5.050,5.050,5.050,4.820,4.350,5.400,4.900,4.900,4.900,5.100,5.100,5.100
14,2019,490,1470,SE,56008015,5600,8015,Sweden,Djurkliniken Västerås,Djurkliniken Västerå,Vets,Small animal,Sweden,Sweden,Vet FTE,BDQTY,2019,3.100,3.700,3.700,3.800,3.300,3.000,2.600,3.300,4.300,4.200,4.200,3.800
14,2019,490,1471,SE,56008016,5600,8016,Sweden,Specialistdjursjukhuset Ströms,Specialistdjursjukhu,Vets,Small animal,Sweden,Sweden,Head Office FTE,BDQTY,2019,0.000,0.000,0.000,0.000,0.000,0.000,0.000,0.000,0.000,0.000,0.000,0.000
14,2019,490,1471,SE,56008016,5600,8016,Sweden,Specialistdjursjukhuset Ströms,Specialistdjursjukhu,Vets,Small animal,Sweden,Sweden,Locum Nurse FTE,BDQTY,2019,0.000,0.000,0.000,0.000,0.000,0.000,0.000,0.000,0.000,0.000,0.000,0.000
14,2019,490,1471,SE,56008016,5600,8016,Sweden,Specialistdjursjukhuset Ströms,Specialistdjursjukhu,Vets,Small animal,Sweden,Sweden,Locum Vet FTE,AQ,2019,0.000,0.000,0.000,0.000,0.060,0.070,0.080,0.000,0.090,0.180,0.000,0.280
14,2019,490,1471,SE,56008016,5600,8016,Sweden,Specialistdjursjukhuset Ströms,Specialistdjursjukhu,Vets,Small animal,Sweden,Sweden,Locum Vet FTE,BDQTY,2019,0.000,0.000,0.000,0.000,0.000,0.000,0.000,0.000,0.000,0.000,0.000,0.000
14,2019,490,1471,SE,56008016,5600,8016,Sweden,Specialistdjursjukhuset Ströms,Specialistdjursjukhu,Vets,Small animal,Sweden,Sweden,Nurse FTE,AQ,2019,64.790,67.060,67.130,70.960,70.590,70.200,72.700,73.500,80.600,87.400,82.100,70.700
14,2019,490,1471,SE,56008016,5600,8016,Sweden,Specialistdjursjukhuset Ströms,Specialistdjursjukhu,Vets,Small animal,Sweden,Sweden,Nurse FTE,BDQTY,2019,55.500,55.500,56.600,57.300,56.900,55.600,40.100,50.200,64.300,67.300,68.300,61.500
14,2019,490,1471,SE,56008016,5600,8016,Sweden,Specialistdjursjukhuset Ströms,Specialistdjursjukhu,Vets,Small animal,Sweden,Sweden,Support FTE,AQ,2019,28.680,28.430,28.430,27.110,27.330,28.500,30.400,29.600,33.500,36.100,31.600,28.600
14,2019,490,1471,SE,56008016,5600,8016,Sweden,Specialistdjursjukhuset Ströms,Specialistdjursjukhu,Vets,Small animal,Sweden,Sweden,Support FTE,BDQTY,2019,24.200,24.500,24.700,24.300,26.700,24.700,17.500,22.400,31.000,33.300,30.500,25.000
14,2019,490,1471,SE,56008016,5600,8016,Sweden,Specialistdjursjukhuset Ströms,Specialistdjursjukhu,Vets,Small animal,Sweden,Sweden,Vet FTE,AQ,2019,37.090,37.180,38.180,39.820,41.280,44.900,47.600,47.600,47.600,48.700,47.200,42.300
14,2019,490,1471,SE,56008016,5600,8016,Sweden,Specialistdjursjukhuset Ströms,Specialistdjursjukhu,Vets,Small animal,Sweden,Sweden,Vet FTE,BDQTY,2019,37.100,37.700,37.000,39.300,39.800,35.200,33.000,31.600,41.600,42.800,41.800,38.500
14,2019,490,1472,SE,56008017,5600,8017,Sweden,Djurkliniken Karlskoga,Djurkliniken Karlsko,Vets,Small animal,Sweden,Sweden,Head Office FTE,BDQTY,2019,0.000,0.000,0.000,0.000,0.000,0.000,0.000,0.000,0.000,0.000,0.000,0.000
14,2019,490,1472,SE,56008017,5600,8017,Sweden,Djurkliniken Karlskoga,Djurkliniken Karlsko,Vets,Small animal,Sweden,Sweden,Locum Nurse FTE,BDQTY,2019,0.000,0.000,0.000,0.000,0.000,0.000,0.000,0.000,0.000,0.000,0.000,0.000
14,2019,490,1472,SE,56008017,5600,8017,Sweden,Djurkliniken Karlskoga,Djurkliniken Karlsko,Vets,Small animal,Sweden,Sweden,Locum Vet FTE,AQ,2019,0.000,0.000,0.000,0.000,0.000,0.000,0.640,0.000,0.000,0.000,0.000,0.000
14,2019,490,1472,SE,56008017,5600,8017,Sweden,Djurkliniken Karlskoga,Djurkliniken Karlsko,Vets,Small animal,Sweden,Sweden,Locum Vet FTE,BDQTY,2019,0.000,0.000,0.000,0.000,0.000,0.000,0.000,0.000,0.000,0.000,0.000,0.000
14,2019,490,1472,SE,56008017,5600,8017,Sweden,Djurkliniken Karlskoga,Djurkliniken Karlsko,Vets,Small animal,Sweden,Sweden,Nurse FTE,AQ,2019,12.550,12.550,12.550,11.550,12.550,11.600,12.400,13.200,14.200,16.400,14.300,14.100
14,2019,490,1472,SE,56008017,5600,8017,Sweden,Djurkliniken Karlskoga,Djurkliniken Karlsko,Vets,Small animal,Sweden,Sweden,Nurse FTE,BDQTY,2019,11.800,12.000,11.800,12.600,11.600,10.900,9.300,9.900,11.000,11.400,11.000,11.400
14,2019,490,1472,SE,56008017,5600,8017,Sweden,Djurkliniken Karlskoga,Djurkliniken Karlsko,Vets,Small animal,Sweden,Sweden,Support FTE,AQ,2019,1.000,1.000,1.000,1.000,1.000,1.000,1.000,0.000,0.000,0.000,0.000,0.000
14,2019,490,1472,SE,56008017,5600,8017,Sweden,Djurkliniken Karlskoga,Djurkliniken Karlsko,Vets,Small animal,Sweden,Sweden,Support FTE,BDQTY,2019,0.000,0.000,0.000,0.000,0.000,0.000,0.000,0.000,0.000,0.000,0.000,0.000
14,2019,490,1472,SE,56008017,5600,8017,Sweden,Djurkliniken Karlskoga,Djurkliniken Karlsko,Vets,Small animal,Sweden,Sweden,Vet FTE,AQ,2019,7.600,7.770,7.770,7.800,8.200,7.600,8.200,8.200,8.200,8.200,7.900,7.200
14,2019,490,1472,SE,56008017,5600,8017,Sweden,Djurkliniken Karlskoga,Djurkliniken Karlsko,Vets,Small animal,Sweden,Sweden,Vet FTE,BDQTY,2019,6.200,6.500,6.100,6.900,6.900,6.800,6.100,6.300,6.700,6.600,6.500,6.600
14,2019,490,1473,SE,56008018,5600,8018,Sweden,Djursjukhuset Karlstad,Djursjukhuset Karlst,Vets,Small animal,Sweden,Sweden,Head Office FTE,BDQTY,2019,0.000,0.000,0.000,0.000,0.000,0.000,0.000,0.000,0.000,0.000,0.000,0.000
14,2019,490,1473,SE,56008018,5600,8018,Sweden,Djursjukhuset Karlstad,Djursjukhuset Karlst,Vets,Small animal,Sweden,Sweden,Locum Nurse FTE,BDQTY,2019,0.000,0.000,0.000,0.000,0.000,0.000,0.000,0.000,0.000,0.000,0.000,0.000
14,2019,490,1473,SE,56008018,5600,8018,Sweden,Djursjukhuset Karlstad,Djursjukhuset Karlst,Vets,Small animal,Sweden,Sweden,Locum Vet FTE,AQ,2019,0.000,0.000,0.000,0.000,0.000,0.700,1.270,0.730,0.870,0.640,0.920,1.050
14,2019,490,1473,SE,56008018,5600,8018,Sweden,Djursjukhuset Karlstad,Djursjukhuset Karlst,Vets,Small animal,Sweden,Sweden,Locum Vet FTE,BDQTY,2019,0.000,0.000,0.000,0.000,0.000,0.000,0.000,0.000,0.000,0.000,0.000,0.000
14,2019,490,1473,SE,56008018,5600,8018,Sweden,Djursjukhuset Karlstad,Djursjukhuset Karlst,Vets,Small animal,Sweden,Sweden,Nurse FTE,AQ,2019,25.970,25.700,26.840,25.350,25.950,25.800,25.700,25.200,28.600,30.100,28.500,25.100
14,2019,490,1473,SE,56008018,5600,8018,Sweden,Djursjukhuset Karlstad,Djursjukhuset Karlst,Vets,Small animal,Sweden,Sweden,Nurse FTE,BDQTY,2019,22.500,22.300,23.200,23.300,23.300,21.300,18.400,18.700,27.100,29.900,30.100,23.700
14,2019,490,1473,SE,56008018,5600,8018,Sweden,Djursjukhuset Karlstad,Djursjukhuset Karlst,Vets,Small animal,Sweden,Sweden,Support FTE,AQ,2019,11.550,10.950,10.950,9.630,9.400,9.400,9.020,8.200,8.500,10.000,8.300,8.500
14,2019,490,1473,SE,56008018,5600,8018,Sweden,Djursjukhuset Karlstad,Djursjukhuset Karlst,Vets,Small animal,Sweden,Sweden,Support FTE,BDQTY,2019,9.900,9.600,9.300,9.500,9.100,8.600,6.200,7.800,10.500,10.500,10.400,9.400
14,2019,490,1473,SE,56008018,5600,8018,Sweden,Djursjukhuset Karlstad,Djursjukhuset Karlst,Vets,Small animal,Sweden,Sweden,Vet FTE,AQ,2019,13.400,13.400,13.400,13.200,13.200,13.400,13.100,14.800,14.400,14.400,14.500,13.600
14,2019,490,1473,SE,56008018,5600,8018,Sweden,Djursjukhuset Karlstad,Djursjukhuset Karlst,Vets,Small animal,Sweden,Sweden,Vet FTE,BDQTY,2019,13.400,12.500,13.200,14.000,13.700,12.500,11.300,11.000,15.000,16.300,15.300,13.700
14,2019,490,1474,SE,56008019,5600,8019,Sweden,Djurkliniken Norrköping,Djurkliniken Norrköp,Vets,Small animal,Sweden,Sweden,Head Office FTE,BDQTY,2019,0.000,0.000,0.000,0.000,0.000,0.000,0.000,0.000,0.000,0.000,0.000,0.000
14,2019,490,1474,SE,56008019,5600,8019,Sweden,Djurkliniken Norrköping,Djurkliniken Norrköp,Vets,Small animal,Sweden,Sweden,Locum Nurse FTE,BDQTY,2019,0.000,0.000,0.000,0.000,0.000,0.000,0.000,0.000,0.000,0.000,0.000,0.000
14,2019,490,1474,SE,56008019,5600,8019,Sweden,Djurkliniken Norrköping,Djurkliniken Norrköp,Vets,Small animal,Sweden,Sweden,Locum Vet FTE,AQ,2019,0.000,0.000,0.000,0.000,0.080,0.140,0.000,0.140,0.000,0.080,0.000,0.080
14,2019,490,1474,SE,56008019,5600,8019,Sweden,Djurkliniken Norrköping,Djurkliniken Norrköp,Vets,Small animal,Sweden,Sweden,Locum Vet FTE,BDQTY,2019,0.000,0.000,0.000,0.000,0.000,0.000,0.000,0.000,0.000,0.000,0.000,0.000
14,2019,490,1474,SE,56008019,5600,8019,Sweden,Djurkliniken Norrköping,Djurkliniken Norrköp,Vets,Small animal,Sweden,Sweden,Nurse FTE,AQ,2019,11.170,11.950,11.950,11.150,10.150,10.800,10.800,11.800,12.700,14.300,13.500,11.200
14,2019,490,1474,SE,56008019,5600,8019,Sweden,Djurkliniken Norrköping,Djurkliniken Norrköp,Vets,Small animal,Sweden,Sweden,Nurse FTE,BDQTY,2019,9.200,9.500,9.000,9.100,9.100,7.500,5.700,6.200,9.300,10.500,9.600,7.900
14,2019,490,1474,SE,56008019,5600,8019,Sweden,Djurkliniken Norrköping,Djurkliniken Norrköp,Vets,Small animal,Sweden,Sweden,Support FTE,AQ,2019,1.000,1.000,1.000,1.000,1.000,1.000,1.000,1.000,1.000,1.000,1.000,1.000
14,2019,490,1474,SE,56008019,5600,8019,Sweden,Djurkliniken Norrköping,Djurkliniken Norrköp,Vets,Small animal,Sweden,Sweden,Support FTE,BDQTY,2019,0.300,0.600,0.600,0.700,0.600,0.600,0.100,0.400,0.600,0.600,0.600,0.400
14,2019,490,1474,SE,56008019,5600,8019,Sweden,Djurkliniken Norrköping,Djurkliniken Norrköp,Vets,Small animal,Sweden,Sweden,Vet FTE,AQ,2019,2.920,3.600,3.600,2.650,3.400,3.400,3.400,3.400,3.400,4.400,3.100,2.600
14,2019,490,1474,SE,56008019,5600,8019,Sweden,Djurkliniken Norrköping,Djurkliniken Norrköp,Vets,Small animal,Sweden,Sweden,Vet FTE,BDQTY,2019,2.500,3.000,3.400,3.500,3.700,3.600,2.700,3.100,4.900,5.300,4.800,4.000
14,2019,490,1475,SE,56008020,5600,8020,Sweden,"Djursjukhus Valla, Linköping","Djursjukhus Valla, L",Vets,Small animal,Sweden,Sweden,Head Office FTE,BDQTY,2019,0.000,0.000,0.000,0.000,0.000,0.000,0.000,0.000,0.000,0.000,0.000,0.000
14,2019,490,1475,SE,56008020,5600,8020,Sweden,"Djursjukhus Valla, Linköping","Djursjukhus Valla, L",Vets,Small animal,Sweden,Sweden,Locum Nurse FTE,BDQTY,2019,0.000,0.000,0.000,0.000,0.000,0.000,0.000,0.000,0.000,0.000,0.000,0.000
14,2019,490,1475,SE,56008020,5600,8020,Sweden,"Djursjukhus Valla, Linköping","Djursjukhus Valla, L",Vets,Small animal,Sweden,Sweden,Locum Vet FTE,AQ,2019,0.000,0.000,0.000,0.000,0.090,0.060,0.110,0.000,0.000,0.120,0.000,0.110
14,2019,490,1475,SE,56008020,5600,8020,Sweden,"Djursjukhus Valla, Linköping","Djursjukhus Valla, L",Vets,Small animal,Sweden,Sweden,Locum Vet FTE,BDQTY,2019,0.000,0.000,0.000,0.000,0.000,0.000,0.000,0.000,0.000,0.000,0.000,0.000
14,2019,490,1475,SE,56008020,5600,8020,Sweden,"Djursjukhus Valla, Linköping","Djursjukhus Valla, L",Vets,Small animal,Sweden,Sweden,Nurse FTE,AQ,2019,26.230,26.050,26.380,27.520,27.920,27.600,25.800,28.000,33.300,39.900,33.800,30.000
14,2019,490,1475,SE,56008020,5600,8020,Sweden,"Djursjukhus Valla, Linköping","Djursjukhus Valla, L",Vets,Small animal,Sweden,Sweden,Nurse FTE,BDQTY,2019,22.500,23.000,23.100,23.300,22.500,20.100,16.600,18.900,26.700,27.200,27.000,21.400
14,2019,490,1475,SE,56008020,5600,8020,Sweden,"Djursjukhus Valla, Linköping","Djursjukhus Valla, L",Vets,Small animal,Sweden,Sweden,Support FTE,AQ,2019,12.750,12.460,12.470,12.950,12.700,12.700,12.600,11.800,12.000,12.000,12.000,11.900
14,2019,490,1475,SE,56008020,5600,8020,Sweden,"Djursjukhus Valla, Linköping","Djursjukhus Valla, L",Vets,Small animal,Sweden,Sweden,Support FTE,BDQTY,2019,10.600,10.800,10.900,10.700,9.800,9.900,8.200,10.500,10.700,12.700,12.200,10.200
14,2019,490,1475,SE,56008020,5600,8020,Sweden,"Djursjukhus Valla, Linköping","Djursjukhus Valla, L",Vets,Small animal,Sweden,Sweden,Vet FTE,AQ,2019,11.500,11.500,11.500,12.120,12.800,16.700,16.700,17.500,19.500,20.100,19.000,17.100
14,2019,490,1475,SE,56008020,5600,8020,Sweden,"Djursjukhus Valla, Linköping","Djursjukhus Valla, L",Vets,Small animal,Sweden,Sweden,Vet FTE,BDQTY,2019,12.600,12.800,12.700,12.100,12.100,11.800,9.800,10.100,11.300,10.800,12.200,12.400
14,2019,490,1476,SE,56008021,5600,8021,Sweden,Djurkliniken Frölunda,Djurkliniken Frölund,Vets,Small animal,Sweden,Sweden,Head Office FTE,BDQTY,2019,0.000,0.000,0.000,0.000,0.000,0.000,0.000,0.000,0.000,0.000,0.000,0.000
14,2019,490,1476,SE,56008021,5600,8021,Sweden,Djurkliniken Frölunda,Djurkliniken Frölund,Vets,Small animal,Sweden,Sweden,Locum Nurse FTE,BDQTY,2019,0.000,0.000,0.000,0.000,0.000,0.000,0.000,0.000,0.000,0.000,0.000,0.000
14,2019,490,1476,SE,56008021,5600,8021,Sweden,Djurkliniken Frölunda,Djurkliniken Frölund,Vets,Small animal,Sweden,Sweden,Locum Vet FTE,AQ,2019,0.000,0.000,0.000,0.000,0.040,0.030,0.000,0.000,0.000,0.000,0.000,0.000
14,2019,490,1476,SE,56008021,5600,8021,Sweden,Djurkliniken Frölunda,Djurkliniken Frölund,Vets,Small animal,Sweden,Sweden,Locum Vet FTE,BDQTY,2019,0.000,0.000,0.000,0.000,0.000,0.000,0.000,0.000,0.000,0.000,0.000,0.000
14,2019,490,1476,SE,56008021,5600,8021,Sweden,Djurkliniken Frölunda,Djurkliniken Frölund,Vets,Small animal,Sweden,Sweden,Nurse FTE,AQ,2019,3.310,3.600,3.630,3.600,3.600,3.600,3.600,3.600,3.600,5.100,6.100,4.200
14,2019,490,1476,SE,56008021,5600,8021,Sweden,Djurkliniken Frölunda,Djurkliniken Frölund,Vets,Small animal,Sweden,Sweden,Nurse FTE,BDQTY,2019,2.600,2.500,2.500,2.700,2.700,2.600,1.700,2.200,3.200,3.500,3.600,2.500
14,2019,490,1476,SE,56008021,5600,8021,Sweden,Djurkliniken Frölunda,Djurkliniken Frölund,Vets,Small animal,Sweden,Sweden,Support FTE,AQ,2019,0.800,0.800,0.800,0.800,0.800,0.800,0.800,0.800,0.800,0.800,0.800,0.800
14,2019,490,1476,SE,56008021,5600,8021,Sweden,Djurkliniken Frölunda,Djurkliniken Frölund,Vets,Small animal,Sweden,Sweden,Support FTE,BDQTY,2019,0.800,0.800,0.900,1.000,0.900,0.800,0.400,0.800,0.800,0.900,0.800,0.700
14,2019,490,1476,SE,56008021,5600,8021,Sweden,Djurkliniken Frölunda,Djurkliniken Frölund,Vets,Small animal,Sweden,Sweden,Vet FTE,AQ,2019,1.550,1.550,1.550,2.000,2.050,2.100,2.100,2.100,2.100,2.100,2.100,2.400
14,2019,490,1476,SE,56008021,5600,8021,Sweden,Djurkliniken Frölunda,Djurkliniken Frölund,Vets,Small animal,Sweden,Sweden,Vet FTE,BDQTY,2019,1.400,1.500,1.300,1.400,1.500,1.500,0.600,1.400,1.500,1.900,1.900,1.400
14,2019,490,1477,SE,56008022,5600,8022,Sweden,Djurkliniken Kungälv,Djurkliniken Kungälv,Vets,Small animal,Sweden,Sweden,Head Office FTE,BDQTY,2019,0.000,0.000,0.000,0.000,0.000,0.000,0.000,0.000,0.000,0.000,0.000,0.000
14,2019,490,1477,SE,56008022,5600,8022,Sweden,Djurkliniken Kungälv,Djurkliniken Kungälv,Vets,Small animal,Sweden,Sweden,Locum Nurse FTE,BDQTY,2019,0.000,0.000,0.000,0.000,0.000,0.000,0.000,0.000,0.000,0.000,0.000,0.000
14,2019,490,1477,SE,56008022,5600,8022,Sweden,Djurkliniken Kungälv,Djurkliniken Kungälv,Vets,Small animal,Sweden,Sweden,Locum Vet FTE,BDQTY,2019,0.000,0.000,0.000,0.000,0.000,0.000,0.000,0.000,0.000,0.000,0.000,0.000
14,2019,490,1477,SE,56008022,5600,8022,Sweden,Djurkliniken Kungälv,Djurkliniken Kungälv,Vets,Small animal,Sweden,Sweden,Nurse FTE,AQ,2019,4.040,3.850,3.850,4.720,4.890,4.900,3.900,3.900,5.600,6.900,5.900,3.900
14,2019,490,1477,SE,56008022,5600,8022,Sweden,Djurkliniken Kungälv,Djurkliniken Kungälv,Vets,Small animal,Sweden,Sweden,Nurse FTE,BDQTY,2019,4.100,4.100,4.100,4.000,4.100,4.000,2.900,2.400,5.100,5.000,4.900,3.500
14,2019,490,1477,SE,56008022,5600,8022,Sweden,Djurkliniken Kungälv,Djurkliniken Kungälv,Vets,Small animal,Sweden,Sweden,Support FTE,AQ,2019,1.210,1.210,1.210,1.210,1.210,1.200,1.200,1.900,1.900,1.900,1.900,1.900
14,2019,490,1477,SE,56008022,5600,8022,Sweden,Djurkliniken Kungälv,Djurkliniken Kungälv,Vets,Small animal,Sweden,Sweden,Support FTE,BDQTY,2019,2.700,2.700,2.800,2.800,2.700,2.600,2.200,3.000,3.600,3.700,3.700,2.500
14,2019,490,1477,SE,56008022,5600,8022,Sweden,Djurkliniken Kungälv,Djurkliniken Kungälv,Vets,Small animal,Sweden,Sweden,Vet FTE,AQ,2019,3.530,3.670,3.670,3.530,4.400,4.400,4.400,4.400,4.400,5.600,5.500,5.600
14,2019,490,1477,SE,56008022,5600,8022,Sweden,Djurkliniken Kungälv,Djurkliniken Kungälv,Vets,Small animal,Sweden,Sweden,Vet FTE,BDQTY,2019,4.500,4.500,4.300,4.700,4.400,4.500,4.100,3.500,4.900,5.300,5.200,3.800
14,2019,490,1478,SE,56008023,5600,8023,Sweden,Djurkliniken Kållered,Djurkliniken Kållere,Vets,Small animal,Sweden,Sweden,Head Office FTE,BDQTY,2019,0.000,0.000,0.000,0.000,0.000,0.000,0.000,0.000,0.000,0.000,0.000,0.000
14,2019,490,1478,SE,56008023,5600,8023,Sweden,Djurkliniken Kållered,Djurkliniken Kållere,Vets,Small animal,Sweden,Sweden,Locum Nurse FTE,BDQTY,2019,0.000,0.000,0.000,0.000,0.000,0.000,0.000,0.000,0.000,0.000,0.000,0.000
14,2019,490,1478,SE,56008023,5600,8023,Sweden,Djurkliniken Kållered,Djurkliniken Kållere,Vets,Small animal,Sweden,Sweden,Locum Vet FTE,AQ,2019,0.000,0.000,0.000,0.000,0.000,0.340,0.130,0.110,0.130,0.110,0.050,0.110
14,2019,490,1478,SE,56008023,5600,8023,Sweden,Djurkliniken Kållered,Djurkliniken Kållere,Vets,Small animal,Sweden,Sweden,Locum Vet FTE,BDQTY,2019,0.000,0.000,0.000,0.000,0.000,0.000,0.000,0.000,0.000,0.000,0.000,0.000
14,2019,490,1478,SE,56008023,5600,8023,Sweden,Djurkliniken Kållered,Djurkliniken Kållere,Vets,Small animal,Sweden,Sweden,Nurse FTE,AQ,2019,5.520,5.490,5.490,5.390,4.630,4.500,4.500,4.500,5.000,6.500,5.500,4.500
14,2019,490,1478,SE,56008023,5600,8023,Sweden,Djurkliniken Kållered,Djurkliniken Kållere,Vets,Small animal,Sweden,Sweden,Nurse FTE,BDQTY,2019,4.500,4.200,4.500,4.100,4.200,4.500,1.300,3.600,4.300,4.300,4.500,4.000
14,2019,490,1478,SE,56008023,5600,8023,Sweden,Djurkliniken Kållered,Djurkliniken Kållere,Vets,Small animal,Sweden,Sweden,Support FTE,AQ,2019,1.000,1.000,1.000,1.000,1.000,1.000,1.000,1.000,1.000,1.000,1.000,1.000
14,2019,490,1478,SE,56008023,5600,8023,Sweden,Djurkliniken Kållered,Djurkliniken Kållere,Vets,Small animal,Sweden,Sweden,Support FTE,BDQTY,2019,1.000,1.000,1.000,1.000,1.000,1.000,1.000,1.000,1.000,1.000,1.000,1.000
14,2019,490,1478,SE,56008023,5600,8023,Sweden,Djurkliniken Kållered,Djurkliniken Kållere,Vets,Small animal,Sweden,Sweden,Vet FTE,AQ,2019,2.150,2.150,2.150,1.950,1.950,2.000,2.500,3.000,3.000,3.000,3.000,3.000
14,2019,490,1478,SE,56008023,5600,8023,Sweden,Djurkliniken Kållered,Djurkliniken Kållere,Vets,Small animal,Sweden,Sweden,Vet FTE,BDQTY,2019,2.000,1.700,1.900,2.000,2.000,1.700,1.200,1.400,2.000,2.000,2.000,1.800
14,2019,490,1479,SE,56008024,5600,8024,Sweden,Djurkliniken Mölndal,Djurkliniken Mölndal,Vets,Small animal,Sweden,Sweden,Head Office FTE,BDQTY,2019,0.000,0.000,0.000,0.000,0.000,0.000,0.000,0.000,0.000,0.000,0.000,0.000
14,2019,490,1479,SE,56008024,5600,8024,Sweden,Djurkliniken Mölndal,Djurkliniken Mölndal,Vets,Small animal,Sweden,Sweden,Locum Nurse FTE,BDQTY,2019,0.000,0.000,0.000,0.000,0.000,0.000,0.000,0.000,0.000,0.000,0.000,0.000
14,2019,490,1479,SE,56008024,5600,8024,Sweden,Djurkliniken Mölndal,Djurkliniken Mölndal,Vets,Small animal,Sweden,Sweden,Locum Vet FTE,BDQTY,2019,0.000,0.000,0.000,0.000,0.000,0.000,0.000,0.000,0.000,0.000,0.000,0.000
14,2019,490,1479,SE,56008024,5600,8024,Sweden,Djurkliniken Mölndal,Djurkliniken Mölndal,Vets,Small animal,Sweden,Sweden,Nurse FTE,AQ,2019,2.000,2.000,2.000,2.000,2.000,2.000,2.000,2.000,2.000,3.000,2.500,2.400
14,2019,490,1479,SE,56008024,5600,8024,Sweden,Djurkliniken Mölndal,Djurkliniken Mölndal,Vets,Small animal,Sweden,Sweden,Nurse FTE,BDQTY,2019,2.800,2.800,2.800,2.800,2.800,2.900,3.800,3.900,2.800,3.300,3.300,2.700
14,2019,490,1479,SE,56008024,5600,8024,Sweden,Djurkliniken Mölndal,Djurkliniken Mölndal,Vets,Small animal,Sweden,Sweden,Support FTE,AQ,2019,1.450,1.450,1.450,1.650,1.650,1.700,1.700,1.700,1.700,1.700,1.700,1.700
14,2019,490,1479,SE,56008024,5600,8024,Sweden,Djurkliniken Mölndal,Djurkliniken Mölndal,Vets,Small animal,Sweden,Sweden,Support FTE,BDQTY,2019,0.700,0.400,0.600,0.700,0.600,0.500,1.200,0.500,0.600,0.600,0.700,0.500
14,2019,490,1479,SE,56008024,5600,8024,Sweden,Djurkliniken Mölndal,Djurkliniken Mölndal,Vets,Small animal,Sweden,Sweden,Vet FTE,AQ,2019,2.800,2.800,2.800,2.800,2.800,2.800,2.800,2.800,2.800,3.800,3.300,2.800
14,2019,490,1479,SE,56008024,5600,8024,Sweden,Djurkliniken Mölndal,Djurkliniken Mölndal,Vets,Small animal,Sweden,Sweden,Vet FTE,BDQTY,2019,1.800,1.800,1.800,1.800,1.800,1.700,2.500,2.300,2.300,2.800,2.800,1.500
14,2019,490,1481,SE,56008026,5600,8026,Sweden,Djursjukhuset Göteborg,Djursjukhuset Götebo,Vets,Small animal,Sweden,Sweden,Head Office FTE,BDQTY,2019,0.000,0.000,0.000,0.000,0.000,0.000,0.000,0.000,0.000,0.000,0.000,0.000
14,2019,490,1481,SE,56008026,5600,8026,Sweden,Djursjukhuset Göteborg,Djursjukhuset Götebo,Vets,Small animal,Sweden,Sweden,Locum Nurse FTE,BDQTY,2019,0.000,0.000,0.000,0.000,0.000,0.000,0.000,0.000,0.000,0.000,0.000,0.000
14,2019,490,1481,SE,56008026,5600,8026,Sweden,Djursjukhuset Göteborg,Djursjukhuset Götebo,Vets,Small animal,Sweden,Sweden,Locum Vet FTE,AQ,2019,0.000,0.000,0.000,0.000,0.410,0.170,0.620,0.250,0.170,0.110,0.150,0.000
14,2019,490,1481,SE,56008026,5600,8026,Sweden,Djursjukhuset Göteborg,Djursjukhuset Götebo,Vets,Small animal,Sweden,Sweden,Locum Vet FTE,BDQTY,2019,0.000,0.000,0.000,0.000,0.000,0.000,0.000,0.000,0.000,0.000,0.000,0.000
14,2019,490,1481,SE,56008026,5600,8026,Sweden,Djursjukhuset Göteborg,Djursjukhuset Götebo,Vets,Small animal,Sweden,Sweden,Nurse FTE,AQ,2019,13.100,15.370,15.370,13.080,10.560,9.300,9.600,9.400,12.100,15.000,14.500,13.400
14,2019,490,1481,SE,56008026,5600,8026,Sweden,Djursjukhuset Göteborg,Djursjukhuset Götebo,Vets,Small animal,Sweden,Sweden,Nurse FTE,BDQTY,2019,12.200,12.000,12.200,11.400,11.000,10.400,9.600,10.600,12.400,12.200,12.800,11.100
14,2019,490,1481,SE,56008026,5600,8026,Sweden,Djursjukhuset Göteborg,Djursjukhuset Götebo,Vets,Small animal,Sweden,Sweden,Support FTE,AQ,2019,10.800,10.330,10.340,9.700,9.640,8.600,9.100,8.700,9.100,8.700,9.400,9.800
14,2019,490,1481,SE,56008026,5600,8026,Sweden,Djursjukhuset Göteborg,Djursjukhuset Götebo,Vets,Small animal,Sweden,Sweden,Support FTE,BDQTY,2019,7.600,7.800,8.400,7.800,7.900,7.700,6.300,6.500,8.800,9.000,9.700,7.500
14,2019,490,1481,SE,56008026,5600,8026,Sweden,Djursjukhuset Göteborg,Djursjukhuset Götebo,Vets,Small animal,Sweden,Sweden,Vet FTE,AQ,2019,12.960,12.860,12.860,12.580,11.220,11.300,12.100,13.200,12.300,11.700,13.200,15.300
14,2019,490,1481,SE,56008026,5600,8026,Sweden,Djursjukhuset Göteborg,Djursjukhuset Götebo,Vets,Small animal,Sweden,Sweden,Vet FTE,BDQTY,2019,11.900,11.800,11.900,12.000,11.300,12.600,9.000,11.300,12.900,14.000,13.600,12.900
14,2019,490,1482,SE,56008027,5600,8027,Sweden,Djursjukhuset Norra Halland,Djursjukhuset Norra,Vets,Small animal,Sweden,Sweden,Head Office FTE,BDQTY,2019,0.000,0.000,0.000,0.000,0.000,0.000,0.000,0.000,0.000,0.000,0.000,0.000
14,2019,490,1482,SE,56008027,5600,8027,Sweden,Djursjukhuset Norra Halland,Djursjukhuset Norra,Vets,Small animal,Sweden,Sweden,Locum Nurse FTE,BDQTY,2019,0.000,0.000,0.000,0.000,0.000,0.000,0.000,0.000,0.000,0.000,0.000,0.000
14,2019,490,1482,SE,56008027,5600,8027,Sweden,Djursjukhuset Norra Halland,Djursjukhuset Norra,Vets,Small animal,Sweden,Sweden,Locum Vet FTE,AQ,2019,0.000,0.000,0.000,0.000,0.070,0.080,0.000,0.060,0.000,0.020,0.010,0.060
14,2019,490,1482,SE,56008027,5600,8027,Sweden,Djursjukhuset Norra Halland,Djursjukhuset Norra,Vets,Small animal,Sweden,Sweden,Locum Vet FTE,BDQTY,2019,0.000,0.000,0.000,0.000,0.000,0.000,0.000,0.000,0.000,0.000,0.000,0.000
14,2019,490,1482,SE,56008027,5600,8027,Sweden,Djursjukhuset Norra Halland,Djursjukhuset Norra,Vets,Small animal,Sweden,Sweden,Nurse FTE,AQ,2019,10.720,10.240,10.540,11.210,11.240,10.500,10.400,11.000,11.900,12.400,12.000,11.200
14,2019,490,1482,SE,56008027,5600,8027,Sweden,Djursjukhuset Norra Halland,Djursjukhuset Norra,Vets,Small animal,Sweden,Sweden,Nurse FTE,BDQTY,2019,8.000,7.400,7.200,8.700,9.200,8.200,5.700,7.200,9.000,9.800,9.600,9.000
14,2019,490,1482,SE,56008027,5600,8027,Sweden,Djursjukhuset Norra Halland,Djursjukhuset Norra,Vets,Small animal,Sweden,Sweden,Support FTE,AQ,2019,4.600,4.600,4.600,4.800,4.800,4.800,4.800,4.800,4.800,4.800,4.800,4.800
14,2019,490,1482,SE,56008027,5600,8027,Sweden,Djursjukhuset Norra Halland,Djursjukhuset Norra,Vets,Small animal,Sweden,Sweden,Support FTE,BDQTY,2019,4.700,4.800,4.900,4.800,4.400,4.500,2.500,3.100,4.000,4.800,4.700,4.600
14,2019,490,1482,SE,56008027,5600,8027,Sweden,Djursjukhuset Norra Halland,Djursjukhuset Norra,Vets,Small animal,Sweden,Sweden,Vet FTE,AQ,2019,7.280,7.280,7.280,7.280,7.280,7.300,7.300,7.300,7.300,7.300,7.300,6.800
14,2019,490,1482,SE,56008027,5600,8027,Sweden,Djursjukhuset Norra Halland,Djursjukhuset Norra,Vets,Small animal,Sweden,Sweden,Vet FTE,BDQTY,2019,6.800,7.400,7.500,8.500,8.600,7.900,6.900,8.000,9.200,9.200,8.900,7.800
14,2019,490,1483,SE,56008028,5600,8028,Sweden,Djurkliniken Kristianstad,Djurkliniken Kristia,Vets,Small animal,Sweden,Sweden,Head Office FTE,BDQTY,2019,0.000,0.000,0.000,0.000,0.000,0.000,0.000,0.000,0.000,0.000,0.000,0.000
14,2019,490,1483,SE,56008028,5600,8028,Sweden,Djurkliniken Kristianstad,Djurkliniken Kristia,Vets,Small animal,Sweden,Sweden,Locum Nurse FTE,BDQTY,2019,0.000,0.000,0.000,0.000,0.000,0.000,0.000,0.000,0.000,0.000,0.000,0.000
14,2019,490,1483,SE,56008028,5600,8028,Sweden,Djurkliniken Kristianstad,Djurkliniken Kristia,Vets,Small animal,Sweden,Sweden,Locum Vet FTE,BDQTY,2019,0.000,0.000,0.000,0.000,0.000,0.000,0.000,0.000,0.000,0.000,0.000,0.000
14,2019,490,1483,SE,56008028,5600,8028,Sweden,Djurkliniken Kristianstad,Djurkliniken Kristia,Vets,Small animal,Sweden,Sweden,Nurse FTE,AQ,2019,8.250,7.090,7.240,6.550,6.460,6.700,7.100,7.300,5.600,6.900,6.500,7.500
14,2019,490,1483,SE,56008028,5600,8028,Sweden,Djurkliniken Kristianstad,Djurkliniken Kristia,Vets,Small animal,Sweden,Sweden,Nurse FTE,BDQTY,2019,3.800,3.800,3.500,3.600,3.500,3.400,2.700,2.900,4.500,5.300,5.400,3.600
14,2019,490,1483,SE,56008028,5600,8028,Sweden,Djurkliniken Kristianstad,Djurkliniken Kristia,Vets,Small animal,Sweden,Sweden,Support FTE,AQ,2019,1.070,1.750,1.750,1.750,1.750,1.800,1.800,1.800,1.800,1.800,1.800,0.800
14,2019,490,1483,SE,56008028,5600,8028,Sweden,Djurkliniken Kristianstad,Djurkliniken Kristia,Vets,Small animal,Sweden,Sweden,Support FTE,BDQTY,2019,1.900,1.900,1.800,2.100,2.000,1.900,1.600,1.800,1.800,2.000,1.900,1.800
14,2019,490,1483,SE,56008028,5600,8028,Sweden,Djurkliniken Kristianstad,Djurkliniken Kristia,Vets,Small animal,Sweden,Sweden,Vet FTE,AQ,2019,4.500,4.500,4.500,4.550,4.550,4.600,4.600,4.600,4.200,4.200,4.200,4.600
14,2019,490,1483,SE,56008028,5600,8028,Sweden,Djurkliniken Kristianstad,Djurkliniken Kristia,Vets,Small animal,Sweden,Sweden,Vet FTE,BDQTY,2019,2.800,2.600,3.000,2.500,2.800,2.000,2.300,2.500,3.500,5.000,4.800,3.000
14,2019,490,1484,SE,56008029,5600,8029,Sweden,Djurkliniken Åhus,Djurkliniken Åhus,Vets,Small animal,Sweden,Sweden,Head Office FTE,BDQTY,2019,0.000,0.000,0.000,0.000,0.000,0.000,0.000,0.000,0.000,0.000,0.000,0.000
14,2019,490,1484,SE,56008029,5600,8029,Sweden,Djurkliniken Åhus,Djurkliniken Åhus,Vets,Small animal,Sweden,Sweden,Locum Nurse FTE,BDQTY,2019,0.000,0.000,0.000,0.000,0.000,0.000,0.000,0.000,0.000,0.000,0.000,0.000
14,2019,490,1484,SE,56008029,5600,8029,Sweden,Djurkliniken Åhus,Djurkliniken Åhus,Vets,Small animal,Sweden,Sweden,Locum Vet FTE,BDQTY,2019,0.000,0.000,0.000,0.000,0.000,0.000,0.000,0.000,0.000,0.000,0.000,0.000
14,2019,490,1484,SE,56008029,5600,8029,Sweden,Djurkliniken Åhus,Djurkliniken Åhus,Vets,Small animal,Sweden,Sweden,Nurse FTE,BDQTY,2019,0.400,0.400,0.400,0.400,0.400,0.400,0.400,0.400,0.400,0.400,0.400,0.400
14,2019,490,1484,SE,56008029,5600,8029,Sweden,Djurkliniken Åhus,Djurkliniken Åhus,Vets,Small animal,Sweden,Sweden,Support FTE,BDQTY,2019,0.000,0.000,0.000,0.000,0.000,0.000,0.000,0.000,0.000,0.000,0.000,0.000
14,2019,490,1484,SE,56008029,5600,8029,Sweden,Djurkliniken Åhus,Djurkliniken Åhus,Vets,Small animal,Sweden,Sweden,Vet FTE,BDQTY,2019,0.400,0.400,0.400,0.400,0.400,0.400,0.400,0.400,0.400,0.400,0.400,0.400
14,2019,490,1485,SE,56008030,5600,8030,Sweden,Djursjukhuset Växjö,Djursjukhuset Växjö,Vets,Small animal,Sweden,Sweden,Head Office FTE,BDQTY,2019,0.000,0.000,0.000,0.000,0.000,0.000,0.000,0.000,0.000,0.000,0.000,0.000
14,2019,490,1485,SE,56008030,5600,8030,Sweden,Djursjukhuset Växjö,Djursjukhuset Växjö,Vets,Small animal,Sweden,Sweden,Locum Nurse FTE,BDQTY,2019,0.000,0.000,0.000,0.000,0.000,0.000,0.000,0.000,0.000,0.000,0.000,0.000
14,2019,490,1485,SE,56008030,5600,8030,Sweden,Djursjukhuset Växjö,Djursjukhuset Växjö,Vets,Small animal,Sweden,Sweden,Locum Vet FTE,AQ,2019,0.000,0.000,0.000,0.000,0.110,0.100,0.220,0.000,0.000,0.000,0.000,0.000
14,2019,490,1485,SE,56008030,5600,8030,Sweden,Djursjukhuset Växjö,Djursjukhuset Växjö,Vets,Small animal,Sweden,Sweden,Locum Vet FTE,BDQTY,2019,0.000,0.000,0.000,0.000,0.000,0.000,0.000,0.000,0.000,0.000,0.000,0.000
14,2019,490,1485,SE,56008030,5600,8030,Sweden,Djursjukhuset Växjö,Djursjukhuset Växjö,Vets,Small animal,Sweden,Sweden,Nurse FTE,AQ,2019,18.840,17.000,17.840,17.250,17.650,17.800,17.800,17.800,18.000,22.600,21.400,16.600
14,2019,490,1485,SE,56008030,5600,8030,Sweden,Djursjukhuset Växjö,Djursjukhuset Växjö,Vets,Small animal,Sweden,Sweden,Nurse FTE,BDQTY,2019,15.500,14.400,14.400,14.500,13.700,12.500,10.200,12.000,18.900,19.500,19.100,13.900
14,2019,490,1485,SE,56008030,5600,8030,Sweden,Djursjukhuset Växjö,Djursjukhuset Växjö,Vets,Small animal,Sweden,Sweden,Support FTE,AQ,2019,5.380,5.770,5.770,7.850,8.000,8.000,8.000,8.300,7.700,9.500,9.000,8.600
14,2019,490,1485,SE,56008030,5600,8030,Sweden,Djursjukhuset Växjö,Djursjukhuset Växjö,Vets,Small animal,Sweden,Sweden,Support FTE,BDQTY,2019,7.100,6.800,7.000,7.100,7.000,5.400,3.800,5.500,7.100,7.400,6.900,6.700
14,2019,490,1485,SE,56008030,5600,8030,Sweden,Djursjukhuset Växjö,Djursjukhuset Växjö,Vets,Small animal,Sweden,Sweden,Vet FTE,AQ,2019,10.300,10.300,10.300,10.100,10.100,10.100,10.100,9.700,10.200,9.700,9.300,8.900
14,2019,490,1485,SE,56008030,5600,8030,Sweden,Djursjukhuset Växjö,Djursjukhuset Växjö,Vets,Small animal,Sweden,Sweden,Vet FTE,BDQTY,2019,9.200,8.800,8.800,10.300,10.700,9.900,7.300,9.400,10.600,10.800,10.700,10.300
14,2019,490,1486,SE,56008031,5600,8031,Sweden,HBG Specialistdjursjukhuset He,Specialistdjursjukhu,Vets,Small animal,Sweden,Sweden,Head Office FTE,BDQTY,2019,0.000,0.000,0.000,0.000,0.000,0.000,0.000,0.000,0.000,0.000,0.000,0.000
14,2019,490,1486,SE,56008031,5600,8031,Sweden,HBG Specialistdjursjukhuset He,Specialistdjursjukhu,Vets,Small animal,Sweden,Sweden,Locum Nurse FTE,BDQTY,2019,0.000,0.000,0.000,0.000,0.000,0.000,0.000,0.000,0.000,0.000,0.000,0.000
14,2019,490,1486,SE,56008031,5600,8031,Sweden,HBG Specialistdjursjukhuset He,Specialistdjursjukhu,Vets,Small animal,Sweden,Sweden,Locum Vet FTE,AQ,2019,0.000,0.000,0.000,0.000,0.360,0.330,0.450,0.270,0.000,0.570,0.570,0.910
14,2019,490,1486,SE,56008031,5600,8031,Sweden,HBG Specialistdjursjukhuset He,Specialistdjursjukhu,Vets,Small animal,Sweden,Sweden,Locum Vet FTE,BDQTY,2019,0.000,0.000,0.000,0.000,0.000,0.000,0.000,0.000,0.000,0.000,0.000,0.000
14,2019,490,1486,SE,56008031,5600,8031,Sweden,HBG Specialistdjursjukhuset He,Specialistdjursjukhu,Vets,Small animal,Sweden,Sweden,Nurse FTE,AQ,2019,47.620,41.780,46.950,41.370,41.250,39.800,38.100,40.500,42.700,47.900,47.100,41.800
14,2019,490,1486,SE,56008031,5600,8031,Sweden,HBG Specialistdjursjukhuset He,Specialistdjursjukhu,Vets,Small animal,Sweden,Sweden,Nurse FTE,BDQTY,2019,44.900,44.100,45.200,45.200,44.700,43.800,38.400,39.200,50.000,51.900,54.000,44.200
14,2019,490,1486,SE,56008031,5600,8031,Sweden,HBG Specialistdjursjukhuset He,Specialistdjursjukhu,Vets,Small animal,Sweden,Sweden,Support FTE,AQ,2019,23.170,20.810,22.320,23.320,23.810,24.800,25.800,25.600,23.900,26.500,25.300,24.100
14,2019,490,1486,SE,56008031,5600,8031,Sweden,HBG Specialistdjursjukhuset He,Specialistdjursjukhu,Vets,Small animal,Sweden,Sweden,Support FTE,BDQTY,2019,20.800,19.800,21.600,21.800,21.500,20.500,16.400,19.700,25.400,26.700,25.200,21.500
14,2019,490,1486,SE,56008031,5600,8031,Sweden,HBG Specialistdjursjukhuset He,Specialistdjursjukhu,Vets,Small animal,Sweden,Sweden,Vet FTE,AQ,2019,33.120,35.380,35.390,35.580,35.910,39.100,39.200,37.500,41.500,40.600,40.200,35.600
14,2019,490,1486,SE,56008031,5600,8031,Sweden,HBG Specialistdjursjukhuset He,Specialistdjursjukhu,Vets,Small animal,Sweden,Sweden,Vet FTE,BDQTY,2019,33.500,31.400,32.500,34.600,35.100,33.700,30.300,32.200,36.600,38.300,37.900,33.500
14,2019,490,1487,SE,56008032,5600,8032,Sweden,Djurkliniken Höllviken,Djurkliniken Höllvik,Vets,Small animal,Sweden,Sweden,Head Office FTE,BDQTY,2019,0.000,0.000,0.000,0.000,0.000,0.000,0.000,0.000,0.000,0.000,0.000,0.000
14,2019,490,1487,SE,56008032,5600,8032,Sweden,Djurkliniken Höllviken,Djurkliniken Höllvik,Vets,Small animal,Sweden,Sweden,Locum Nurse FTE,BDQTY,2019,0.000,0.000,0.000,0.000,0.000,0.000,0.000,0.000,0.000,0.000,0.000,0.000
14,2019,490,1487,SE,56008032,5600,8032,Sweden,Djurkliniken Höllviken,Djurkliniken Höllvik,Vets,Small animal,Sweden,Sweden,Locum Vet FTE,AQ,2019,0.000,0.000,0.000,0.000,0.040,0.000,0.030,0.020,0.050,0.040,0.010,0.030
14,2019,490,1487,SE,56008032,5600,8032,Sweden,Djurkliniken Höllviken,Djurkliniken Höllvik,Vets,Small animal,Sweden,Sweden,Locum Vet FTE,BDQTY,2019,0.000,0.000,0.000,0.000,0.000,0.000,0.000,0.000,0.000,0.000,0.000,0.000
14,2019,490,1487,SE,56008032,5600,8032,Sweden,Djurkliniken Höllviken,Djurkliniken Höllvik,Vets,Small animal,Sweden,Sweden,Nurse FTE,AQ,2019,4.160,4.000,4.400,4.000,4.000,3.000,2.000,3.000,3.800,4.800,3.600,3.800
14,2019,490,1487,SE,56008032,5600,8032,Sweden,Djurkliniken Höllviken,Djurkliniken Höllvik,Vets,Small animal,Sweden,Sweden,Nurse FTE,BDQTY,2019,3.400,3.100,3.400,3.500,3.600,3.200,2.000,2.600,3.900,4.300,5.200,3.200
14,2019,490,1487,SE,56008032,5600,8032,Sweden,Djurkliniken Höllviken,Djurkliniken Höllvik,Vets,Small animal,Sweden,Sweden,Support FTE,AQ,2019,3.080,3.080,3.050,2.380,2.180,2.200,2.400,2.200,3.200,3.400,3.400,3.200
14,2019,490,1487,SE,56008032,5600,8032,Sweden,Djurkliniken Höllviken,Djurkliniken Höllvik,Vets,Small animal,Sweden,Sweden,Support FTE,BDQTY,2019,3.000,3.000,3.000,3.000,2.700,3.100,2.200,2.500,3.000,2.600,2.900,3.000
14,2019,490,1487,SE,56008032,5600,8032,Sweden,Djurkliniken Höllviken,Djurkliniken Höllvik,Vets,Small animal,Sweden,Sweden,Vet FTE,AQ,2019,2.880,2.750,2.920,2.750,2.750,3.700,3.800,3.800,3.800,4.800,4.100,3.800
14,2019,490,1487,SE,56008032,5600,8032,Sweden,Djurkliniken Höllviken,Djurkliniken Höllvik,Vets,Small animal,Sweden,Sweden,Vet FTE,BDQTY,2019,2.000,2.100,1.200,2.000,2.100,1.600,1.800,2.000,2.900,2.100,2.600,2.000
14,2019,490,1488,SE,56008033,5600,8033,Sweden,Djurkliniken Trelleborg,Djurkliniken Trelleb,Vets,Small animal,Sweden,Sweden,Head Office FTE,BDQTY,2019,0.000,0.000,0.000,0.000,0.000,0.000,0.000,0.000,0.000,0.000,0.000,0.000
14,2019,490,1488,SE,56008033,5600,8033,Sweden,Djurkliniken Trelleborg,Djurkliniken Trelleb,Vets,Small animal,Sweden,Sweden,Locum Nurse FTE,BDQTY,2019,0.000,0.000,0.000,0.000,0.000,0.000,0.000,0.000,0.000,0.000,0.000,0.000
14,2019,490,1488,SE,56008033,5600,8033,Sweden,Djurkliniken Trelleborg,Djurkliniken Trelleb,Vets,Small animal,Sweden,Sweden,Locum Vet FTE,BDQTY,2019,0.000,0.000,0.000,0.000,0.000,0.000,0.000,0.000,0.000,0.000,0.000,0.000
14,2019,490,1488,SE,56008033,5600,8033,Sweden,Djurkliniken Trelleborg,Djurkliniken Trelleb,Vets,Small animal,Sweden,Sweden,Nurse FTE,AQ,2019,1.520,1.930,1.870,2.610,3.000,3.100,3.000,3.000,3.000,4.700,3.600,3.800
14,2019,490,1488,SE,56008033,5600,8033,Sweden,Djurkliniken Trelleborg,Djurkliniken Trelleb,Vets,Small animal,Sweden,Sweden,Nurse FTE,BDQTY,2019,2.400,2.500,2.400,2.400,2.500,2.400,1.500,1.800,2.300,2.600,2.400,2.400
14,2019,490,1488,SE,56008033,5600,8033,Sweden,Djurkliniken Trelleborg,Djurkliniken Trelleb,Vets,Small animal,Sweden,Sweden,Support FTE,AQ,2019,1.000,1.000,1.000,1.000,1.000,1.000,1.000,1.000,1.000,0.100,0.000,0.000
14,2019,490,1488,SE,56008033,5600,8033,Sweden,Djurkliniken Trelleborg,Djurkliniken Trelleb,Vets,Small animal,Sweden,Sweden,Support FTE,BDQTY,2019,1.200,1.200,1.200,1.300,1.300,1.100,1.200,1.500,1.200,1.200,1.200,1.400
14,2019,490,1488,SE,56008033,5600,8033,Sweden,Djurkliniken Trelleborg,Djurkliniken Trelleb,Vets,Small animal,Sweden,Sweden,Vet FTE,AQ,2019,1.410,0.830,0.830,1.800,1.800,1.800,1.800,1.800,1.800,1.800,1.800,1.800
14,2019,490,1488,SE,56008033,5600,8033,Sweden,Djurkliniken Trelleborg,Djurkliniken Trelleb,Vets,Small animal,Sweden,Sweden,Vet FTE,BDQTY,2019,1.500,1.500,1.500,1.500,1.600,1.600,1.000,0.700,1.500,1.700,1.900,1.600
14,2019,490,1489,SE,56008034,5600,8034,Sweden,Djurkliniken Ystad,Djurkliniken Ystad,Vets,Small animal,Sweden,Sweden,Head Office FTE,BDQTY,2019,0.000,0.000,0.000,0.000,0.000,0.000,0.000,0.000,0.000,0.000,0.000,0.000
14,2019,490,1489,SE,56008034,5600,8034,Sweden,Djurkliniken Ystad,Djurkliniken Ystad,Vets,Small animal,Sweden,Sweden,Locum Nurse FTE,BDQTY,2019,0.000,0.000,0.000,0.000,0.000,0.000,0.000,0.000,0.000,0.000,0.000,0.000
14,2019,490,1489,SE,56008034,5600,8034,Sweden,Djurkliniken Ystad,Djurkliniken Ystad,Vets,Small animal,Sweden,Sweden,Locum Vet FTE,AQ,2019,0.000,0.000,0.000,0.000,0.000,0.000,0.050,0.000,0.140,0.030,0.070,0.100
14,2019,490,1489,SE,56008034,5600,8034,Sweden,Djurkliniken Ystad,Djurkliniken Ystad,Vets,Small animal,Sweden,Sweden,Locum Vet FTE,BDQTY,2019,0.000,0.000,0.000,0.000,0.000,0.000,0.000,0.000,0.000,0.000,0.000,0.000
14,2019,490,1489,SE,56008034,5600,8034,Sweden,Djurkliniken Ystad,Djurkliniken Ystad,Vets,Small animal,Sweden,Sweden,Nurse FTE,AQ,2019,5.070,5.750,5.750,5.750,5.750,5.800,5.800,5.800,9.000,10.100,6.700,5.600
14,2019,490,1489,SE,56008034,5600,8034,Sweden,Djurkliniken Ystad,Djurkliniken Ystad,Vets,Small animal,Sweden,Sweden,Nurse FTE,BDQTY,2019,4.800,4.300,4.900,4.900,4.800,4.800,3.700,4.000,4.800,4.800,4.700,4.900
14,2019,490,1489,SE,56008034,5600,8034,Sweden,Djurkliniken Ystad,Djurkliniken Ystad,Vets,Small animal,Sweden,Sweden,Support FTE,AQ,2019,1.000,1.000,1.000,1.550,1.000,1.000,1.000,1.000,1.000,1.000,1.000,1.000
14,2019,490,1489,SE,56008034,5600,8034,Sweden,Djurkliniken Ystad,Djurkliniken Ystad,Vets,Small animal,Sweden,Sweden,Support FTE,BDQTY,2019,1.200,1.100,1.200,1.200,0.900,0.700,0.700,0.600,1.400,1.300,1.300,1.100
14,2019,490,1489,SE,56008034,5600,8034,Sweden,Djurkliniken Ystad,Djurkliniken Ystad,Vets,Small animal,Sweden,Sweden,Vet FTE,AQ,2019,2.600,2.600,2.600,2.600,2.600,2.500,3.500,3.400,3.600,3.600,3.600,3.600
14,2019,490,1489,SE,56008034,5600,8034,Sweden,Djurkliniken Ystad,Djurkliniken Ystad,Vets,Small animal,Sweden,Sweden,Vet FTE,BDQTY,2019,2.400,2.400,2.200,2.200,2.400,1.800,1.600,1.500,2.300,2.400,2.400,1.800
14,2019,490,1490,SE,56008035,5600,8035,Sweden,Djurkliniken Staffanstorp,Djurkliniken Staffan,Vets,Small animal,Sweden,Sweden,Head Office FTE,BDQTY,2019,0.000,0.000,0.000,0.000,0.000,0.000,0.000,0.000,0.000,0.000,0.000,0.000
14,2019,490,1490,SE,56008035,5600,8035,Sweden,Djurkliniken Staffanstorp,Djurkliniken Staffan,Vets,Small animal,Sweden,Sweden,Locum Nurse FTE,BDQTY,2019,0.000,0.000,0.000,0.000,0.000,0.000,0.000,0.000,0.000,0.000,0.000,0.000
14,2019,490,1490,SE,56008035,5600,8035,Sweden,Djurkliniken Staffanstorp,Djurkliniken Staffan,Vets,Small animal,Sweden,Sweden,Locum Vet FTE,BDQTY,2019,0.000,0.000,0.000,0.000,0.000,0.000,0.000,0.000,0.000,0.000,0.000,0.000
14,2019,490,1490,SE,56008035,5600,8035,Sweden,Djurkliniken Staffanstorp,Djurkliniken Staffan,Vets,Small animal,Sweden,Sweden,Nurse FTE,AQ,2019,3.000,3.000,3.000,4.000,4.000,4.000,4.000,4.000,4.000,4.000,5.400,3.800
14,2019,490,1490,SE,56008035,5600,8035,Sweden,Djurkliniken Staffanstorp,Djurkliniken Staffan,Vets,Small animal,Sweden,Sweden,Nurse FTE,BDQTY,2019,2.200,2.100,2.300,2.900,2.800,2.800,2.800,2.800,3.800,3.800,2.700,2.800
14,2019,490,1490,SE,56008035,5600,8035,Sweden,Djurkliniken Staffanstorp,Djurkliniken Staffan,Vets,Small animal,Sweden,Sweden,Support FTE,AQ,2019,0.130,0.130,0.130,0.130,0.130,0.100,0.100,0.100,0.100,0.100,0.100,0.100
14,2019,490,1490,SE,56008035,5600,8035,Sweden,Djurkliniken Staffanstorp,Djurkliniken Staffan,Vets,Small animal,Sweden,Sweden,Support FTE,BDQTY,2019,0.000,0.000,0.000,-0.200,0.000,0.000,-0.800,-0.200,-0.200,0.000,0.000,-0.100
14,2019,490,1490,SE,56008035,5600,8035,Sweden,Djurkliniken Staffanstorp,Djurkliniken Staffan,Vets,Small animal,Sweden,Sweden,Vet FTE,AQ,2019,1.000,1.000,1.000,1.000,1.000,2.000,1.000,1.000,1.000,1.000,1.000,1.000
14,2019,490,1490,SE,56008035,5600,8035,Sweden,Djurkliniken Staffanstorp,Djurkliniken Staffan,Vets,Small animal,Sweden,Sweden,Vet FTE,BDQTY,2019,1.200,1.200,1.200,1.200,1.200,1.600,1.600,1.600,1.600,1.600,1.600,1.600
14,2019,490,1491,SE,56008036,5600,8036,Sweden,Djursjukhuset Malmö,Djursjukhuset Malmö,Vets,Small animal,Sweden,Sweden,Head Office FTE,BDQTY,2019,0.000,0.000,0.000,0.000,0.000,0.000,0.000,0.000,0.000,0.000,0.000,0.000
14,2019,490,1491,SE,56008036,5600,8036,Sweden,Djursjukhuset Malmö,Djursjukhuset Malmö,Vets,Small animal,Sweden,Sweden,Locum Nurse FTE,BDQTY,2019,0.000,0.000,0.000,0.000,0.000,0.000,0.000,0.000,0.000,0.000,0.000,0.000
14,2019,490,1491,SE,56008036,5600,8036,Sweden,Djursjukhuset Malmö,Djursjukhuset Malmö,Vets,Small animal,Sweden,Sweden,Locum Vet FTE,AQ,2019,0.000,0.000,0.000,0.000,0.320,0.630,0.470,0.360,0.000,0.470,0.450,0.210
14,2019,490,1491,SE,56008036,5600,8036,Sweden,Djursjukhuset Malmö,Djursjukhuset Malmö,Vets,Small animal,Sweden,Sweden,Locum Vet FTE,BDQTY,2019,0.000,0.000,0.000,0.000,0.000,0.000,0.000,0.000,0.000,0.000,0.000,0.000
14,2019,490,1491,SE,56008036,5600,8036,Sweden,Djursjukhuset Malmö,Djursjukhuset Malmö,Vets,Small animal,Sweden,Sweden,Nurse FTE,AQ,2019,45.100,44.400,44.930,44.800,44.190,42.000,43.100,43.200,45.700,53.700,49.800,44.800
14,2019,490,1491,SE,56008036,5600,8036,Sweden,Djursjukhuset Malmö,Djursjukhuset Malmö,Vets,Small animal,Sweden,Sweden,Nurse FTE,BDQTY,2019,35.900,35.700,35.400,37.700,35.500,35.800,29.500,33.000,44.100,47.600,46.300,39.400
14,2019,490,1491,SE,56008036,5600,8036,Sweden,Djursjukhuset Malmö,Djursjukhuset Malmö,Vets,Small animal,Sweden,Sweden,Support FTE,AQ,2019,23.740,24.000,25.030,22.700,22.920,22.100,22.600,22.100,26.300,29.300,28.600,22.400
14,2019,490,1491,SE,56008036,5600,8036,Sweden,Djursjukhuset Malmö,Djursjukhuset Malmö,Vets,Small animal,Sweden,Sweden,Support FTE,BDQTY,2019,20.300,21.100,21.400,21.500,21.400,19.300,16.200,18.300,22.400,22.500,22.000,20.200
14,2019,490,1491,SE,56008036,5600,8036,Sweden,Djursjukhuset Malmö,Djursjukhuset Malmö,Vets,Small animal,Sweden,Sweden,Vet FTE,AQ,2019,29.100,28.250,28.300,27.150,26.150,23.600,25.400,28.000,28.100,28.200,28.200,28.200
14,2019,490,1491,SE,56008036,5600,8036,Sweden,Djursjukhuset Malmö,Djursjukhuset Malmö,Vets,Small animal,Sweden,Sweden,Vet FTE,BDQTY,2019,23.800,23.100,22.900,23.000,23.000,23.900,22.300,23.000,28.100,28.300,27.500,24.200
14,2019,490,1505,SE,56008050,5600,8050,Sweden,Evidensia Smådjurskliniken Jön,Evidensia Smådjurskl,Vets,Small animal,Sweden,Sweden,Head Office FTE,BDQTY,2019,0.000,0.000,0.000,0.000,0.000,0.000,0.000,0.000,0.000,0.000,0.000,0.000
14,2019,490,1505,SE,56008050,5600,8050,Sweden,Evidensia Smådjurskliniken Jön,Evidensia Smådjurskl,Vets,Small animal,Sweden,Sweden,Locum Nurse FTE,BDQTY,2019,0.000,0.000,0.000,0.000,0.000,0.000,0.000,0.000,0.000,0.000,0.000,0.000
14,2019,490,1505,SE,56008050,5600,8050,Sweden,Evidensia Smådjurskliniken Jön,Evidensia Smådjurskl,Vets,Small animal,Sweden,Sweden,Locum Vet FTE,AQ,2019,0.000,0.000,0.000,0.000,0.000,0.000,0.000,0.000,0.000,0.000,0.090,0.000
14,2019,490,1505,SE,56008050,5600,8050,Sweden,Evidensia Smådjurskliniken Jön,Evidensia Smådjurskl,Vets,Small animal,Sweden,Sweden,Locum Vet FTE,BDQTY,2019,0.000,0.000,0.000,0.000,0.000,0.000,0.000,0.000,0.000,0.000,0.000,0.000
14,2019,490,1505,SE,56008050,5600,8050,Sweden,Evidensia Smådjurskliniken Jön,Evidensia Smådjurskl,Vets,Small animal,Sweden,Sweden,Nurse FTE,AQ,2019,0.000,0.000,0.000,0.000,0.000,0.000,0.000,0.000,0.000,0.000,11.500,11.400
14,2019,490,1505,SE,56008050,5600,8050,Sweden,Evidensia Smådjurskliniken Jön,Evidensia Smådjurskl,Vets,Small animal,Sweden,Sweden,Nurse FTE,BDQTY,2019,0.000,0.000,0.000,0.000,0.000,0.000,0.000,0.000,0.000,0.000,8.400,6.800
14,2019,490,1505,SE,56008050,5600,8050,Sweden,Evidensia Smådjurskliniken Jön,Evidensia Smådjurskl,Vets,Small animal,Sweden,Sweden,Support FTE,AQ,2019,0.000,0.000,0.000,0.000,0.000,0.000,0.000,0.000,0.000,0.000,3.700,3.500
14,2019,490,1505,SE,56008050,5600,8050,Sweden,Evidensia Smådjurskliniken Jön,Evidensia Smådjurskl,Vets,Small animal,Sweden,Sweden,Support FTE,BDQTY,2019,0.000,0.000,0.000,0.000,0.000,0.000,0.000,0.000,0.000,0.000,2.900,2.000
14,2019,490,1505,SE,56008050,5600,8050,Sweden,Evidensia Smådjurskliniken Jön,Evidensia Smådjurskl,Vets,Small animal,Sweden,Sweden,Vet FTE,AQ,2019,0.000,0.000,0.000,0.000,0.000,0.000,0.000,0.000,0.000,0.000,5.400,5.400
14,2019,490,1505,SE,56008050,5600,8050,Sweden,Evidensia Smådjurskliniken Jön,Evidensia Smådjurskl,Vets,Small animal,Sweden,Sweden,Vet FTE,BDQTY,2019,0.000,0.000,0.000,0.000,0.000,0.000,0.000,0.000,0.000,0.000,6.300,5.800
14,2019,490,1506,SE,56008051,5600,8051,Sweden,Djursjukhuset Analysen Örebro,Djursjukhuset Analys,Vets,Small animal,Sweden,Sweden,Head Office FTE,BDQTY,2019,0.000,0.000,0.000,0.000,0.000,0.000,0.000,0.000,0.000,0.000,0.000,0.000
14,2019,490,1506,SE,56008051,5600,8051,Sweden,Djursjukhuset Analysen Örebro,Djursjukhuset Analys,Vets,Small animal,Sweden,Sweden,Locum Nurse FTE,BDQTY,2019,0.000,0.000,0.000,0.000,0.000,0.000,0.000,0.000,0.000,0.000,0.000,0.000
14,2019,490,1506,SE,56008051,5600,8051,Sweden,Djursjukhuset Analysen Örebro,Djursjukhuset Analys,Vets,Small animal,Sweden,Sweden,Locum Vet FTE,BDQTY,2019,0.000,0.000,0.000,0.000,0.000,0.000,0.000,0.000,0.000,0.000,0.000,0.000
14,2019,490,1506,SE,56008051,5600,8051,Sweden,Djursjukhuset Analysen Örebro,Djursjukhuset Analys,Vets,Small animal,Sweden,Sweden,Nurse FTE,AQ,2019,0.000,0.000,0.000,0.000,0.000,0.000,0.000,0.000,0.000,0.000,8.200,8.600
14,2019,490,1506,SE,56008051,5600,8051,Sweden,Djursjukhuset Analysen Örebro,Djursjukhuset Analys,Vets,Small animal,Sweden,Sweden,Nurse FTE,BDQTY,2019,0.000,0.000,0.000,0.000,0.000,0.000,0.000,0.000,0.000,0.000,10.600,7.900
14,2019,490,1506,SE,56008051,5600,8051,Sweden,Djursjukhuset Analysen Örebro,Djursjukhuset Analys,Vets,Small animal,Sweden,Sweden,Support FTE,AQ,2019,0.000,0.000,0.000,0.000,0.000,0.000,0.000,0.000,0.000,0.000,2.000,2.000
14,2019,490,1506,SE,56008051,5600,8051,Sweden,Djursjukhuset Analysen Örebro,Djursjukhuset Analys,Vets,Small animal,Sweden,Sweden,Support FTE,BDQTY,2019,0.000,0.000,0.000,0.000,0.000,0.000,0.000,0.000,0.000,0.000,1.000,0.700
14,2019,490,1506,SE,56008051,5600,8051,Sweden,Djursjukhuset Analysen Örebro,Djursjukhuset Analys,Vets,Small animal,Sweden,Sweden,Vet FTE,AQ,2019,0.000,0.000,0.000,0.000,0.000,0.000,0.000,0.000,0.000,0.000,6.600,6.950
14,2019,490,1506,SE,56008051,5600,8051,Sweden,Djursjukhuset Analysen Örebro,Djursjukhuset Analys,Vets,Small animal,Sweden,Sweden,Vet FTE,BDQTY,2019,0.000,0.000,0.000,0.000,0.000,0.000,0.000,0.000,0.000,0.000,6.800,6.300
14,2019,490,1507,SE,56008052,5600,8052,Sweden,Mälarhöjdens Veterinärpraktik,Mälarhöjdens Veterin,Vets,Small animal,Sweden,Sweden,Head Office FTE,BDQTY,2019,0.000,0.000,0.000,0.000,0.000,0.000,0.000,0.000,0.000,0.000,0.000,0.000
14,2019,490,1507,SE,56008052,5600,8052,Sweden,Mälarhöjdens Veterinärpraktik,Mälarhöjdens Veterin,Vets,Small animal,Sweden,Sweden,Locum Nurse FTE,BDQTY,2019,0.000,0.000,0.000,0.000,0.000,0.000,0.000,0.000,0.000,0.000,0.000,0.000
14,2019,490,1507,SE,56008052,5600,8052,Sweden,Mälarhöjdens Veterinärpraktik,Mälarhöjdens Veterin,Vets,Small animal,Sweden,Sweden,Locum Vet FTE,BDQTY,2019,0.000,0.000,0.000,0.000,0.000,0.000,0.000,0.000,0.000,0.000,0.000,0.000
14,2019,490,1507,SE,56008052,5600,8052,Sweden,Mälarhöjdens Veterinärpraktik,Mälarhöjdens Veterin,Vets,Small animal,Sweden,Sweden,Nurse FTE,AQ,2019,0.000,0.000,0.000,0.000,0.000,0.000,0.000,0.000,0.000,0.000,4.300,4.100
14,2019,490,1507,SE,56008052,5600,8052,Sweden,Mälarhöjdens Veterinärpraktik,Mälarhöjdens Veterin,Vets,Small animal,Sweden,Sweden,Nurse FTE,BDQTY,2019,0.000,0.000,0.000,0.000,0.000,0.000,0.000,0.000,0.000,0.000,3.900,2.900
14,2019,490,1507,SE,56008052,5600,8052,Sweden,Mälarhöjdens Veterinärpraktik,Mälarhöjdens Veterin,Vets,Small animal,Sweden,Sweden,Support FTE,AQ,2019,0.000,0.000,0.000,0.000,0.000,0.000,0.000,0.000,0.000,0.000,1.000,1.000
14,2019,490,1507,SE,56008052,5600,8052,Sweden,Mälarhöjdens Veterinärpraktik,Mälarhöjdens Veterin,Vets,Small animal,Sweden,Sweden,Support FTE,BDQTY,2019,0.000,0.000,0.000,0.000,0.000,0.000,0.000,0.000,0.000,0.000,1.800,1.800
14,2019,490,1507,SE,56008052,5600,8052,Sweden,Mälarhöjdens Veterinärpraktik,Mälarhöjdens Veterin,Vets,Small animal,Sweden,Sweden,Vet FTE,AQ,2019,0.000,0.000,0.000,0.000,0.000,0.000,0.000,0.000,0.000,0.000,6.700,5.500
14,2019,490,1507,SE,56008052,5600,8052,Sweden,Mälarhöjdens Veterinärpraktik,Mälarhöjdens Veterin,Vets,Small animal,Sweden,Sweden,Vet FTE,BDQTY,2019,0.000,0.000,0.000,0.000,0.000,0.000,0.000,0.000,0.000,0.000,5.600,5.600
14,2019,490,1518,SE,56008063,5600,8063,Sweden,Kullabygden,Kullabygden,Vets,Small animal,Sweden,Sweden,Head Office FTE,BDQTY,2019,0.000,0.000,0.000,0.000,0.000,0.000,0.000,0.000,0.000,0.000,0.000,0.000
14,2019,490,1518,SE,56008063,5600,8063,Sweden,Kullabygden,Kullabygden,Vets,Small animal,Sweden,Sweden,Locum Nurse FTE,BDQTY,2019,0.000,0.000,0.000,0.000,0.000,0.000,0.000,0.000,0.000,0.000,0.000,0.000
14,2019,490,1518,SE,56008063,5600,8063,Sweden,Kullabygden,Kullabygden,Vets,Small animal,Sweden,Sweden,Locum Vet FTE,BDQTY,2019,0.000,0.000,0.000,0.000,0.000,0.000,0.000,0.000,0.000,0.000,0.000,0.000
14,2019,490,1518,SE,56008063,5600,8063,Sweden,Kullabygden,Kullabygden,Vets,Small animal,Sweden,Sweden,Nurse FTE,AQ,2019,0.000,0.000,0.000,0.000,0.000,0.000,0.000,0.000,0.000,0.000,4.100,5.100
14,2019,490,1518,SE,56008063,5600,8063,Sweden,Kullabygden,Kullabygden,Vets,Small animal,Sweden,Sweden,Nurse FTE,BDQTY,2019,0.000,0.000,0.000,0.000,0.000,0.000,0.000,0.000,0.000,0.000,7.800,7.800
14,2019,490,1518,SE,56008063,5600,8063,Sweden,Kullabygden,Kullabygden,Vets,Small animal,Sweden,Sweden,Support FTE,AQ,2019,0.000,0.000,0.000,0.000,0.000,0.000,0.000,0.000,0.000,0.000,4.900,4.900
14,2019,490,1518,SE,56008063,5600,8063,Sweden,Kullabygden,Kullabygden,Vets,Small animal,Sweden,Sweden,Support FTE,BDQTY,2019,0.000,0.000,0.000,0.000,0.000,0.000,0.000,0.000,0.000,0.000,1.200,1.200
14,2019,490,1518,SE,56008063,5600,8063,Sweden,Kullabygden,Kullabygden,Vets,Small animal,Sweden,Sweden,Vet FTE,AQ,2019,0.000,0.000,0.000,0.000,0.000,0.000,0.000,0.000,0.000,0.000,4.000,4.000
14,2019,490,1518,SE,56008063,5600,8063,Sweden,Kullabygden,Kullabygden,Vets,Small animal,Sweden,Sweden,Vet FTE,BDQTY,2019,0.000,0.000,0.000,0.000,0.000,0.000,0.000,0.000,0.000,0.000,4.400,4.400
14,2019,490,1520,SE,56008065,5600,8065,Sweden,Södra Berget Veterinärpraktik,Södra Berget Veterin,Vets,Small animal,Sweden,Sweden,Head Office FTE,BDQTY,2019,0.000,0.000,0.000,0.000,0.000,0.000,0.000,0.000,0.000,0.000,0.000,0.000
14,2019,490,1520,SE,56008065,5600,8065,Sweden,Södra Berget Veterinärpraktik,Södra Berget Veterin,Vets,Small animal,Sweden,Sweden,Locum Nurse FTE,BDQTY,2019,0.000,0.000,0.000,0.000,0.000,0.000,0.000,0.000,0.000,0.000,0.000,0.000
14,2019,490,1520,SE,56008065,5600,8065,Sweden,Södra Berget Veterinärpraktik,Södra Berget Veterin,Vets,Small animal,Sweden,Sweden,Locum Vet FTE,AQ,2019,0.000,0.000,0.000,0.000,0.000,0.000,0.000,0.000,0.000,0.000,0.210,0.640
14,2019,490,1520,SE,56008065,5600,8065,Sweden,Södra Berget Veterinärpraktik,Södra Berget Veterin,Vets,Small animal,Sweden,Sweden,Locum Vet FTE,BDQTY,2019,0.000,0.000,0.000,0.000,0.000,0.000,0.000,0.000,0.000,0.000,0.000,0.000
14,2019,490,1520,SE,56008065,5600,8065,Sweden,Södra Berget Veterinärpraktik,Södra Berget Veterin,Vets,Small animal,Sweden,Sweden,Nurse FTE,AQ,2019,0.000,0.000,0.000,0.000,0.000,0.000,0.000,0.000,0.000,0.000,22.600,19.900
14,2019,490,1520,SE,56008065,5600,8065,Sweden,Södra Berget Veterinärpraktik,Södra Berget Veterin,Vets,Small animal,Sweden,Sweden,Nurse FTE,BDQTY,2019,0.000,0.000,0.000,0.000,0.000,0.000,0.000,0.000,0.000,0.000,17.600,16.600
14,2019,490,1520,SE,56008065,5600,8065,Sweden,Södra Berget Veterinärpraktik,Södra Berget Veterin,Vets,Small animal,Sweden,Sweden,Support FTE,AQ,2019,0.000,0.000,0.000,0.000,0.000,0.000,0.000,0.000,0.000,0.000,6.900,6.900
14,2019,490,1520,SE,56008065,5600,8065,Sweden,Södra Berget Veterinärpraktik,Södra Berget Veterin,Vets,Small animal,Sweden,Sweden,Support FTE,BDQTY,2019,0.000,0.000,0.000,0.000,0.000,0.000,0.000,0.000,0.000,0.000,3.600,3.600
14,2019,490,1520,SE,56008065,5600,8065,Sweden,Södra Berget Veterinärpraktik,Södra Berget Veterin,Vets,Small animal,Sweden,Sweden,Vet FTE,AQ,2019,0.000,0.000,0.000,0.000,0.000,0.000,0.000,0.000,0.000,0.000,10.300,9.300
14,2019,490,1520,SE,56008065,5600,8065,Sweden,Södra Berget Veterinärpraktik,Södra Berget Veterin,Vets,Small animal,Sweden,Sweden,Vet FTE,BDQTY,2019,0.000,0.000,0.000,0.000,0.000,0.000,0.000,0.000,0.000,0.000,8.800,8.800
14,2019,490,1521,SE,56008066,5600,8066,Sweden,Veterinärkliniken Malmö Eviden,Oresund Malmo Veter,Vets,Small animal,Sweden,Sweden,Head Office FTE,BDQTY,2019,0.000,0.000,0.000,0.000,0.000,0.000,0.000,0.000,0.000,0.000,0.000,0.000
14,2019,490,1521,SE,56008066,5600,8066,Sweden,Veterinärkliniken Malmö Eviden,Oresund Malmo Veter,Vets,Small animal,Sweden,Sweden,Locum Nurse FTE,BDQTY,2019,0.000,0.000,0.000,0.000,0.000,0.000,0.000,0.000,0.000,0.000,0.000,0.000
14,2019,490,1521,SE,56008066,5600,8066,Sweden,Veterinärkliniken Malmö Eviden,Oresund Malmo Veter,Vets,Small animal,Sweden,Sweden,Locum Vet FTE,BDQTY,2019,0.000,0.000,0.000,0.000,0.000,0.000,0.000,0.000,0.000,0.000,0.000,0.000
14,2019,490,1521,SE,56008066,5600,8066,Sweden,Veterinärkliniken Malmö Eviden,Oresund Malmo Veter,Vets,Small animal,Sweden,Sweden,Nurse FTE,AQ,2019,0.000,0.000,0.000,0.000,0.000,0.000,0.000,0.000,0.000,0.000,8.100,6.100
14,2019,490,1521,SE,56008066,5600,8066,Sweden,Veterinärkliniken Malmö Eviden,Oresund Malmo Veter,Vets,Small animal,Sweden,Sweden,Nurse FTE,BDQTY,2019,0.000,0.000,0.000,0.000,0.000,0.000,0.000,0.000,0.000,0.000,11.300,11.300
14,2019,490,1521,SE,56008066,5600,8066,Sweden,Veterinärkliniken Malmö Eviden,Oresund Malmo Veter,Vets,Small animal,Sweden,Sweden,Support FTE,AQ,2019,0.000,0.000,0.000,0.000,0.000,0.000,0.000,0.000,0.000,0.000,6.500,5.500
14,2019,490,1521,SE,56008066,5600,8066,Sweden,Veterinärkliniken Malmö Eviden,Oresund Malmo Veter,Vets,Small animal,Sweden,Sweden,Support FTE,BDQTY,2019,0.000,0.000,0.000,0.000,0.000,0.000,0.000,0.000,0.000,0.000,3.000,3.000
14,2019,490,1521,SE,56008066,5600,8066,Sweden,Veterinärkliniken Malmö Eviden,Oresund Malmo Veter,Vets,Small animal,Sweden,Sweden,Vet FTE,AQ,2019,0.000,0.000,0.000,0.000,0.000,0.000,0.000,0.000,0.000,0.000,3.100,4.100
14,2019,490,1521,SE,56008066,5600,8066,Sweden,Veterinärkliniken Malmö Eviden,Oresund Malmo Veter,Vets,Small animal,Sweden,Sweden,Vet FTE,BDQTY,2019,0.000,0.000,0.000,0.000,0.000,0.000,0.000,0.000,0.000,0.000,5.400,5.400
14,2019,490,1522,SE,56008067,5600,8067,Sweden,Veterinärkliniken Limhamn Evid,Limhamn Veterinarpra,Vets,Small animal,Sweden,Sweden,Head Office FTE,BDQTY,2019,0.000,0.000,0.000,0.000,0.000,0.000,0.000,0.000,0.000,0.000,0.000,0.000
14,2019,490,1522,SE,56008067,5600,8067,Sweden,Veterinärkliniken Limhamn Evid,Limhamn Veterinarpra,Vets,Small animal,Sweden,Sweden,Locum Nurse FTE,BDQTY,2019,0.000,0.000,0.000,0.000,0.000,0.000,0.000,0.000,0.000,0.000,0.000,0.000
14,2019,490,1522,SE,56008067,5600,8067,Sweden,Veterinärkliniken Limhamn Evid,Limhamn Veterinarpra,Vets,Small animal,Sweden,Sweden,Locum Vet FTE,BDQTY,2019,0.000,0.000,0.000,0.000,0.000,0.000,0.000,0.000,0.000,0.000,0.000,0.000
14,2019,490,1522,SE,56008067,5600,8067,Sweden,Veterinärkliniken Limhamn Evid,Limhamn Veterinarpra,Vets,Small animal,Sweden,Sweden,Nurse FTE,AQ,2019,0.000,0.000,0.000,0.000,0.000,0.000,0.000,0.000,0.000,0.000,4.900,4.800
14,2019,490,1522,SE,56008067,5600,8067,Sweden,Veterinärkliniken Limhamn Evid,Limhamn Veterinarpra,Vets,Small animal,Sweden,Sweden,Nurse FTE,BDQTY,2019,0.000,0.000,0.000,0.000,0.000,0.000,0.000,0.000,0.000,0.000,3.000,3.000
14,2019,490,1522,SE,56008067,5600,8067,Sweden,Veterinärkliniken Limhamn Evid,Limhamn Veterinarpra,Vets,Small animal,Sweden,Sweden,Support FTE,AQ,2019,0.000,0.000,0.000,0.000,0.000,0.000,0.000,0.000,0.000,0.000,2.800,2.300
14,2019,490,1522,SE,56008067,5600,8067,Sweden,Veterinärkliniken Limhamn Evid,Limhamn Veterinarpra,Vets,Small animal,Sweden,Sweden,Support FTE,BDQTY,2019,0.000,0.000,0.000,0.000,0.000,0.000,0.000,0.000,0.000,0.000,1.800,1.800
14,2019,490,1522,SE,56008067,5600,8067,Sweden,Veterinärkliniken Limhamn Evid,Limhamn Veterinarpra,Vets,Small animal,Sweden,Sweden,Vet FTE,AQ,2019,0.000,0.000,0.000,0.000,0.000,0.000,0.000,0.000,0.000,0.000,4.000,3.000
14,2019,490,1522,SE,56008067,5600,8067,Sweden,Veterinärkliniken Limhamn Evid,Limhamn Veterinarpra,Vets,Small animal,Sweden,Sweden,Vet FTE,BDQTY,2019,0.000,0.000,0.000,0.000,0.000,0.000,0.000,0.000,0.000,0.000,3.000,3.000
14,2019,490,1523,SE,56008068,5600,8068,Sweden,Visby Veterinärpraktik,Visby Veterinarprakt,Vets,Small animal,Sweden,Sweden,Head Office FTE,BDQTY,2019,0.000,0.000,0.000,0.000,0.000,0.000,0.000,0.000,0.000,0.000,0.000,0.000
14,2019,490,1523,SE,56008068,5600,8068,Sweden,Visby Veterinärpraktik,Visby Veterinarprakt,Vets,Small animal,Sweden,Sweden,Locum Nurse FTE,BDQTY,2019,0.000,0.000,0.000,0.000,0.000,0.000,0.000,0.000,0.000,0.000,0.000,0.000
14,2019,490,1523,SE,56008068,5600,8068,Sweden,Visby Veterinärpraktik,Visby Veterinarprakt,Vets,Small animal,Sweden,Sweden,Locum Vet FTE,AQ,2019,0.000,0.000,0.000,0.000,0.000,0.000,0.000,0.000,0.000,0.000,1.620,0.830
14,2019,490,1523,SE,56008068,5600,8068,Sweden,Visby Veterinärpraktik,Visby Veterinarprakt,Vets,Small animal,Sweden,Sweden,Locum Vet FTE,BDQTY,2019,0.000,0.000,0.000,0.000,0.000,0.000,0.000,0.000,0.000,0.000,0.000,0.000
14,2019,490,1523,SE,56008068,5600,8068,Sweden,Visby Veterinärpraktik,Visby Veterinarprakt,Vets,Small animal,Sweden,Sweden,Nurse FTE,AQ,2019,0.000,0.000,0.000,0.000,0.000,0.000,0.000,0.000,0.000,0.000,5.600,5.600
14,2019,490,1523,SE,56008068,5600,8068,Sweden,Visby Veterinärpraktik,Visby Veterinarprakt,Vets,Small animal,Sweden,Sweden,Nurse FTE,BDQTY,2019,0.000,0.000,0.000,0.000,0.000,0.000,0.000,0.000,0.000,0.000,5.500,5.000
14,2019,490,1523,SE,56008068,5600,8068,Sweden,Visby Veterinärpraktik,Visby Veterinarprakt,Vets,Small animal,Sweden,Sweden,Support FTE,BDQTY,2019,0.000,0.000,0.000,0.000,0.000,0.000,0.000,0.000,0.000,0.000,0.300,0.300
14,2019,490,1523,SE,56008068,5600,8068,Sweden,Visby Veterinärpraktik,Visby Veterinarprakt,Vets,Small animal,Sweden,Sweden,Vet FTE,AQ,2019,0.000,0.000,0.000,0.000,0.000,0.000,0.000,0.000,0.000,0.000,1.000,1.000
14,2019,490,1523,SE,56008068,5600,8068,Sweden,Visby Veterinärpraktik,Visby Veterinarprakt,Vets,Small animal,Sweden,Sweden,Vet FTE,BDQTY,2019,0.000,0.000,0.000,0.000,0.000,0.000,0.000,0.000,0.000,0.000,1.500,1.500
14,2019,490,1526,SE,56008072,5600,8072,Sweden,Veterinärhuset Lidköping,Lidkoping,Vets,Small animal,Sweden,Sweden,Head Office FTE,BDQTY,2019,0.000,0.000,0.000,0.000,0.000,0.000,0.000,0.000,0.000,0.000,0.000,0.000
14,2019,490,1526,SE,56008072,5600,8072,Sweden,Veterinärhuset Lidköping,Lidkoping,Vets,Small animal,Sweden,Sweden,Locum Nurse FTE,BDQTY,2019,0.000,0.000,0.000,0.000,0.000,0.000,0.000,0.000,0.000,0.000,0.000,0.000
14,2019,490,1526,SE,56008072,5600,8072,Sweden,Veterinärhuset Lidköping,Lidkoping,Vets,Small animal,Sweden,Sweden,Locum Vet FTE,BDQTY,2019,0.000,0.000,0.000,0.000,0.000,0.000,0.000,0.000,0.000,0.000,0.000,0.000
14,2019,490,1526,SE,56008072,5600,8072,Sweden,Veterinärhuset Lidköping,Lidkoping,Vets,Small animal,Sweden,Sweden,Nurse FTE,AQ,2019,0.000,0.000,0.000,0.000,0.000,0.000,0.000,0.000,0.000,0.000,8.700,8.000
14,2019,490,1526,SE,56008072,5600,8072,Sweden,Veterinärhuset Lidköping,Lidkoping,Vets,Small animal,Sweden,Sweden,Nurse FTE,BDQTY,2019,0.000,0.000,0.000,0.000,0.000,0.000,0.000,0.000,0.000,0.000,7.000,7.000
14,2019,490,1526,SE,56008072,5600,8072,Sweden,Veterinärhuset Lidköping,Lidkoping,Vets,Small animal,Sweden,Sweden,Support FTE,AQ,2019,0.000,0.000,0.000,0.000,0.000,0.000,0.000,0.000,0.000,0.000,1.000,1.000
14,2019,490,1526,SE,56008072,5600,8072,Sweden,Veterinärhuset Lidköping,Lidkoping,Vets,Small animal,Sweden,Sweden,Support FTE,BDQTY,2019,0.000,0.000,0.000,0.000,0.000,0.000,0.000,0.000,0.000,0.000,1.000,1.000
14,2019,490,1526,SE,56008072,5600,8072,Sweden,Veterinärhuset Lidköping,Lidkoping,Vets,Small animal,Sweden,Sweden,Vet FTE,AQ,2019,0.000,0.000,0.000,0.000,0.000,0.000,0.000,0.000,0.000,0.000,2.800,1.800
14,2019,490,1526,SE,56008072,5600,8072,Sweden,Veterinärhuset Lidköping,Lidkoping,Vets,Small animal,Sweden,Sweden,Vet FTE,BDQTY,2019,0.000,0.000,0.000,0.000,0.000,0.000,0.000,0.000,0.000,0.000,4.000,4.000
14,2019,490,1527,SE,56008073,5600,8073,Sweden,Ugglarp Gard Hast,Ugglarp Gard Hast,Vets,Equine,Sweden,Sweden,Head Office FTE,BDQTY,2019,0.000,0.000,0.000,0.000,0.000,0.000,0.000,0.000,0.000,0.000,0.000,0.000
14,2019,490,1527,SE,56008073,5600,8073,Sweden,Ugglarp Gard Hast,Ugglarp Gard Hast,Vets,Equine,Sweden,Sweden,Locum Nurse FTE,BDQTY,2019,0.000,0.000,0.000,0.000,0.000,0.000,0.000,0.000,0.000,0.000,0.000,0.000
14,2019,490,1527,SE,56008073,5600,8073,Sweden,Ugglarp Gard Hast,Ugglarp Gard Hast,Vets,Equine,Sweden,Sweden,Locum Vet FTE,AQ,2019,0.000,0.000,0.000,0.000,0.000,0.000,0.000,0.000,0.000,0.000,0.070,0.410
14,2019,490,1527,SE,56008073,5600,8073,Sweden,Ugglarp Gard Hast,Ugglarp Gard Hast,Vets,Equine,Sweden,Sweden,Locum Vet FTE,BDQTY,2019,0.000,0.000,0.000,0.000,0.000,0.000,0.000,0.000,0.000,0.000,0.000,0.000
14,2019,490,1527,SE,56008073,5600,8073,Sweden,Ugglarp Gard Hast,Ugglarp Gard Hast,Vets,Equine,Sweden,Sweden,Nurse FTE,AQ,2019,0.000,0.000,0.000,0.000,0.000,0.000,0.000,0.000,0.000,0.000,2.900,3.500
14,2019,490,1527,SE,56008073,5600,8073,Sweden,Ugglarp Gard Hast,Ugglarp Gard Hast,Vets,Equine,Sweden,Sweden,Nurse FTE,BDQTY,2019,0.000,0.000,0.000,0.000,0.000,0.000,0.000,0.000,0.000,0.000,9.600,8.600
14,2019,490,1527,SE,56008073,5600,8073,Sweden,Ugglarp Gard Hast,Ugglarp Gard Hast,Vets,Equine,Sweden,Sweden,Support FTE,AQ,2019,0.000,0.000,0.000,0.000,0.000,0.000,0.000,0.000,0.000,0.000,0.900,0.900
14,2019,490,1527,SE,56008073,5600,8073,Sweden,Ugglarp Gard Hast,Ugglarp Gard Hast,Vets,Equine,Sweden,Sweden,Support FTE,BDQTY,2019,0.000,0.000,0.000,0.000,0.000,0.000,0.000,0.000,0.000,0.000,0.000,0.000
14,2019,490,1527,SE,56008073,5600,8073,Sweden,Ugglarp Gard Hast,Ugglarp Gard Hast,Vets,Equine,Sweden,Sweden,Vet FTE,AQ,2019,0.000,0.000,0.000,0.000,0.000,0.000,0.000,0.000,0.000,0.000,2.700,2.700
14,2019,490,1527,SE,56008073,5600,8073,Sweden,Ugglarp Gard Hast,Ugglarp Gard Hast,Vets,Equine,Sweden,Sweden,Vet FTE,BDQTY,2019,0.000,0.000,0.000,0.000,0.000,0.000,0.000,0.000,0.000,0.000,6.600,6.600
14,2019,490,1528,SE,56008074,5600,8074,Sweden,Ugglarp Gard Smadjur,Ugglarp Gard Hast,Vets,Small animal,Sweden,Sweden,Nurse FTE,AQ,2019,0.000,0.000,0.000,0.000,0.000,0.000,0.000,0.000,0.000,0.000,6.200,5.300
14,2019,490,1528,SE,56008074,5600,8074,Sweden,Ugglarp Gard Smadjur,Ugglarp Gard Hast,Vets,Small animal,Sweden,Sweden,Support FTE,AQ,2019,0.000,0.000,0.000,0.000,0.000,0.000,0.000,0.000,0.000,0.000,2.000,2.000
14,2019,490,1528,SE,56008074,5600,8074,Sweden,Ugglarp Gard Smadjur,Ugglarp Gard Hast,Vets,Small animal,Sweden,Sweden,Vet FTE,AQ,2019,0.000,0.000,0.000,0.000,0.000,0.000,0.000,0.000,0.000,0.000,1.400,1.300
14,2019,490,1529,SE,56008075,5600,8075,Sweden,On-line Vet,On-line Vet,Vets,Small animal,Sweden,Sweden,Support FTE,AQ,2019,0.000,0.000,0.000,0.000,0.000,0.000,0.000,1.000,1.000,1.000,1.000,1.000
14,2019,490,1529,SE,56008075,5600,8075,Sweden,On-line Vet,On-line Vet,Vets,Small animal,Sweden,Sweden,Vet FTE,AQ,2019,0.000,0.000,0.000,0.000,0.000,0.000,0.000,1.000,1.000,1.000,0.600,0.600
14,2019,490,1534,SE,56008080,5600,8080,Sweden,Lunds Djursjukhus,Lunds Djursjukhus AB,Vets,Small animal,Sweden,Sweden,Head Office FTE,BDQTY,2019,0.000,0.000,0.000,0.000,0.000,0.000,0.000,0.000,0.000,0.000,0.000,0.000
14,2019,490,1534,SE,56008080,5600,8080,Sweden,Lunds Djursjukhus,Lunds Djursjukhus AB,Vets,Small animal,Sweden,Sweden,Locum Nurse FTE,BDQTY,2019,0.000,0.000,0.000,0.000,0.000,0.000,0.000,0.000,0.000,0.000,0.000,0.000
14,2019,490,1534,SE,56008080,5600,8080,Sweden,Lunds Djursjukhus,Lunds Djursjukhus AB,Vets,Small animal,Sweden,Sweden,Locum Vet FTE,AQ,2019,0.000,0.000,0.000,0.000,0.000,0.000,0.000,0.000,0.000,0.000,3.970,1.080
14,2019,490,1534,SE,56008080,5600,8080,Sweden,Lunds Djursjukhus,Lunds Djursjukhus AB,Vets,Small animal,Sweden,Sweden,Locum Vet FTE,BDQTY,2019,0.000,0.000,0.000,0.000,0.000,0.000,0.000,0.000,0.000,0.000,0.000,0.000
14,2019,490,1534,SE,56008080,5600,8080,Sweden,Lunds Djursjukhus,Lunds Djursjukhus AB,Vets,Small animal,Sweden,Sweden,Nurse FTE,AQ,2019,0.000,0.000,0.000,0.000,0.000,0.000,0.000,0.000,0.000,0.000,30.100,24.300
14,2019,490,1534,SE,56008080,5600,8080,Sweden,Lunds Djursjukhus,Lunds Djursjukhus AB,Vets,Small animal,Sweden,Sweden,Nurse FTE,BDQTY,2019,0.000,0.000,0.000,0.000,0.000,0.000,0.000,0.000,0.000,0.000,21.100,21.100
14,2019,490,1534,SE,56008080,5600,8080,Sweden,Lunds Djursjukhus,Lunds Djursjukhus AB,Vets,Small animal,Sweden,Sweden,Support FTE,AQ,2019,0.000,0.000,0.000,0.000,0.000,0.000,0.000,0.000,0.000,0.000,4.100,5.100
14,2019,490,1534,SE,56008080,5600,8080,Sweden,Lunds Djursjukhus,Lunds Djursjukhus AB,Vets,Small animal,Sweden,Sweden,Support FTE,BDQTY,2019,0.000,0.000,0.000,0.000,0.000,0.000,0.000,0.000,0.000,0.000,10.800,10.800
14,2019,490,1534,SE,56008080,5600,8080,Sweden,Lunds Djursjukhus,Lunds Djursjukhus AB,Vets,Small animal,Sweden,Sweden,Vet FTE,AQ,2019,0.000,0.000,0.000,0.000,0.000,0.000,0.000,0.000,0.000,0.000,16.700,15.100
14,2019,490,1534,SE,56008080,5600,8080,Sweden,Lunds Djursjukhus,Lunds Djursjukhus AB,Vets,Small animal,Sweden,Sweden,Vet FTE,BDQTY,2019,0.000,0.000,0.000,0.000,0.000,0.000,0.000,0.000,0.000,0.000,13.500,13.500
14,2019,490,1541,SE,56009010,5600,9010,Sweden,HO,HQ,HO,HO,Sweden,Sweden,Head Office FTE,BDQTY,2019,0.000,0.000,0.000,0.000,0.000,0.000,0.000,0.000,0.000,0.000,0.000,0.000
14,2019,490,1541,SE,56009010,5600,9010,Sweden,HO,HQ,HO,HO,Sweden,Sweden,Locum Nurse FTE,BDQTY,2019,0.000,0.000,0.000,0.000,0.000,0.000,0.000,0.000,0.000,0.000,0.000,0.000
14,2019,490,1541,SE,56009010,5600,9010,Sweden,HO,HQ,HO,HO,Sweden,Sweden,Locum Vet FTE,BDQTY,2019,0.000,0.000,0.000,0.000,0.000,0.000,0.000,0.000,0.000,0.000,0.000,0.000
14,2019,490,1541,SE,56009010,5600,9010,Sweden,HO,HQ,HO,HO,Sweden,Sweden,Nurse FTE,BDQTY,2019,0.000,0.000,0.000,0.000,0.000,0.000,0.000,0.000,0.000,0.000,0.000,0.000
14,2019,490,1541,SE,56009010,5600,9010,Sweden,HO,HQ,HO,HO,Sweden,Sweden,Support FTE,BDQTY,2019,0.000,0.000,0.000,0.000,0.000,0.000,0.000,0.000,0.000,0.000,0.000,0.000
14,2019,490,1541,SE,56009010,5600,9010,Sweden,HO,HQ,HO,HO,Sweden,Sweden,Vet FTE,BDQTY,2019,0.000,0.000,0.000,0.000,0.000,0.000,0.000,0.000,0.000,0.000,0.000,0.000
14,2019,490,1542,SE,56009011,5600,9011,Sweden,HO,HQ,HO,HO,Sweden,Sweden,Head Office FTE,BDQTY,2019,0.000,0.000,0.000,0.000,0.000,0.000,0.000,0.000,0.000,0.000,0.000,0.000
14,2019,490,1542,SE,56009011,5600,9011,Sweden,HO,HQ,HO,HO,Sweden,Sweden,Locum Nurse FTE,BDQTY,2019,0.000,0.000,0.000,0.000,0.000,0.000,0.000,0.000,0.000,0.000,0.000,0.000
14,2019,490,1542,SE,56009011,5600,9011,Sweden,HO,HQ,HO,HO,Sweden,Sweden,Locum Vet FTE,BDQTY,2019,0.000,0.000,0.000,0.000,0.000,0.000,0.000,0.000,0.000,0.000,0.000,0.000
14,2019,490,1542,SE,56009011,5600,9011,Sweden,HO,HQ,HO,HO,Sweden,Sweden,Nurse FTE,BDQTY,2019,0.000,0.000,0.000,0.000,0.000,0.000,0.000,0.000,0.000,0.000,0.000,0.000
14,2019,490,1542,SE,56009011,5600,9011,Sweden,HO,HQ,HO,HO,Sweden,Sweden,Support FTE,AQ,2019,0.000,0.000,0.000,0.000,0.000,0.000,0.000,1.000,1.000,1.000,1.000,1.000
14,2019,490,1542,SE,56009011,5600,9011,Sweden,HO,HQ,HO,HO,Sweden,Sweden,Support FTE,BDQTY,2019,0.000,0.000,0.000,0.000,0.000,0.000,0.000,0.000,0.000,0.000,0.000,0.000
14,2019,490,1542,SE,56009011,5600,9011,Sweden,HO,HQ,HO,HO,Sweden,Sweden,Vet FTE,BDQTY,2019,0.000,0.000,0.000,0.000,0.000,0.000,0.000,0.000,0.000,0.000,0.000,0.000
14,2019,490,1544,SE,56009016,5600,9016,Sweden,HO,HQ,HO,HO,Sweden,Sweden,Support FTE,AQ,2019,0.000,0.000,0.000,0.000,0.000,0.000,0.000,2.000,2.000,2.000,2.000,4.000
14,2019,490,1545,SE,56009017,5600,9017,Sweden,HO,HQ,HO,HO,Sweden,Sweden,Support FTE,AQ,2019,0.000,0.000,0.000,0.000,0.000,0.000,0.000,5.900,5.500,4.900,4.900,4.900
14,2019,490,1548,SE,56009020,5600,9020,Sweden,HO,HQ,HO,HO,Sweden,Sweden,Head Office FTE,BDQTY,2019,0.000,0.000,0.000,0.000,0.000,0.000,0.000,0.000,0.000,0.000,0.000,0.000
14,2019,490,1548,SE,56009020,5600,9020,Sweden,HO,HQ,HO,HO,Sweden,Sweden,Locum Nurse FTE,BDQTY,2019,0.000,0.000,0.000,0.000,0.000,0.000,0.000,0.000,0.000,0.000,0.000,0.000
14,2019,490,1548,SE,56009020,5600,9020,Sweden,HO,HQ,HO,HO,Sweden,Sweden,Locum Vet FTE,BDQTY,2019,0.000,0.000,0.000,0.000,0.000,0.000,0.000,0.000,0.000,0.000,0.000,0.000
14,2019,490,1548,SE,56009020,5600,9020,Sweden,HO,HQ,HO,HO,Sweden,Sweden,Nurse FTE,BDQTY,2019,0.000,0.000,0.000,0.000,0.000,0.000,0.000,0.000,0.000,0.000,0.000,0.000
14,2019,490,1548,SE,56009020,5600,9020,Sweden,HO,HQ,HO,HO,Sweden,Sweden,Support FTE,AQ,2019,0.000,0.000,0.000,0.000,0.000,0.000,0.000,5.000,5.000,5.000,4.500,3.000
14,2019,490,1548,SE,56009020,5600,9020,Sweden,HO,HQ,HO,HO,Sweden,Sweden,Support FTE,BDQTY,2019,0.000,0.000,0.000,0.000,0.000,0.000,0.000,0.000,0.000,0.000,0.000,0.000
14,2019,490,1548,SE,56009020,5600,9020,Sweden,HO,HQ,HO,HO,Sweden,Sweden,Vet FTE,BDQTY,2019,0.000,0.000,0.000,0.000,0.000,0.000,0.000,0.000,0.000,0.000,0.000,0.000
14,2019,490,1550,SE,56009022,5600,9022,Sweden,HO,HQ Grp Vet Costs,HO,HO,Sweden,Sweden,Head Office FTE,BDQTY,2019,0.000,0.000,0.000,0.000,0.000,0.000,0.000,0.000,0.000,0.000,0.000,0.000
14,2019,490,1550,SE,56009022,5600,9022,Sweden,HO,HQ Grp Vet Costs,HO,HO,Sweden,Sweden,Locum Nurse FTE,BDQTY,2019,0.000,0.000,0.000,0.000,0.000,0.000,0.000,0.000,0.000,0.000,0.000,0.000
14,2019,490,1550,SE,56009022,5600,9022,Sweden,HO,HQ Grp Vet Costs,HO,HO,Sweden,Sweden,Locum Vet FTE,BDQTY,2019,0.000,0.000,0.000,0.000,0.000,0.000,0.000,0.000,0.000,0.000,0.000,0.000
14,2019,490,1550,SE,56009022,5600,9022,Sweden,HO,HQ Grp Vet Costs,HO,HO,Sweden,Sweden,Nurse FTE,BDQTY,2019,0.000,0.000,0.000,0.000,0.000,0.000,0.000,0.000,0.000,0.000,0.000,0.000
14,2019,490,1550,SE,56009022,5600,9022,Sweden,HO,HQ Grp Vet Costs,HO,HO,Sweden,Sweden,Support FTE,BDQTY,2019,0.000,0.000,0.000,0.000,0.000,0.000,0.000,0.000,0.000,0.000,0.000,0.000
14,2019,490,1550,SE,56009022,5600,9022,Sweden,HO,HQ Grp Vet Costs,HO,HO,Sweden,Sweden,Vet FTE,BDQTY,2019,0.000,0.000,0.000,0.000,0.000,0.000,0.000,0.000,0.000,0.000,0.000,0.000
14,2019,490,1553,SE,56009027,5600,9027,Sweden,HO,HQ,HO,HO,Sweden,Sweden,Support FTE,AQ,2019,0.000,0.000,0.000,0.000,0.000,0.000,0.000,1.000,1.000,1.000,1.000,1.000
14,2019,490,1555,SE,56009030,5600,9030,Sweden,HO,HQ,HO,HO,Sweden,Sweden,Head Office FTE,BDQTY,2019,0.000,0.000,0.000,0.000,0.000,0.000,0.000,0.000,0.000,0.000,0.000,0.000
14,2019,490,1555,SE,56009030,5600,9030,Sweden,HO,HQ,HO,HO,Sweden,Sweden,Locum Nurse FTE,BDQTY,2019,0.000,0.000,0.000,0.000,0.000,0.000,0.000,0.000,0.000,0.000,0.000,0.000
14,2019,490,1555,SE,56009030,5600,9030,Sweden,HO,HQ,HO,HO,Sweden,Sweden,Locum Vet FTE,BDQTY,2019,0.000,0.000,0.000,0.000,0.000,0.000,0.000,0.000,0.000,0.000,0.000,0.000
14,2019,490,1555,SE,56009030,5600,9030,Sweden,HO,HQ,HO,HO,Sweden,Sweden,Nurse FTE,BDQTY,2019,0.000,0.000,0.000,0.000,0.000,0.000,0.000,0.000,0.000,0.000,0.000,0.000
14,2019,490,1555,SE,56009030,5600,9030,Sweden,HO,HQ,HO,HO,Sweden,Sweden,Support FTE,AQ,2019,0.000,0.000,0.000,0.000,0.000,0.000,0.000,6.500,6.000,6.000,6.000,6.700
14,2019,490,1555,SE,56009030,5600,9030,Sweden,HO,HQ,HO,HO,Sweden,Sweden,Support FTE,BDQTY,2019,0.000,0.000,0.000,0.000,0.000,0.000,0.000,0.000,0.000,0.000,0.000,0.000
14,2019,490,1555,SE,56009030,5600,9030,Sweden,HO,HQ,HO,HO,Sweden,Sweden,Vet FTE,BDQTY,2019,0.000,0.000,0.000,0.000,0.000,0.000,0.000,0.000,0.000,0.000,0.000,0.000
14,2019,490,1558,SE,56009040,5600,9040,Sweden,HO,HQ,HO,HO,Sweden,Sweden,Head Office FTE,BDQTY,2019,0.000,0.000,0.000,0.000,0.000,0.000,0.000,0.000,0.000,0.000,0.000,0.000
14,2019,490,1558,SE,56009040,5600,9040,Sweden,HO,HQ,HO,HO,Sweden,Sweden,Locum Nurse FTE,BDQTY,2019,0.000,0.000,0.000,0.000,0.000,0.000,0.000,0.000,0.000,0.000,0.000,0.000
14,2019,490,1558,SE,56009040,5600,9040,Sweden,HO,HQ,HO,HO,Sweden,Sweden,Locum Vet FTE,BDQTY,2019,0.000,0.000,0.000,0.000,0.000,0.000,0.000,0.000,0.000,0.000,0.000,0.000
14,2019,490,1558,SE,56009040,5600,9040,Sweden,HO,HQ,HO,HO,Sweden,Sweden,Nurse FTE,BDQTY,2019,0.000,0.000,0.000,0.000,0.000,0.000,0.000,0.000,0.000,0.000,0.000,0.000
14,2019,490,1558,SE,56009040,5600,9040,Sweden,HO,HQ,HO,HO,Sweden,Sweden,Support FTE,AQ,2019,46.000,46.500,46.900,52.500,108.010,58.600,0.000,0.000,0.000,0.000,0.000,0.000
14,2019,490,1558,SE,56009040,5600,9040,Sweden,HO,HQ,HO,HO,Sweden,Sweden,Support FTE,BDQTY,2019,0.000,0.000,0.000,0.000,0.000,0.000,0.000,0.000,0.000,0.000,0.000,0.000
14,2019,490,1558,SE,56009040,5600,9040,Sweden,HO,HQ,HO,HO,Sweden,Sweden,Vet FTE,BDQTY,2019,0.000,0.000,0.000,0.000,0.000,0.000,0.000,0.000,0.000,0.000,0.000,0.000
14,2019,490,1559,SE,56009041,5600,9041,Sweden,HO,HQ,HO,HO,Sweden,Sweden,Support FTE,AQ,2019,0.000,0.000,0.000,0.000,0.000,0.000,60.300,1.900,1.900,2.900,2.900,2.900
14,2019,490,1560,SE,56009042,5600,9042,Sweden,HO,HQ,HO,HO,Sweden,Sweden,Support FTE,AQ,2019,0.000,0.000,0.000,0.000,0.000,0.000,0.000,2.000,2.000,2.000,2.000,2.000
14,2019,490,1562,SE,56009044,5600,9044,Sweden,HO,HQ,HO,HO,Sweden,Sweden,Support FTE,AQ,2019,0.000,0.000,0.000,0.000,0.000,0.000,0.000,1.000,1.000,1.000,1.000,1.000
14,2019,490,1566,SE,56009048,5600,9048,Sweden,HO,HQ,HO,HO,Sweden,Sweden,Support FTE,AQ,2019,0.000,0.000,0.000,0.000,0.000,0.000,0.000,5.000,5.000,5.000,5.000,4.900
14,2019,490,1567,SE,56009049,5600,9049,Sweden,HO,HQ,HO,HO,Sweden,Sweden,Support FTE,AQ,2019,0.000,0.000,0.000,0.000,0.000,0.000,0.000,4.000,8.000,7.000,7.000,7.000
14,2019,490,1570,SE,56009060,5600,9060,Sweden,HO,HQ,HO,HO,Sweden,Sweden,Head Office FTE,BDQTY,2019,0.000,0.000,0.000,0.000,0.000,0.000,0.000,0.000,0.000,0.000,0.000,0.000
14,2019,490,1570,SE,56009060,5600,9060,Sweden,HO,HQ,HO,HO,Sweden,Sweden,Locum Nurse FTE,BDQTY,2019,0.000,0.000,0.000,0.000,0.000,0.000,0.000,0.000,0.000,0.000,0.000,0.000
14,2019,490,1570,SE,56009060,5600,9060,Sweden,HO,HQ,HO,HO,Sweden,Sweden,Locum Vet FTE,BDQTY,2019,0.000,0.000,0.000,0.000,0.000,0.000,0.000,0.000,0.000,0.000,0.000,0.000
14,2019,490,1570,SE,56009060,5600,9060,Sweden,HO,HQ,HO,HO,Sweden,Sweden,Nurse FTE,BDQTY,2019,0.000,0.000,0.000,0.000,0.000,0.000,0.000,0.000,0.000,0.000,0.000,0.000
14,2019,490,1570,SE,56009060,5600,9060,Sweden,HO,HQ,HO,HO,Sweden,Sweden,Support FTE,AQ,2019,0.000,0.000,0.000,0.000,0.000,0.000,0.000,5.000,5.000,5.000,5.000,5.000
14,2019,490,1570,SE,56009060,5600,9060,Sweden,HO,HQ,HO,HO,Sweden,Sweden,Support FTE,BDQTY,2019,0.000,0.000,0.000,0.000,0.000,0.000,0.000,0.000,0.000,0.000,0.000,0.000
14,2019,490,1570,SE,56009060,5600,9060,Sweden,HO,HQ,HO,HO,Sweden,Sweden,Vet FTE,BDQTY,2019,0.000,0.000,0.000,0.000,0.000,0.000,0.000,0.000,0.000,0.000,0.000,0.000
14,2019,490,1572,SE,56009069,5600,9069,Sweden,HO,HQ,HO,HO,Sweden,Sweden,Support FTE,AQ,2019,0.000,0.000,0.000,0.000,0.000,0.000,0.000,6.100,6.800,6.800,6.800,6.800
14,2019,490,1573,SE,56009070,5600,9070,Sweden,HO,Group Support,HO,HO,Sweden,Sweden,Support FTE,AQ,2019,0.000,0.000,0.000,0.000,0.000,0.000,0.000,2.000,2.000,2.000,2.000,2.000
14,2019,490,1574,SE,56009110,5600,9110,Sweden,HO,HQ,HO,HO,Sweden,Sweden,Support FTE,AQ,2019,0.000,0.000,0.000,0.000,0.000,0.000,0.000,9.600,10.200,12.400,10.500,9.000
14,2019,490,1576,SE,56009140,5600,9140,Sweden,HO,HQ,HO,HO,Sweden,Sweden,Support FTE,AQ,2019,0.000,0.000,0.000,0.000,0.000,0.000,0.000,1.000,1.000,0.300,0.000,0.000
14,2019,490,1577,SE,56009160,5600,9160,Sweden,HO,Pharmacy HO,HO,HO,Sweden,Sweden,Support FTE,AQ,2019,0.000,0.000,0.000,0.000,0.000,0.000,0.000,1.000,1.000,1.000,1.000,1.000
14,2019,491,1606,SE,56018037,5601,8037,Sweden,Hästkliniken Luleå,Hästkliniken Luleå,Vets,Small animal,Sweden,Sweden,Head Office FTE,BDQTY,2019,0.000,0.000,0.000,0.000,0.000,0.000,0.000,0.000,0.000,0.000,0.000,0.000
14,2019,491,1606,SE,56018037,5601,8037,Sweden,Hästkliniken Luleå,Hästkliniken Luleå,Vets,Small animal,Sweden,Sweden,Locum Nurse FTE,BDQTY,2019,0.000,0.000,0.000,0.000,0.000,0.000,0.000,0.000,0.000,0.000,0.000,0.000
14,2019,491,1606,SE,56018037,5601,8037,Sweden,Hästkliniken Luleå,Hästkliniken Luleå,Vets,Small animal,Sweden,Sweden,Locum Vet FTE,BDQTY,2019,0.000,0.000,0.000,0.000,0.000,0.000,0.000,0.000,0.000,0.000,0.000,0.000
14,2019,491,1606,SE,56018037,5601,8037,Sweden,Hästkliniken Luleå,Hästkliniken Luleå,Vets,Small animal,Sweden,Sweden,Nurse FTE,BDQTY,2019,2.400,2.400,2.400,2.400,2.400,2.000,1.500,1.700,2.000,2.300,2.400,2.400
14,2019,491,1606,SE,56018037,5601,8037,Sweden,Hästkliniken Luleå,Hästkliniken Luleå,Vets,Small animal,Sweden,Sweden,Support FTE,BDQTY,2019,0.000,0.000,0.000,0.000,0.000,0.000,0.000,0.000,0.000,0.000,0.000,0.000
14,2019,491,1606,SE,56018037,5601,8037,Sweden,Hästkliniken Luleå,Hästkliniken Luleå,Vets,Small animal,Sweden,Sweden,Vet FTE,BDQTY,2019,2.000,2.000,1.900,1.900,2.000,2.000,1.700,1.500,1.900,2.000,2.000,1.900
14,2019,491,1607,SE,56018038,5601,8038,Sweden,Hästkliniken Boden,Hästkliniken Boden,Vets,Small animal,Sweden,Sweden,Locum Vet FTE,AQ,2019,0.000,0.000,0.000,0.000,0.030,0.030,0.030,0.030,0.020,0.010,0.000,0.060
14,2019,491,1607,SE,56018038,5601,8038,Sweden,Hästkliniken Boden,Hästkliniken Boden,Vets,Small animal,Sweden,Sweden,Nurse FTE,AQ,2019,2.500,2.500,2.500,2.500,2.500,2.500,2.500,2.500,2.500,3.300,2.800,3.000
14,2019,491,1607,SE,56018038,5601,8038,Sweden,Hästkliniken Boden,Hästkliniken Boden,Vets,Small animal,Sweden,Sweden,Vet FTE,AQ,2019,2.000,2.000,2.000,2.000,2.000,2.000,2.000,2.000,2.000,2.000,2.000,2.000
14,2019,491,1608,SE,56018039,5601,8039,Sweden,Hästkliniken Skellefteå (filia,Hästkliniken Skellef,Vets,Small animal,Sweden,Sweden,Head Office FTE,BDQTY,2019,0.000,0.000,0.000,0.000,0.000,0.000,0.000,0.000,0.000,0.000,0.000,0.000
14,2019,491,1608,SE,56018039,5601,8039,Sweden,Hästkliniken Skellefteå (filia,Hästkliniken Skellef,Vets,Small animal,Sweden,Sweden,Locum Nurse FTE,BDQTY,2019,0.000,0.000,0.000,0.000,0.000,0.000,0.000,0.000,0.000,0.000,0.000,0.000
14,2019,491,1608,SE,56018039,5601,8039,Sweden,Hästkliniken Skellefteå (filia,Hästkliniken Skellef,Vets,Small animal,Sweden,Sweden,Locum Vet FTE,AQ,2019,0.000,0.000,0.000,0.000,0.010,0.000,0.000,0.000,0.000,0.000,0.000,0.000
14,2019,491,1608,SE,56018039,5601,8039,Sweden,Hästkliniken Skellefteå (filia,Hästkliniken Skellef,Vets,Small animal,Sweden,Sweden,Locum Vet FTE,BDQTY,2019,0.000,0.000,0.000,0.000,0.000,0.000,0.000,0.000,0.000,0.000,0.000,0.000
14,2019,491,1608,SE,56018039,5601,8039,Sweden,Hästkliniken Skellefteå (filia,Hästkliniken Skellef,Vets,Small animal,Sweden,Sweden,Nurse FTE,BDQTY,2019,2.200,2.000,1.700,2.200,2.100,2.200,1.100,1.800,3.000,3.000,3.000,2.700
14,2019,491,1608,SE,56018039,5601,8039,Sweden,Hästkliniken Skellefteå (filia,Hästkliniken Skellef,Vets,Small animal,Sweden,Sweden,Support FTE,BDQTY,2019,0.000,0.000,0.000,0.000,0.000,0.000,0.000,0.000,0.000,0.000,0.000,0.000
14,2019,491,1608,SE,56018039,5601,8039,Sweden,Hästkliniken Skellefteå (filia,Hästkliniken Skellef,Vets,Small animal,Sweden,Sweden,Vet FTE,BDQTY,2019,3.000,3.000,3.000,3.100,3.100,2.600,2.000,2.000,2.800,3.000,3.000,2.700
14,2019,491,1609,SE,56018040,5601,8040,Sweden,Hästkliniken Umeå,HästklinikenSolängen,Vets,Small animal,Sweden,Sweden,Locum Vet FTE,AQ,2019,0.000,0.000,0.000,0.000,0.200,0.150,0.240,0.340,0.450,0.480,0.000,0.100
14,2019,491,1609,SE,56018040,5601,8040,Sweden,Hästkliniken Umeå,HästklinikenSolängen,Vets,Small animal,Sweden,Sweden,Nurse FTE,AQ,2019,3.100,3.000,3.170,3.060,3.000,2.200,2.200,2.200,2.200,2.400,2.200,3.000
14,2019,491,1609,SE,56018040,5601,8040,Sweden,Hästkliniken Umeå,HästklinikenSolängen,Vets,Small animal,Sweden,Sweden,Vet FTE,AQ,2019,3.000,3.000,3.000,3.000,3.000,3.000,2.600,1.000,1.000,1.000,1.000,1.000
14,2019,491,1611,SE,56018042,5601,8042,Sweden,Hästkliniken Mantorp,Hästkliniken Mantorp,Vets,Small animal,Sweden,Sweden,Head Office FTE,BDQTY,2019,0.000,0.000,0.000,0.000,0.000,0.000,0.000,0.000,0.000,0.000,0.000,0.000
14,2019,491,1611,SE,56018042,5601,8042,Sweden,Hästkliniken Mantorp,Hästkliniken Mantorp,Vets,Small animal,Sweden,Sweden,Locum Nurse FTE,BDQTY,2019,0.000,0.000,0.000,0.000,0.000,0.000,0.000,0.000,0.000,0.000,0.000,0.000
14,2019,491,1611,SE,56018042,5601,8042,Sweden,Hästkliniken Mantorp,Hästkliniken Mantorp,Vets,Small animal,Sweden,Sweden,Locum Vet FTE,AQ,2019,0.000,0.000,0.000,0.000,0.300,0.130,0.450,0.300,0.230,0.260,0.000,0.380
14,2019,491,1611,SE,56018042,5601,8042,Sweden,Hästkliniken Mantorp,Hästkliniken Mantorp,Vets,Small animal,Sweden,Sweden,Locum Vet FTE,BDQTY,2019,0.000,0.000,0.000,0.000,0.000,0.000,0.000,0.000,0.000,0.000,0.000,0.000
14,2019,491,1611,SE,56018042,5601,8042,Sweden,Hästkliniken Mantorp,Hästkliniken Mantorp,Vets,Small animal,Sweden,Sweden,Nurse FTE,AQ,2019,3.100,3.000,3.870,3.000,3.700,3.700,3.800,2.700,3.000,3.500,4.000,2.000
14,2019,491,1611,SE,56018042,5601,8042,Sweden,Hästkliniken Mantorp,Hästkliniken Mantorp,Vets,Small animal,Sweden,Sweden,Nurse FTE,BDQTY,2019,2.800,3.000,2.800,2.700,3.000,2.800,1.800,2.500,2.800,3.400,3.300,2.600
14,2019,491,1611,SE,56018042,5601,8042,Sweden,Hästkliniken Mantorp,Hästkliniken Mantorp,Vets,Small animal,Sweden,Sweden,Support FTE,AQ,2019,1.500,1.500,1.600,1.700,1.900,1.900,1.900,1.900,1.900,1.900,1.900,3.000
14,2019,491,1611,SE,56018042,5601,8042,Sweden,Hästkliniken Mantorp,Hästkliniken Mantorp,Vets,Small animal,Sweden,Sweden,Support FTE,BDQTY,2019,0.500,0.500,0.500,0.500,0.400,0.500,0.100,0.500,0.500,0.500,0.300,0.500
14,2019,491,1611,SE,56018042,5601,8042,Sweden,Hästkliniken Mantorp,Hästkliniken Mantorp,Vets,Small animal,Sweden,Sweden,Vet FTE,AQ,2019,3.400,3.400,3.400,3.300,3.300,3.300,3.500,3.700,3.700,3.700,3.000,4.000
14,2019,491,1611,SE,56018042,5601,8042,Sweden,Hästkliniken Mantorp,Hästkliniken Mantorp,Vets,Small animal,Sweden,Sweden,Vet FTE,BDQTY,2019,3.100,3.500,3.600,3.400,3.300,2.800,3.600,3.400,3.700,3.700,3.800,3.500
14,2019,491,1612,SE,56018043,5601,8043,Sweden,Hästkliniken Örebro,Hästkliniken Örebro,Vets,Small animal,Sweden,Sweden,Head Office FTE,BDQTY,2019,0.000,0.000,0.000,0.000,0.000,0.000,0.000,0.000,0.000,0.000,0.000,0.000
14,2019,491,1612,SE,56018043,5601,8043,Sweden,Hästkliniken Örebro,Hästkliniken Örebro,Vets,Small animal,Sweden,Sweden,Locum Nurse FTE,BDQTY,2019,0.000,0.000,0.000,0.000,0.000,0.000,0.000,0.000,0.000,0.000,0.000,0.000
14,2019,491,1612,SE,56018043,5601,8043,Sweden,Hästkliniken Örebro,Hästkliniken Örebro,Vets,Small animal,Sweden,Sweden,Locum Vet FTE,BDQTY,2019,0.000,0.000,0.000,0.000,0.000,0.000,0.000,0.000,0.000,0.000,0.000,0.000
14,2019,491,1612,SE,56018043,5601,8043,Sweden,Hästkliniken Örebro,Hästkliniken Örebro,Vets,Small animal,Sweden,Sweden,Nurse FTE,AQ,2019,1.000,1.000,1.000,1.000,1.390,2.000,1.400,1.000,1.000,2.000,1.400,1.000
14,2019,491,1612,SE,56018043,5601,8043,Sweden,Hästkliniken Örebro,Hästkliniken Örebro,Vets,Small animal,Sweden,Sweden,Nurse FTE,BDQTY,2019,2.700,2.600,2.600,2.600,2.100,2.500,2.600,2.700,3.100,3.000,2.600,2.600
14,2019,491,1612,SE,56018043,5601,8043,Sweden,Hästkliniken Örebro,Hästkliniken Örebro,Vets,Small animal,Sweden,Sweden,Support FTE,BDQTY,2019,0.000,0.000,0.000,0.000,0.000,0.000,0.000,0.000,0.000,0.000,0.000,0.000
14,2019,491,1612,SE,56018043,5601,8043,Sweden,Hästkliniken Örebro,Hästkliniken Örebro,Vets,Small animal,Sweden,Sweden,Vet FTE,AQ,2019,1.800,1.800,1.800,1.600,1.600,1.800,1.800,1.800,1.800,1.800,1.800,2.000
14,2019,491,1612,SE,56018043,5601,8043,Sweden,Hästkliniken Örebro,Hästkliniken Örebro,Vets,Small animal,Sweden,Sweden,Vet FTE,BDQTY,2019,1.700,1.200,1.400,1.700,1.800,1.800,1.800,1.200,2.100,1.800,1.800,1.100
14,2019,491,1613,SE,56018044,5601,8044,Sweden,Hästsjukhuset Stav,Hästsjukhuset Stav,Vets,Small animal,Sweden,Sweden,Head Office FTE,BDQTY,2019,0.000,0.000,0.000,0.000,0.000,0.000,0.000,0.000,0.000,0.000,0.000,0.000
14,2019,491,1613,SE,56018044,5601,8044,Sweden,Hästsjukhuset Stav,Hästsjukhuset Stav,Vets,Small animal,Sweden,Sweden,Locum Nurse FTE,BDQTY,2019,0.000,0.000,0.000,0.000,0.000,0.000,0.000,0.000,0.000,0.000,0.000,0.000
14,2019,491,1613,SE,56018044,5601,8044,Sweden,Hästsjukhuset Stav,Hästsjukhuset Stav,Vets,Small animal,Sweden,Sweden,Locum Vet FTE,AQ,2019,0.000,0.000,0.000,0.000,0.490,0.580,0.390,0.320,0.410,0.370,0.000,0.390
14,2019,491,1613,SE,56018044,5601,8044,Sweden,Hästsjukhuset Stav,Hästsjukhuset Stav,Vets,Small animal,Sweden,Sweden,Locum Vet FTE,BDQTY,2019,0.000,0.000,0.000,0.000,0.000,0.000,0.000,0.000,0.000,0.000,0.000,0.000
14,2019,491,1613,SE,56018044,5601,8044,Sweden,Hästsjukhuset Stav,Hästsjukhuset Stav,Vets,Small animal,Sweden,Sweden,Nurse FTE,AQ,2019,3.000,3.000,3.000,3.680,4.000,4.000,4.000,4.000,4.000,4.000,4.000,4.000
14,2019,491,1613,SE,56018044,5601,8044,Sweden,Hästsjukhuset Stav,Hästsjukhuset Stav,Vets,Small animal,Sweden,Sweden,Nurse FTE,BDQTY,2019,3.600,4.200,4.200,4.100,4.000,4.200,2.900,3.300,4.100,4.100,4.100,3.900
14,2019,491,1613,SE,56018044,5601,8044,Sweden,Hästsjukhuset Stav,Hästsjukhuset Stav,Vets,Small animal,Sweden,Sweden,Support FTE,BDQTY,2019,0.300,0.300,0.300,0.300,0.300,0.300,0.300,0.300,0.300,0.300,0.300,0.300
14,2019,491,1613,SE,56018044,5601,8044,Sweden,Hästsjukhuset Stav,Hästsjukhuset Stav,Vets,Small animal,Sweden,Sweden,Vet FTE,AQ,2019,3.400,3.400,3.400,3.400,3.400,3.400,3.400,3.400,3.400,3.400,3.400,3.000
14,2019,491,1613,SE,56018044,5601,8044,Sweden,Hästsjukhuset Stav,Hästsjukhuset Stav,Vets,Small animal,Sweden,Sweden,Vet FTE,BDQTY,2019,2.900,3.300,3.100,3.300,3.300,2.800,1.800,2.000,2.800,3.700,3.300,2.800
14,2019,491,1614,SE,56018045,5601,8045,Sweden,Specialisthästsjukhuset Ströms,Specialisthästsjukhu,Vets,Equine,Sweden,Sweden,Head Office FTE,BDQTY,2019,0.000,0.000,0.000,0.000,0.000,0.000,0.000,0.000,0.000,0.000,0.000,0.000
14,2019,491,1614,SE,56018045,5601,8045,Sweden,Specialisthästsjukhuset Ströms,Specialisthästsjukhu,Vets,Equine,Sweden,Sweden,Locum Nurse FTE,BDQTY,2019,0.000,0.000,0.000,0.000,0.000,0.000,0.000,0.000,0.000,0.000,0.000,0.000
14,2019,491,1614,SE,56018045,5601,8045,Sweden,Specialisthästsjukhuset Ströms,Specialisthästsjukhu,Vets,Equine,Sweden,Sweden,Locum Vet FTE,AQ,2019,0.000,0.000,0.000,0.000,0.090,0.310,0.040,0.250,0.260,1.160,0.000,0.260
14,2019,491,1614,SE,56018045,5601,8045,Sweden,Specialisthästsjukhuset Ströms,Specialisthästsjukhu,Vets,Equine,Sweden,Sweden,Locum Vet FTE,BDQTY,2019,0.000,0.000,0.000,0.000,0.000,0.000,0.000,0.000,0.000,0.000,0.000,0.000
14,2019,491,1614,SE,56018045,5601,8045,Sweden,Specialisthästsjukhuset Ströms,Specialisthästsjukhu,Vets,Equine,Sweden,Sweden,Nurse FTE,AQ,2019,14.790,16.390,16.390,15.920,17.140,17.100,17.100,17.100,17.140,15.100,15.500,12.000
14,2019,491,1614,SE,56018045,5601,8045,Sweden,Specialisthästsjukhuset Ströms,Specialisthästsjukhu,Vets,Equine,Sweden,Sweden,Nurse FTE,BDQTY,2019,13.100,11.400,12.400,12.500,12.800,12.000,9.500,11.500,12.700,14.800,13.600,11.300
14,2019,491,1614,SE,56018045,5601,8045,Sweden,Specialisthästsjukhuset Ströms,Specialisthästsjukhu,Vets,Equine,Sweden,Sweden,Support FTE,AQ,2019,7.800,7.800,7.800,3.770,6.800,6.800,7.800,7.800,7.800,8.800,8.800,9.000
14,2019,491,1614,SE,56018045,5601,8045,Sweden,Specialisthästsjukhuset Ströms,Specialisthästsjukhu,Vets,Equine,Sweden,Sweden,Support FTE,BDQTY,2019,2.000,2.000,2.100,2.300,2.100,1.400,1.600,1.000,2.000,2.400,2.400,1.700
14,2019,491,1614,SE,56018045,5601,8045,Sweden,Specialisthästsjukhuset Ströms,Specialisthästsjukhu,Vets,Equine,Sweden,Sweden,Vet FTE,AQ,2019,7.700,7.600,7.600,7.760,8.230,6.800,7.100,7.800,7.960,9.100,9.800,10.000
14,2019,491,1614,SE,56018045,5601,8045,Sweden,Specialisthästsjukhuset Ströms,Specialisthästsjukhu,Vets,Equine,Sweden,Sweden,Vet FTE,BDQTY,2019,7.000,7.600,7.900,9.300,8.800,10.700,8.500,7.700,10.800,10.500,10.600,9.300
14,2019,491,1616,SE,56018047,5601,8047,Sweden,Hästkliniken Gävle,Hästkliniken Gävle,Vets,Small animal,Sweden,Sweden,Head Office FTE,BDQTY,2019,0.000,0.000,0.000,0.000,0.000,0.000,0.000,0.000,0.000,0.000,0.000,0.000
14,2019,491,1616,SE,56018047,5601,8047,Sweden,Hästkliniken Gävle,Hästkliniken Gävle,Vets,Small animal,Sweden,Sweden,Locum Nurse FTE,BDQTY,2019,0.000,0.000,0.000,0.000,0.000,0.000,0.000,0.000,0.000,0.000,0.000,0.000
14,2019,491,1616,SE,56018047,5601,8047,Sweden,Hästkliniken Gävle,Hästkliniken Gävle,Vets,Small animal,Sweden,Sweden,Locum Vet FTE,AQ,2019,0.000,0.000,0.000,0.000,0.070,0.090,0.080,0.090,0.190,0.040,0.000,0.010
14,2019,491,1616,SE,56018047,5601,8047,Sweden,Hästkliniken Gävle,Hästkliniken Gävle,Vets,Small animal,Sweden,Sweden,Locum Vet FTE,BDQTY,2019,0.000,0.000,0.000,0.000,0.000,0.000,0.000,0.000,0.000,0.000,0.000,0.000
14,2019,491,1616,SE,56018047,5601,8047,Sweden,Hästkliniken Gävle,Hästkliniken Gävle,Vets,Small animal,Sweden,Sweden,Nurse FTE,AQ,2019,1.000,1.000,1.000,1.000,1.000,1.000,1.000,1.000,1.000,1.000,1.000,1.000
14,2019,491,1616,SE,56018047,5601,8047,Sweden,Hästkliniken Gävle,Hästkliniken Gävle,Vets,Small animal,Sweden,Sweden,Nurse FTE,BDQTY,2019,1.000,1.000,1.000,1.000,1.000,1.000,1.000,1.000,1.000,1.000,1.000,1.000
14,2019,491,1616,SE,56018047,5601,8047,Sweden,Hästkliniken Gävle,Hästkliniken Gävle,Vets,Small animal,Sweden,Sweden,Support FTE,AQ,2019,1.000,1.000,1.000,1.000,1.000,1.000,1.000,1.000,1.000,1.000,1.000,1.000
14,2019,491,1616,SE,56018047,5601,8047,Sweden,Hästkliniken Gävle,Hästkliniken Gävle,Vets,Small animal,Sweden,Sweden,Support FTE,BDQTY,2019,1.000,1.000,1.000,1.000,1.000,1.000,1.000,1.000,1.000,1.000,1.000,1.000
14,2019,491,1616,SE,56018047,5601,8047,Sweden,Hästkliniken Gävle,Hästkliniken Gävle,Vets,Small animal,Sweden,Sweden,Vet FTE,AQ,2019,1.800,1.800,1.800,1.800,1.800,1.800,1.800,2.700,2.000,2.000,2.700,1.600
14,2019,491,1616,SE,56018047,5601,8047,Sweden,Hästkliniken Gävle,Hästkliniken Gävle,Vets,Small animal,Sweden,Sweden,Vet FTE,BDQTY,2019,1.700,1.700,1.600,1.600,1.800,1.700,1.400,0.700,1.800,1.700,1.700,1.400
14,2019,491,1617,SE,56018048,5601,8048,Sweden,Hästkliniken Kalmar / Tingsryd,Hästkliniken Kalmar,Vets,Small animal,Sweden,Sweden,Head Office FTE,BDQTY,2019,0.000,0.000,0.000,0.000,0.000,0.000,0.000,0.000,0.000,0.000,0.000,0.000
14,2019,491,1617,SE,56018048,5601,8048,Sweden,Hästkliniken Kalmar / Tingsryd,Hästkliniken Kalmar,Vets,Small animal,Sweden,Sweden,Locum Nurse FTE,BDQTY,2019,0.000,0.000,0.000,0.000,0.000,0.000,0.000,0.000,0.000,0.000,0.000,0.000
14,2019,491,1617,SE,56018048,5601,8048,Sweden,Hästkliniken Kalmar / Tingsryd,Hästkliniken Kalmar,Vets,Small animal,Sweden,Sweden,Locum Vet FTE,AQ,2019,0.000,0.000,0.000,0.000,0.180,0.000,0.150,0.100,0.000,0.000,0.000,0.000
14,2019,491,1617,SE,56018048,5601,8048,Sweden,Hästkliniken Kalmar / Tingsryd,Hästkliniken Kalmar,Vets,Small animal,Sweden,Sweden,Locum Vet FTE,BDQTY,2019,0.000,0.000,0.000,0.000,0.000,0.000,0.000,0.000,0.000,0.000,0.000,0.000
14,2019,491,1617,SE,56018048,5601,8048,Sweden,Hästkliniken Kalmar / Tingsryd,Hästkliniken Kalmar,Vets,Small animal,Sweden,Sweden,Nurse FTE,AQ,2019,2.600,2.600,2.600,2.600,2.600,2.600,2.600,2.300,2.300,2.300,2.300,2.000
14,2019,491,1617,SE,56018048,5601,8048,Sweden,Hästkliniken Kalmar / Tingsryd,Hästkliniken Kalmar,Vets,Small animal,Sweden,Sweden,Nurse FTE,BDQTY,2019,1.500,1.600,2.600,2.500,2.600,2.500,2.100,1.500,2.500,2.600,2.400,2.400
14,2019,491,1617,SE,56018048,5601,8048,Sweden,Hästkliniken Kalmar / Tingsryd,Hästkliniken Kalmar,Vets,Small animal,Sweden,Sweden,Support FTE,AQ,2019,1.000,1.000,1.000,1.000,1.000,1.000,1.000,1.000,1.000,1.000,1.000,0.000
14,2019,491,1617,SE,56018048,5601,8048,Sweden,Hästkliniken Kalmar / Tingsryd,Hästkliniken Kalmar,Vets,Small animal,Sweden,Sweden,Support FTE,BDQTY,2019,1.000,1.000,1.000,1.000,1.000,1.000,1.000,1.000,1.000,1.000,1.000,1.000
14,2019,491,1617,SE,56018048,5601,8048,Sweden,Hästkliniken Kalmar / Tingsryd,Hästkliniken Kalmar,Vets,Small animal,Sweden,Sweden,Vet FTE,AQ,2019,3.000,3.000,3.000,3.000,3.000,3.700,3.700,3.700,3.700,3.700,3.700,3.000
14,2019,491,1617,SE,56018048,5601,8048,Sweden,Hästkliniken Kalmar / Tingsryd,Hästkliniken Kalmar,Vets,Small animal,Sweden,Sweden,Vet FTE,BDQTY,2019,2.800,3.100,3.300,3.000,3.300,2.900,1.600,3.300,3.900,3.600,3.700,3.500
14,2019,491,1618,SE,56018049,5601,8049,Sweden,Specialisthästsjukhuset Helsin,Specialisthästsjukhu,Vets,Equine,Sweden,Sweden,Head Office FTE,BDQTY,2019,0.000,0.000,0.000,0.000,0.000,0.000,0.000,0.000,0.000,0.000,0.000,0.000
14,2019,491,1618,SE,56018049,5601,8049,Sweden,Specialisthästsjukhuset Helsin,Specialisthästsjukhu,Vets,Equine,Sweden,Sweden,Locum Nurse FTE,BDQTY,2019,0.000,0.000,0.000,0.000,0.000,0.000,0.000,0.000,0.000,0.000,0.000,0.000
14,2019,491,1618,SE,56018049,5601,8049,Sweden,Specialisthästsjukhuset Helsin,Specialisthästsjukhu,Vets,Equine,Sweden,Sweden,Locum Vet FTE,AQ,2019,0.000,0.000,0.000,0.000,0.270,0.310,0.260,0.070,0.140,0.300,0.000,0.440
14,2019,491,1618,SE,56018049,5601,8049,Sweden,Specialisthästsjukhuset Helsin,Specialisthästsjukhu,Vets,Equine,Sweden,Sweden,Locum Vet FTE,BDQTY,2019,0.000,0.000,0.000,0.000,0.000,0.000,0.000,0.000,0.000,0.000,0.000,0.000
14,2019,491,1618,SE,56018049,5601,8049,Sweden,Specialisthästsjukhuset Helsin,Specialisthästsjukhu,Vets,Equine,Sweden,Sweden,Nurse FTE,AQ,2019,19.770,17.820,19.450,17.000,17.000,17.000,16.300,15.600,15.400,19.400,18.900,14.500
14,2019,491,1618,SE,56018049,5601,8049,Sweden,Specialisthästsjukhuset Helsin,Specialisthästsjukhu,Vets,Equine,Sweden,Sweden,Nurse FTE,BDQTY,2019,19.200,19.300,19.400,19.900,20.200,19.100,16.100,16.400,21.000,23.800,23.700,18.400
14,2019,491,1618,SE,56018049,5601,8049,Sweden,Specialisthästsjukhuset Helsin,Specialisthästsjukhu,Vets,Equine,Sweden,Sweden,Support FTE,AQ,2019,8.340,8.050,8.420,8.150,8.150,8.200,8.200,9.200,9.150,9.200,9.200,8.000
14,2019,491,1618,SE,56018049,5601,8049,Sweden,Specialisthästsjukhuset Helsin,Specialisthästsjukhu,Vets,Equine,Sweden,Sweden,Support FTE,BDQTY,2019,5.500,5.400,5.600,5.400,5.800,5.500,4.200,4.000,5.700,5.700,5.700,5.300
14,2019,491,1618,SE,56018049,5601,8049,Sweden,Specialisthästsjukhuset Helsin,Specialisthästsjukhu,Vets,Equine,Sweden,Sweden,Vet FTE,AQ,2019,14.850,15.850,15.850,14.550,14.450,15.900,16.800,16.300,16.300,16.600,17.600,16.000
14,2019,491,1618,SE,56018049,5601,8049,Sweden,Specialisthästsjukhuset Helsin,Specialisthästsjukhu,Vets,Equine,Sweden,Sweden,Vet FTE,BDQTY,2019,15.800,14.600,15.900,17.200,16.200,18.100,15.300,17.700,17.800,17.400,17.200,16.300
14,2019,492,1705,SE,56028050,5602,8050,Sweden,Evidensia Smådjurskliniken Jön,Evidensia Smådjurskl,Vets,Small animal,Sweden,Sweden,Head Office FTE,BDQTY,2019,0.000,0.000,0.000,0.000,0.000,0.000,0.000,0.000,0.000,0.000,0.000,0.000
14,2019,492,1705,SE,56028050,5602,8050,Sweden,Evidensia Smådjurskliniken Jön,Evidensia Smådjurskl,Vets,Small animal,Sweden,Sweden,Locum Nurse FTE,BDQTY,2019,0.000,0.000,0.000,0.000,0.000,0.000,0.000,0.000,0.000,0.000,0.000,0.000
14,2019,492,1705,SE,56028050,5602,8050,Sweden,Evidensia Smådjurskliniken Jön,Evidensia Smådjurskl,Vets,Small animal,Sweden,Sweden,Locum Vet FTE,AQ,2019,0.000,0.000,0.000,0.000,0.050,0.090,0.100,0.150,0.090,0.090,0.000,0.000
14,2019,492,1705,SE,56028050,5602,8050,Sweden,Evidensia Smådjurskliniken Jön,Evidensia Smådjurskl,Vets,Small animal,Sweden,Sweden,Locum Vet FTE,BDQTY,2019,0.000,0.000,0.000,0.000,0.000,0.000,0.000,0.000,0.000,0.000,0.000,0.000
14,2019,492,1705,SE,56028050,5602,8050,Sweden,Evidensia Smådjurskliniken Jön,Evidensia Smådjurskl,Vets,Small animal,Sweden,Sweden,Nurse FTE,AQ,2019,10.000,10.000,10.000,10.000,10.000,10.000,10.700,10.100,11.200,12.100,0.000,0.000
14,2019,492,1705,SE,56028050,5602,8050,Sweden,Evidensia Smådjurskliniken Jön,Evidensia Smådjurskl,Vets,Small animal,Sweden,Sweden,Nurse FTE,BDQTY,2019,7.500,7.000,6.900,7.100,6.400,5.700,4.700,5.700,8.200,8.800,0.000,0.000
14,2019,492,1705,SE,56028050,5602,8050,Sweden,Evidensia Smådjurskliniken Jön,Evidensia Smådjurskl,Vets,Small animal,Sweden,Sweden,Support FTE,AQ,2019,3.400,3.300,3.300,3.400,3.300,3.300,3.300,3.300,4.000,4.500,0.000,0.000
14,2019,492,1705,SE,56028050,5602,8050,Sweden,Evidensia Smådjurskliniken Jön,Evidensia Smådjurskl,Vets,Small animal,Sweden,Sweden,Support FTE,BDQTY,2019,2.600,2.700,2.900,2.800,2.800,2.700,2.500,2.700,2.500,2.900,0.000,0.000
14,2019,492,1705,SE,56028050,5602,8050,Sweden,Evidensia Smådjurskliniken Jön,Evidensia Smådjurskl,Vets,Small animal,Sweden,Sweden,Vet FTE,AQ,2019,4.600,4.600,4.600,4.600,4.600,5.100,5.400,5.400,5.400,5.400,0.000,0.000
14,2019,492,1705,SE,56028050,5602,8050,Sweden,Evidensia Smådjurskliniken Jön,Evidensia Smådjurskl,Vets,Small animal,Sweden,Sweden,Vet FTE,BDQTY,2019,5.100,5.400,5.400,5.800,5.900,5.800,5.600,4.800,6.400,6.700,0.000,0.000
14,2019,493,1785,SE,56038051,5603,8051,Sweden,Djursjukhuset Analysen Örebro,Djursjukhuset Analys,Vets,Small animal,Sweden,Sweden,Head Office FTE,BDQTY,2019,0.000,0.000,0.000,0.000,0.000,0.000,0.000,0.000,0.000,0.000,0.000,0.000
14,2019,493,1785,SE,56038051,5603,8051,Sweden,Djursjukhuset Analysen Örebro,Djursjukhuset Analys,Vets,Small animal,Sweden,Sweden,Locum Nurse FTE,BDQTY,2019,0.000,0.000,0.000,0.000,0.000,0.000,0.000,0.000,0.000,0.000,0.000,0.000
14,2019,493,1785,SE,56038051,5603,8051,Sweden,Djursjukhuset Analysen Örebro,Djursjukhuset Analys,Vets,Small animal,Sweden,Sweden,Locum Vet FTE,AQ,2019,0.000,0.000,0.000,0.000,0.000,0.020,0.020,0.000,0.000,0.000,0.000,0.000
14,2019,493,1785,SE,56038051,5603,8051,Sweden,Djursjukhuset Analysen Örebro,Djursjukhuset Analys,Vets,Small animal,Sweden,Sweden,Locum Vet FTE,BDQTY,2019,0.000,0.000,0.000,0.000,0.000,0.000,0.000,0.000,0.000,0.000,0.000,0.000
14,2019,493,1785,SE,56038051,5603,8051,Sweden,Djursjukhuset Analysen Örebro,Djursjukhuset Analys,Vets,Small animal,Sweden,Sweden,Nurse FTE,AQ,2019,6.500,6.500,6.500,6.400,6.400,6.500,5.900,7.400,7.500,8.500,0.000,0.000
14,2019,493,1785,SE,56038051,5603,8051,Sweden,Djursjukhuset Analysen Örebro,Djursjukhuset Analys,Vets,Small animal,Sweden,Sweden,Nurse FTE,BDQTY,2019,7.400,7.500,7.300,7.500,7.600,6.900,7.200,7.500,9.000,11.000,0.000,0.000
14,2019,493,1785,SE,56038051,5603,8051,Sweden,Djursjukhuset Analysen Örebro,Djursjukhuset Analys,Vets,Small animal,Sweden,Sweden,Support FTE,AQ,2019,2.000,2.000,2.000,2.000,2.000,3.000,3.000,3.000,3.000,2.200,0.000,0.000
14,2019,493,1785,SE,56038051,5603,8051,Sweden,Djursjukhuset Analysen Örebro,Djursjukhuset Analys,Vets,Small animal,Sweden,Sweden,Support FTE,BDQTY,2019,1.000,1.000,1.000,1.000,1.000,0.900,-0.100,0.900,1.000,1.000,0.000,0.000
14,2019,493,1785,SE,56038051,5603,8051,Sweden,Djursjukhuset Analysen Örebro,Djursjukhuset Analys,Vets,Small animal,Sweden,Sweden,Vet FTE,AQ,2019,6.100,6.100,6.100,6.100,6.900,6.800,6.800,6.300,6.400,6.400,0.000,0.000
14,2019,493,1785,SE,56038051,5603,8051,Sweden,Djursjukhuset Analysen Örebro,Djursjukhuset Analys,Vets,Small animal,Sweden,Sweden,Vet FTE,BDQTY,2019,5.100,5.300,5.100,4.800,5.300,4.500,4.300,5.700,6.100,6.900,0.000,0.000
14,2019,494,1865,SE,56048052,5604,8052,Sweden,Mälarhöjdens Veterinärpraktik,Mälarhöjdens Veterin,Vets,Small animal,Sweden,Sweden,Head Office FTE,BDQTY,2019,0.000,0.000,0.000,0.000,0.000,0.000,0.000,0.000,0.000,0.000,0.000,0.000
14,2019,494,1865,SE,56048052,5604,8052,Sweden,Mälarhöjdens Veterinärpraktik,Mälarhöjdens Veterin,Vets,Small animal,Sweden,Sweden,Locum Nurse FTE,BDQTY,2019,0.000,0.000,0.000,0.000,0.000,0.000,0.000,0.000,0.000,0.000,0.000,0.000
14,2019,494,1865,SE,56048052,5604,8052,Sweden,Mälarhöjdens Veterinärpraktik,Mälarhöjdens Veterin,Vets,Small animal,Sweden,Sweden,Locum Vet FTE,BDQTY,2019,0.000,0.000,0.000,0.000,0.000,0.000,0.000,0.000,0.000,0.000,0.000,0.000
14,2019,494,1865,SE,56048052,5604,8052,Sweden,Mälarhöjdens Veterinärpraktik,Mälarhöjdens Veterin,Vets,Small animal,Sweden,Sweden,Nurse FTE,AQ,2019,3.800,3.800,5.600,3.800,4.800,4.800,3.800,3.300,4.000,4.300,0.000,0.000
14,2019,494,1865,SE,56048052,5604,8052,Sweden,Mälarhöjdens Veterinärpraktik,Mälarhöjdens Veterin,Vets,Small animal,Sweden,Sweden,Nurse FTE,BDQTY,2019,2.900,2.900,2.900,2.900,2.900,2.900,2.900,-2.100,3.900,3.900,0.000,0.000
14,2019,494,1865,SE,56048052,5604,8052,Sweden,Mälarhöjdens Veterinärpraktik,Mälarhöjdens Veterin,Vets,Small animal,Sweden,Sweden,Support FTE,AQ,2019,0.800,0.800,0.800,0.000,0.000,0.700,1.000,1.000,1.000,1.000,0.000,0.000
14,2019,494,1865,SE,56048052,5604,8052,Sweden,Mälarhöjdens Veterinärpraktik,Mälarhöjdens Veterin,Vets,Small animal,Sweden,Sweden,Support FTE,BDQTY,2019,1.800,1.800,1.800,1.800,1.800,1.800,1.800,1.800,1.800,1.800,0.000,0.000
14,2019,494,1865,SE,56048052,5604,8052,Sweden,Mälarhöjdens Veterinärpraktik,Mälarhöjdens Veterin,Vets,Small animal,Sweden,Sweden,Vet FTE,AQ,2019,6.600,6.600,6.600,7.900,8.600,8.600,7.600,7.400,6.400,6.700,0.000,0.000
14,2019,494,1865,SE,56048052,5604,8052,Sweden,Mälarhöjdens Veterinärpraktik,Mälarhöjdens Veterin,Vets,Small animal,Sweden,Sweden,Vet FTE,BDQTY,2019,5.600,5.600,5.600,5.600,5.600,5.600,5.600,5.100,5.600,5.600,0.000,0.000
14,2019,498,2102,SE,56088063,5608,8063,Sweden,Kullabygden,Kullabygden,Vets,Small animal,Sweden,Sweden,Head Office FTE,BDQTY,2019,0.000,0.000,0.000,0.000,0.000,0.000,0.000,0.000,0.000,0.000,0.000,0.000
14,2019,498,2102,SE,56088063,5608,8063,Sweden,Kullabygden,Kullabygden,Vets,Small animal,Sweden,Sweden,Locum Nurse FTE,BDQTY,2019,0.000,0.000,0.000,0.000,0.000,0.000,0.000,0.000,0.000,0.000,0.000,0.000
14,2019,498,2102,SE,56088063,5608,8063,Sweden,Kullabygden,Kullabygden,Vets,Small animal,Sweden,Sweden,Locum Vet FTE,BDQTY,2019,0.000,0.000,0.000,0.000,0.000,0.000,0.000,0.000,0.000,0.000,0.000,0.000
14,2019,498,2102,SE,56088063,5608,8063,Sweden,Kullabygden,Kullabygden,Vets,Small animal,Sweden,Sweden,Nurse FTE,AQ,2019,4.900,4.900,4.900,3.600,3.100,3.100,3.100,4.000,4.100,4.100,0.000,0.000
14,2019,498,2102,SE,56088063,5608,8063,Sweden,Kullabygden,Kullabygden,Vets,Small animal,Sweden,Sweden,Nurse FTE,BDQTY,2019,7.800,7.800,7.800,7.800,7.800,7.800,7.800,7.800,7.800,7.800,0.000,0.000
14,2019,498,2102,SE,56088063,5608,8063,Sweden,Kullabygden,Kullabygden,Vets,Small animal,Sweden,Sweden,Support FTE,AQ,2019,5.000,5.000,5.000,4.900,4.900,4.900,4.900,4.900,4.900,4.900,0.000,0.000
14,2019,498,2102,SE,56088063,5608,8063,Sweden,Kullabygden,Kullabygden,Vets,Small animal,Sweden,Sweden,Support FTE,BDQTY,2019,1.200,1.200,1.200,1.200,1.200,1.200,1.200,1.200,1.200,1.200,0.000,0.000
14,2019,498,2102,SE,56088063,5608,8063,Sweden,Kullabygden,Kullabygden,Vets,Small animal,Sweden,Sweden,Vet FTE,AQ,2019,3.000,3.000,3.000,3.000,4.000,4.000,4.000,4.000,4.000,4.000,0.000,0.000
14,2019,498,2102,SE,56088063,5608,8063,Sweden,Kullabygden,Kullabygden,Vets,Small animal,Sweden,Sweden,Vet FTE,BDQTY,2019,4.400,4.400,4.400,4.400,4.400,4.400,4.400,4.400,4.400,4.400,0.000,0.000
14,2019,499,2144,SE,56098076,5609,8076,Sweden,Ecommerce,Malmö VetApotek,E-commerce / pharmacy,E-commerce / pharmacy,Sweden,Sweden,Head Office FTE,BDQTY,2019,0.000,0.000,0.000,0.000,0.000,0.000,0.000,0.000,0.000,0.000,0.000,0.000
14,2019,499,2144,SE,56098076,5609,8076,Sweden,Ecommerce,Malmö VetApotek,E-commerce / pharmacy,E-commerce / pharmacy,Sweden,Sweden,Locum Nurse FTE,BDQTY,2019,0.000,0.000,0.000,0.000,0.000,0.000,0.000,0.000,0.000,0.000,0.000,0.000
14,2019,499,2144,SE,56098076,5609,8076,Sweden,Ecommerce,Malmö VetApotek,E-commerce / pharmacy,E-commerce / pharmacy,Sweden,Sweden,Locum Vet FTE,BDQTY,2019,0.000,0.000,0.000,0.000,0.000,0.000,0.000,0.000,0.000,0.000,0.000,0.000
14,2019,499,2144,SE,56098076,5609,8076,Sweden,Ecommerce,Malmö VetApotek,E-commerce / pharmacy,E-commerce / pharmacy,Sweden,Sweden,Nurse FTE,BDQTY,2019,0.000,0.000,0.000,0.000,0.000,0.000,0.000,0.000,0.000,0.000,0.000,0.000
14,2019,499,2144,SE,56098076,5609,8076,Sweden,Ecommerce,Malmö VetApotek,E-commerce / pharmacy,E-commerce / pharmacy,Sweden,Sweden,Support FTE,AQ,2019,0.000,0.000,0.000,2.700,2.700,2.700,2.700,2.700,2.700,2.700,2.100,3.400
14,2019,499,2144,SE,56098076,5609,8076,Sweden,Ecommerce,Malmö VetApotek,E-commerce / pharmacy,E-commerce / pharmacy,Sweden,Sweden,Support FTE,BDQTY,2019,0.000,0.000,0.000,0.000,0.000,0.000,0.000,0.000,0.000,0.000,0.000,0.000
14,2019,499,2144,SE,56098076,5609,8076,Sweden,Ecommerce,Malmö VetApotek,E-commerce / pharmacy,E-commerce / pharmacy,Sweden,Sweden,Vet FTE,BDQTY,2019,0.000,0.000,0.000,0.000,0.000,0.000,0.000,0.000,0.000,0.000,0.000,0.000
14,2019,499,2145,SE,56098077,5609,8077,Sweden,Ecommerce,Ecommerce,E-commerce / pharmacy,E-commerce / pharmacy,Sweden,Sweden,Support FTE,AQ,2019,0.000,0.000,0.000,0.000,0.000,0.000,0.000,0.000,0.000,0.000,1.000,1.000
14,2019,499,2158,SE,56099161,5609,9161,Sweden,HO,HQ,HO,HO,Sweden,Sweden,Head Office FTE,BDQTY,2019,0.000,0.000,0.000,0.000,0.000,0.000,0.000,0.000,0.000,0.000,0.000,0.000
14,2019,499,2158,SE,56099161,5609,9161,Sweden,HO,HQ,HO,HO,Sweden,Sweden,Locum Nurse FTE,BDQTY,2019,0.000,0.000,0.000,0.000,0.000,0.000,0.000,0.000,0.000,0.000,0.000,0.000
14,2019,499,2158,SE,56099161,5609,9161,Sweden,HO,HQ,HO,HO,Sweden,Sweden,Locum Vet FTE,BDQTY,2019,0.000,0.000,0.000,0.000,0.000,0.000,0.000,0.000,0.000,0.000,0.000,0.000
14,2019,499,2158,SE,56099161,5609,9161,Sweden,HO,HQ,HO,HO,Sweden,Sweden,Nurse FTE,BDQTY,2019,0.000,0.000,0.000,0.000,0.000,0.000,0.000,0.000,0.000,0.000,0.000,0.000
14,2019,499,2158,SE,56099161,5609,9161,Sweden,HO,HQ,HO,HO,Sweden,Sweden,Support FTE,AQ,2019,1.800,1.800,2.700,0.000,0.000,0.000,0.000,0.000,0.000,0.000,0.000,0.000
14,2019,499,2158,SE,56099161,5609,9161,Sweden,HO,HQ,HO,HO,Sweden,Sweden,Support FTE,BDQTY,2019,0.000,0.000,0.000,0.000,0.000,0.000,0.000,0.000,0.000,0.000,0.000,0.000
14,2019,499,2158,SE,56099161,5609,9161,Sweden,HO,HQ,HO,HO,Sweden,Sweden,Vet FTE,BDQTY,2019,0.000,0.000,0.000,0.000,0.000,0.000,0.000,0.000,0.000,0.000,0.000,0.000
14,2019,500,2161,SE,56108068,5610,8068,Sweden,Visby Veterinärpraktik,Visby Veterinärprakt,Vets,Small animal,Sweden,Sweden,Head Office FTE,BDQTY,2019,0.000,0.000,0.000,0.000,0.000,0.000,0.000,0.000,0.000,0.000,0.000,0.000
14,2019,500,2161,SE,56108068,5610,8068,Sweden,Visby Veterinärpraktik,Visby Veterinärprakt,Vets,Small animal,Sweden,Sweden,Locum Nurse FTE,BDQTY,2019,0.000,0.000,0.000,0.000,0.000,0.000,0.000,0.000,0.000,0.000,0.000,0.000
14,2019,500,2161,SE,56108068,5610,8068,Sweden,Visby Veterinärpraktik,Visby Veterinärprakt,Vets,Small animal,Sweden,Sweden,Locum Vet FTE,AQ,2019,0.000,0.000,0.000,0.000,1.200,3.600,1.140,1.060,0.630,0.640,0.000,0.000
14,2019,500,2161,SE,56108068,5610,8068,Sweden,Visby Veterinärpraktik,Visby Veterinärprakt,Vets,Small animal,Sweden,Sweden,Locum Vet FTE,BDQTY,2019,0.000,0.000,0.000,0.000,0.000,0.000,0.000,0.000,0.000,0.000,0.000,0.000
14,2019,500,2161,SE,56108068,5610,8068,Sweden,Visby Veterinärpraktik,Visby Veterinärprakt,Vets,Small animal,Sweden,Sweden,Nurse FTE,AQ,2019,6.300,6.300,7.200,5.600,5.600,5.600,5.600,5.600,5.600,5.600,0.000,0.000
14,2019,500,2161,SE,56108068,5610,8068,Sweden,Visby Veterinärpraktik,Visby Veterinärprakt,Vets,Small animal,Sweden,Sweden,Nurse FTE,BDQTY,2019,5.000,5.000,5.000,5.000,5.000,5.000,5.000,5.000,5.500,5.500,0.000,0.000
14,2019,500,2161,SE,56108068,5610,8068,Sweden,Visby Veterinärpraktik,Visby Veterinärprakt,Vets,Small animal,Sweden,Sweden,Support FTE,BDQTY,2019,0.300,0.300,0.300,0.300,0.300,0.300,0.300,0.300,0.300,0.300,0.000,0.000
14,2019,500,2161,SE,56108068,5610,8068,Sweden,Visby Veterinärpraktik,Visby Veterinärprakt,Vets,Small animal,Sweden,Sweden,Vet FTE,AQ,2019,0.000,0.000,0.000,0.000,0.500,1.000,1.000,1.000,1.000,1.000,0.000,0.000
14,2019,500,2161,SE,56108068,5610,8068,Sweden,Visby Veterinärpraktik,Visby Veterinärprakt,Vets,Small animal,Sweden,Sweden,Vet FTE,BDQTY,2019,1.500,1.500,1.500,1.500,1.500,1.500,1.500,1.500,1.500,1.500,0.000,0.000
14,2019,501,2206,SE,56118067,5611,8067,Sweden,Veterinärkliniken Limhamn Evid,Limhamn Veterinärpra,Vets,Small animal,Sweden,Sweden,Head Office FTE,BDQTY,2019,0.000,0.000,0.000,0.000,0.000,0.000,0.000,0.000,0.000,0.000,0.000,0.000
14,2019,501,2206,SE,56118067,5611,8067,Sweden,Veterinärkliniken Limhamn Evid,Limhamn Veterinärpra,Vets,Small animal,Sweden,Sweden,Locum Nurse FTE,BDQTY,2019,0.000,0.000,0.000,0.000,0.000,0.000,0.000,0.000,0.000,0.000,0.000,0.000
14,2019,501,2206,SE,56118067,5611,8067,Sweden,Veterinärkliniken Limhamn Evid,Limhamn Veterinärpra,Vets,Small animal,Sweden,Sweden,Locum Vet FTE,BDQTY,2019,0.000,0.000,0.000,0.000,0.000,0.000,0.000,0.000,0.000,0.000,0.000,0.000
14,2019,501,2206,SE,56118067,5611,8067,Sweden,Veterinärkliniken Limhamn Evid,Limhamn Veterinärpra,Vets,Small animal,Sweden,Sweden,Nurse FTE,AQ,2019,4.000,4.000,5.000,5.000,4.000,3.100,4.000,3.600,4.600,4.900,0.000,0.000
14,2019,501,2206,SE,56118067,5611,8067,Sweden,Veterinärkliniken Limhamn Evid,Limhamn Veterinärpra,Vets,Small animal,Sweden,Sweden,Nurse FTE,BDQTY,2019,3.000,3.000,3.000,3.000,3.000,3.000,3.000,3.000,3.000,3.000,0.000,0.000
14,2019,501,2206,SE,56118067,5611,8067,Sweden,Veterinärkliniken Limhamn Evid,Limhamn Veterinärpra,Vets,Small animal,Sweden,Sweden,Support FTE,AQ,2019,3.100,3.100,2.600,2.400,2.800,2.800,2.800,2.800,2.800,2.800,0.000,0.000
14,2019,501,2206,SE,56118067,5611,8067,Sweden,Veterinärkliniken Limhamn Evid,Limhamn Veterinärpra,Vets,Small animal,Sweden,Sweden,Support FTE,BDQTY,2019,1.800,1.800,1.800,1.800,1.800,1.800,1.800,1.800,1.800,1.800,0.000,0.000
14,2019,501,2206,SE,56118067,5611,8067,Sweden,Veterinärkliniken Limhamn Evid,Limhamn Veterinärpra,Vets,Small animal,Sweden,Sweden,Vet FTE,AQ,2019,4.000,4.000,4.000,4.000,4.000,4.000,4.000,4.000,4.000,4.000,0.000,0.000
14,2019,501,2206,SE,56118067,5611,8067,Sweden,Veterinärkliniken Limhamn Evid,Limhamn Veterinärpra,Vets,Small animal,Sweden,Sweden,Vet FTE,BDQTY,2019,3.000,3.000,3.000,3.000,3.000,3.000,3.000,3.000,3.000,3.000,0.000,0.000
14,2019,502,2249,SE,56128066,5612,8066,Sweden,Veterinärkliniken Malmö Eviden,Öresund Malmö Veteri,Vets,Small animal,Sweden,Sweden,Head Office FTE,BDQTY,2019,0.000,0.000,0.000,0.000,0.000,0.000,0.000,0.000,0.000,0.000,0.000,0.000
14,2019,502,2249,SE,56128066,5612,8066,Sweden,Veterinärkliniken Malmö Eviden,Öresund Malmö Veteri,Vets,Small animal,Sweden,Sweden,Locum Nurse FTE,BDQTY,2019,0.000,0.000,0.000,0.000,0.000,0.000,0.000,0.000,0.000,0.000,0.000,0.000
14,2019,502,2249,SE,56128066,5612,8066,Sweden,Veterinärkliniken Malmö Eviden,Öresund Malmö Veteri,Vets,Small animal,Sweden,Sweden,Locum Vet FTE,AQ,2019,0.000,0.000,0.000,0.000,0.000,0.300,0.000,0.120,0.000,0.000,0.000,0.000
14,2019,502,2249,SE,56128066,5612,8066,Sweden,Veterinärkliniken Malmö Eviden,Öresund Malmö Veteri,Vets,Small animal,Sweden,Sweden,Locum Vet FTE,BDQTY,2019,0.000,0.000,0.000,0.000,0.000,0.000,0.000,0.000,0.000,0.000,0.000,0.000
14,2019,502,2249,SE,56128066,5612,8066,Sweden,Veterinärkliniken Malmö Eviden,Öresund Malmö Veteri,Vets,Small animal,Sweden,Sweden,Nurse FTE,AQ,2019,18.200,9.100,8.100,8.100,7.000,7.000,7.000,7.000,7.100,8.100,0.000,0.000
14,2019,502,2249,SE,56128066,5612,8066,Sweden,Veterinärkliniken Malmö Eviden,Öresund Malmö Veteri,Vets,Small animal,Sweden,Sweden,Nurse FTE,BDQTY,2019,11.300,11.300,11.300,11.300,11.300,11.300,11.300,11.300,11.300,11.300,0.000,0.000
14,2019,502,2249,SE,56128066,5612,8066,Sweden,Veterinärkliniken Malmö Eviden,Öresund Malmö Veteri,Vets,Small animal,Sweden,Sweden,Support FTE,AQ,2019,12.400,6.200,5.500,5.500,5.500,5.500,5.500,5.400,5.500,6.500,0.000,0.000
14,2019,502,2249,SE,56128066,5612,8066,Sweden,Veterinärkliniken Malmö Eviden,Öresund Malmö Veteri,Vets,Small animal,Sweden,Sweden,Support FTE,BDQTY,2019,3.000,3.000,3.000,3.000,3.000,3.000,3.000,3.000,3.000,3.000,0.000,0.000
14,2019,502,2249,SE,56128066,5612,8066,Sweden,Veterinärkliniken Malmö Eviden,Öresund Malmö Veteri,Vets,Small animal,Sweden,Sweden,Vet FTE,AQ,2019,8.000,4.000,3.900,3.900,3.900,3.500,3.900,3.800,3.100,3.100,0.000,0.000
14,2019,502,2249,SE,56128066,5612,8066,Sweden,Veterinärkliniken Malmö Eviden,Öresund Malmö Veteri,Vets,Small animal,Sweden,Sweden,Vet FTE,BDQTY,2019,5.400,5.400,5.400,5.400,5.400,5.400,5.400,5.400,5.400,5.400,0.000,0.000
14,2019,503,2292,SE,56138065,5613,8065,Sweden,Södra Berget Veterinärpraktik,Södra Berget Veterin,Vets,Small animal,Sweden,Sweden,Head Office FTE,BDQTY,2019,0.000,0.000,0.000,0.000,0.000,0.000,0.000,0.000,0.000,0.000,0.000,0.000
14,2019,503,2292,SE,56138065,5613,8065,Sweden,Södra Berget Veterinärpraktik,Södra Berget Veterin,Vets,Small animal,Sweden,Sweden,Locum Nurse FTE,BDQTY,2019,0.000,0.000,0.000,0.000,0.000,0.000,0.000,0.000,0.000,0.000,0.000,0.000
14,2019,503,2292,SE,56138065,5613,8065,Sweden,Södra Berget Veterinärpraktik,Södra Berget Veterin,Vets,Small animal,Sweden,Sweden,Locum Vet FTE,AQ,2019,0.000,0.000,0.000,0.000,1.110,0.370,0.520,0.610,0.040,0.760,0.000,0.000
14,2019,503,2292,SE,56138065,5613,8065,Sweden,Södra Berget Veterinärpraktik,Södra Berget Veterin,Vets,Small animal,Sweden,Sweden,Locum Vet FTE,BDQTY,2019,0.000,0.000,0.000,0.000,0.000,0.000,0.000,0.000,0.000,0.000,0.000,0.000
14,2019,503,2292,SE,56138065,5613,8065,Sweden,Södra Berget Veterinärpraktik,Södra Berget Veterin,Vets,Small animal,Sweden,Sweden,Nurse FTE,AQ,2019,19.300,19.300,18.400,19.300,18.500,37.600,19.600,19.600,19.100,22.600,0.000,0.000
14,2019,503,2292,SE,56138065,5613,8065,Sweden,Södra Berget Veterinärpraktik,Södra Berget Veterin,Vets,Small animal,Sweden,Sweden,Nurse FTE,BDQTY,2019,14.600,13.600,13.600,13.600,13.600,13.600,13.600,13.600,15.600,17.600,0.000,0.000
14,2019,503,2292,SE,56138065,5613,8065,Sweden,Södra Berget Veterinärpraktik,Södra Berget Veterin,Vets,Small animal,Sweden,Sweden,Support FTE,AQ,2019,6.500,6.500,6.500,6.500,6.500,13.000,6.900,6.900,6.900,6.900,0.000,0.000
14,2019,503,2292,SE,56138065,5613,8065,Sweden,Södra Berget Veterinärpraktik,Södra Berget Veterin,Vets,Small animal,Sweden,Sweden,Support FTE,BDQTY,2019,3.600,3.600,3.600,3.600,3.600,3.600,3.600,3.600,3.600,3.600,0.000,0.000
14,2019,503,2292,SE,56138065,5613,8065,Sweden,Södra Berget Veterinärpraktik,Södra Berget Veterin,Vets,Small animal,Sweden,Sweden,Vet FTE,AQ,2019,10.200,10.200,10.300,10.300,10.900,19.800,9.900,9.900,9.300,10.300,0.000,0.000
14,2019,503,2292,SE,56138065,5613,8065,Sweden,Södra Berget Veterinärpraktik,Södra Berget Veterin,Vets,Small animal,Sweden,Sweden,Vet FTE,BDQTY,2019,8.800,8.800,8.800,8.800,8.800,8.800,8.800,8.800,8.800,8.800,0.000,0.000
14,2019,504,2335,SE,56148072,5614,8072,Sweden,Veterinärhuset Lidköping AB,Lidkoping,Vets,Small animal,Sweden,Sweden,Head Office FTE,BDQTY,2019,0.000,0.000,0.000,0.000,0.000,0.000,0.000,0.000,0.000,0.000,0.000,0.000
14,2019,504,2335,SE,56148072,5614,8072,Sweden,Veterinärhuset Lidköping AB,Lidkoping,Vets,Small animal,Sweden,Sweden,Locum Nurse FTE,BDQTY,2019,0.000,0.000,0.000,0.000,0.000,0.000,0.000,0.000,0.000,0.000,0.000,0.000
14,2019,504,2335,SE,56148072,5614,8072,Sweden,Veterinärhuset Lidköping AB,Lidkoping,Vets,Small animal,Sweden,Sweden,Locum Vet FTE,AQ,2019,0.000,0.000,0.000,0.000,0.060,0.000,0.000,0.000,0.000,0.090,0.000,0.000
14,2019,504,2335,SE,56148072,5614,8072,Sweden,Veterinärhuset Lidköping AB,Lidkoping,Vets,Small animal,Sweden,Sweden,Locum Vet FTE,BDQTY,2019,0.000,0.000,0.000,0.000,0.000,0.000,0.000,0.000,0.000,0.000,0.000,0.000
14,2019,504,2335,SE,56148072,5614,8072,Sweden,Veterinärhuset Lidköping AB,Lidkoping,Vets,Small animal,Sweden,Sweden,Nurse FTE,AQ,2019,0.000,0.000,0.000,6.100,6.100,6.500,7.300,7.700,8.000,8.700,0.000,0.000
14,2019,504,2335,SE,56148072,5614,8072,Sweden,Veterinärhuset Lidköping AB,Lidkoping,Vets,Small animal,Sweden,Sweden,Nurse FTE,BDQTY,2019,7.000,7.000,7.000,7.000,7.000,7.000,7.000,7.000,7.000,7.000,0.000,0.000
14,2019,504,2335,SE,56148072,5614,8072,Sweden,Veterinärhuset Lidköping AB,Lidkoping,Vets,Small animal,Sweden,Sweden,Support FTE,AQ,2019,0.000,0.000,0.000,0.300,0.300,0.300,0.300,0.900,1.000,1.000,0.000,0.000
14,2019,504,2335,SE,56148072,5614,8072,Sweden,Veterinärhuset Lidköping AB,Lidkoping,Vets,Small animal,Sweden,Sweden,Support FTE,BDQTY,2019,1.000,1.000,1.000,1.000,1.000,1.000,1.000,1.000,1.000,1.000,0.000,0.000
14,2019,504,2335,SE,56148072,5614,8072,Sweden,Veterinärhuset Lidköping AB,Lidkoping,Vets,Small animal,Sweden,Sweden,Vet FTE,AQ,2019,0.000,0.000,0.000,2.700,2.800,2.800,2.800,2.800,2.900,2.800,0.000,0.000
14,2019,504,2335,SE,56148072,5614,8072,Sweden,Veterinärhuset Lidköping AB,Lidkoping,Vets,Small animal,Sweden,Sweden,Vet FTE,BDQTY,2019,4.000,4.000,4.000,4.000,4.000,4.000,4.000,4.000,4.000,4.000,0.000,0.000
14,2019,505,2377,SE,56158073,5615,8073,Sweden,Ugglarp Gard Hast,Ugglarp Gard Hast,Vets,Equine,Sweden,Sweden,Head Office FTE,BDQTY,2019,0.000,0.000,0.000,0.000,0.000,0.000,0.000,0.000,0.000,0.000,0.000,0.000
14,2019,505,2377,SE,56158073,5615,8073,Sweden,Ugglarp Gard Hast,Ugglarp Gard Hast,Vets,Equine,Sweden,Sweden,Locum Nurse FTE,BDQTY,2019,0.000,0.000,0.000,0.000,0.000,0.000,0.000,0.000,0.000,0.000,0.000,0.000
14,2019,505,2377,SE,56158073,5615,8073,Sweden,Ugglarp Gard Hast,Ugglarp Gard Hast,Vets,Equine,Sweden,Sweden,Locum Vet FTE,AQ,2019,0.000,0.000,0.000,0.000,0.220,0.120,0.500,0.360,0.080,0.180,0.000,0.000
14,2019,505,2377,SE,56158073,5615,8073,Sweden,Ugglarp Gard Hast,Ugglarp Gard Hast,Vets,Equine,Sweden,Sweden,Locum Vet FTE,BDQTY,2019,0.000,0.000,0.000,0.000,0.000,0.000,0.000,0.000,0.000,0.000,0.000,0.000
14,2019,505,2377,SE,56158073,5615,8073,Sweden,Ugglarp Gard Hast,Ugglarp Gard Hast,Vets,Equine,Sweden,Sweden,Nurse FTE,AQ,2019,0.000,0.000,0.000,8.100,3.700,3.700,3.700,3.700,3.700,2.900,0.000,0.000
14,2019,505,2377,SE,56158073,5615,8073,Sweden,Ugglarp Gard Hast,Ugglarp Gard Hast,Vets,Equine,Sweden,Sweden,Nurse FTE,BDQTY,2019,10.600,9.600,9.600,9.600,8.600,8.600,8.600,8.600,9.600,9.600,0.000,0.000
14,2019,505,2377,SE,56158073,5615,8073,Sweden,Ugglarp Gard Hast,Ugglarp Gard Hast,Vets,Equine,Sweden,Sweden,Support FTE,AQ,2019,0.000,0.000,0.000,2.900,0.900,0.900,0.900,0.900,0.900,0.900,0.000,0.000
14,2019,505,2377,SE,56158073,5615,8073,Sweden,Ugglarp Gard Hast,Ugglarp Gard Hast,Vets,Equine,Sweden,Sweden,Support FTE,BDQTY,2019,0.000,0.000,0.000,0.000,0.000,0.000,0.000,0.000,0.000,0.000,0.000,0.000
14,2019,505,2377,SE,56158073,5615,8073,Sweden,Ugglarp Gard Hast,Ugglarp Gard Hast,Vets,Equine,Sweden,Sweden,Vet FTE,AQ,2019,0.000,0.000,0.000,5.200,3.700,3.700,3.000,2.700,2.700,2.700,0.000,0.000
14,2019,505,2377,SE,56158073,5615,8073,Sweden,Ugglarp Gard Hast,Ugglarp Gard Hast,Vets,Equine,Sweden,Sweden,Vet FTE,BDQTY,2019,6.600,6.600,6.600,6.600,6.600,6.600,6.600,6.600,6.600,6.600,0.000,0.000
14,2019,505,2378,SE,56158074,5615,8074,Sweden,Ugglarp Gard Smadjur,Ugglarp Gard Hast,Vets,Small animal,Sweden,Sweden,Nurse FTE,AQ,2019,0.000,0.000,0.000,0.000,4.400,4.400,5.400,5.400,5.200,6.200,0.000,0.000
14,2019,505,2378,SE,56158074,5615,8074,Sweden,Ugglarp Gard Smadjur,Ugglarp Gard Hast,Vets,Small animal,Sweden,Sweden,Support FTE,AQ,2019,0.000,0.000,0.000,0.000,2.000,2.000,2.000,2.000,2.000,2.000,0.000,0.000
14,2019,505,2378,SE,56158074,5615,8074,Sweden,Ugglarp Gard Smadjur,Ugglarp Gard Hast,Vets,Small animal,Sweden,Sweden,Vet FTE,AQ,2019,0.000,0.000,0.000,0.000,1.500,1.500,1.500,1.500,1.500,1.400,0.000,0.000
14,2019,506,2421,SE,56168080,5616,8080,Sweden,Lunds Djursjukhus AB,Lunds Djursjukhus AB,Vets,Small animal,Sweden,Sweden,Head Office FTE,BDQTY,2019,0.000,0.000,0.000,0.000,0.000,0.000,0.000,0.000,0.000,0.000,0.000,0.000
14,2019,506,2421,SE,56168080,5616,8080,Sweden,Lunds Djursjukhus AB,Lunds Djursjukhus AB,Vets,Small animal,Sweden,Sweden,Locum Nurse FTE,BDQTY,2019,0.000,0.000,0.000,0.000,0.000,0.000,0.000,0.000,0.000,0.000,0.000,0.000
14,2019,506,2421,SE,56168080,5616,8080,Sweden,Lunds Djursjukhus AB,Lunds Djursjukhus AB,Vets,Small animal,Sweden,Sweden,Locum Vet FTE,AQ,2019,0.000,0.000,0.000,0.000,0.000,0.000,1.360,1.030,1.150,1.260,0.000,0.000
14,2019,506,2421,SE,56168080,5616,8080,Sweden,Lunds Djursjukhus AB,Lunds Djursjukhus AB,Vets,Small animal,Sweden,Sweden,Locum Vet FTE,BDQTY,2019,0.000,0.000,0.000,0.000,0.000,0.000,0.000,0.000,0.000,0.000,0.000,0.000
14,2019,506,2421,SE,56168080,5616,8080,Sweden,Lunds Djursjukhus AB,Lunds Djursjukhus AB,Vets,Small animal,Sweden,Sweden,Nurse FTE,AQ,2019,0.000,0.000,0.000,0.000,0.000,0.000,0.000,0.000,26.600,30.100,0.000,0.000
14,2019,506,2421,SE,56168080,5616,8080,Sweden,Lunds Djursjukhus AB,Lunds Djursjukhus AB,Vets,Small animal,Sweden,Sweden,Nurse FTE,BDQTY,2019,0.000,0.000,0.000,0.000,0.000,21.100,21.100,21.100,21.100,21.100,0.000,0.000
14,2019,506,2421,SE,56168080,5616,8080,Sweden,Lunds Djursjukhus AB,Lunds Djursjukhus AB,Vets,Small animal,Sweden,Sweden,Support FTE,AQ,2019,0.000,0.000,0.000,0.000,0.000,0.000,0.000,0.000,4.100,4.100,0.000,0.000
14,2019,506,2421,SE,56168080,5616,8080,Sweden,Lunds Djursjukhus AB,Lunds Djursjukhus AB,Vets,Small animal,Sweden,Sweden,Support FTE,BDQTY,2019,0.000,0.000,0.000,0.000,0.000,9.000,9.800,9.800,9.800,9.800,0.000,0.000
14,2019,506,2421,SE,56168080,5616,8080,Sweden,Lunds Djursjukhus AB,Lunds Djursjukhus AB,Vets,Small animal,Sweden,Sweden,Vet FTE,AQ,2019,0.000,0.000,0.000,0.000,0.000,0.000,0.000,0.000,16.700,16.700,0.000,0.000
14,2019,506,2421,SE,56168080,5616,8080,Sweden,Lunds Djursjukhus AB,Lunds Djursjukhus AB,Vets,Small animal,Sweden,Sweden,Vet FTE,BDQTY,2019,0.000,0.000,0.000,0.000,0.000,12.800,12.800,13.500,13.500,13.500,0.000,0.000
14,2020,332,5282,SE,46018083,4601,8083,Sweden,Cremit AB,Cremit AB,Crematoria,Crematoria,Sweden,Sweden,Head Office FTE,BDQTY,2020,0.000,0.000,0.000,0.000,0.000,0.000,0.000,0.000,0.000,0.000,0.000,0.000
14,2020,332,5282,SE,46018083,4601,8083,Sweden,Cremit AB,Cremit AB,Crematoria,Crematoria,Sweden,Sweden,Locum Nurse FTE,BDQTY,2020,0.000,0.000,0.000,0.000,0.000,0.000,0.000,0.000,0.000,0.000,0.000,0.000
14,2020,332,5282,SE,46018083,4601,8083,Sweden,Cremit AB,Cremit AB,Crematoria,Crematoria,Sweden,Sweden,Locum Vet FTE,BDQTY,2020,0.000,0.000,0.000,0.000,0.000,0.000,0.000,0.000,0.000,0.000,0.000,0.000
14,2020,332,5282,SE,46018083,4601,8083,Sweden,Cremit AB,Cremit AB,Crematoria,Crematoria,Sweden,Sweden,Nurse FTE,BDQTY,2020,0.000,0.000,0.000,0.000,0.000,0.000,0.000,0.000,0.000,0.000,0.000,0.000
14,2020,332,5282,SE,46018083,4601,8083,Sweden,Cremit AB,Cremit AB,Crematoria,Crematoria,Sweden,Sweden,Support FTE,AQ,2020,3.400,3.400,3.400,3.400,3.400,3.400,3.400,3.400,3.400,3.400,3.400,3.400
14,2020,332,5282,SE,46018083,4601,8083,Sweden,Cremit AB,Cremit AB,Crematoria,Crematoria,Sweden,Sweden,Support FTE,BDQTY,2020,3.400,3.400,3.400,4.400,4.400,4.400,4.400,4.400,4.400,4.400,4.400,4.400
14,2020,332,5282,SE,46018083,4601,8083,Sweden,Cremit AB,Cremit AB,Crematoria,Crematoria,Sweden,Sweden,Vet FTE,BDQTY,2020,0.000,0.000,0.000,0.000,0.000,0.000,0.000,0.000,0.000,0.000,0.000,0.000
14,2020,614,32774,SE,46028085,4602,8085,Sweden,HO,Lekeberg,HO,HO,Sweden,Sweden,Head Office FTE,BDQTY,2020,0.000,0.000,0.000,0.000,0.000,0.000,0.000,0.000,0.000,0.000,0.000,0.000
14,2020,614,32774,SE,46028085,4602,8085,Sweden,HO,Lekeberg,HO,HO,Sweden,Sweden,Locum Nurse FTE,BDQTY,2020,0.000,0.000,0.000,0.000,0.000,0.000,0.000,0.000,0.000,0.000,0.000,0.000
14,2020,614,32774,SE,46028085,4602,8085,Sweden,HO,Lekeberg,HO,HO,Sweden,Sweden,Locum Vet FTE,BDQTY,2020,0.000,0.000,0.000,0.000,0.000,0.000,0.000,0.000,0.000,0.000,0.000,0.000
14,2020,614,32774,SE,46028085,4602,8085,Sweden,HO,Lekeberg,HO,HO,Sweden,Sweden,Nurse FTE,BDQTY,2020,0.000,0.000,0.000,0.000,0.000,0.000,0.000,0.000,0.000,0.000,0.000,0.000
14,2020,614,32774,SE,46028085,4602,8085,Sweden,HO,Lekeberg,HO,HO,Sweden,Sweden,Support FTE,AQ,2020,0.000,0.000,0.000,0.000,0.000,0.000,7.500,7.500,7.500,7.000,7.000,7.000
14,2020,614,32774,SE,46028085,4602,8085,Sweden,HO,Lekeberg,HO,HO,Sweden,Sweden,Support FTE,BDQTY,2020,0.000,0.000,0.000,0.000,0.000,0.000,6.500,6.500,6.500,6.500,6.500,6.500
14,2020,614,32774,SE,46028085,4602,8085,Sweden,HO,Lekeberg,HO,HO,Sweden,Sweden,Vet FTE,BDQTY,2020,0.000,0.000,0.000,0.000,0.000,0.000,0.000,0.000,0.000,0.000,0.000,0.000
14,2020,336,551,SE,50039010,5003,9010,Sweden,HO,HQ,HO,HO,Group,Group,Head Office FTE,BDQTY,2020,0.000,0.000,0.000,0.000,0.000,0.000,0.000,0.000,0.000,0.000,0.000,0.000
14,2020,336,551,SE,50039010,5003,9010,Sweden,HO,HQ,HO,HO,Group,Group,Locum Nurse FTE,BDQTY,2020,0.000,0.000,0.000,0.000,0.000,0.000,0.000,0.000,0.000,0.000,0.000,0.000
14,2020,336,551,SE,50039010,5003,9010,Sweden,HO,HQ,HO,HO,Group,Group,Locum Vet FTE,BDQTY,2020,0.000,0.000,0.000,0.000,0.000,0.000,0.000,0.000,0.000,0.000,0.000,0.000
14,2020,336,551,SE,50039010,5003,9010,Sweden,HO,HQ,HO,HO,Group,Group,Nurse FTE,BDQTY,2020,0.000,0.000,0.000,0.000,0.000,0.000,0.000,0.000,0.000,0.000,0.000,0.000
14,2020,336,551,SE,50039010,5003,9010,Sweden,HO,HQ,HO,HO,Group,Group,Support FTE,BDQTY,2020,0.000,0.000,0.000,0.000,0.000,0.000,0.000,0.000,0.000,0.000,0.000,0.000
14,2020,336,551,SE,50039010,5003,9010,Sweden,HO,HQ,HO,HO,Group,Group,Vet FTE,BDQTY,2020,0.000,0.000,0.000,0.000,0.000,0.000,0.000,0.000,0.000,0.000,0.000,0.000
14,2020,336,552,SE,50039011,5003,9011,Sweden,HO,HQ,HO,HO,Group,Group,Head Office FTE,BDQTY,2020,0.000,0.000,0.000,0.000,0.000,0.000,0.000,0.000,0.000,0.000,0.000,0.000
14,2020,336,552,SE,50039011,5003,9011,Sweden,HO,HQ,HO,HO,Group,Group,Locum Nurse FTE,BDQTY,2020,0.000,0.000,0.000,0.000,0.000,0.000,0.000,0.000,0.000,0.000,0.000,0.000
14,2020,336,552,SE,50039011,5003,9011,Sweden,HO,HQ,HO,HO,Group,Group,Locum Vet FTE,BDQTY,2020,0.000,0.000,0.000,0.000,0.000,0.000,0.000,0.000,0.000,0.000,0.000,0.000
14,2020,336,552,SE,50039011,5003,9011,Sweden,HO,HQ,HO,HO,Group,Group,Nurse FTE,BDQTY,2020,0.000,0.000,0.000,0.000,0.000,0.000,0.000,0.000,0.000,0.000,0.000,0.000
14,2020,336,552,SE,50039011,5003,9011,Sweden,HO,HQ,HO,HO,Group,Group,Support FTE,BDQTY,2020,0.000,0.000,0.000,0.000,0.000,0.000,0.000,0.000,0.000,0.000,0.000,0.000
14,2020,336,552,SE,50039011,5003,9011,Sweden,HO,HQ,HO,HO,Group,Group,Vet FTE,BDQTY,2020,0.000,0.000,0.000,0.000,0.000,0.000,0.000,0.000,0.000,0.000,0.000,0.000
14,2020,336,562,SE,50039027,5003,9027,Sweden,HO,HQ,HO,HO,Group,Group,Head Office FTE,BDQTY,2020,0.000,0.000,0.000,0.000,0.000,0.000,0.000,0.000,0.000,0.000,0.000,0.000
14,2020,336,562,SE,50039027,5003,9027,Sweden,HO,HQ,HO,HO,Group,Group,Locum Nurse FTE,BDQTY,2020,0.000,0.000,0.000,0.000,0.000,0.000,0.000,0.000,0.000,0.000,0.000,0.000
14,2020,336,562,SE,50039027,5003,9027,Sweden,HO,HQ,HO,HO,Group,Group,Locum Vet FTE,BDQTY,2020,0.000,0.000,0.000,0.000,0.000,0.000,0.000,0.000,0.000,0.000,0.000,0.000
14,2020,336,562,SE,50039027,5003,9027,Sweden,HO,HQ,HO,HO,Group,Group,Nurse FTE,BDQTY,2020,0.000,0.000,0.000,0.000,0.000,0.000,0.000,0.000,0.000,0.000,0.000,0.000
14,2020,336,562,SE,50039027,5003,9027,Sweden,HO,HQ,HO,HO,Group,Group,Support FTE,BDQTY,2020,0.000,0.000,0.000,0.000,0.000,0.000,0.000,0.000,0.000,0.000,0.000,0.000
14,2020,336,562,SE,50039027,5003,9027,Sweden,HO,HQ,HO,HO,Group,Group,Vet FTE,BDQTY,2020,0.000,0.000,0.000,0.000,0.000,0.000,0.000,0.000,0.000,0.000,0.000,0.000
14,2020,336,566,SE,50039032,5003,9032,Sweden,HO,HQ,HO,HO,Group,Group,Head Office FTE,BDQTY,2020,0.000,0.000,0.000,0.000,0.000,0.000,0.000,0.000,0.000,0.000,0.000,0.000
14,2020,336,566,SE,50039032,5003,9032,Sweden,HO,HQ,HO,HO,Group,Group,Locum Nurse FTE,BDQTY,2020,0.000,0.000,0.000,0.000,0.000,0.000,0.000,0.000,0.000,0.000,0.000,0.000
14,2020,336,566,SE,50039032,5003,9032,Sweden,HO,HQ,HO,HO,Group,Group,Locum Vet FTE,BDQTY,2020,0.000,0.000,0.000,0.000,0.000,0.000,0.000,0.000,0.000,0.000,0.000,0.000
14,2020,336,566,SE,50039032,5003,9032,Sweden,HO,HQ,HO,HO,Group,Group,Nurse FTE,BDQTY,2020,0.000,0.000,0.000,0.000,0.000,0.000,0.000,0.000,0.000,0.000,0.000,0.000
14,2020,336,566,SE,50039032,5003,9032,Sweden,HO,HQ,HO,HO,Group,Group,Support FTE,BDQTY,2020,0.000,0.000,0.000,0.000,0.000,0.000,0.000,0.000,0.000,0.000,0.000,0.000
14,2020,336,566,SE,50039032,5003,9032,Sweden,HO,HQ,HO,HO,Group,Group,Vet FTE,BDQTY,2020,0.000,0.000,0.000,0.000,0.000,0.000,0.000,0.000,0.000,0.000,0.000,0.000
14,2020,336,577,SE,50039050,5003,9050,Sweden,HO,HQ,HO,HO,Group,Group,Head Office FTE,BDQTY,2020,2.000,2.000,2.000,2.000,2.000,2.000,2.000,2.000,2.000,2.000,2.000,2.000
14,2020,336,577,SE,50039050,5003,9050,Sweden,HO,HQ,HO,HO,Group,Group,Locum Nurse FTE,BDQTY,2020,0.000,0.000,0.000,0.000,0.000,0.000,0.000,0.000,0.000,0.000,0.000,0.000
14,2020,336,577,SE,50039050,5003,9050,Sweden,HO,HQ,HO,HO,Group,Group,Locum Vet FTE,BDQTY,2020,0.000,0.000,0.000,0.000,0.000,0.000,0.000,0.000,0.000,0.000,0.000,0.000
14,2020,336,577,SE,50039050,5003,9050,Sweden,HO,HQ,HO,HO,Group,Group,Nurse FTE,BDQTY,2020,0.000,0.000,0.000,0.000,0.000,0.000,0.000,0.000,0.000,0.000,0.000,0.000
14,2020,336,577,SE,50039050,5003,9050,Sweden,HO,HQ,HO,HO,Group,Group,Support FTE,BDQTY,2020,0.000,0.000,0.000,0.000,0.000,0.000,0.000,0.000,0.000,0.000,0.000,0.000
14,2020,336,577,SE,50039050,5003,9050,Sweden,HO,HQ,HO,HO,Group,Group,Vet FTE,BDQTY,2020,0.000,0.000,0.000,0.000,0.000,0.000,0.000,0.000,0.000,0.000,0.000,0.000
14,2020,336,579,SE,50039055,5003,9055,Sweden,HO,HQ,HO,HO,Group,Group,Head Office FTE,BDQTY,2020,0.000,0.000,0.000,0.000,0.000,0.000,0.000,0.000,0.000,0.000,0.000,0.000
14,2020,336,579,SE,50039055,5003,9055,Sweden,HO,HQ,HO,HO,Group,Group,Locum Nurse FTE,BDQTY,2020,0.000,0.000,0.000,0.000,0.000,0.000,0.000,0.000,0.000,0.000,0.000,0.000
14,2020,336,579,SE,50039055,5003,9055,Sweden,HO,HQ,HO,HO,Group,Group,Locum Vet FTE,BDQTY,2020,0.000,0.000,0.000,0.000,0.000,0.000,0.000,0.000,0.000,0.000,0.000,0.000
14,2020,336,579,SE,50039055,5003,9055,Sweden,HO,HQ,HO,HO,Group,Group,Nurse FTE,BDQTY,2020,0.000,0.000,0.000,0.000,0.000,0.000,0.000,0.000,0.000,0.000,0.000,0.000
14,2020,336,579,SE,50039055,5003,9055,Sweden,HO,HQ,HO,HO,Group,Group,Support FTE,BDQTY,2020,0.000,0.000,0.000,0.000,0.000,0.000,0.000,0.000,0.000,0.000,0.000,0.000
14,2020,336,579,SE,50039055,5003,9055,Sweden,HO,HQ,HO,HO,Group,Group,Vet FTE,BDQTY,2020,0.000,0.000,0.000,0.000,0.000,0.000,0.000,0.000,0.000,0.000,0.000,0.000
14,2020,336,581,SE,50039067,5003,9067,Sweden,HO,Group Support,HO,HO,Group,Group,Head Office FTE,BDQTY,2020,0.000,0.000,0.000,0.000,0.000,0.000,0.000,0.000,0.000,0.000,0.000,0.000
14,2020,336,581,SE,50039067,5003,9067,Sweden,HO,Group Support,HO,HO,Group,Group,Locum Nurse FTE,BDQTY,2020,0.000,0.000,0.000,0.000,0.000,0.000,0.000,0.000,0.000,0.000,0.000,0.000
14,2020,336,581,SE,50039067,5003,9067,Sweden,HO,Group Support,HO,HO,Group,Group,Locum Vet FTE,BDQTY,2020,0.000,0.000,0.000,0.000,0.000,0.000,0.000,0.000,0.000,0.000,0.000,0.000
14,2020,336,581,SE,50039067,5003,9067,Sweden,HO,Group Support,HO,HO,Group,Group,Nurse FTE,BDQTY,2020,0.000,0.000,0.000,0.000,0.000,0.000,0.000,0.000,0.000,0.000,0.000,0.000
14,2020,336,581,SE,50039067,5003,9067,Sweden,HO,Group Support,HO,HO,Group,Group,Support FTE,AQ,2020,17.000,17.000,18.500,18.400,20.100,20.500,20.100,20.100,10.000,0.000,0.000,21.100
14,2020,336,581,SE,50039067,5003,9067,Sweden,HO,Group Support,HO,HO,Group,Group,Support FTE,BDQTY,2020,0.000,0.000,0.000,0.000,0.000,0.000,0.000,0.000,0.000,0.000,0.000,0.000
14,2020,336,581,SE,50039067,5003,9067,Sweden,HO,Group Support,HO,HO,Group,Group,Vet FTE,BDQTY,2020,0.000,0.000,0.000,0.000,0.000,0.000,0.000,0.000,0.000,0.000,0.000,0.000
14,2020,336,32975,SE,50039074,5003,9074,Sweden,NA,Group Support,NA,NA,NA,NA,Support FTE,AQ,2020,0.000,0.000,0.000,0.000,0.000,0.000,0.000,0.000,0.000,21.100,21.100,0.000
14,2020,490,1455,SE,56008000,5600,8000,Sweden,Djursjukhus Gammelstad,Djursjukhus Gammelst,Vets,Small animal,Sweden,Sweden,Nurse FTE,AQ,2020,19.100,19.100,21.000,20.000,20.000,20.000,20.000,20.100,21.000,21.100,21.400,24.900
14,2020,490,1455,SE,56008000,5600,8000,Sweden,Djursjukhus Gammelstad,Djursjukhus Gammelst,Vets,Small animal,Sweden,Sweden,Support FTE,AQ,2020,8.500,8.500,8.400,8.400,8.400,8.400,8.400,8.500,8.400,8.400,8.400,8.400
14,2020,490,1455,SE,56008000,5600,8000,Sweden,Djursjukhus Gammelstad,Djursjukhus Gammelst,Vets,Small animal,Sweden,Sweden,Vet FTE,AQ,2020,16.500,16.500,14.100,13.900,15.400,15.700,15.700,16.200,16.200,16.200,15.700,15.400
14,2020,490,1456,SE,56008001,5600,8001,Sweden,Djurklinik Öjebyn,Djurklinik Öjebyn,Vets,Small animal,Sweden,Sweden,Locum Vet FTE,AQ,2020,0.000,0.040,0.000,0.000,0.000,0.030,0.000,0.000,0.000,0.070,0.000,0.000
14,2020,490,1456,SE,56008001,5600,8001,Sweden,Djurklinik Öjebyn,Djurklinik Öjebyn,Vets,Small animal,Sweden,Sweden,Nurse FTE,AQ,2020,11.400,11.400,10.400,11.000,11.400,11.400,12.100,11.600,11.500,11.400,10.500,8.800
14,2020,490,1456,SE,56008001,5600,8001,Sweden,Djurklinik Öjebyn,Djurklinik Öjebyn,Vets,Small animal,Sweden,Sweden,Support FTE,AQ,2020,1.800,1.800,1.800,1.800,1.800,1.800,1.800,1.800,1.800,1.800,1.600,0.800
14,2020,490,1456,SE,56008001,5600,8001,Sweden,Djurklinik Öjebyn,Djurklinik Öjebyn,Vets,Small animal,Sweden,Sweden,Vet FTE,AQ,2020,6.900,6.900,6.800,6.800,6.500,6.500,6.500,6.500,6.500,6.500,6.800,6.800
14,2020,490,1457,SE,56008002,5600,8002,Sweden,Djurkliniken Arninge,Djurkliniken Arninge,Vets,Small animal,Sweden,Sweden,Locum Vet FTE,AQ,2020,0.000,0.420,0.340,0.220,0.450,0.430,0.470,0.430,0.000,0.000,0.000,0.000
14,2020,490,1457,SE,56008002,5600,8002,Sweden,Djurkliniken Arninge,Djurkliniken Arninge,Vets,Small animal,Sweden,Sweden,Nurse FTE,AQ,2020,13.700,13.700,13.000,13.100,13.000,13.400,14.900,14.200,12.700,13.600,14.700,15.600
14,2020,490,1457,SE,56008002,5600,8002,Sweden,Djurkliniken Arninge,Djurkliniken Arninge,Vets,Small animal,Sweden,Sweden,Support FTE,AQ,2020,4.000,4.000,5.000,5.000,5.000,5.000,5.000,5.000,5.000,4.000,4.000,4.000
14,2020,490,1457,SE,56008002,5600,8002,Sweden,Djurkliniken Arninge,Djurkliniken Arninge,Vets,Small animal,Sweden,Sweden,Vet FTE,AQ,2020,7.300,7.300,7.300,7.300,7.300,7.100,7.100,7.100,7.100,7.100,7.100,7.100
14,2020,490,1458,SE,56008003,5600,8003,Sweden,Djurkliniken Farsta,Djurkliniken Farsta,Vets,Small animal,Sweden,Sweden,Locum Vet FTE,AQ,2020,0.000,0.000,0.000,0.000,0.000,0.010,0.280,0.000,0.000,0.000,0.000,0.000
14,2020,490,1458,SE,56008003,5600,8003,Sweden,Djurkliniken Farsta,Djurkliniken Farsta,Vets,Small animal,Sweden,Sweden,Nurse FTE,AQ,2020,3.700,3.700,3.100,2.900,2.900,2.900,2.900,2.900,2.900,2.600,3.500,3.600
14,2020,490,1458,SE,56008003,5600,8003,Sweden,Djurkliniken Farsta,Djurkliniken Farsta,Vets,Small animal,Sweden,Sweden,Support FTE,AQ,2020,1.000,1.000,2.000,2.000,2.000,2.000,2.000,2.000,2.000,2.000,2.000,1.100
14,2020,490,1458,SE,56008003,5600,8003,Sweden,Djurkliniken Farsta,Djurkliniken Farsta,Vets,Small animal,Sweden,Sweden,Vet FTE,AQ,2020,3.600,3.600,3.000,3.000,3.000,4.000,4.000,4.000,4.000,4.000,4.000,4.000
14,2020,490,1459,SE,56008004,5600,8004,Sweden,Djurkliniken Gefle,Djurkliniken Gefle,Vets,Small animal,Sweden,Sweden,Nurse FTE,AQ,2020,12.700,12.700,12.700,13.100,13.800,13.900,13.900,13.900,14.100,14.100,14.100,14.100
14,2020,490,1459,SE,56008004,5600,8004,Sweden,Djurkliniken Gefle,Djurkliniken Gefle,Vets,Small animal,Sweden,Sweden,Support FTE,AQ,2020,4.200,4.200,4.200,4.200,4.200,4.200,4.800,4.800,4.500,4.500,4.500,4.500
14,2020,490,1459,SE,56008004,5600,8004,Sweden,Djurkliniken Gefle,Djurkliniken Gefle,Vets,Small animal,Sweden,Sweden,Vet FTE,AQ,2020,9.900,9.900,9.700,7.700,8.100,8.400,8.000,8.400,8.400,8.400,8.200,8.900
14,2020,490,1460,SE,56008005,5600,8005,Sweden,Djurkliniken Nacka,Djurkliniken Nacka,Vets,Small animal,Sweden,Sweden,Locum Vet FTE,AQ,2020,0.110,0.150,0.070,0.040,0.100,0.140,0.100,0.260,0.000,0.000,0.250,0.030
14,2020,490,1460,SE,56008005,5600,8005,Sweden,Djurkliniken Nacka,Djurkliniken Nacka,Vets,Small animal,Sweden,Sweden,Nurse FTE,AQ,2020,9.200,9.200,9.100,8.800,9.000,9.000,9.000,9.000,9.000,9.000,9.000,10.300
14,2020,490,1460,SE,56008005,5600,8005,Sweden,Djurkliniken Nacka,Djurkliniken Nacka,Vets,Small animal,Sweden,Sweden,Support FTE,AQ,2020,4.300,4.300,4.300,4.300,4.300,4.300,4.300,4.300,4.300,4.300,4.300,4.300
14,2020,490,1460,SE,56008005,5600,8005,Sweden,Djurkliniken Nacka,Djurkliniken Nacka,Vets,Small animal,Sweden,Sweden,Vet FTE,AQ,2020,7.300,7.300,7.600,7.600,7.600,7.600,7.500,7.500,7.500,7.600,8.100,7.500
14,2020,490,1461,SE,56008006,5600,8006,Sweden,Djurkliniken Nyköping,Djurkliniken Nyköpin,Vets,Small animal,Sweden,Sweden,Locum Vet FTE,AQ,2020,0.000,0.260,0.000,0.250,0.000,0.090,0.070,0.080,0.000,0.000,0.000,0.000
14,2020,490,1461,SE,56008006,5600,8006,Sweden,Djurkliniken Nyköping,Djurkliniken Nyköpin,Vets,Small animal,Sweden,Sweden,Nurse FTE,AQ,2020,3.700,3.700,3.700,3.800,4.700,5.300,5.300,5.300,4.600,4.600,4.600,4.600
14,2020,490,1461,SE,56008006,5600,8006,Sweden,Djurkliniken Nyköping,Djurkliniken Nyköpin,Vets,Small animal,Sweden,Sweden,Support FTE,AQ,2020,3.000,3.000,3.200,3.000,3.000,3.000,3.000,3.000,3.000,3.000,3.000,3.000
14,2020,490,1461,SE,56008006,5600,8006,Sweden,Djurkliniken Nyköping,Djurkliniken Nyköpin,Vets,Small animal,Sweden,Sweden,Vet FTE,AQ,2020,2.300,2.300,2.300,2.300,2.300,2.300,3.100,2.800,2.300,2.500,3.300,3.300
14,2020,490,1462,SE,56008007,5600,8007,Sweden,Djurkliniken Roslagstull,Djurkliniken Roslags,Vets,Small animal,Sweden,Sweden,Locum Vet FTE,AQ,2020,0.000,0.000,0.050,0.180,0.150,0.130,0.220,0.000,0.150,0.110,0.000,0.000
14,2020,490,1462,SE,56008007,5600,8007,Sweden,Djurkliniken Roslagstull,Djurkliniken Roslags,Vets,Small animal,Sweden,Sweden,Nurse FTE,AQ,2020,10.300,10.300,7.700,8.000,8.200,8.000,8.700,8.700,8.000,7.500,7.500,9.000
14,2020,490,1462,SE,56008007,5600,8007,Sweden,Djurkliniken Roslagstull,Djurkliniken Roslags,Vets,Small animal,Sweden,Sweden,Support FTE,AQ,2020,1.000,1.000,1.000,1.000,1.000,1.000,1.000,1.000,1.000,1.000,1.000,1.000
14,2020,490,1462,SE,56008007,5600,8007,Sweden,Djurkliniken Roslagstull,Djurkliniken Roslags,Vets,Small animal,Sweden,Sweden,Vet FTE,AQ,2020,3.600,3.600,2.900,3.600,2.800,2.800,2.800,2.800,2.900,2.900,2.900,2.900
14,2020,490,1464,SE,56008009,5600,8009,Sweden,Djurkliniken Åkersberga,Djurkliniken Åkersbe,Vets,Small animal,Sweden,Sweden,Nurse FTE,AQ,2020,2.700,2.700,2.700,2.700,2.700,2.700,2.700,2.700,2.700,2.700,3.700,3.700
14,2020,490,1464,SE,56008009,5600,8009,Sweden,Djurkliniken Åkersberga,Djurkliniken Åkersbe,Vets,Small animal,Sweden,Sweden,Support FTE,AQ,2020,1.000,1.000,0.000,0.000,0.000,0.000,0.000,0.000,0.000,0.000,0.000,0.000
14,2020,490,1465,SE,56008010,5600,8010,Sweden,Djursjukhuset Södra,Djursjukhuset Södra,Vets,Small animal,Sweden,Sweden,Locum Vet FTE,AQ,2020,2.200,0.440,3.870,2.280,2.530,0.430,3.760,2.280,1.610,1.490,2.150,2.660
14,2020,490,1465,SE,56008010,5600,8010,Sweden,Djursjukhuset Södra,Djursjukhuset Södra,Vets,Small animal,Sweden,Sweden,Nurse FTE,AQ,2020,79.700,79.700,81.200,81.500,81.700,82.400,79.600,77.800,82.500,84.600,86.300,89.200
14,2020,490,1465,SE,56008010,5600,8010,Sweden,Djursjukhuset Södra,Djursjukhuset Södra,Vets,Small animal,Sweden,Sweden,Support FTE,AQ,2020,22.400,22.400,22.200,23.100,22.900,21.900,21.900,21.600,21.400,21.400,21.200,21.000
14,2020,490,1465,SE,56008010,5600,8010,Sweden,Djursjukhuset Södra,Djursjukhuset Södra,Vets,Small animal,Sweden,Sweden,Vet FTE,AQ,2020,50.500,50.500,51.300,51.300,49.300,49.800,49.500,48.500,48.500,48.500,48.500,46.900
14,2020,490,1466,SE,56008011,5600,8011,Sweden,Djursjukhuset Västerort,Djursjukhuset Väster,Vets,Small animal,Sweden,Sweden,Locum Vet FTE,AQ,2020,0.510,0.070,0.590,0.160,0.290,0.520,0.110,0.110,0.050,0.030,0.230,0.140
14,2020,490,1466,SE,56008011,5600,8011,Sweden,Djursjukhuset Västerort,Djursjukhuset Väster,Vets,Small animal,Sweden,Sweden,Nurse FTE,AQ,2020,12.500,12.500,12.600,12.200,12.400,12.500,11.300,11.700,11.700,11.700,11.700,12.000
14,2020,490,1466,SE,56008011,5600,8011,Sweden,Djursjukhuset Västerort,Djursjukhuset Väster,Vets,Small animal,Sweden,Sweden,Support FTE,AQ,2020,4.800,4.800,3.800,3.800,3.800,4.700,4.800,4.800,4.800,4.800,4.800,3.800
14,2020,490,1466,SE,56008011,5600,8011,Sweden,Djursjukhuset Västerort,Djursjukhuset Väster,Vets,Small animal,Sweden,Sweden,Vet FTE,AQ,2020,9.100,9.100,8.800,8.600,8.800,10.000,10.000,10.200,10.200,9.400,8.700,10.100
14,2020,490,1467,SE,56008012,5600,8012,Sweden,Djurdoktorn Mälardalen,Djurdoktorn Mälardal,Vets,Small animal,Sweden,Sweden,Nurse FTE,AQ,2020,6.700,6.700,7.200,6.200,6.100,6.100,6.200,6.100,6.100,7.000,6.600,5.300
14,2020,490,1467,SE,56008012,5600,8012,Sweden,Djurdoktorn Mälardalen,Djurdoktorn Mälardal,Vets,Small animal,Sweden,Sweden,Vet FTE,AQ,2020,3.800,3.800,3.800,3.800,3.800,3.800,3.800,3.800,4.000,4.000,4.000,4.000
14,2020,490,1468,SE,56008013,5600,8013,Sweden,Djurkliniken Eskilstuna,Djurkliniken Eskilst,Vets,Small animal,Sweden,Sweden,Nurse FTE,AQ,2020,6.100,6.100,5.400,5.400,5.300,5.300,5.200,5.200,5.200,5.200,5.200,5.200
14,2020,490,1468,SE,56008013,5600,8013,Sweden,Djurkliniken Eskilstuna,Djurkliniken Eskilst,Vets,Small animal,Sweden,Sweden,Support FTE,AQ,2020,1.600,1.600,1.600,2.300,2.500,2.500,2.500,2.500,2.500,2.500,2.500,2.500
14,2020,490,1468,SE,56008013,5600,8013,Sweden,Djurkliniken Eskilstuna,Djurkliniken Eskilst,Vets,Small animal,Sweden,Sweden,Vet FTE,AQ,2020,3.600,3.600,2.800,3.100,3.700,3.700,3.700,3.600,3.600,3.600,3.600,3.600
14,2020,490,1469,SE,56008014,5600,8014,Sweden,Djurkliniken Köping,Djurkliniken Köping,Vets,Small animal,Sweden,Sweden,Nurse FTE,AQ,2020,4.700,4.700,4.200,4.200,4.200,4.200,4.200,4.200,4.200,4.200,4.200,4.200
14,2020,490,1469,SE,56008014,5600,8014,Sweden,Djurkliniken Köping,Djurkliniken Köping,Vets,Small animal,Sweden,Sweden,Support FTE,AQ,2020,0.000,0.000,0.800,0.800,0.800,0.800,0.800,0.800,0.800,0.800,0.800,0.800
14,2020,490,1469,SE,56008014,5600,8014,Sweden,Djurkliniken Köping,Djurkliniken Köping,Vets,Small animal,Sweden,Sweden,Vet FTE,AQ,2020,1.000,1.000,1.000,1.000,0.800,0.800,0.800,0.800,1.000,1.000,1.000,1.000
14,2020,490,1470,SE,56008015,5600,8015,Sweden,Djurkliniken Västerås,Djurkliniken Västerå,Vets,Small animal,Sweden,Sweden,Nurse FTE,AQ,2020,10.400,10.400,9.600,8.900,8.900,9.000,9.200,9.300,9.300,9.100,9.000,8.700
14,2020,490,1470,SE,56008015,5600,8015,Sweden,Djurkliniken Västerås,Djurkliniken Västerå,Vets,Small animal,Sweden,Sweden,Vet FTE,AQ,2020,5.100,5.100,4.300,4.000,4.000,4.000,4.300,4.900,5.000,5.000,5.000,5.200
14,2020,490,1471,SE,56008016,5600,8016,Sweden,Specialistdjursjukhuset Ströms,Specialistdjursjukhu,Vets,Small animal,Sweden,Sweden,Locum Vet FTE,AQ,2020,0.090,0.090,0.000,0.120,0.000,0.270,0.150,0.120,0.140,0.180,0.260,0.190
14,2020,490,1471,SE,56008016,5600,8016,Sweden,Specialistdjursjukhuset Ströms,Specialistdjursjukhu,Vets,Small animal,Sweden,Sweden,Nurse FTE,AQ,2020,70.700,70.700,70.600,70.300,70.200,70.300,70.800,71.100,70.600,73.700,75.400,73.700
14,2020,490,1471,SE,56008016,5600,8016,Sweden,Specialistdjursjukhuset Ströms,Specialistdjursjukhu,Vets,Small animal,Sweden,Sweden,Support FTE,AQ,2020,28.600,28.600,29.700,29.300,29.100,29.200,28.600,28.600,27.700,27.700,27.500,29.300
14,2020,490,1471,SE,56008016,5600,8016,Sweden,Specialistdjursjukhuset Ströms,Specialistdjursjukhu,Vets,Small animal,Sweden,Sweden,Vet FTE,AQ,2020,42.300,42.300,40.600,40.800,40.900,43.000,45.100,45.300,43.700,44.200,44.300,45.900
14,2020,490,1472,SE,56008017,5600,8017,Sweden,Djurkliniken Karlskoga,Djurkliniken Karlsko,Vets,Small animal,Sweden,Sweden,Nurse FTE,AQ,2020,14.100,14.100,13.800,14.600,14.900,14.800,15.800,16.800,16.800,17.900,16.400,16.000
14,2020,490,1472,SE,56008017,5600,8017,Sweden,Djurkliniken Karlskoga,Djurkliniken Karlsko,Vets,Small animal,Sweden,Sweden,Support FTE,AQ,2020,0.000,0.000,0.000,0.000,0.000,0.000,0.000,0.000,0.000,0.500,0.500,0.500
14,2020,490,1472,SE,56008017,5600,8017,Sweden,Djurkliniken Karlskoga,Djurkliniken Karlsko,Vets,Small animal,Sweden,Sweden,Vet FTE,AQ,2020,7.200,7.200,7.800,8.200,7.200,7.400,7.400,7.400,7.400,7.400,7.400,7.400
14,2020,490,1473,SE,56008018,5600,8018,Sweden,Djursjukhuset Karlstad,Djursjukhuset Karlst,Vets,Small animal,Sweden,Sweden,Locum Vet FTE,AQ,2020,0.970,0.770,0.440,0.740,1.290,0.970,0.250,0.190,0.330,0.020,0.010,0.290
14,2020,490,1473,SE,56008018,5600,8018,Sweden,Djursjukhuset Karlstad,Djursjukhuset Karlst,Vets,Small animal,Sweden,Sweden,Nurse FTE,AQ,2020,25.100,25.100,28.200,25.200,25.300,25.300,26.300,22.700,21.400,21.500,21.800,21.600
14,2020,490,1473,SE,56008018,5600,8018,Sweden,Djursjukhuset Karlstad,Djursjukhuset Karlst,Vets,Small animal,Sweden,Sweden,Support FTE,AQ,2020,8.500,8.500,7.800,6.800,6.800,6.800,7.300,7.000,7.000,8.000,7.000,7.000
14,2020,490,1473,SE,56008018,5600,8018,Sweden,Djursjukhuset Karlstad,Djursjukhuset Karlst,Vets,Small animal,Sweden,Sweden,Vet FTE,AQ,2020,13.600,13.600,14.100,14.600,13.600,13.600,12.800,12.800,12.500,10.200,10.100,11.000
14,2020,490,1474,SE,56008019,5600,8019,Sweden,Djurkliniken Norrköping,Djurkliniken Norrköp,Vets,Small animal,Sweden,Sweden,Locum Vet FTE,AQ,2020,0.000,0.080,0.090,0.000,0.110,0.140,0.000,0.180,0.000,0.300,0.000,0.070
14,2020,490,1474,SE,56008019,5600,8019,Sweden,Djurkliniken Norrköping,Djurkliniken Norrköp,Vets,Small animal,Sweden,Sweden,Nurse FTE,AQ,2020,11.200,11.200,10.200,10.200,10.200,9.500,9.100,10.400,10.400,10.300,10.100,10.100
14,2020,490,1474,SE,56008019,5600,8019,Sweden,Djurkliniken Norrköping,Djurkliniken Norrköp,Vets,Small animal,Sweden,Sweden,Support FTE,AQ,2020,1.000,1.000,1.000,0.000,0.000,0.000,0.000,0.000,0.000,0.000,0.000,0.000
14,2020,490,1474,SE,56008019,5600,8019,Sweden,Djurkliniken Norrköping,Djurkliniken Norrköp,Vets,Small animal,Sweden,Sweden,Vet FTE,AQ,2020,2.600,2.600,2.700,3.100,3.200,3.200,3.700,4.100,3.400,2.700,2.700,2.700
14,2020,490,1475,SE,56008020,5600,8020,Sweden,"Djursjukhus Valla, Linköping","Djursjukhus Valla, L",Vets,Small animal,Sweden,Sweden,Locum Vet FTE,AQ,2020,0.050,0.070,0.000,0.000,0.110,0.150,0.370,0.220,0.110,0.150,0.070,0.200
14,2020,490,1475,SE,56008020,5600,8020,Sweden,"Djursjukhus Valla, Linköping","Djursjukhus Valla, L",Vets,Small animal,Sweden,Sweden,Nurse FTE,AQ,2020,30.000,30.000,30.300,29.500,30.200,29.000,30.600,31.800,31.200,32.100,31.200,32.400
14,2020,490,1475,SE,56008020,5600,8020,Sweden,"Djursjukhus Valla, Linköping","Djursjukhus Valla, L",Vets,Small animal,Sweden,Sweden,Support FTE,AQ,2020,11.900,11.900,10.600,10.000,10.600,10.400,10.400,10.400,10.400,11.100,11.400,11.400
14,2020,490,1475,SE,56008020,5600,8020,Sweden,"Djursjukhus Valla, Linköping","Djursjukhus Valla, L",Vets,Small animal,Sweden,Sweden,Vet FTE,AQ,2020,17.100,17.100,14.400,15.000,14.800,14.900,15.600,15.600,15.600,15.800,16.400,15.600
14,2020,490,1476,SE,56008021,5600,8021,Sweden,Djurkliniken Frölunda,Djurkliniken Frölund,Vets,Small animal,Sweden,Sweden,Nurse FTE,AQ,2020,4.200,4.200,3.400,3.400,3.400,3.400,3.400,3.400,3.400,3.400,3.400,3.400
14,2020,490,1476,SE,56008021,5600,8021,Sweden,Djurkliniken Frölunda,Djurkliniken Frölund,Vets,Small animal,Sweden,Sweden,Support FTE,AQ,2020,0.800,0.800,0.700,0.700,0.700,0.700,0.700,0.700,0.700,0.800,0.800,0.700
14,2020,490,1476,SE,56008021,5600,8021,Sweden,Djurkliniken Frölunda,Djurkliniken Frölund,Vets,Small animal,Sweden,Sweden,Vet FTE,AQ,2020,2.400,2.400,2.400,2.400,2.400,2.400,2.500,2.500,2.500,2.700,2.700,2.700
14,2020,490,1477,SE,56008022,5600,8022,Sweden,Djurkliniken Kungälv,Djurkliniken Kungälv,Vets,Small animal,Sweden,Sweden,Nurse FTE,AQ,2020,3.900,3.900,5.100,5.800,5.900,5.900,5.900,6.500,6.900,6.900,6.900,6.900
14,2020,490,1477,SE,56008022,5600,8022,Sweden,Djurkliniken Kungälv,Djurkliniken Kungälv,Vets,Small animal,Sweden,Sweden,Support FTE,AQ,2020,1.900,1.900,1.900,1.900,1.900,1.900,1.900,1.900,1.900,1.900,1.900,1.900
14,2020,490,1477,SE,56008022,5600,8022,Sweden,Djurkliniken Kungälv,Djurkliniken Kungälv,Vets,Small animal,Sweden,Sweden,Vet FTE,AQ,2020,5.600,5.600,5.600,5.600,4.600,4.700,4.800,4.800,4.800,4.800,4.700,4.600
14,2020,490,1478,SE,56008023,5600,8023,Sweden,Djurkliniken Kållered,Djurkliniken Kållere,Vets,Small animal,Sweden,Sweden,Locum Vet FTE,AQ,2020,0.120,0.160,0.110,0.090,0.050,0.230,0.120,0.180,0.090,0.090,0.050,0.130
14,2020,490,1478,SE,56008023,5600,8023,Sweden,Djurkliniken Kållered,Djurkliniken Kållere,Vets,Small animal,Sweden,Sweden,Nurse FTE,AQ,2020,4.500,4.500,4.500,5.300,5.500,5.500,5.500,5.500,5.500,5.500,5.500,5.500
14,2020,490,1478,SE,56008023,5600,8023,Sweden,Djurkliniken Kållered,Djurkliniken Kållere,Vets,Small animal,Sweden,Sweden,Support FTE,AQ,2020,1.000,1.000,1.000,1.000,1.000,1.000,1.000,1.000,1.000,1.000,1.000,1.000
14,2020,490,1478,SE,56008023,5600,8023,Sweden,Djurkliniken Kållered,Djurkliniken Kållere,Vets,Small animal,Sweden,Sweden,Vet FTE,AQ,2020,3.000,3.000,3.000,3.000,3.000,3.000,3.000,3.000,3.000,2.700,2.600,4.200
14,2020,490,1479,SE,56008024,5600,8024,Sweden,Djurkliniken Mölndal,Djurkliniken Mölndal,Vets,Small animal,Sweden,Sweden,Nurse FTE,AQ,2020,2.400,2.400,2.400,2.600,2.600,2.600,2.600,2.600,2.600,2.600,2.600,3.000
14,2020,490,1479,SE,56008024,5600,8024,Sweden,Djurkliniken Mölndal,Djurkliniken Mölndal,Vets,Small animal,Sweden,Sweden,Support FTE,AQ,2020,1.700,1.700,1.700,1.700,1.700,1.700,1.700,1.700,1.700,1.700,1.700,1.700
14,2020,490,1479,SE,56008024,5600,8024,Sweden,Djurkliniken Mölndal,Djurkliniken Mölndal,Vets,Small animal,Sweden,Sweden,Vet FTE,AQ,2020,2.800,2.800,4.000,4.000,3.900,3.700,3.200,3.200,3.200,3.200,3.200,3.200
14,2020,490,1481,SE,56008026,5600,8026,Sweden,Djursjukhuset Göteborg,Djursjukhuset Götebo,Vets,Small animal,Sweden,Sweden,Locum Vet FTE,AQ,2020,0.000,0.000,0.000,0.000,0.000,0.040,0.000,0.000,0.000,0.000,0.000,0.000
14,2020,490,1481,SE,56008026,5600,8026,Sweden,Djursjukhuset Göteborg,Djursjukhuset Götebo,Vets,Small animal,Sweden,Sweden,Nurse FTE,AQ,2020,13.400,13.400,12.500,13.800,13.600,12.900,12.700,13.700,15.200,17.400,13.900,15.500
14,2020,490,1481,SE,56008026,5600,8026,Sweden,Djursjukhuset Göteborg,Djursjukhuset Götebo,Vets,Small animal,Sweden,Sweden,Support FTE,AQ,2020,9.800,9.800,9.800,8.400,8.300,8.500,8.300,8.300,9.300,9.300,9.300,8.300
14,2020,490,1481,SE,56008026,5600,8026,Sweden,Djursjukhuset Göteborg,Djursjukhuset Götebo,Vets,Small animal,Sweden,Sweden,Vet FTE,AQ,2020,15.300,15.300,13.500,13.500,13.500,13.500,13.500,14.200,14.300,14.300,14.300,14.300
14,2020,490,1482,SE,56008027,5600,8027,Sweden,Djursjukhuset Norra Halland,Djursjukhuset Norra,Vets,Small animal,Sweden,Sweden,Locum Vet FTE,AQ,2020,0.000,0.030,0.040,0.020,0.060,0.080,0.000,0.060,0.050,0.090,0.030,0.000
14,2020,490,1482,SE,56008027,5600,8027,Sweden,Djursjukhuset Norra Halland,Djursjukhuset Norra,Vets,Small animal,Sweden,Sweden,Nurse FTE,AQ,2020,11.200,11.200,10.200,10.200,9.400,9.400,10.400,10.400,10.600,10.600,10.600,10.600
14,2020,490,1482,SE,56008027,5600,8027,Sweden,Djursjukhuset Norra Halland,Djursjukhuset Norra,Vets,Small animal,Sweden,Sweden,Support FTE,AQ,2020,4.800,4.800,4.800,4.800,4.800,4.800,4.800,4.800,4.800,4.800,4.800,5.600
14,2020,490,1482,SE,56008027,5600,8027,Sweden,Djursjukhuset Norra Halland,Djursjukhuset Norra,Vets,Small animal,Sweden,Sweden,Vet FTE,AQ,2020,6.800,6.800,6.900,6.900,6.900,6.900,6.800,6.700,6.700,6.700,7.000,7.800
14,2020,490,1483,SE,56008028,5600,8028,Sweden,Djurkliniken Kristianstad,Djurkliniken Kristia,Vets,Small animal,Sweden,Sweden,Nurse FTE,AQ,2020,7.500,7.500,4.400,5.500,6.400,7.100,7.900,7.700,6.800,7.500,7.800,8.500
14,2020,490,1483,SE,56008028,5600,8028,Sweden,Djurkliniken Kristianstad,Djurkliniken Kristia,Vets,Small animal,Sweden,Sweden,Support FTE,AQ,2020,0.800,0.800,0.800,0.800,0.800,0.800,0.800,0.800,0.800,0.800,0.800,0.800
14,2020,490,1483,SE,56008028,5600,8028,Sweden,Djurkliniken Kristianstad,Djurkliniken Kristia,Vets,Small animal,Sweden,Sweden,Vet FTE,AQ,2020,4.600,4.600,4.600,4.600,4.600,4.600,4.600,4.600,4.600,4.600,4.600,4.600
14,2020,490,1485,SE,56008030,5600,8030,Sweden,Djursjukhuset Växjö,Djursjukhuset Växjö,Vets,Small animal,Sweden,Sweden,Locum Vet FTE,AQ,2020,0.000,0.420,0.500,0.320,0.000,0.000,0.060,0.010,0.000,0.020,0.680,0.590
14,2020,490,1485,SE,56008030,5600,8030,Sweden,Djursjukhuset Växjö,Djursjukhuset Växjö,Vets,Small animal,Sweden,Sweden,Nurse FTE,AQ,2020,16.600,16.600,15.700,15.400,15.900,14.900,14.400,14.600,14.500,14.600,14.700,14.200
14,2020,490,1485,SE,56008030,5600,8030,Sweden,Djursjukhuset Växjö,Djursjukhuset Växjö,Vets,Small animal,Sweden,Sweden,Support FTE,AQ,2020,8.600,8.600,7.400,8.300,8.300,8.300,8.300,8.700,8.700,8.700,7.700,8.700
14,2020,490,1485,SE,56008030,5600,8030,Sweden,Djursjukhuset Växjö,Djursjukhuset Växjö,Vets,Small animal,Sweden,Sweden,Vet FTE,AQ,2020,8.900,8.900,9.300,7.200,7.900,8.000,8.000,8.900,9.800,8.500,8.000,8.800
14,2020,490,1486,SE,56008031,5600,8031,Sweden,HBG Specialistdjursjukhuset He,Specialistdjursjukhu,Vets,Small animal,Sweden,Sweden,Locum Vet FTE,AQ,2020,0.230,0.590,0.480,0.170,1.190,0.000,0.200,0.280,0.220,0.550,0.290,0.000
14,2020,490,1486,SE,56008031,5600,8031,Sweden,HBG Specialistdjursjukhuset He,Specialistdjursjukhu,Vets,Small animal,Sweden,Sweden,Nurse FTE,AQ,2020,41.800,41.800,44.900,40.700,46.500,41.600,41.900,41.500,42.200,42.800,43.100,44.900
14,2020,490,1486,SE,56008031,5600,8031,Sweden,HBG Specialistdjursjukhuset He,Specialistdjursjukhu,Vets,Small animal,Sweden,Sweden,Support FTE,AQ,2020,24.100,24.100,22.500,21.900,22.000,22.200,22.400,22.700,22.100,21.800,21.600,22.900
14,2020,490,1486,SE,56008031,5600,8031,Sweden,HBG Specialistdjursjukhuset He,Specialistdjursjukhu,Vets,Small animal,Sweden,Sweden,Vet FTE,AQ,2020,35.600,35.600,30.100,30.300,28.300,29.800,30.100,32.400,31.500,32.200,32.200,34.000
14,2020,490,1487,SE,56008032,5600,8032,Sweden,Djurkliniken Höllviken,Djurkliniken Höllvik,Vets,Small animal,Sweden,Sweden,Locum Vet FTE,AQ,2020,0.000,0.050,0.030,0.020,0.010,0.000,0.010,0.030,0.010,0.020,0.020,0.040
14,2020,490,1487,SE,56008032,5600,8032,Sweden,Djurkliniken Höllviken,Djurkliniken Höllvik,Vets,Small animal,Sweden,Sweden,Nurse FTE,AQ,2020,3.800,3.800,3.800,3.800,3.800,3.800,3.900,3.800,3.800,3.800,3.800,3.800
14,2020,490,1487,SE,56008032,5600,8032,Sweden,Djurkliniken Höllviken,Djurkliniken Höllvik,Vets,Small animal,Sweden,Sweden,Support FTE,AQ,2020,3.200,3.200,3.300,3.300,3.200,3.200,3.200,3.900,4.200,4.200,5.200,5.200
14,2020,490,1487,SE,56008032,5600,8032,Sweden,Djurkliniken Höllviken,Djurkliniken Höllvik,Vets,Small animal,Sweden,Sweden,Vet FTE,AQ,2020,3.800,3.800,2.800,2.800,2.800,1.800,1.800,1.800,1.800,1.800,1.800,1.800
14,2020,490,1488,SE,56008033,5600,8033,Sweden,Djurkliniken Trelleborg,Djurkliniken Trelleb,Vets,Small animal,Sweden,Sweden,Nurse FTE,AQ,2020,3.800,3.800,3.800,3.800,3.800,3.800,3.800,3.800,3.100,2.800,2.800,3.500
14,2020,490,1488,SE,56008033,5600,8033,Sweden,Djurkliniken Trelleborg,Djurkliniken Trelleb,Vets,Small animal,Sweden,Sweden,Vet FTE,AQ,2020,1.800,1.800,1.800,1.800,1.800,1.800,1.000,1.000,0.800,0.000,0.300,1.000
14,2020,490,1489,SE,56008034,5600,8034,Sweden,Djurkliniken Ystad,Djurkliniken Ystad,Vets,Small animal,Sweden,Sweden,Locum Vet FTE,AQ,2020,0.000,0.030,0.000,0.030,0.040,0.010,0.060,0.000,0.000,0.000,0.000,0.000
14,2020,490,1489,SE,56008034,5600,8034,Sweden,Djurkliniken Ystad,Djurkliniken Ystad,Vets,Small animal,Sweden,Sweden,Nurse FTE,AQ,2020,5.600,5.600,6.600,6.600,6.600,5.900,6.200,6.300,6.300,6.300,7.300,7.100
14,2020,490,1489,SE,56008034,5600,8034,Sweden,Djurkliniken Ystad,Djurkliniken Ystad,Vets,Small animal,Sweden,Sweden,Support FTE,AQ,2020,1.000,1.000,1.000,1.000,1.000,1.000,1.000,1.000,1.000,1.000,1.000,1.000
14,2020,490,1489,SE,56008034,5600,8034,Sweden,Djurkliniken Ystad,Djurkliniken Ystad,Vets,Small animal,Sweden,Sweden,Vet FTE,AQ,2020,3.600,3.600,3.600,2.900,2.400,2.400,2.400,2.400,2.400,2.400,2.400,3.200
14,2020,490,1490,SE,56008035,5600,8035,Sweden,Djurkliniken Staffanstorp,Djurkliniken Staffan,Vets,Small animal,Sweden,Sweden,Nurse FTE,AQ,2020,3.800,3.800,3.800,3.800,3.000,4.000,4.000,3.800,3.000,3.000,3.200,3.400
14,2020,490,1490,SE,56008035,5600,8035,Sweden,Djurkliniken Staffanstorp,Djurkliniken Staffan,Vets,Small animal,Sweden,Sweden,Support FTE,AQ,2020,0.100,0.100,0.100,0.100,0.100,0.100,0.100,0.100,0.100,0.000,0.000,0.100
14,2020,490,1490,SE,56008035,5600,8035,Sweden,Djurkliniken Staffanstorp,Djurkliniken Staffan,Vets,Small animal,Sweden,Sweden,Vet FTE,AQ,2020,1.000,1.000,2.000,2.000,2.000,2.000,1.800,1.800,2.000,2.000,1.800,1.800
14,2020,490,1491,SE,56008036,5600,8036,Sweden,Djursjukhuset Malmö,Djursjukhuset Malmö,Vets,Small animal,Sweden,Sweden,Locum Vet FTE,AQ,2020,0.420,0.270,0.450,0.710,0.330,0.740,0.500,0.800,0.440,0.230,0.450,0.720
14,2020,490,1491,SE,56008036,5600,8036,Sweden,Djursjukhuset Malmö,Djursjukhuset Malmö,Vets,Small animal,Sweden,Sweden,Nurse FTE,AQ,2020,44.800,44.800,44.700,44.200,45.900,45.700,48.300,51.000,51.100,51.600,51.600,50.700
14,2020,490,1491,SE,56008036,5600,8036,Sweden,Djursjukhuset Malmö,Djursjukhuset Malmö,Vets,Small animal,Sweden,Sweden,Support FTE,AQ,2020,22.400,22.400,20.200,20.900,20.800,20.500,18.700,18.900,19.100,19.400,20.000,20.300
14,2020,490,1491,SE,56008036,5600,8036,Sweden,Djursjukhuset Malmö,Djursjukhuset Malmö,Vets,Small animal,Sweden,Sweden,Vet FTE,AQ,2020,28.200,28.200,26.300,26.900,26.100,27.300,28.300,28.300,27.300,25.600,26.800,27.600
14,2020,490,1505,SE,56008050,5600,8050,Sweden,Evidensia Smådjurskliniken Jön,Evidensia Smådjurskl,Vets,Small animal,Sweden,Sweden,Locum Vet FTE,AQ,2020,0.110,0.000,0.070,0.000,0.020,0.020,0.000,0.050,0.060,0.000,0.140,0.000
14,2020,490,1505,SE,56008050,5600,8050,Sweden,Evidensia Smådjurskliniken Jön,Evidensia Smådjurskl,Vets,Small animal,Sweden,Sweden,Nurse FTE,AQ,2020,11.400,11.400,11.100,11.100,11.100,11.100,11.200,12.100,12.100,12.100,12.100,12.100
14,2020,490,1505,SE,56008050,5600,8050,Sweden,Evidensia Smådjurskliniken Jön,Evidensia Smådjurskl,Vets,Small animal,Sweden,Sweden,Support FTE,AQ,2020,3.500,3.500,3.800,3.800,3.800,3.800,3.800,3.800,3.800,3.800,4.100,5.000
14,2020,490,1505,SE,56008050,5600,8050,Sweden,Evidensia Smådjurskliniken Jön,Evidensia Smådjurskl,Vets,Small animal,Sweden,Sweden,Vet FTE,AQ,2020,5.400,5.400,5.900,5.900,5.800,6.300,6.900,7.100,7.200,7.200,7.200,7.300
14,2020,490,1506,SE,56008051,5600,8051,Sweden,Djursjukhuset Analysen Örebro,Djursjukhuset Analys,Vets,Small animal,Sweden,Sweden,Nurse FTE,AQ,2020,8.600,8.600,7.500,7.525,7.525,7.977,8.525,8.525,8.525,8.500,8.525,8.500
14,2020,490,1506,SE,56008051,5600,8051,Sweden,Djursjukhuset Analysen Örebro,Djursjukhuset Analys,Vets,Small animal,Sweden,Sweden,Support FTE,AQ,2020,2.000,2.000,2.000,2.000,2.000,2.000,2.000,2.000,2.000,2.000,2.000,2.000
14,2020,490,1506,SE,56008051,5600,8051,Sweden,Djursjukhuset Analysen Örebro,Djursjukhuset Analys,Vets,Small animal,Sweden,Sweden,Vet FTE,AQ,2020,6.950,6.950,6.550,5.600,5.200,3.900,3.800,3.800,4.100,4.300,3.800,4.200
14,2020,490,1507,SE,56008052,5600,8052,Sweden,Mälarhöjdens Veterinärpraktik,Mälarhöjdens Veterin,Vets,Small animal,Sweden,Sweden,Locum Vet FTE,AQ,2020,0.000,0.000,0.000,0.020,0.000,0.000,0.000,0.000,0.000,0.000,0.000,0.000
14,2020,490,1507,SE,56008052,5600,8052,Sweden,Mälarhöjdens Veterinärpraktik,Mälarhöjdens Veterin,Vets,Small animal,Sweden,Sweden,Nurse FTE,AQ,2020,4.100,4.100,3.600,4.400,3.900,3.800,3.800,3.800,4.200,4.000,4.400,4.000
14,2020,490,1507,SE,56008052,5600,8052,Sweden,Mälarhöjdens Veterinärpraktik,Mälarhöjdens Veterin,Vets,Small animal,Sweden,Sweden,Support FTE,AQ,2020,1.000,1.000,1.000,1.000,1.000,1.000,1.000,0.800,0.800,0.800,0.800,0.800
14,2020,490,1507,SE,56008052,5600,8052,Sweden,Mälarhöjdens Veterinärpraktik,Mälarhöjdens Veterin,Vets,Small animal,Sweden,Sweden,Vet FTE,AQ,2020,5.500,5.500,4.600,5.400,5.400,4.800,4.800,4.800,4.900,5.000,5.000,5.000
14,2020,490,1518,SE,56008063,5600,8063,Sweden,Kullabygden,Kullabygden,Vets,Small animal,Sweden,Sweden,Nurse FTE,AQ,2020,5.100,5.100,4.000,3.600,3.600,3.600,3.400,3.400,3.600,3.400,3.400,4.200
14,2020,490,1518,SE,56008063,5600,8063,Sweden,Kullabygden,Kullabygden,Vets,Small animal,Sweden,Sweden,Support FTE,AQ,2020,4.900,4.900,4.500,4.600,4.700,4.700,4.700,4.700,4.700,4.700,4.600,4.600
14,2020,490,1518,SE,56008063,5600,8063,Sweden,Kullabygden,Kullabygden,Vets,Small animal,Sweden,Sweden,Vet FTE,AQ,2020,4.000,4.000,3.000,2.800,2.900,3.100,3.400,3.400,3.400,3.400,3.400,3.400
14,2020,490,1520,SE,56008065,5600,8065,Sweden,Södra Berget Veterinärpraktik,Södra Berget Veterin,Vets,Small animal,Sweden,Sweden,Locum Vet FTE,AQ,2020,0.370,0.430,0.080,0.210,0.740,0.730,0.260,0.430,0.280,0.720,0.120,0.460
14,2020,490,1520,SE,56008065,5600,8065,Sweden,Södra Berget Veterinärpraktik,Södra Berget Veterin,Vets,Small animal,Sweden,Sweden,Nurse FTE,AQ,2020,19.900,19.900,19.000,19.000,20.100,19.900,19.900,19.900,19.000,19.000,19.000,19.000
14,2020,490,1520,SE,56008065,5600,8065,Sweden,Södra Berget Veterinärpraktik,Södra Berget Veterin,Vets,Small animal,Sweden,Sweden,Support FTE,AQ,2020,6.900,6.900,6.900,6.900,6.900,6.900,6.900,6.900,6.900,6.900,6.900,6.900
14,2020,490,1520,SE,56008065,5600,8065,Sweden,Södra Berget Veterinärpraktik,Södra Berget Veterin,Vets,Small animal,Sweden,Sweden,Vet FTE,AQ,2020,9.300,9.300,9.500,9.500,9.600,9.600,10.600,10.600,10.600,10.600,10.600,11.600
14,2020,490,1521,SE,56008066,5600,8066,Sweden,Veterinärkliniken Malmö Eviden,Oresund Malmo Veter,Vets,Small animal,Sweden,Sweden,Nurse FTE,AQ,2020,6.100,6.100,6.200,6.000,5.200,5.700,5.800,5.600,5.800,5.000,4.900,4.900
14,2020,490,1521,SE,56008066,5600,8066,Sweden,Veterinärkliniken Malmö Eviden,Oresund Malmo Veter,Vets,Small animal,Sweden,Sweden,Support FTE,AQ,2020,5.500,5.500,6.300,5.300,5.300,5.300,5.300,5.300,5.300,5.300,5.300,5.300
14,2020,490,1521,SE,56008066,5600,8066,Sweden,Veterinärkliniken Malmö Eviden,Oresund Malmo Veter,Vets,Small animal,Sweden,Sweden,Vet FTE,AQ,2020,4.100,4.100,4.100,4.100,4.700,4.300,4.300,4.300,3.400,3.400,3.400,3.400
14,2020,490,1522,SE,56008067,5600,8067,Sweden,Veterinärkliniken Limhamn Evid,Limhamn Veterinarpra,Vets,Small animal,Sweden,Sweden,Locum Vet FTE,AQ,2020,0.000,0.000,0.000,0.000,0.000,0.000,0.020,0.050,0.090,0.000,0.140,0.000
14,2020,490,1522,SE,56008067,5600,8067,Sweden,Veterinärkliniken Limhamn Evid,Limhamn Veterinarpra,Vets,Small animal,Sweden,Sweden,Nurse FTE,AQ,2020,4.800,4.800,4.900,5.700,5.000,3.200,5.600,5.800,6.100,6.600,5.800,5.600
14,2020,490,1522,SE,56008067,5600,8067,Sweden,Veterinärkliniken Limhamn Evid,Limhamn Veterinarpra,Vets,Small animal,Sweden,Sweden,Support FTE,AQ,2020,2.300,2.300,2.300,2.300,2.300,2.300,2.000,2.000,2.000,2.000,2.200,1.800
14,2020,490,1522,SE,56008067,5600,8067,Sweden,Veterinärkliniken Limhamn Evid,Limhamn Veterinarpra,Vets,Small animal,Sweden,Sweden,Vet FTE,AQ,2020,3.000,3.000,2.000,3.000,3.400,4.000,4.000,4.000,4.000,4.000,3.500,3.000
14,2020,490,1523,SE,56008068,5600,8068,Sweden,Visby Veterinärpraktik,Visby Veterinarprakt,Vets,Small animal,Sweden,Sweden,Locum Vet FTE,AQ,2020,0.690,1.180,0.000,0.480,0.460,0.590,1.850,0.820,0.600,1.840,-0.210,1.170
14,2020,490,1523,SE,56008068,5600,8068,Sweden,Visby Veterinärpraktik,Visby Veterinarprakt,Vets,Small animal,Sweden,Sweden,Nurse FTE,AQ,2020,5.600,5.600,5.600,5.600,5.600,5.600,5.600,5.900,6.100,6.100,6.100,6.100
14,2020,490,1523,SE,56008068,5600,8068,Sweden,Visby Veterinärpraktik,Visby Veterinarprakt,Vets,Small animal,Sweden,Sweden,Vet FTE,AQ,2020,1.000,1.000,2.000,2.000,2.000,2.000,2.000,2.000,2.000,2.000,2.000,2.000
14,2020,490,1526,SE,56008072,5600,8072,Sweden,Veterinärhuset Lidköping,Lidkoping,Vets,Small animal,Sweden,Sweden,Locum Vet FTE,AQ,2020,0.000,0.000,0.000,0.000,0.000,0.000,0.000,0.000,0.480,0.000,0.000,0.000
14,2020,490,1526,SE,56008072,5600,8072,Sweden,Veterinärhuset Lidköping,Lidkoping,Vets,Small animal,Sweden,Sweden,Nurse FTE,AQ,2020,8.000,8.000,7.100,7.100,7.100,7.100,7.100,6.300,6.200,6.300,6.300,6.300
14,2020,490,1526,SE,56008072,5600,8072,Sweden,Veterinärhuset Lidköping,Lidkoping,Vets,Small animal,Sweden,Sweden,Support FTE,AQ,2020,1.000,1.000,1.000,1.000,1.000,1.000,1.000,1.000,1.000,1.000,1.000,0.800
14,2020,490,1526,SE,56008072,5600,8072,Sweden,Veterinärhuset Lidköping,Lidkoping,Vets,Small animal,Sweden,Sweden,Vet FTE,AQ,2020,1.800,1.800,3.200,3.200,3.200,3.100,3.300,3.300,3.400,3.400,3.400,3.400
14,2020,490,1527,SE,56008073,5600,8073,Sweden,Ugglarp Gard Hast,Ugglarp Gard Hast,Vets,Equine,Sweden,Sweden,Locum Vet FTE,AQ,2020,0.610,0.240,0.190,0.060,0.330,0.130,0.540,0.640,0.320,0.080,0.000,0.470
14,2020,490,1527,SE,56008073,5600,8073,Sweden,Ugglarp Gard Hast,Ugglarp Gard Hast,Vets,Equine,Sweden,Sweden,Nurse FTE,AQ,2020,3.500,3.500,3.500,3.500,3.500,3.500,3.500,3.500,3.500,3.500,3.500,3.500
14,2020,490,1527,SE,56008073,5600,8073,Sweden,Ugglarp Gard Hast,Ugglarp Gard Hast,Vets,Equine,Sweden,Sweden,Support FTE,AQ,2020,0.900,0.900,0.900,0.900,0.900,0.900,0.900,0.900,0.900,0.900,0.900,0.900
14,2020,490,1527,SE,56008073,5600,8073,Sweden,Ugglarp Gard Hast,Ugglarp Gard Hast,Vets,Equine,Sweden,Sweden,Vet FTE,AQ,2020,2.700,2.700,2.700,2.700,2.000,2.000,2.000,2.000,3.000,2.000,1.700,2.400
14,2020,490,1528,SE,56008074,5600,8074,Sweden,Ugglarp Gard Smadjur,Ugglarp Gard Hast,Vets,Small animal,Sweden,Sweden,Nurse FTE,AQ,2020,5.300,5.300,4.300,4.300,4.300,5.100,5.100,5.100,5.100,5.100,4.400,4.300
14,2020,490,1528,SE,56008074,5600,8074,Sweden,Ugglarp Gard Smadjur,Ugglarp Gard Hast,Vets,Small animal,Sweden,Sweden,Support FTE,AQ,2020,2.000,2.000,2.800,3.000,3.000,3.000,3.000,3.000,3.000,3.000,3.000,3.000
14,2020,490,1528,SE,56008074,5600,8074,Sweden,Ugglarp Gard Smadjur,Ugglarp Gard Hast,Vets,Small animal,Sweden,Sweden,Vet FTE,AQ,2020,1.300,1.300,1.300,1.900,2.100,2.100,2.100,1.300,1.300,1.300,1.300,1.300
14,2020,490,1529,SE,56008075,5600,8075,Sweden,On-line Vet,On-line Vet,Vets,Small animal,Sweden,Sweden,Support FTE,AQ,2020,1.000,1.000,0.000,0.000,0.000,0.000,0.000,0.000,0.000,0.000,0.000,0.000
14,2020,490,1529,SE,56008075,5600,8075,Sweden,On-line Vet,On-line Vet,Vets,Small animal,Sweden,Sweden,Vet FTE,AQ,2020,0.600,0.600,0.000,0.000,0.000,1.000,1.000,1.000,1.000,1.000,1.000,1.000
14,2020,490,1532,SE,56008078,5600,8078,Sweden,Viken Smådjursklinik Evidensia,Viken Smådjursklinik,Vets,Small animal,Sweden,Sweden,Locum Vet FTE,AQ,2020,0.000,0.000,0.000,0.010,0.000,0.000,0.000,0.000,0.000,0.000,0.000,0.000
14,2020,490,1534,SE,56008080,5600,8080,Sweden,Lunds Djursjukhus,Lunds Djursjukhus AB,Vets,Small animal,Sweden,Sweden,Locum Vet FTE,AQ,2020,3.040,0.810,1.380,0.960,0.560,0.050,0.600,0.450,0.390,0.280,0.250,0.610
14,2020,490,1534,SE,56008080,5600,8080,Sweden,Lunds Djursjukhus,Lunds Djursjukhus AB,Vets,Small animal,Sweden,Sweden,Nurse FTE,AQ,2020,24.300,24.300,23.500,22.300,23.600,21.700,21.700,23.500,24.100,24.600,25.500,28.900
14,2020,490,1534,SE,56008080,5600,8080,Sweden,Lunds Djursjukhus,Lunds Djursjukhus AB,Vets,Small animal,Sweden,Sweden,Support FTE,AQ,2020,5.100,5.100,5.100,5.100,4.100,4.100,3.800,3.800,3.800,3.800,3.800,4.000
14,2020,490,1534,SE,56008080,5600,8080,Sweden,Lunds Djursjukhus,Lunds Djursjukhus AB,Vets,Small animal,Sweden,Sweden,Vet FTE,AQ,2020,15.100,15.100,14.000,13.200,13.000,13.300,13.100,13.500,13.300,13.400,13.400,14.400
14,2020,490,32634,SE,56008084,5600,8084,Sweden,HO,Lidingö,HO,HO,Sweden,Sweden,Nurse FTE,AQ,2020,0.000,0.000,0.000,0.000,0.000,0.000,0.600,1.500,2.100,2.000,2.200,2.300
14,2020,490,32634,SE,56008084,5600,8084,Sweden,HO,Lidingö,HO,HO,Sweden,Sweden,Support FTE,AQ,2020,0.000,0.000,0.000,0.000,0.000,0.000,0.000,0.000,0.000,0.800,0.200,0.000
14,2020,490,32634,SE,56008084,5600,8084,Sweden,HO,Lidingö,HO,HO,Sweden,Sweden,Vet FTE,AQ,2020,0.000,0.000,0.000,0.000,0.000,0.000,0.200,1.000,1.000,1.000,1.500,1.600
14,2020,490,1542,SE,56009011,5600,9011,Sweden,HO,HQ,HO,HO,Sweden,Sweden,Support FTE,AQ,2020,1.000,1.000,1.000,1.000,1.000,1.000,1.000,1.000,1.000,1.000,1.000,1.000
14,2020,490,1544,SE,56009016,5600,9016,Sweden,HO,HQ,HO,HO,Sweden,Sweden,Support FTE,AQ,2020,4.000,4.000,2.300,1.600,1.000,1.900,2.000,2.000,2.000,2.000,2.000,2.000
14,2020,490,1545,SE,56009017,5600,9017,Sweden,HO,HQ,HO,HO,Sweden,Sweden,Support FTE,AQ,2020,4.900,4.900,3.900,3.500,3.000,1.100,1.000,1.000,2.000,3.000,3.000,3.000
14,2020,490,1548,SE,56009020,5600,9020,Sweden,HO,HQ,HO,HO,Sweden,Sweden,Support FTE,AQ,2020,3.000,3.000,3.000,3.000,1.000,1.000,1.000,1.000,1.000,3.000,3.000,3.000
14,2020,490,1553,SE,56009027,5600,9027,Sweden,HO,HQ,HO,HO,Sweden,Sweden,Support FTE,AQ,2020,1.000,1.000,1.000,1.000,1.000,1.000,1.000,1.000,1.000,1.000,1.000,1.000
14,2020,490,1555,SE,56009030,5600,9030,Sweden,HO,HQ,HO,HO,Sweden,Sweden,Support FTE,AQ,2020,6.700,6.700,5.000,5.000,5.000,3.500,3.000,4.000,4.000,4.000,4.000,4.000
14,2020,490,1559,SE,56009041,5600,9041,Sweden,HO,HQ,HO,HO,Sweden,Sweden,Support FTE,AQ,2020,2.900,2.900,1.900,2.900,8.000,7.900,7.900,7.900,7.900,2.900,2.900,2.900
14,2020,490,1560,SE,56009042,5600,9042,Sweden,HO,HQ,HO,HO,Sweden,Sweden,Support FTE,AQ,2020,2.000,2.000,1.000,2.000,2.000,2.000,2.000,2.000,2.000,2.000,2.000,2.000
14,2020,490,1562,SE,56009044,5600,9044,Sweden,HO,HQ,HO,HO,Sweden,Sweden,Support FTE,AQ,2020,1.000,1.000,0.000,1.000,1.000,1.000,1.000,1.000,1.000,1.000,1.000,1.000
14,2020,490,1566,SE,56009048,5600,9048,Sweden,HO,HQ,HO,HO,Sweden,Sweden,Support FTE,AQ,2020,4.900,4.900,1.000,3.000,3.000,3.000,2.000,2.000,2.000,2.000,2.000,2.000
14,2020,490,1567,SE,56009049,5600,9049,Sweden,HO,HQ,HO,HO,Sweden,Sweden,Support FTE,AQ,2020,7.000,7.000,6.000,5.000,6.000,6.000,6.000,6.000,5.000,5.000,6.000,6.000
14,2020,490,1570,SE,56009060,5600,9060,Sweden,HO,HQ,HO,HO,Sweden,Sweden,Support FTE,AQ,2020,5.000,5.000,5.000,5.500,5.000,5.000,5.000,5.000,5.000,5.000,5.000,5.000
14,2020,490,1572,SE,56009069,5600,9069,Sweden,HO,HQ,HO,HO,Sweden,Sweden,Support FTE,AQ,2020,6.800,6.800,1.000,6.800,4.800,4.100,4.000,4.000,4.000,6.000,6.000,6.000
14,2020,490,1573,SE,56009070,5600,9070,Sweden,HO,Group Support,HO,HO,Sweden,Sweden,Locum Vet FTE,AQ,2020,0.000,0.000,0.000,0.000,0.000,0.000,0.480,0.450,0.000,-0.930,0.000,0.000
14,2020,490,1573,SE,56009070,5600,9070,Sweden,HO,Group Support,HO,HO,Sweden,Sweden,Support FTE,AQ,2020,2.000,2.000,2.000,2.000,0.000,0.000,0.000,0.000,0.000,-8.000,1.000,1.000
14,2020,490,33050,SE,56009082,5600,9082,Sweden,HO,HQ,HO,HO,Sweden,Sweden,Locum Vet FTE,AQ,2020,0.000,0.000,0.000,0.000,0.000,0.000,0.000,0.000,0.000,0.930,0.000,0.000
14,2020,490,33050,SE,56009082,5600,9082,Sweden,HO,HQ,HO,HO,Sweden,Sweden,Support FTE,AQ,2020,0.000,0.000,0.000,0.000,0.000,0.000,0.000,0.000,0.000,9.000,0.000,0.000
14,2020,490,1574,SE,56009110,5600,9110,Sweden,HO,HQ,HO,HO,Sweden,Sweden,Support FTE,AQ,2020,9.000,9.000,10.000,5.700,8.100,5.100,5.100,5.000,5.000,7.000,7.000,6.500
14,2020,490,1577,SE,56009160,5600,9160,Sweden,HO,Pharmacy HO,HO,HO,Sweden,Sweden,Support FTE,AQ,2020,1.000,1.000,1.000,1.000,0.000,0.000,0.000,0.000,0.000,0.000,0.000,0.000
14,2020,491,1607,SE,56018038,5601,8038,Sweden,Hästkliniken Boden,Hästkliniken Boden,Vets,Small animal,Sweden,Sweden,Locum Vet FTE,AQ,2020,0.000,0.040,0.000,0.010,0.020,0.020,0.010,0.020,0.030,0.000,0.020,0.030
14,2020,491,1607,SE,56018038,5601,8038,Sweden,Hästkliniken Boden,Hästkliniken Boden,Vets,Small animal,Sweden,Sweden,Nurse FTE,AQ,2020,3.000,3.000,2.500,2.500,2.500,2.500,2.500,2.200,2.000,2.000,2.000,2.000
14,2020,491,1607,SE,56018038,5601,8038,Sweden,Hästkliniken Boden,Hästkliniken Boden,Vets,Small animal,Sweden,Sweden,Vet FTE,AQ,2020,2.000,2.000,1.800,1.800,1.000,1.000,1.000,1.000,1.000,1.000,1.000,1.000
14,2020,491,1609,SE,56018040,5601,8040,Sweden,Hästkliniken Umeå,HästklinikenSolängen,Vets,Small animal,Sweden,Sweden,Locum Vet FTE,AQ,2020,0.260,0.280,0.000,0.230,0.000,0.010,0.000,0.000,0.000,0.000,0.000,0.000
14,2020,491,1609,SE,56018040,5601,8040,Sweden,Hästkliniken Umeå,HästklinikenSolängen,Vets,Small animal,Sweden,Sweden,Nurse FTE,AQ,2020,3.000,3.000,3.000,3.000,2.400,0.600,0.000,0.000,0.000,0.000,0.000,0.000
14,2020,491,1609,SE,56018040,5601,8040,Sweden,Hästkliniken Umeå,HästklinikenSolängen,Vets,Small animal,Sweden,Sweden,Vet FTE,AQ,2020,1.000,1.000,1.000,1.000,0.700,0.000,0.000,0.000,0.000,0.000,0.000,0.000
14,2020,491,1611,SE,56018042,5601,8042,Sweden,Hästkliniken Mantorp,Hästkliniken Mantorp,Vets,Small animal,Sweden,Sweden,Locum Vet FTE,AQ,2020,0.340,0.240,0.250,0.350,0.310,0.310,0.270,0.220,0.280,0.230,0.050,0.050
14,2020,491,1611,SE,56018042,5601,8042,Sweden,Hästkliniken Mantorp,Hästkliniken Mantorp,Vets,Small animal,Sweden,Sweden,Nurse FTE,AQ,2020,2.000,2.000,3.400,3.300,3.300,3.300,3.300,3.300,3.600,3.600,3.600,3.600
14,2020,491,1611,SE,56018042,5601,8042,Sweden,Hästkliniken Mantorp,Hästkliniken Mantorp,Vets,Small animal,Sweden,Sweden,Support FTE,AQ,2020,3.000,3.000,1.900,1.900,1.900,1.900,1.900,1.900,1.900,1.900,1.900,1.900
14,2020,491,1611,SE,56018042,5601,8042,Sweden,Hästkliniken Mantorp,Hästkliniken Mantorp,Vets,Small animal,Sweden,Sweden,Vet FTE,AQ,2020,3.000,3.000,2.400,2.000,1.800,1.800,2.200,2.800,2.800,2.800,2.800,2.800
14,2020,491,1612,SE,56018043,5601,8043,Sweden,Hästkliniken Örebro,Hästkliniken Örebro,Vets,Small animal,Sweden,Sweden,Nurse FTE,AQ,2020,1.000,1.000,1.000,1.000,1.000,1.000,1.000,1.000,1.000,1.000,0.800,0.000
14,2020,491,1612,SE,56018043,5601,8043,Sweden,Hästkliniken Örebro,Hästkliniken Örebro,Vets,Small animal,Sweden,Sweden,Vet FTE,AQ,2020,2.000,2.000,1.800,1.800,1.800,1.500,0.000,0.000,0.000,0.000,0.000,0.000
14,2020,491,1613,SE,56018044,5601,8044,Sweden,Hästsjukhuset Stav,Hästsjukhuset Stav,Vets,Small animal,Sweden,Sweden,Locum Vet FTE,AQ,2020,0.380,0.430,0.150,0.560,0.510,0.370,0.300,0.570,0.520,0.290,0.150,0.550
14,2020,491,1613,SE,56018044,5601,8044,Sweden,Hästsjukhuset Stav,Hästsjukhuset Stav,Vets,Small animal,Sweden,Sweden,Nurse FTE,AQ,2020,4.000,4.000,4.000,4.000,4.000,4.000,4.000,4.800,5.000,5.000,5.000,5.000
14,2020,491,1613,SE,56018044,5601,8044,Sweden,Hästsjukhuset Stav,Hästsjukhuset Stav,Vets,Small animal,Sweden,Sweden,Vet FTE,AQ,2020,3.000,3.000,3.400,3.400,3.400,4.100,4.400,4.400,4.400,4.400,4.400,4.400
14,2020,491,1614,SE,56018045,5601,8045,Sweden,Specialisthästsjukhuset Ströms,Specialisthästsjukhu,Vets,Equine,Sweden,Sweden,Locum Vet FTE,AQ,2020,0.110,0.050,0.060,0.060,0.030,0.060,0.020,0.050,0.260,0.150,0.080,0.160
14,2020,491,1614,SE,56018045,5601,8045,Sweden,Specialisthästsjukhuset Ströms,Specialisthästsjukhu,Vets,Equine,Sweden,Sweden,Nurse FTE,AQ,2020,12.600,12.600,13.500,13.500,13.500,13.500,13.100,12.500,12.300,10.800,11.800,11.800
14,2020,491,1614,SE,56018045,5601,8045,Sweden,Specialisthästsjukhuset Ströms,Specialisthästsjukhu,Vets,Equine,Sweden,Sweden,Support FTE,AQ,2020,8.000,8.000,8.800,9.400,11.800,11.800,11.800,11.400,10.800,3.800,7.800,7.800
14,2020,491,1614,SE,56018045,5601,8045,Sweden,Specialisthästsjukhuset Ströms,Specialisthästsjukhu,Vets,Equine,Sweden,Sweden,Vet FTE,AQ,2020,10.000,10.000,10.200,10.200,10.200,10.200,10.200,10.200,10.200,10.200,10.200,10.200
14,2020,491,1616,SE,56018047,5601,8047,Sweden,Hästkliniken Gävle,Hästkliniken Gävle,Vets,Small animal,Sweden,Sweden,Locum Vet FTE,AQ,2020,0.310,0.180,0.070,0.120,0.060,0.210,0.120,0.030,0.100,0.120,0.210,0.310
14,2020,491,1616,SE,56018047,5601,8047,Sweden,Hästkliniken Gävle,Hästkliniken Gävle,Vets,Small animal,Sweden,Sweden,Nurse FTE,AQ,2020,1.000,1.000,1.000,1.000,1.000,1.000,1.000,1.000,1.000,1.000,1.000,1.000
14,2020,491,1616,SE,56018047,5601,8047,Sweden,Hästkliniken Gävle,Hästkliniken Gävle,Vets,Small animal,Sweden,Sweden,Support FTE,AQ,2020,1.000,1.000,1.000,1.000,1.000,1.000,1.000,1.000,1.000,1.000,0.900,0.000
14,2020,491,1616,SE,56018047,5601,8047,Sweden,Hästkliniken Gävle,Hästkliniken Gävle,Vets,Small animal,Sweden,Sweden,Vet FTE,AQ,2020,1.000,1.000,1.000,1.000,1.700,2.000,2.000,2.000,2.000,2.000,1.200,1.000
14,2020,491,1617,SE,56018048,5601,8048,Sweden,Hästkliniken Kalmar / Tingsryd,Hästkliniken Kalmar,Vets,Small animal,Sweden,Sweden,Locum Vet FTE,AQ,2020,0.000,0.000,0.000,0.280,0.000,0.000,0.000,0.000,0.000,0.000,0.000,0.000
14,2020,491,1617,SE,56018048,5601,8048,Sweden,Hästkliniken Kalmar / Tingsryd,Hästkliniken Kalmar,Vets,Small animal,Sweden,Sweden,Nurse FTE,AQ,2020,1.500,1.500,1.000,1.000,1.000,1.000,1.000,0.800,0.000,0.000,0.000,0.000
14,2020,491,1617,SE,56018048,5601,8048,Sweden,Hästkliniken Kalmar / Tingsryd,Hästkliniken Kalmar,Vets,Small animal,Sweden,Sweden,Support FTE,AQ,2020,0.000,0.000,1.000,1.000,1.000,1.000,1.000,0.800,0.000,0.000,0.000,0.000
14,2020,491,1617,SE,56018048,5601,8048,Sweden,Hästkliniken Kalmar / Tingsryd,Hästkliniken Kalmar,Vets,Small animal,Sweden,Sweden,Vet FTE,AQ,2020,3.000,3.000,3.700,3.700,3.600,2.800,2.000,2.000,2.000,2.000,2.000,2.000
14,2020,491,1618,SE,56018049,5601,8049,Sweden,Specialisthästsjukhuset Helsin,Specialisthästsjukhu,Vets,Equine,Sweden,Sweden,Locum Vet FTE,AQ,2020,0.330,0.390,0.280,0.120,0.340,0.640,0.090,0.100,0.300,0.400,0.370,0.370
14,2020,491,1618,SE,56018049,5601,8049,Sweden,Specialisthästsjukhuset Helsin,Specialisthästsjukhu,Vets,Equine,Sweden,Sweden,Nurse FTE,AQ,2020,14.000,14.000,16.600,14.900,15.400,15.400,15.400,14.700,15.400,15.000,15.900,16.600
14,2020,491,1618,SE,56018049,5601,8049,Sweden,Specialisthästsjukhuset Helsin,Specialisthästsjukhu,Vets,Equine,Sweden,Sweden,Support FTE,AQ,2020,8.000,8.000,9.200,9.200,9.200,9.200,9.200,9.200,9.200,9.200,9.200,9.200
14,2020,491,1618,SE,56018049,5601,8049,Sweden,Specialisthästsjukhuset Helsin,Specialisthästsjukhu,Vets,Equine,Sweden,Sweden,Vet FTE,AQ,2020,16.000,16.000,20.300,19.100,19.100,18.400,18.000,18.000,17.200,17.200,17.200,17.300
14,2020,491,1647,SE,56019043,5601,9043,Sweden,HO,HQ,HO,HO,Sweden,Sweden,Locum Vet FTE,AQ,2020,0.000,0.000,0.040,0.000,0.000,0.000,0.000,0.000,0.000,0.000,0.000,0.000
14,2020,499,2144,SE,56098076,5609,8076,Sweden,Ecommerce,Malmö VetApotek,E-commerce / pharmacy,E-commerce / pharmacy,Sweden,Sweden,Support FTE,AQ,2020,3.900,3.900,1.900,4.000,4.000,4.000,4.000,4.000,4.000,4.500,5.000,5.600
14,2020,507,6235,SE,56178082,5617,8082,Sweden,HO,Ulvsby Smadjursklini,HO,HO,Sweden,Sweden,Head Office FTE,BDQTY,2020,0.000,0.000,0.000,0.000,0.000,0.000,0.000,0.000,0.000,0.000,0.000,0.000
14,2020,507,6235,SE,56178082,5617,8082,Sweden,HO,Ulvsby Smadjursklini,HO,HO,Sweden,Sweden,Locum Nurse FTE,BDQTY,2020,0.000,0.000,0.000,0.000,0.000,0.000,0.000,0.000,0.000,0.000,0.000,0.000
14,2020,507,6235,SE,56178082,5617,8082,Sweden,HO,Ulvsby Smadjursklini,HO,HO,Sweden,Sweden,Locum Vet FTE,BDQTY,2020,0.000,0.000,0.000,0.000,0.000,0.000,0.000,0.000,0.000,0.000,0.000,0.000
14,2020,507,6235,SE,56178082,5617,8082,Sweden,HO,Ulvsby Smadjursklini,HO,HO,Sweden,Sweden,Nurse FTE,AQ,2020,7.800,7.800,7.800,8.400,8.500,8.500,8.500,8.070,7.800,7.800,7.800,7.800
14,2020,507,6235,SE,56178082,5617,8082,Sweden,HO,Ulvsby Smadjursklini,HO,HO,Sweden,Sweden,Nurse FTE,BDQTY,2020,7.400,7.400,7.400,7.400,7.400,7.400,7.400,7.400,7.400,7.400,7.400,7.400
14,2020,507,6235,SE,56178082,5617,8082,Sweden,HO,Ulvsby Smadjursklini,HO,HO,Sweden,Sweden,Support FTE,AQ,2020,1.550,1.550,1.100,0.800,0.800,0.800,0.240,0.360,0.400,0.400,0.700,0.700
14,2020,507,6235,SE,56178082,5617,8082,Sweden,HO,Ulvsby Smadjursklini,HO,HO,Sweden,Sweden,Support FTE,BDQTY,2020,1.400,1.400,1.400,1.400,1.400,1.400,1.400,1.400,2.400,2.400,2.400,1.400
14,2020,507,6235,SE,56178082,5617,8082,Sweden,HO,Ulvsby Smadjursklini,HO,HO,Sweden,Sweden,Vet FTE,AQ,2020,4.400,4.400,4.400,4.400,4.400,4.400,4.400,4.400,4.400,4.400,4.400,4.400
14,2020,507,6235,SE,56178082,5617,8082,Sweden,HO,Ulvsby Smadjursklini,HO,HO,Sweden,Sweden,Vet FTE,BDQTY,2020,4.400,4.400,4.400,4.400,4.400,4.400,4.400,4.400,4.400,4.400,4.400,4.400
14,2021,332,5282,SE,46018083,4601,8083,Sweden,Cremit AB,Cremit AB,Crematoria,Crematoria,Sweden,Sweden,Support FTE,AQ,2021,3.400,3.400,3.400,3.400,3.400,3.400,3.400,3.400,3.800,3.800,3.800,3.800
14,2021,614,32774,SE,46028085,4602,8085,Sweden,HO,Lekeberg,HO,HO,Sweden,Sweden,Support FTE,AQ,2021,7.000,7.000,7.000,7.900,8.000,8.000,8.000,8.000,8.000,8.000,7.550,7.000
14,2021,333,361,SE,50009010,5000,9010,Sweden,HO,HQ,HO,HO,Group,Group,Head Office FTE,BDQTY,2021,0.000,0.000,0.000,0.000,0.000,0.000,0.000,0.000,0.000,0.000,0.000,0.000
14,2021,333,361,SE,50009010,5000,9010,Sweden,HO,HQ,HO,HO,Group,Group,Locum Nurse FTE,BDQTY,2021,0.000,0.000,0.000,0.000,0.000,0.000,0.000,0.000,0.000,0.000,0.000,0.000
14,2021,333,361,SE,50009010,5000,9010,Sweden,HO,HQ,HO,HO,Group,Group,Locum Vet FTE,BDQTY,2021,0.000,0.000,0.000,0.000,0.000,0.000,0.000,0.000,0.000,0.000,0.000,0.000
14,2021,333,361,SE,50009010,5000,9010,Sweden,HO,HQ,HO,HO,Group,Group,Nurse FTE,BDQTY,2021,0.000,0.000,0.000,0.000,0.000,0.000,0.000,0.000,0.000,0.000,0.000,0.000
14,2021,333,361,SE,50009010,5000,9010,Sweden,HO,HQ,HO,HO,Group,Group,Support FTE,BDQTY,2021,0.000,0.000,0.000,0.000,0.000,0.000,0.000,0.000,0.000,0.000,0.000,0.000
14,2021,333,361,SE,50009010,5000,9010,Sweden,HO,HQ,HO,HO,Group,Group,Vet FTE,BDQTY,2021,0.000,0.000,0.000,0.000,0.000,0.000,0.000,0.000,0.000,0.000,0.000,0.000
14,2021,333,32971,SE,50009074,5000,9074,Sweden,NA,Group Support,NA,NA,NA,NA,Head Office FTE,BDQTY,2021,0.000,0.000,0.000,0.000,0.000,0.000,0.000,0.000,0.000,0.000,0.000,0.000
14,2021,333,32971,SE,50009074,5000,9074,Sweden,NA,Group Support,NA,NA,NA,NA,Locum Nurse FTE,BDQTY,2021,0.000,0.000,0.000,0.000,0.000,0.000,0.000,0.000,0.000,0.000,0.000,0.000
14,2021,333,32971,SE,50009074,5000,9074,Sweden,NA,Group Support,NA,NA,NA,NA,Locum Vet FTE,BDQTY,2021,0.000,0.000,0.000,0.000,0.000,0.000,0.000,0.000,0.000,0.000,0.000,0.000
14,2021,333,32971,SE,50009074,5000,9074,Sweden,NA,Group Support,NA,NA,NA,NA,Nurse FTE,BDQTY,2021,0.000,0.000,0.000,0.000,0.000,0.000,0.000,0.000,0.000,0.000,0.000,0.000
14,2021,333,32971,SE,50009074,5000,9074,Sweden,NA,Group Support,NA,NA,NA,NA,Support FTE,BDQTY,2021,0.000,0.000,0.000,0.000,0.000,0.000,0.000,0.000,0.000,0.000,0.000,0.000
14,2021,333,32971,SE,50009074,5000,9074,Sweden,NA,Group Support,NA,NA,NA,NA,Vet FTE,BDQTY,2021,0.000,0.000,0.000,0.000,0.000,0.000,0.000,0.000,0.000,0.000,0.000,0.000
14,2021,334,403,SE,50019010,5001,9010,Sweden,HO,HQ,HO,HO,Group,Group,Head Office FTE,BDQTY,2021,0.000,0.000,0.000,0.000,0.000,0.000,0.000,0.000,0.000,0.000,0.000,0.000
14,2021,334,403,SE,50019010,5001,9010,Sweden,HO,HQ,HO,HO,Group,Group,Locum Nurse FTE,BDQTY,2021,0.000,0.000,0.000,0.000,0.000,0.000,0.000,0.000,0.000,0.000,0.000,0.000
14,2021,334,403,SE,50019010,5001,9010,Sweden,HO,HQ,HO,HO,Group,Group,Locum Vet FTE,BDQTY,2021,0.000,0.000,0.000,0.000,0.000,0.000,0.000,0.000,0.000,0.000,0.000,0.000
14,2021,334,403,SE,50019010,5001,9010,Sweden,HO,HQ,HO,HO,Group,Group,Nurse FTE,BDQTY,2021,0.000,0.000,0.000,0.000,0.000,0.000,0.000,0.000,0.000,0.000,0.000,0.000
14,2021,334,403,SE,50019010,5001,9010,Sweden,HO,HQ,HO,HO,Group,Group,Support FTE,BDQTY,2021,0.000,0.000,0.000,0.000,0.000,0.000,0.000,0.000,0.000,0.000,0.000,0.000
14,2021,334,403,SE,50019010,5001,9010,Sweden,HO,HQ,HO,HO,Group,Group,Vet FTE,BDQTY,2021,0.000,0.000,0.000,0.000,0.000,0.000,0.000,0.000,0.000,0.000,0.000,0.000
14,2021,334,32973,SE,50019074,5001,9074,Sweden,NA,Group Support,NA,NA,NA,NA,Head Office FTE,BDQTY,2021,0.000,0.000,0.000,0.000,0.000,0.000,0.000,0.000,0.000,0.000,0.000,0.000
14,2021,334,32973,SE,50019074,5001,9074,Sweden,NA,Group Support,NA,NA,NA,NA,Locum Nurse FTE,BDQTY,2021,0.000,0.000,0.000,0.000,0.000,0.000,0.000,0.000,0.000,0.000,0.000,0.000
14,2021,334,32973,SE,50019074,5001,9074,Sweden,NA,Group Support,NA,NA,NA,NA,Locum Vet FTE,BDQTY,2021,0.000,0.000,0.000,0.000,0.000,0.000,0.000,0.000,0.000,0.000,0.000,0.000
14,2021,334,32973,SE,50019074,5001,9074,Sweden,NA,Group Support,NA,NA,NA,NA,Nurse FTE,BDQTY,2021,0.000,0.000,0.000,0.000,0.000,0.000,0.000,0.000,0.000,0.000,0.000,0.000
14,2021,334,32973,SE,50019074,5001,9074,Sweden,NA,Group Support,NA,NA,NA,NA,Support FTE,BDQTY,2021,0.000,0.000,0.000,0.000,0.000,0.000,0.000,0.000,0.000,0.000,0.000,0.000
14,2021,334,32973,SE,50019074,5001,9074,Sweden,NA,Group Support,NA,NA,NA,NA,Vet FTE,BDQTY,2021,0.000,0.000,0.000,0.000,0.000,0.000,0.000,0.000,0.000,0.000,0.000,0.000
14,2021,335,445,SE,50029010,5002,9010,Sweden,HO,HQ,HO,HO,Group,Group,Head Office FTE,BDQTY,2021,0.000,0.000,0.000,0.000,0.000,0.000,0.000,0.000,0.000,0.000,0.000,0.000
14,2021,335,445,SE,50029010,5002,9010,Sweden,HO,HQ,HO,HO,Group,Group,Locum Nurse FTE,BDQTY,2021,0.000,0.000,0.000,0.000,0.000,0.000,0.000,0.000,0.000,0.000,0.000,0.000
14,2021,335,445,SE,50029010,5002,9010,Sweden,HO,HQ,HO,HO,Group,Group,Locum Vet FTE,BDQTY,2021,0.000,0.000,0.000,0.000,0.000,0.000,0.000,0.000,0.000,0.000,0.000,0.000
14,2021,335,445,SE,50029010,5002,9010,Sweden,HO,HQ,HO,HO,Group,Group,Nurse FTE,BDQTY,2021,0.000,0.000,0.000,0.000,0.000,0.000,0.000,0.000,0.000,0.000,0.000,0.000
14,2021,335,445,SE,50029010,5002,9010,Sweden,HO,HQ,HO,HO,Group,Group,Support FTE,BDQTY,2021,0.000,0.000,0.000,0.000,0.000,0.000,0.000,0.000,0.000,0.000,0.000,0.000
14,2021,335,445,SE,50029010,5002,9010,Sweden,HO,HQ,HO,HO,Group,Group,Vet FTE,BDQTY,2021,0.000,0.000,0.000,0.000,0.000,0.000,0.000,0.000,0.000,0.000,0.000,0.000
14,2021,335,32974,SE,50029074,5002,9074,Sweden,NA,Group Support,NA,NA,NA,NA,Head Office FTE,BDQTY,2021,0.000,0.000,0.000,0.000,0.000,0.000,0.000,0.000,0.000,0.000,0.000,0.000
14,2021,335,32974,SE,50029074,5002,9074,Sweden,NA,Group Support,NA,NA,NA,NA,Locum Nurse FTE,BDQTY,2021,0.000,0.000,0.000,0.000,0.000,0.000,0.000,0.000,0.000,0.000,0.000,0.000
14,2021,335,32974,SE,50029074,5002,9074,Sweden,NA,Group Support,NA,NA,NA,NA,Locum Vet FTE,BDQTY,2021,0.000,0.000,0.000,0.000,0.000,0.000,0.000,0.000,0.000,0.000,0.000,0.000
14,2021,335,32974,SE,50029074,5002,9074,Sweden,NA,Group Support,NA,NA,NA,NA,Nurse FTE,BDQTY,2021,0.000,0.000,0.000,0.000,0.000,0.000,0.000,0.000,0.000,0.000,0.000,0.000
14,2021,335,32974,SE,50029074,5002,9074,Sweden,NA,Group Support,NA,NA,NA,NA,Support FTE,BDQTY,2021,0.000,0.000,0.000,0.000,0.000,0.000,0.000,0.000,0.000,0.000,0.000,0.000
14,2021,335,32974,SE,50029074,5002,9074,Sweden,NA,Group Support,NA,NA,NA,NA,Vet FTE,BDQTY,2021,0.000,0.000,0.000,0.000,0.000,0.000,0.000,0.000,0.000,0.000,0.000,0.000
14,2021,336,551,SE,50039010,5003,9010,Sweden,HO,HQ,HO,HO,Group,Group,Head Office FTE,BDQTY,2021,0.000,0.000,0.000,0.000,0.000,0.000,0.000,0.000,0.000,0.000,0.000,0.000
14,2021,336,551,SE,50039010,5003,9010,Sweden,HO,HQ,HO,HO,Group,Group,Locum Nurse FTE,BDQTY,2021,0.000,0.000,0.000,0.000,0.000,0.000,0.000,0.000,0.000,0.000,0.000,0.000
14,2021,336,551,SE,50039010,5003,9010,Sweden,HO,HQ,HO,HO,Group,Group,Locum Vet FTE,BDQTY,2021,0.000,0.000,0.000,0.000,0.000,0.000,0.000,0.000,0.000,0.000,0.000,0.000
14,2021,336,551,SE,50039010,5003,9010,Sweden,HO,HQ,HO,HO,Group,Group,Nurse FTE,BDQTY,2021,0.000,0.000,0.000,0.000,0.000,0.000,0.000,0.000,0.000,0.000,0.000,0.000
14,2021,336,551,SE,50039010,5003,9010,Sweden,HO,HQ,HO,HO,Group,Group,Support FTE,BDQTY,2021,0.000,0.000,0.000,0.000,0.000,0.000,0.000,0.000,0.000,0.000,0.000,0.000
14,2021,336,551,SE,50039010,5003,9010,Sweden,HO,HQ,HO,HO,Group,Group,Vet FTE,BDQTY,2021,0.000,0.000,0.000,0.000,0.000,0.000,0.000,0.000,0.000,0.000,0.000,0.000
14,2021,336,552,SE,50039011,5003,9011,Sweden,HO,HQ,HO,HO,Group,Group,Head Office FTE,BDQTY,2021,0.000,0.000,0.000,0.000,0.000,0.000,0.000,0.000,0.000,0.000,0.000,0.000
14,2021,336,552,SE,50039011,5003,9011,Sweden,HO,HQ,HO,HO,Group,Group,Locum Nurse FTE,BDQTY,2021,0.000,0.000,0.000,0.000,0.000,0.000,0.000,0.000,0.000,0.000,0.000,0.000
14,2021,336,552,SE,50039011,5003,9011,Sweden,HO,HQ,HO,HO,Group,Group,Locum Vet FTE,BDQTY,2021,0.000,0.000,0.000,0.000,0.000,0.000,0.000,0.000,0.000,0.000,0.000,0.000
14,2021,336,552,SE,50039011,5003,9011,Sweden,HO,HQ,HO,HO,Group,Group,Nurse FTE,BDQTY,2021,0.000,0.000,0.000,0.000,0.000,0.000,0.000,0.000,0.000,0.000,0.000,0.000
14,2021,336,552,SE,50039011,5003,9011,Sweden,HO,HQ,HO,HO,Group,Group,Support FTE,BDQTY,2021,0.000,0.000,0.000,0.000,0.000,0.000,0.000,0.000,0.000,0.000,0.000,0.000
14,2021,336,552,SE,50039011,5003,9011,Sweden,HO,HQ,HO,HO,Group,Group,Vet FTE,BDQTY,2021,0.000,0.000,0.000,0.000,0.000,0.000,0.000,0.000,0.000,0.000,0.000,0.000
14,2021,336,562,SE,50039027,5003,9027,Sweden,HO,HQ,HO,HO,Group,Group,Head Office FTE,BDQTY,2021,0.000,0.000,0.000,0.000,0.000,0.000,0.000,0.000,0.000,0.000,0.000,0.000
14,2021,336,562,SE,50039027,5003,9027,Sweden,HO,HQ,HO,HO,Group,Group,Locum Nurse FTE,BDQTY,2021,0.000,0.000,0.000,0.000,0.000,0.000,0.000,0.000,0.000,0.000,0.000,0.000
14,2021,336,562,SE,50039027,5003,9027,Sweden,HO,HQ,HO,HO,Group,Group,Locum Vet FTE,BDQTY,2021,0.000,0.000,0.000,0.000,0.000,0.000,0.000,0.000,0.000,0.000,0.000,0.000
14,2021,336,562,SE,50039027,5003,9027,Sweden,HO,HQ,HO,HO,Group,Group,Nurse FTE,BDQTY,2021,0.000,0.000,0.000,0.000,0.000,0.000,0.000,0.000,0.000,0.000,0.000,0.000
14,2021,336,562,SE,50039027,5003,9027,Sweden,HO,HQ,HO,HO,Group,Group,Support FTE,BDQTY,2021,0.000,0.000,0.000,0.000,0.000,0.000,0.000,0.000,0.000,0.000,0.000,0.000
14,2021,336,562,SE,50039027,5003,9027,Sweden,HO,HQ,HO,HO,Group,Group,Vet FTE,BDQTY,2021,0.000,0.000,0.000,0.000,0.000,0.000,0.000,0.000,0.000,0.000,0.000,0.000
14,2021,336,564,SE,50039030,5003,9030,Sweden,HO,HQ,HO,HO,Group,Group,Head Office FTE,BDQTY,2021,0.000,0.000,0.000,0.000,0.000,0.000,0.000,0.000,0.000,0.000,0.000,0.000
14,2021,336,564,SE,50039030,5003,9030,Sweden,HO,HQ,HO,HO,Group,Group,Locum Nurse FTE,BDQTY,2021,0.000,0.000,0.000,0.000,0.000,0.000,0.000,0.000,0.000,0.000,0.000,0.000
14,2021,336,564,SE,50039030,5003,9030,Sweden,HO,HQ,HO,HO,Group,Group,Locum Vet FTE,BDQTY,2021,0.000,0.000,0.000,0.000,0.000,0.000,0.000,0.000,0.000,0.000,0.000,0.000
14,2021,336,564,SE,50039030,5003,9030,Sweden,HO,HQ,HO,HO,Group,Group,Nurse FTE,BDQTY,2021,0.000,0.000,0.000,0.000,0.000,0.000,0.000,0.000,0.000,0.000,0.000,0.000
14,2021,336,564,SE,50039030,5003,9030,Sweden,HO,HQ,HO,HO,Group,Group,Support FTE,BDQTY,2021,0.000,0.000,0.000,0.000,0.000,0.000,0.000,0.000,0.000,0.000,0.000,0.000
14,2021,336,564,SE,50039030,5003,9030,Sweden,HO,HQ,HO,HO,Group,Group,Vet FTE,BDQTY,2021,0.000,0.000,0.000,0.000,0.000,0.000,0.000,0.000,0.000,0.000,0.000,0.000
14,2021,336,566,SE,50039032,5003,9032,Sweden,HO,HQ,HO,HO,Group,Group,Head Office FTE,BDQTY,2021,0.000,0.000,0.000,0.000,0.000,0.000,0.000,0.000,0.000,0.000,0.000,0.000
14,2021,336,566,SE,50039032,5003,9032,Sweden,HO,HQ,HO,HO,Group,Group,Locum Nurse FTE,BDQTY,2021,0.000,0.000,0.000,0.000,0.000,0.000,0.000,0.000,0.000,0.000,0.000,0.000
14,2021,336,566,SE,50039032,5003,9032,Sweden,HO,HQ,HO,HO,Group,Group,Locum Vet FTE,BDQTY,2021,0.000,0.000,0.000,0.000,0.000,0.000,0.000,0.000,0.000,0.000,0.000,0.000
14,2021,336,566,SE,50039032,5003,9032,Sweden,HO,HQ,HO,HO,Group,Group,Nurse FTE,BDQTY,2021,0.000,0.000,0.000,0.000,0.000,0.000,0.000,0.000,0.000,0.000,0.000,0.000
14,2021,336,566,SE,50039032,5003,9032,Sweden,HO,HQ,HO,HO,Group,Group,Support FTE,BDQTY,2021,0.000,0.000,0.000,0.000,0.000,0.000,0.000,0.000,0.000,0.000,0.000,0.000
14,2021,336,566,SE,50039032,5003,9032,Sweden,HO,HQ,HO,HO,Group,Group,Vet FTE,BDQTY,2021,0.000,0.000,0.000,0.000,0.000,0.000,0.000,0.000,0.000,0.000,0.000,0.000
14,2021,336,37556,SE,50039036,5003,9036,Sweden,NA,Group Support,NA,NA,NA,NA,Support FTE,AQ,2021,0.000,0.000,0.000,2.000,2.000,2.000,2.000,2.000,2.000,2.000,2.000,2.000
14,2021,336,577,SE,50039050,5003,9050,Sweden,HO,HQ,HO,HO,Group,Group,Head Office FTE,BDQTY,2021,0.000,0.000,0.000,0.000,0.000,0.000,0.000,0.000,0.000,0.000,0.000,0.000
14,2021,336,577,SE,50039050,5003,9050,Sweden,HO,HQ,HO,HO,Group,Group,Locum Nurse FTE,BDQTY,2021,0.000,0.000,0.000,0.000,0.000,0.000,0.000,0.000,0.000,0.000,0.000,0.000
14,2021,336,577,SE,50039050,5003,9050,Sweden,HO,HQ,HO,HO,Group,Group,Locum Vet FTE,BDQTY,2021,0.000,0.000,0.000,0.000,0.000,0.000,0.000,0.000,0.000,0.000,0.000,0.000
14,2021,336,577,SE,50039050,5003,9050,Sweden,HO,HQ,HO,HO,Group,Group,Nurse FTE,BDQTY,2021,0.000,0.000,0.000,0.000,0.000,0.000,0.000,0.000,0.000,0.000,0.000,0.000
14,2021,336,577,SE,50039050,5003,9050,Sweden,HO,HQ,HO,HO,Group,Group,Support FTE,BDQTY,2021,0.000,0.000,0.000,0.000,0.000,0.000,0.000,0.000,0.000,0.000,0.000,0.000
14,2021,336,577,SE,50039050,5003,9050,Sweden,HO,HQ,HO,HO,Group,Group,Vet FTE,BDQTY,2021,0.000,0.000,0.000,0.000,0.000,0.000,0.000,0.000,0.000,0.000,0.000,0.000
14,2021,336,579,SE,50039055,5003,9055,Sweden,HO,HQ,HO,HO,Group,Group,Head Office FTE,BDQTY,2021,0.000,0.000,0.000,0.000,0.000,0.000,0.000,0.000,0.000,0.000,0.000,0.000
14,2021,336,579,SE,50039055,5003,9055,Sweden,HO,HQ,HO,HO,Group,Group,Locum Nurse FTE,BDQTY,2021,0.000,0.000,0.000,0.000,0.000,0.000,0.000,0.000,0.000,0.000,0.000,0.000
14,2021,336,579,SE,50039055,5003,9055,Sweden,HO,HQ,HO,HO,Group,Group,Locum Vet FTE,BDQTY,2021,0.000,0.000,0.000,0.000,0.000,0.000,0.000,0.000,0.000,0.000,0.000,0.000
14,2021,336,579,SE,50039055,5003,9055,Sweden,HO,HQ,HO,HO,Group,Group,Nurse FTE,BDQTY,2021,0.000,0.000,0.000,0.000,0.000,0.000,0.000,0.000,0.000,0.000,0.000,0.000
14,2021,336,579,SE,50039055,5003,9055,Sweden,HO,HQ,HO,HO,Group,Group,Support FTE,BDQTY,2021,0.000,0.000,0.000,0.000,0.000,0.000,0.000,0.000,0.000,0.000,0.000,0.000
14,2021,336,579,SE,50039055,5003,9055,Sweden,HO,HQ,HO,HO,Group,Group,Vet FTE,BDQTY,2021,0.000,0.000,0.000,0.000,0.000,0.000,0.000,0.000,0.000,0.000,0.000,0.000
14,2021,336,580,SE,50039060,5003,9060,Sweden,HO,HQ,HO,HO,Group,Group,Head Office FTE,BDQTY,2021,0.000,0.000,0.000,0.000,0.000,0.000,0.000,0.000,0.000,0.000,0.000,0.000
14,2021,336,580,SE,50039060,5003,9060,Sweden,HO,HQ,HO,HO,Group,Group,Locum Nurse FTE,BDQTY,2021,0.000,0.000,0.000,0.000,0.000,0.000,0.000,0.000,0.000,0.000,0.000,0.000
14,2021,336,580,SE,50039060,5003,9060,Sweden,HO,HQ,HO,HO,Group,Group,Locum Vet FTE,BDQTY,2021,0.000,0.000,0.000,0.000,0.000,0.000,0.000,0.000,0.000,0.000,0.000,0.000
14,2021,336,580,SE,50039060,5003,9060,Sweden,HO,HQ,HO,HO,Group,Group,Nurse FTE,BDQTY,2021,0.000,0.000,0.000,0.000,0.000,0.000,0.000,0.000,0.000,0.000,0.000,0.000
14,2021,336,580,SE,50039060,5003,9060,Sweden,HO,HQ,HO,HO,Group,Group,Support FTE,BDQTY,2021,0.000,0.000,0.000,0.000,0.000,0.000,0.000,0.000,0.000,0.000,0.000,0.000
14,2021,336,580,SE,50039060,5003,9060,Sweden,HO,HQ,HO,HO,Group,Group,Vet FTE,BDQTY,2021,0.000,0.000,0.000,0.000,0.000,0.000,0.000,0.000,0.000,0.000,0.000,0.000
14,2021,336,581,SE,50039067,5003,9067,Sweden,HO,Group Support,HO,HO,Group,Group,Head Office FTE,BDQTY,2021,3.000,3.000,3.000,3.810,4.000,4.000,4.000,4.000,4.000,4.000,4.000,4.000
14,2021,336,581,SE,50039067,5003,9067,Sweden,HO,Group Support,HO,HO,Group,Group,Locum Nurse FTE,BDQTY,2021,0.000,0.000,0.000,0.000,0.000,0.000,0.000,0.000,0.000,0.000,0.000,0.000
14,2021,336,581,SE,50039067,5003,9067,Sweden,HO,Group Support,HO,HO,Group,Group,Locum Vet FTE,BDQTY,2021,0.000,0.000,0.000,0.000,0.000,0.000,0.000,0.000,0.000,0.000,0.000,0.000
14,2021,336,581,SE,50039067,5003,9067,Sweden,HO,Group Support,HO,HO,Group,Group,Nurse FTE,BDQTY,2021,0.000,0.000,0.000,0.000,0.000,0.000,0.000,0.000,0.000,0.000,0.000,0.000
14,2021,336,581,SE,50039067,5003,9067,Sweden,HO,Group Support,HO,HO,Group,Group,Support FTE,AQ,2021,21.100,21.100,10.000,3.000,3.000,3.000,3.000,3.000,3.000,3.000,3.000,2.000
14,2021,336,581,SE,50039067,5003,9067,Sweden,HO,Group Support,HO,HO,Group,Group,Support FTE,BDQTY,2021,0.000,0.000,0.000,0.000,0.000,0.000,0.000,0.000,0.000,0.000,0.000,0.000
14,2021,336,581,SE,50039067,5003,9067,Sweden,HO,Group Support,HO,HO,Group,Group,Vet FTE,BDQTY,2021,0.000,0.000,0.000,0.000,0.000,0.000,0.000,0.000,0.000,0.000,0.000,0.000
14,2021,336,583,SE,50039070,5003,9070,Sweden,HO,Group Support,HO,HO,Group,Group,Support FTE,AQ,2021,0.000,0.000,0.000,0.000,0.000,1.000,1.000,1.000,1.000,1.000,1.000,1.000
14,2021,336,32975,SE,50039074,5003,9074,Sweden,NA,Group Support,NA,NA,NA,NA,Head Office FTE,BDQTY,2021,0.000,0.000,0.000,0.000,0.000,0.000,0.000,0.000,0.000,0.000,0.000,0.000
14,2021,336,32975,SE,50039074,5003,9074,Sweden,NA,Group Support,NA,NA,NA,NA,Locum Nurse FTE,BDQTY,2021,0.000,0.000,0.000,0.000,0.000,0.000,0.000,0.000,0.000,0.000,0.000,0.000
14,2021,336,32975,SE,50039074,5003,9074,Sweden,NA,Group Support,NA,NA,NA,NA,Locum Vet FTE,BDQTY,2021,0.000,0.000,0.000,0.000,0.000,0.000,0.000,0.000,0.000,0.000,0.000,0.000
14,2021,336,32975,SE,50039074,5003,9074,Sweden,NA,Group Support,NA,NA,NA,NA,Nurse FTE,BDQTY,2021,0.000,0.000,0.000,0.000,0.000,0.000,0.000,0.000,0.000,0.000,0.000,0.000
14,2021,336,32975,SE,50039074,5003,9074,Sweden,NA,Group Support,NA,NA,NA,NA,Support FTE,BDQTY,2021,0.000,0.000,0.000,0.000,0.000,0.000,0.000,0.000,0.000,0.000,0.000,0.000
14,2021,336,32975,SE,50039074,5003,9074,Sweden,NA,Group Support,NA,NA,NA,NA,Vet FTE,BDQTY,2021,0.000,0.000,0.000,0.000,0.000,0.000,0.000,0.000,0.000,0.000,0.000,0.000
14,2021,336,32976,SE,50039075,5003,9075,Sweden,NA,Group Support,NA,NA,NA,NA,Head Office FTE,BDQTY,2021,0.000,0.000,0.000,0.000,0.000,0.000,0.000,0.000,0.000,0.000,0.000,0.000
14,2021,336,32976,SE,50039075,5003,9075,Sweden,NA,Group Support,NA,NA,NA,NA,Locum Nurse FTE,BDQTY,2021,0.000,0.000,0.000,0.000,0.000,0.000,0.000,0.000,0.000,0.000,0.000,0.000
14,2021,336,32976,SE,50039075,5003,9075,Sweden,NA,Group Support,NA,NA,NA,NA,Locum Vet FTE,BDQTY,2021,0.000,0.000,0.000,0.000,0.000,0.000,0.000,0.000,0.000,0.000,0.000,0.000
14,2021,336,32976,SE,50039075,5003,9075,Sweden,NA,Group Support,NA,NA,NA,NA,Nurse FTE,BDQTY,2021,0.000,0.000,0.000,0.000,0.000,0.000,0.000,0.000,0.000,0.000,0.000,0.000
14,2021,336,32976,SE,50039075,5003,9075,Sweden,NA,Group Support,NA,NA,NA,NA,Support FTE,BDQTY,2021,0.000,0.000,0.000,0.000,0.000,0.000,0.000,0.000,0.000,0.000,0.000,0.000
14,2021,336,32976,SE,50039075,5003,9075,Sweden,NA,Group Support,NA,NA,NA,NA,Vet FTE,BDQTY,2021,0.000,0.000,0.000,0.000,0.000,0.000,0.000,0.000,0.000,0.000,0.000,0.000
14,2021,336,32977,SE,50039077,5003,9077,Sweden,NA,Group Support,NA,NA,NA,NA,Head Office FTE,BDQTY,2021,0.000,0.000,0.000,0.000,0.000,0.000,0.000,0.000,0.000,0.000,0.000,0.000
14,2021,336,32977,SE,50039077,5003,9077,Sweden,NA,Group Support,NA,NA,NA,NA,Locum Nurse FTE,BDQTY,2021,0.000,0.000,0.000,0.000,0.000,0.000,0.000,0.000,0.000,0.000,0.000,0.000
14,2021,336,32977,SE,50039077,5003,9077,Sweden,NA,Group Support,NA,NA,NA,NA,Locum Vet FTE,BDQTY,2021,0.000,0.000,0.000,0.000,0.000,0.000,0.000,0.000,0.000,0.000,0.000,0.000
14,2021,336,32977,SE,50039077,5003,9077,Sweden,NA,Group Support,NA,NA,NA,NA,Nurse FTE,BDQTY,2021,0.200,0.200,0.200,0.200,0.200,0.200,0.200,0.200,0.200,0.200,0.200,0.200
14,2021,336,32977,SE,50039077,5003,9077,Sweden,NA,Group Support,NA,NA,NA,NA,Support FTE,AQ,2021,0.000,0.000,0.000,1.100,1.100,1.100,1.100,1.100,1.100,1.100,1.100,1.100
14,2021,336,32977,SE,50039077,5003,9077,Sweden,NA,Group Support,NA,NA,NA,NA,Support FTE,BDQTY,2021,0.000,0.000,0.000,0.000,0.000,0.000,0.000,0.000,0.000,0.000,0.000,0.000
14,2021,336,32977,SE,50039077,5003,9077,Sweden,NA,Group Support,NA,NA,NA,NA,Vet FTE,BDQTY,2021,0.000,0.000,0.000,0.000,0.000,0.000,0.000,0.000,0.000,0.000,0.000,0.000
14,2021,336,32978,SE,50039078,5003,9078,Sweden,NA,Group Support,NA,NA,NA,NA,Head Office FTE,BDQTY,2021,2.000,2.000,2.000,2.000,2.000,2.000,2.000,2.000,2.000,2.000,2.000,2.000
14,2021,336,32978,SE,50039078,5003,9078,Sweden,NA,Group Support,NA,NA,NA,NA,Locum Nurse FTE,BDQTY,2021,0.000,0.000,0.000,0.000,0.000,0.000,0.000,0.000,0.000,0.000,0.000,0.000
14,2021,336,32978,SE,50039078,5003,9078,Sweden,NA,Group Support,NA,NA,NA,NA,Locum Vet FTE,BDQTY,2021,0.000,0.000,0.000,0.000,0.000,0.000,0.000,0.000,0.000,0.000,0.000,0.000
14,2021,336,32978,SE,50039078,5003,9078,Sweden,NA,Group Support,NA,NA,NA,NA,Nurse FTE,BDQTY,2021,0.000,0.000,0.000,0.000,0.000,0.000,0.000,0.000,0.000,0.000,0.000,0.000
14,2021,336,32978,SE,50039078,5003,9078,Sweden,NA,Group Support,NA,NA,NA,NA,Support FTE,AQ,2021,0.000,0.000,0.000,2.000,2.000,2.000,2.000,2.000,2.000,2.000,2.000,2.000
14,2021,336,32978,SE,50039078,5003,9078,Sweden,NA,Group Support,NA,NA,NA,NA,Support FTE,BDQTY,2021,0.000,0.000,0.000,0.000,0.000,0.000,0.000,0.000,0.000,0.000,0.000,0.000
14,2021,336,32978,SE,50039078,5003,9078,Sweden,NA,Group Support,NA,NA,NA,NA,Vet FTE,BDQTY,2021,0.000,0.000,0.000,0.000,0.000,0.000,0.000,0.000,0.000,0.000,0.000,0.000
14,2021,336,32979,SE,50039079,5003,9079,Sweden,NA,Group Support,NA,NA,NA,NA,Head Office FTE,BDQTY,2021,4.000,4.000,4.000,4.000,4.000,4.000,4.000,4.000,4.000,4.000,4.000,4.000
14,2021,336,32979,SE,50039079,5003,9079,Sweden,NA,Group Support,NA,NA,NA,NA,Locum Nurse FTE,BDQTY,2021,0.000,0.000,0.000,0.000,0.000,0.000,0.000,0.000,0.000,0.000,0.000,0.000
14,2021,336,32979,SE,50039079,5003,9079,Sweden,NA,Group Support,NA,NA,NA,NA,Locum Vet FTE,BDQTY,2021,0.000,0.000,0.000,0.000,0.000,0.000,0.000,0.000,0.000,0.000,0.000,0.000
14,2021,336,32979,SE,50039079,5003,9079,Sweden,NA,Group Support,NA,NA,NA,NA,Nurse FTE,BDQTY,2021,0.000,0.000,0.000,0.000,0.000,0.000,0.000,0.000,0.000,0.000,0.000,0.000
14,2021,336,32979,SE,50039079,5003,9079,Sweden,NA,Group Support,NA,NA,NA,NA,Support FTE,AQ,2021,0.000,0.000,0.000,4.000,4.000,4.000,4.000,4.000,4.000,4.000,4.000,4.000
14,2021,336,32979,SE,50039079,5003,9079,Sweden,NA,Group Support,NA,NA,NA,NA,Support FTE,BDQTY,2021,0.000,0.000,0.000,0.000,0.000,0.000,0.000,0.000,0.000,0.000,0.000,0.000
14,2021,336,32979,SE,50039079,5003,9079,Sweden,NA,Group Support,NA,NA,NA,NA,Vet FTE,BDQTY,2021,0.000,0.000,0.000,0.000,0.000,0.000,0.000,0.000,0.000,0.000,0.000,0.000
14,2021,336,32980,SE,50039081,5003,9081,Sweden,NA,Group Support,NA,NA,NA,NA,Head Office FTE,BDQTY,2021,3.260,3.260,3.260,3.260,3.260,3.260,3.260,3.260,3.260,3.260,3.260,3.260
14,2021,336,32980,SE,50039081,5003,9081,Sweden,NA,Group Support,NA,NA,NA,NA,Locum Nurse FTE,BDQTY,2021,0.000,0.000,0.000,0.000,0.000,0.000,0.000,0.000,0.000,0.000,0.000,0.000
14,2021,336,32980,SE,50039081,5003,9081,Sweden,NA,Group Support,NA,NA,NA,NA,Locum Vet FTE,BDQTY,2021,15.050,15.560,15.050,15.050,16.670,15.050,15.560,15.050,15.560,15.050,15.050,15.560
14,2021,336,32980,SE,50039081,5003,9081,Sweden,NA,Group Support,NA,NA,NA,NA,Nurse FTE,BDQTY,2021,0.000,0.000,0.000,0.000,0.000,0.000,0.000,0.000,0.000,0.000,0.000,0.000
14,2021,336,32980,SE,50039081,5003,9081,Sweden,NA,Group Support,NA,NA,NA,NA,Support FTE,AQ,2021,0.000,0.000,0.000,10.000,10.000,10.000,10.000,10.000,10.000,10.000,10.000,12.000
14,2021,336,32980,SE,50039081,5003,9081,Sweden,NA,Group Support,NA,NA,NA,NA,Support FTE,BDQTY,2021,0.000,0.000,0.000,0.000,0.000,0.000,0.000,0.000,0.000,0.000,0.000,0.000
14,2021,336,32980,SE,50039081,5003,9081,Sweden,NA,Group Support,NA,NA,NA,NA,Vet FTE,BDQTY,2021,15.050,15.560,15.050,15.050,16.670,15.050,15.560,15.050,15.560,15.050,15.050,15.560
14,2021,490,1455,SE,56008000,5600,8000,Sweden,Djursjukhus Gammelstad,Djursjukhus Gammelst,Vets,Small animal,Sweden,Sweden,Locum Vet FTE,AQ,2021,0.000,4.770,0.000,0.000,0.150,2.040,0.000,0.000,0.000,0.000,0.000,0.000
14,2021,490,1455,SE,56008000,5600,8000,Sweden,Djursjukhus Gammelstad,Djursjukhus Gammelst,Vets,Small animal,Sweden,Sweden,Nurse FTE,AQ,2021,24.900,24.900,25.000,23.000,25.400,25.800,25.100,25.100,25.500,24.200,1.000,0.000
14,2021,490,1455,SE,56008000,5600,8000,Sweden,Djursjukhus Gammelstad,Djursjukhus Gammelst,Vets,Small animal,Sweden,Sweden,Nurse FTE,BDQTY,2021,20.000,20.000,20.000,20.000,20.000,20.000,20.000,20.000,20.000,20.000,20.000,20.000
14,2021,490,1455,SE,56008000,5600,8000,Sweden,Djursjukhus Gammelstad,Djursjukhus Gammelst,Vets,Small animal,Sweden,Sweden,Support FTE,AQ,2021,8.400,8.400,10.000,10.200,9.300,9.200,10.100,10.400,9.900,9.400,0.000,0.000
14,2021,490,1455,SE,56008000,5600,8000,Sweden,Djursjukhus Gammelstad,Djursjukhus Gammelst,Vets,Small animal,Sweden,Sweden,Support FTE,BDQTY,2021,10.400,10.400,10.400,10.400,10.400,10.400,10.400,10.400,10.400,10.400,10.400,10.400
14,2021,490,1455,SE,56008000,5600,8000,Sweden,Djursjukhus Gammelstad,Djursjukhus Gammelst,Vets,Small animal,Sweden,Sweden,Vet FTE,AQ,2021,15.400,15.400,16.200,18.200,19.700,21.600,22.600,22.100,23.000,24.000,1.000,0.000
14,2021,490,1455,SE,56008000,5600,8000,Sweden,Djursjukhus Gammelstad,Djursjukhus Gammelst,Vets,Small animal,Sweden,Sweden,Vet FTE,BDQTY,2021,15.200,15.200,15.200,15.200,15.200,15.200,15.200,15.200,15.200,15.200,15.200,15.200
14,2021,490,1456,SE,56008001,5600,8001,Sweden,Djurklinik Öjebyn,Djurklinik Öjebyn,Vets,Small animal,Sweden,Sweden,Locum Vet FTE,AQ,2021,0.000,0.000,0.000,0.000,0.000,0.000,0.000,0.000,0.000,0.000,0.100,0.000
14,2021,490,1456,SE,56008001,5600,8001,Sweden,Djurklinik Öjebyn,Djurklinik Öjebyn,Vets,Small animal,Sweden,Sweden,Nurse FTE,AQ,2021,8.800,8.800,12.000,12.400,11.300,12.100,12.000,11.500,13.800,14.000,4.000,0.000
14,2021,490,1456,SE,56008001,5600,8001,Sweden,Djurklinik Öjebyn,Djurklinik Öjebyn,Vets,Small animal,Sweden,Sweden,Nurse FTE,BDQTY,2021,9.600,9.600,9.600,9.600,9.600,9.600,9.600,9.600,9.600,9.600,9.600,9.600
14,2021,490,1456,SE,56008001,5600,8001,Sweden,Djurklinik Öjebyn,Djurklinik Öjebyn,Vets,Small animal,Sweden,Sweden,Support FTE,AQ,2021,0.800,0.800,1.000,0.800,0.800,0.800,0.800,0.800,0.800,0.800,0.000,0.000
14,2021,490,1456,SE,56008001,5600,8001,Sweden,Djurklinik Öjebyn,Djurklinik Öjebyn,Vets,Small animal,Sweden,Sweden,Support FTE,BDQTY,2021,0.800,0.800,0.800,0.800,0.800,0.800,0.800,0.800,0.800,0.800,0.800,0.800
14,2021,490,1456,SE,56008001,5600,8001,Sweden,Djurklinik Öjebyn,Djurklinik Öjebyn,Vets,Small animal,Sweden,Sweden,Vet FTE,AQ,2021,6.800,6.800,4.000,8.300,7.500,7.000,7.000,7.000,7.000,7.000,2.000,0.000
14,2021,490,1456,SE,56008001,5600,8001,Sweden,Djurklinik Öjebyn,Djurklinik Öjebyn,Vets,Small animal,Sweden,Sweden,Vet FTE,BDQTY,2021,5.500,5.500,5.500,5.500,5.500,5.500,5.500,5.500,5.500,5.500,5.500,5.500
14,2021,490,1457,SE,56008002,5600,8002,Sweden,Djurkliniken Arninge,Djurkliniken Arninge,Vets,Small animal,Sweden,Sweden,Nurse FTE,AQ,2021,15.600,15.600,15.000,14.800,14.900,15.200,14.000,14.400,16.700,16.600,22.100,0.000
14,2021,490,1457,SE,56008002,5600,8002,Sweden,Djurkliniken Arninge,Djurkliniken Arninge,Vets,Small animal,Sweden,Sweden,Nurse FTE,BDQTY,2021,13.880,13.880,13.880,13.880,13.880,13.880,13.880,13.880,13.880,13.880,13.880,13.880
14,2021,490,1457,SE,56008002,5600,8002,Sweden,Djurkliniken Arninge,Djurkliniken Arninge,Vets,Small animal,Sweden,Sweden,Support FTE,AQ,2021,4.000,4.000,4.000,4.000,4.000,4.000,4.000,4.000,4.000,4.000,4.300,0.000
14,2021,490,1457,SE,56008002,5600,8002,Sweden,Djurkliniken Arninge,Djurkliniken Arninge,Vets,Small animal,Sweden,Sweden,Support FTE,BDQTY,2021,4.750,4.750,4.750,4.750,4.750,4.750,4.750,4.750,4.750,4.750,4.750,4.750
14,2021,490,1457,SE,56008002,5600,8002,Sweden,Djurkliniken Arninge,Djurkliniken Arninge,Vets,Small animal,Sweden,Sweden,Vet FTE,AQ,2021,7.100,7.100,6.000,7.200,7.200,7.200,7.200,7.200,5.400,7.200,8.700,0.000
14,2021,490,1457,SE,56008002,5600,8002,Sweden,Djurkliniken Arninge,Djurkliniken Arninge,Vets,Small animal,Sweden,Sweden,Vet FTE,BDQTY,2021,7.080,7.080,7.080,7.080,7.080,7.080,7.080,7.080,7.080,7.080,7.080,7.080
14,2021,490,1458,SE,56008003,5600,8003,Sweden,Djurkliniken Farsta,Djurkliniken Farsta,Vets,Small animal,Sweden,Sweden,Locum Vet FTE,AQ,2021,0.000,0.000,0.000,0.000,0.000,0.000,0.010,0.000,0.000,0.000,0.000,0.000
14,2021,490,1458,SE,56008003,5600,8003,Sweden,Djurkliniken Farsta,Djurkliniken Farsta,Vets,Small animal,Sweden,Sweden,Nurse FTE,AQ,2021,3.600,3.600,5.000,4.900,5.600,5.800,4.600,4.700,5.200,5.200,8.300,0.000
14,2021,490,1458,SE,56008003,5600,8003,Sweden,Djurkliniken Farsta,Djurkliniken Farsta,Vets,Small animal,Sweden,Sweden,Nurse FTE,BDQTY,2021,3.600,3.600,3.600,3.600,3.600,3.600,2.850,2.850,2.850,2.850,2.850,2.850
14,2021,490,1458,SE,56008003,5600,8003,Sweden,Djurkliniken Farsta,Djurkliniken Farsta,Vets,Small animal,Sweden,Sweden,Support FTE,AQ,2021,1.100,1.100,2.000,1.300,1.300,0.600,0.600,0.600,0.600,0.600,1.000,0.000
14,2021,490,1458,SE,56008003,5600,8003,Sweden,Djurkliniken Farsta,Djurkliniken Farsta,Vets,Small animal,Sweden,Sweden,Support FTE,BDQTY,2021,1.000,1.000,1.000,1.000,1.000,2.000,2.000,2.000,2.000,2.000,2.000,2.000
14,2021,490,1458,SE,56008003,5600,8003,Sweden,Djurkliniken Farsta,Djurkliniken Farsta,Vets,Small animal,Sweden,Sweden,Vet FTE,AQ,2021,4.000,4.000,2.000,3.800,4.800,4.800,4.800,4.800,4.700,3.900,3.900,0.000
14,2021,490,1458,SE,56008003,5600,8003,Sweden,Djurkliniken Farsta,Djurkliniken Farsta,Vets,Small animal,Sweden,Sweden,Vet FTE,BDQTY,2021,4.600,4.600,4.600,4.600,4.600,4.600,4.600,4.600,4.600,4.600,4.600,4.600
14,2021,490,1459,SE,56008004,5600,8004,Sweden,Djurkliniken Gefle,Djurkliniken Gefle,Vets,Small animal,Sweden,Sweden,Nurse FTE,AQ,2021,14.100,14.100,13.000,14.500,15.100,14.400,14.000,13.200,15.000,13.700,15.700,0.000
14,2021,490,1459,SE,56008004,5600,8004,Sweden,Djurkliniken Gefle,Djurkliniken Gefle,Vets,Small animal,Sweden,Sweden,Nurse FTE,BDQTY,2021,6.700,6.700,6.700,6.700,6.700,6.700,6.700,6.700,6.700,6.700,6.700,6.700
14,2021,490,1459,SE,56008004,5600,8004,Sweden,Djurkliniken Gefle,Djurkliniken Gefle,Vets,Small animal,Sweden,Sweden,Support FTE,AQ,2021,4.500,4.500,5.000,5.000,4.800,4.600,4.600,4.600,3.800,4.600,5.000,0.000
14,2021,490,1459,SE,56008004,5600,8004,Sweden,Djurkliniken Gefle,Djurkliniken Gefle,Vets,Small animal,Sweden,Sweden,Support FTE,BDQTY,2021,1.500,1.500,1.500,1.500,1.500,1.500,1.500,1.500,1.500,1.500,1.500,1.500
14,2021,490,1459,SE,56008004,5600,8004,Sweden,Djurkliniken Gefle,Djurkliniken Gefle,Vets,Small animal,Sweden,Sweden,Vet FTE,AQ,2021,8.900,8.900,8.000,8.700,8.100,8.700,8.700,7.900,7.900,8.200,8.200,0.000
14,2021,490,1459,SE,56008004,5600,8004,Sweden,Djurkliniken Gefle,Djurkliniken Gefle,Vets,Small animal,Sweden,Sweden,Vet FTE,BDQTY,2021,5.610,5.610,5.610,5.610,5.610,5.610,5.610,5.610,5.610,5.610,5.610,5.610
14,2021,490,1460,SE,56008005,5600,8005,Sweden,Djurkliniken Nacka,Djurkliniken Nacka,Vets,Small animal,Sweden,Sweden,Locum Vet FTE,AQ,2021,0.030,0.080,0.000,0.000,0.000,0.000,0.000,0.000,0.000,0.000,0.050,0.050
14,2021,490,1460,SE,56008005,5600,8005,Sweden,Djurkliniken Nacka,Djurkliniken Nacka,Vets,Small animal,Sweden,Sweden,Nurse FTE,AQ,2021,10.300,10.300,11.000,10.300,10.200,11.200,11.100,11.100,12.200,11.400,12.100,0.000
14,2021,490,1460,SE,56008005,5600,8005,Sweden,Djurkliniken Nacka,Djurkliniken Nacka,Vets,Small animal,Sweden,Sweden,Nurse FTE,BDQTY,2021,10.850,10.850,10.850,10.850,10.850,10.850,10.850,10.850,10.850,10.850,10.850,10.850
14,2021,490,1460,SE,56008005,5600,8005,Sweden,Djurkliniken Nacka,Djurkliniken Nacka,Vets,Small animal,Sweden,Sweden,Support FTE,AQ,2021,4.300,4.300,5.000,4.300,4.300,4.300,4.300,4.300,3.400,4.300,4.300,0.000
14,2021,490,1460,SE,56008005,5600,8005,Sweden,Djurkliniken Nacka,Djurkliniken Nacka,Vets,Small animal,Sweden,Sweden,Support FTE,BDQTY,2021,4.250,4.250,4.250,4.250,4.250,4.250,4.250,4.250,4.250,4.250,4.250,4.250
14,2021,490,1460,SE,56008005,5600,8005,Sweden,Djurkliniken Nacka,Djurkliniken Nacka,Vets,Small animal,Sweden,Sweden,Vet FTE,AQ,2021,7.500,7.500,10.000,8.000,7.200,7.200,7.400,7.800,8.900,8.900,8.900,0.000
14,2021,490,1460,SE,56008005,5600,8005,Sweden,Djurkliniken Nacka,Djurkliniken Nacka,Vets,Small animal,Sweden,Sweden,Vet FTE,BDQTY,2021,6.600,6.600,6.600,6.600,6.600,6.600,6.600,6.600,6.600,6.600,6.600,6.600
14,2021,490,1461,SE,56008006,5600,8006,Sweden,Djurkliniken Nyköping,Djurkliniken Nyköpin,Vets,Small animal,Sweden,Sweden,Nurse FTE,AQ,2021,4.600,4.600,6.000,5.400,6.600,4.100,5.000,4.600,4.600,4.600,6.000,0.000
14,2021,490,1461,SE,56008006,5600,8006,Sweden,Djurkliniken Nyköping,Djurkliniken Nyköpin,Vets,Small animal,Sweden,Sweden,Nurse FTE,BDQTY,2021,5.350,5.350,5.350,5.350,5.350,5.350,5.350,5.350,6.150,6.950,6.350,5.350
14,2021,490,1461,SE,56008006,5600,8006,Sweden,Djurkliniken Nyköping,Djurkliniken Nyköpin,Vets,Small animal,Sweden,Sweden,Support FTE,AQ,2021,3.000,3.000,3.000,3.000,0.900,2.900,2.900,2.900,2.800,2.800,2.800,0.000
14,2021,490,1461,SE,56008006,5600,8006,Sweden,Djurkliniken Nyköping,Djurkliniken Nyköpin,Vets,Small animal,Sweden,Sweden,Support FTE,BDQTY,2021,2.300,2.300,2.300,2.300,2.300,2.300,2.300,2.300,2.300,2.300,2.300,2.300
14,2021,490,1461,SE,56008006,5600,8006,Sweden,Djurkliniken Nyköping,Djurkliniken Nyköpin,Vets,Small animal,Sweden,Sweden,Vet FTE,AQ,2021,3.300,3.300,4.000,3.300,3.400,3.400,2.600,3.400,3.000,3.000,3.000,0.000
14,2021,490,1461,SE,56008006,5600,8006,Sweden,Djurkliniken Nyköping,Djurkliniken Nyköpin,Vets,Small animal,Sweden,Sweden,Vet FTE,BDQTY,2021,2.900,2.900,2.900,2.900,2.900,3.700,3.700,3.700,3.700,4.200,3.700,3.700
14,2021,490,1462,SE,56008007,5600,8007,Sweden,Djurkliniken Roslagstull,Djurkliniken Roslags,Vets,Small animal,Sweden,Sweden,Locum Vet FTE,AQ,2021,0.000,0.000,0.000,0.000,0.000,0.070,0.300,0.020,0.110,0.000,0.000,0.000
14,2021,490,1462,SE,56008007,5600,8007,Sweden,Djurkliniken Roslagstull,Djurkliniken Roslags,Vets,Small animal,Sweden,Sweden,Nurse FTE,AQ,2021,9.000,9.000,9.000,8.700,8.800,10.100,10.000,8.900,7.000,7.200,7.700,0.000
14,2021,490,1462,SE,56008007,5600,8007,Sweden,Djurkliniken Roslagstull,Djurkliniken Roslags,Vets,Small animal,Sweden,Sweden,Nurse FTE,BDQTY,2021,7.500,7.500,7.500,7.500,7.500,7.500,7.500,7.500,7.500,7.500,7.500,7.500
14,2021,490,1462,SE,56008007,5600,8007,Sweden,Djurkliniken Roslagstull,Djurkliniken Roslags,Vets,Small animal,Sweden,Sweden,Support FTE,AQ,2021,1.000,1.000,1.000,1.000,1.300,2.000,2.000,2.000,2.000,2.000,2.000,0.000
14,2021,490,1462,SE,56008007,5600,8007,Sweden,Djurkliniken Roslagstull,Djurkliniken Roslags,Vets,Small animal,Sweden,Sweden,Support FTE,BDQTY,2021,1.000,1.000,1.000,1.000,1.000,1.000,1.000,1.000,1.000,1.000,1.000,1.000
14,2021,490,1462,SE,56008007,5600,8007,Sweden,Djurkliniken Roslagstull,Djurkliniken Roslags,Vets,Small animal,Sweden,Sweden,Vet FTE,AQ,2021,2.900,2.900,0.000,2.900,2.900,2.900,2.900,2.900,3.900,3.900,4.300,0.000
14,2021,490,1462,SE,56008007,5600,8007,Sweden,Djurkliniken Roslagstull,Djurkliniken Roslags,Vets,Small animal,Sweden,Sweden,Vet FTE,BDQTY,2021,4.190,4.190,4.190,4.190,4.190,4.190,4.190,4.190,4.190,4.190,4.190,4.190
14,2021,490,1463,SE,56008008,5600,8008,Sweden,Djurkliniken Sandviken,Djurkliniken Sandvik,Vets,Small animal,Sweden,Sweden,Nurse FTE,AQ,2021,0.000,0.000,0.000,0.000,0.000,0.000,0.000,0.000,0.000,1.000,1.000,0.000
14,2021,490,1463,SE,56008008,5600,8008,Sweden,Djurkliniken Sandviken,Djurkliniken Sandvik,Vets,Small animal,Sweden,Sweden,Nurse FTE,BDQTY,2021,5.200,5.200,5.200,5.200,5.200,5.200,5.200,5.200,5.200,5.200,5.200,5.200
14,2021,490,1463,SE,56008008,5600,8008,Sweden,Djurkliniken Sandviken,Djurkliniken Sandvik,Vets,Small animal,Sweden,Sweden,Support FTE,BDQTY,2021,3.300,3.300,3.300,3.300,3.300,3.300,3.300,3.300,3.300,3.300,3.300,3.300
14,2021,490,1463,SE,56008008,5600,8008,Sweden,Djurkliniken Sandviken,Djurkliniken Sandvik,Vets,Small animal,Sweden,Sweden,Vet FTE,BDQTY,2021,2.500,2.500,2.500,2.500,2.500,2.500,2.500,2.500,2.500,2.500,2.500,2.500
14,2021,490,1464,SE,56008009,5600,8009,Sweden,Djurkliniken Åkersberga,Djurkliniken Åkersbe,Vets,Small animal,Sweden,Sweden,Nurse FTE,AQ,2021,3.700,3.700,5.000,5.100,5.700,5.300,5.300,5.300,5.300,5.300,5.100,0.000
14,2021,490,1464,SE,56008009,5600,8009,Sweden,Djurkliniken Åkersberga,Djurkliniken Åkersbe,Vets,Small animal,Sweden,Sweden,Nurse FTE,BDQTY,2021,2.650,2.650,2.650,2.650,2.650,2.650,2.650,2.650,2.650,2.650,2.650,2.650
14,2021,490,1464,SE,56008009,5600,8009,Sweden,Djurkliniken Åkersberga,Djurkliniken Åkersbe,Vets,Small animal,Sweden,Sweden,Support FTE,BDQTY,2021,0.250,0.250,0.250,0.250,0.250,0.250,0.250,0.250,0.250,0.250,0.250,0.250
14,2021,490,1464,SE,56008009,5600,8009,Sweden,Djurkliniken Åkersberga,Djurkliniken Åkersbe,Vets,Small animal,Sweden,Sweden,Vet FTE,BDQTY,2021,0.000,0.000,0.000,0.000,0.000,0.000,0.000,0.000,0.000,0.000,0.000,0.000
14,2021,490,1465,SE,56008010,5600,8010,Sweden,Djursjukhuset Södra,Djursjukhuset Södra,Vets,Small animal,Sweden,Sweden,Locum Vet FTE,AQ,2021,2.660,2.360,0.740,1.880,2.040,2.580,2.900,1.680,3.040,1.280,0.900,3.280
14,2021,490,1465,SE,56008010,5600,8010,Sweden,Djursjukhuset Södra,Djursjukhuset Södra,Vets,Small animal,Sweden,Sweden,Nurse FTE,AQ,2021,89.200,89.200,96.000,94.300,96.300,99.300,103.600,103.300,106.200,101.500,107.600,0.000
14,2021,490,1465,SE,56008010,5600,8010,Sweden,Djursjukhuset Södra,Djursjukhuset Södra,Vets,Small animal,Sweden,Sweden,Nurse FTE,BDQTY,2021,80.400,80.400,80.400,80.400,80.400,80.400,80.400,80.400,81.400,81.400,81.400,80.400
14,2021,490,1465,SE,56008010,5600,8010,Sweden,Djursjukhuset Södra,Djursjukhuset Södra,Vets,Small animal,Sweden,Sweden,Support FTE,AQ,2021,21.000,21.000,20.900,20.300,20.700,21.500,21.500,22.300,22.100,22.100,22.100,0.000
14,2021,490,1465,SE,56008010,5600,8010,Sweden,Djursjukhuset Södra,Djursjukhuset Södra,Vets,Small animal,Sweden,Sweden,Support FTE,BDQTY,2021,24.080,24.080,24.080,24.080,24.080,24.080,24.080,25.080,25.080,25.080,24.080,25.080
14,2021,490,1465,SE,56008010,5600,8010,Sweden,Djursjukhuset Södra,Djursjukhuset Södra,Vets,Small animal,Sweden,Sweden,Vet FTE,AQ,2021,46.900,46.900,48.000,51.500,52.200,53.900,55.100,54.900,53.200,54.800,55.800,0.000
14,2021,490,1465,SE,56008010,5600,8010,Sweden,Djursjukhuset Södra,Djursjukhuset Södra,Vets,Small animal,Sweden,Sweden,Vet FTE,BDQTY,2021,53.190,53.190,53.190,53.190,53.190,53.190,53.190,53.190,53.190,53.190,53.190,54.190
14,2021,490,1466,SE,56008011,5600,8011,Sweden,Djursjukhuset Västerort,Djursjukhuset Väster,Vets,Small animal,Sweden,Sweden,Locum Vet FTE,AQ,2021,0.140,0.060,0.250,0.170,0.000,0.150,0.080,0.080,0.040,0.070,0.070,0.060
14,2021,490,1466,SE,56008011,5600,8011,Sweden,Djursjukhuset Västerort,Djursjukhuset Väster,Vets,Small animal,Sweden,Sweden,Nurse FTE,AQ,2021,12.000,12.000,13.000,13.300,11.100,11.200,12.200,13.100,15.200,14.200,14.500,0.000
14,2021,490,1466,SE,56008011,5600,8011,Sweden,Djursjukhuset Västerort,Djursjukhuset Väster,Vets,Small animal,Sweden,Sweden,Nurse FTE,BDQTY,2021,9.650,9.650,10.650,10.650,10.650,10.650,11.450,11.450,11.450,11.450,11.450,11.450
14,2021,490,1466,SE,56008011,5600,8011,Sweden,Djursjukhuset Västerort,Djursjukhuset Väster,Vets,Small animal,Sweden,Sweden,Support FTE,AQ,2021,3.800,3.800,4.000,3.800,3.800,3.800,3.800,3.800,3.800,3.800,3.800,0.000
14,2021,490,1466,SE,56008011,5600,8011,Sweden,Djursjukhuset Västerort,Djursjukhuset Väster,Vets,Small animal,Sweden,Sweden,Support FTE,BDQTY,2021,4.750,4.750,4.750,4.750,4.750,4.750,4.750,4.750,4.750,4.750,4.750,4.750
14,2021,490,1466,SE,56008011,5600,8011,Sweden,Djursjukhuset Västerort,Djursjukhuset Väster,Vets,Small animal,Sweden,Sweden,Vet FTE,AQ,2021,10.100,10.100,12.000,8.900,8.300,8.700,8.600,8.800,8.000,8.000,7.800,0.000
14,2021,490,1466,SE,56008011,5600,8011,Sweden,Djursjukhuset Västerort,Djursjukhuset Väster,Vets,Small animal,Sweden,Sweden,Vet FTE,BDQTY,2021,5.700,5.700,6.700,6.700,7.500,7.500,7.500,7.500,8.300,8.300,8.300,8.300
14,2021,490,1467,SE,56008012,5600,8012,Sweden,Djurdoktorn Mälardalen,Djurdoktorn Mälardal,Vets,Small animal,Sweden,Sweden,Nurse FTE,AQ,2021,5.300,5.300,7.000,6.500,5.700,5.700,5.600,5.600,4.800,4.800,6.400,0.000
14,2021,490,1467,SE,56008012,5600,8012,Sweden,Djurdoktorn Mälardalen,Djurdoktorn Mälardal,Vets,Small animal,Sweden,Sweden,Nurse FTE,BDQTY,2021,4.400,4.400,4.400,4.100,4.100,4.850,4.850,4.850,5.350,5.850,5.350,4.850
14,2021,490,1467,SE,56008012,5600,8012,Sweden,Djurdoktorn Mälardalen,Djurdoktorn Mälardal,Vets,Small animal,Sweden,Sweden,Support FTE,BDQTY,2021,0.480,0.480,0.480,0.480,0.480,0.480,0.480,0.480,0.480,0.480,0.480,0.480
14,2021,490,1467,SE,56008012,5600,8012,Sweden,Djurdoktorn Mälardalen,Djurdoktorn Mälardal,Vets,Small animal,Sweden,Sweden,Vet FTE,AQ,2021,4.000,4.000,5.000,4.000,4.000,4.000,3.400,3.400,3.400,3.400,3.400,0.000
14,2021,490,1467,SE,56008012,5600,8012,Sweden,Djurdoktorn Mälardalen,Djurdoktorn Mälardal,Vets,Small animal,Sweden,Sweden,Vet FTE,BDQTY,2021,2.350,2.350,2.350,2.350,2.350,2.350,2.350,2.350,2.350,2.350,2.350,2.950
14,2021,490,1468,SE,56008013,5600,8013,Sweden,Djurkliniken Eskilstuna,Djurkliniken Eskilst,Vets,Small animal,Sweden,Sweden,Nurse FTE,AQ,2021,5.200,5.200,6.000,6.400,7.200,7.200,7.200,6.200,5.300,6.200,6.700,0.000
14,2021,490,1468,SE,56008013,5600,8013,Sweden,Djurkliniken Eskilstuna,Djurkliniken Eskilst,Vets,Small animal,Sweden,Sweden,Nurse FTE,BDQTY,2021,3.440,3.440,3.440,3.440,3.440,3.440,3.440,3.440,3.440,3.440,3.440,3.440
14,2021,490,1468,SE,56008013,5600,8013,Sweden,Djurkliniken Eskilstuna,Djurkliniken Eskilst,Vets,Small animal,Sweden,Sweden,Support FTE,AQ,2021,2.500,2.500,3.000,2.500,2.500,2.500,2.500,2.500,2.500,2.500,2.500,0.000
14,2021,490,1468,SE,56008013,5600,8013,Sweden,Djurkliniken Eskilstuna,Djurkliniken Eskilst,Vets,Small animal,Sweden,Sweden,Support FTE,BDQTY,2021,2.500,2.500,2.500,2.500,2.500,2.500,2.500,2.500,2.500,2.500,2.500,2.500
14,2021,490,1468,SE,56008013,5600,8013,Sweden,Djurkliniken Eskilstuna,Djurkliniken Eskilst,Vets,Small animal,Sweden,Sweden,Vet FTE,AQ,2021,3.600,3.600,4.000,3.600,2.600,2.600,2.700,3.700,3.700,3.700,3.700,0.000
14,2021,490,1468,SE,56008013,5600,8013,Sweden,Djurkliniken Eskilstuna,Djurkliniken Eskilst,Vets,Small animal,Sweden,Sweden,Vet FTE,BDQTY,2021,3.030,3.030,3.030,3.030,3.030,3.030,3.030,3.030,3.030,3.130,3.030,3.030
14,2021,490,1469,SE,56008014,5600,8014,Sweden,Djurkliniken Köping,Djurkliniken Köping,Vets,Small animal,Sweden,Sweden,Nurse FTE,AQ,2021,4.200,4.200,5.000,5.200,5.200,6.200,6.200,6.200,6.200,6.200,8.000,0.000
14,2021,490,1469,SE,56008014,5600,8014,Sweden,Djurkliniken Köping,Djurkliniken Köping,Vets,Small animal,Sweden,Sweden,Nurse FTE,BDQTY,2021,3.550,3.550,3.550,3.550,3.550,3.550,3.550,3.550,3.550,3.550,3.550,3.550
14,2021,490,1469,SE,56008014,5600,8014,Sweden,Djurkliniken Köping,Djurkliniken Köping,Vets,Small animal,Sweden,Sweden,Support FTE,AQ,2021,0.800,0.800,1.000,0.800,0.800,0.800,0.800,0.800,0.800,0.800,0.800,0.000
14,2021,490,1469,SE,56008014,5600,8014,Sweden,Djurkliniken Köping,Djurkliniken Köping,Vets,Small animal,Sweden,Sweden,Support FTE,BDQTY,2021,0.320,0.320,0.320,0.320,0.320,0.320,0.320,0.320,0.320,0.320,0.320,0.320
14,2021,490,1469,SE,56008014,5600,8014,Sweden,Djurkliniken Köping,Djurkliniken Köping,Vets,Small animal,Sweden,Sweden,Vet FTE,AQ,2021,1.000,1.000,0.000,1.000,1.000,1.000,1.000,1.000,1.000,1.000,1.000,0.000
14,2021,490,1469,SE,56008014,5600,8014,Sweden,Djurkliniken Köping,Djurkliniken Köping,Vets,Small animal,Sweden,Sweden,Vet FTE,BDQTY,2021,1.400,1.400,1.400,1.200,1.200,1.200,1.200,1.200,1.200,1.200,1.200,1.200
14,2021,490,1470,SE,56008015,5600,8015,Sweden,Djurkliniken Västerås,Djurkliniken Västerå,Vets,Small animal,Sweden,Sweden,Nurse FTE,AQ,2021,8.700,8.700,9.000,9.900,9.000,9.000,9.600,8.900,8.400,9.800,10.300,0.000
14,2021,490,1470,SE,56008015,5600,8015,Sweden,Djurkliniken Västerås,Djurkliniken Västerå,Vets,Small animal,Sweden,Sweden,Nurse FTE,BDQTY,2021,7.300,7.300,7.600,7.600,7.600,7.600,7.600,8.350,8.850,10.350,9.350,8.350
14,2021,490,1470,SE,56008015,5600,8015,Sweden,Djurkliniken Västerås,Djurkliniken Västerå,Vets,Small animal,Sweden,Sweden,Support FTE,BDQTY,2021,0.000,0.000,0.000,0.000,0.000,0.000,0.000,0.000,0.000,0.000,0.000,0.000
14,2021,490,1470,SE,56008015,5600,8015,Sweden,Djurkliniken Västerås,Djurkliniken Västerå,Vets,Small animal,Sweden,Sweden,Vet FTE,AQ,2021,5.200,5.200,5.000,4.300,4.000,5.500,4.700,5.100,5.000,5.100,6.100,0.000
14,2021,490,1470,SE,56008015,5600,8015,Sweden,Djurkliniken Västerås,Djurkliniken Västerå,Vets,Small animal,Sweden,Sweden,Vet FTE,BDQTY,2021,3.800,3.800,3.800,3.800,4.000,4.000,4.000,4.500,4.500,4.500,4.500,4.500
14,2021,490,1471,SE,56008016,5600,8016,Sweden,Specialistdjursjukhuset Ströms,Specialistdjursjukhu,Vets,Small animal,Sweden,Sweden,Locum Vet FTE,AQ,2021,0.190,0.040,0.000,0.220,0.450,0.150,0.260,0.610,0.290,0.000,0.250,0.360
14,2021,490,1471,SE,56008016,5600,8016,Sweden,Specialistdjursjukhuset Ströms,Specialistdjursjukhu,Vets,Small animal,Sweden,Sweden,Nurse FTE,AQ,2021,73.700,73.700,78.300,77.800,80.800,82.700,80.500,77.300,80.400,78.200,85.500,0.000
14,2021,490,1471,SE,56008016,5600,8016,Sweden,Specialistdjursjukhuset Ströms,Specialistdjursjukhu,Vets,Small animal,Sweden,Sweden,Nurse FTE,BDQTY,2021,65.030,65.030,65.030,64.830,64.830,64.930,65.930,66.930,80.930,81.930,80.930,69.930
14,2021,490,1471,SE,56008016,5600,8016,Sweden,Specialistdjursjukhuset Ströms,Specialistdjursjukhu,Vets,Small animal,Sweden,Sweden,Support FTE,AQ,2021,29.300,29.300,31.000,33.800,32.500,32.300,32.900,32.500,31.700,33.200,37.500,0.000
14,2021,490,1471,SE,56008016,5600,8016,Sweden,Specialistdjursjukhuset Ströms,Specialistdjursjukhu,Vets,Small animal,Sweden,Sweden,Support FTE,BDQTY,2021,26.110,26.110,26.110,26.280,25.280,26.830,26.830,28.830,29.830,31.580,30.580,26.830
14,2021,490,1471,SE,56008016,5600,8016,Sweden,Specialistdjursjukhuset Ströms,Specialistdjursjukhu,Vets,Small animal,Sweden,Sweden,Vet FTE,AQ,2021,45.900,45.900,40.500,46.400,44.300,42.800,39.300,41.700,41.300,42.300,45.200,0.000
14,2021,490,1471,SE,56008016,5600,8016,Sweden,Specialistdjursjukhuset Ströms,Specialistdjursjukhu,Vets,Small animal,Sweden,Sweden,Vet FTE,BDQTY,2021,44.340,43.540,43.540,43.090,44.090,45.090,45.340,45.340,45.340,45.390,45.790,45.790
14,2021,490,1472,SE,56008017,5600,8017,Sweden,Djurkliniken Karlskoga,Djurkliniken Karlsko,Vets,Small animal,Sweden,Sweden,Nurse FTE,AQ,2021,16.000,16.000,18.000,15.600,14.800,15.000,15.000,14.400,14.400,14.400,16.400,0.000
14,2021,490,1472,SE,56008017,5600,8017,Sweden,Djurkliniken Karlskoga,Djurkliniken Karlsko,Vets,Small animal,Sweden,Sweden,Nurse FTE,BDQTY,2021,12.000,12.000,12.000,12.000,12.000,12.000,12.000,12.000,11.960,11.960,11.960,11.960
14,2021,490,1472,SE,56008017,5600,8017,Sweden,Djurkliniken Karlskoga,Djurkliniken Karlsko,Vets,Small animal,Sweden,Sweden,Support FTE,AQ,2021,0.500,0.500,0.000,0.500,0.500,0.700,0.700,0.700,0.700,0.700,0.700,0.000
14,2021,490,1472,SE,56008017,5600,8017,Sweden,Djurkliniken Karlskoga,Djurkliniken Karlsko,Vets,Small animal,Sweden,Sweden,Support FTE,BDQTY,2021,0.500,0.500,0.500,0.500,0.500,0.500,0.500,0.500,0.500,0.500,0.500,0.500
14,2021,490,1472,SE,56008017,5600,8017,Sweden,Djurkliniken Karlskoga,Djurkliniken Karlsko,Vets,Small animal,Sweden,Sweden,Vet FTE,AQ,2021,7.400,7.400,6.000,6.400,6.900,7.000,7.000,7.000,7.300,7.200,7.200,0.000
14,2021,490,1472,SE,56008017,5600,8017,Sweden,Djurkliniken Karlskoga,Djurkliniken Karlsko,Vets,Small animal,Sweden,Sweden,Vet FTE,BDQTY,2021,5.600,6.400,6.400,6.400,6.400,5.900,5.900,5.900,5.900,5.900,6.400,6.400
14,2021,490,1473,SE,56008018,5600,8018,Sweden,Djursjukhuset Karlstad,Djursjukhuset Karlst,Vets,Small animal,Sweden,Sweden,Locum Vet FTE,AQ,2021,0.290,0.000,0.450,0.000,0.000,0.100,0.000,0.010,0.000,0.000,0.000,0.120
14,2021,490,1473,SE,56008018,5600,8018,Sweden,Djursjukhuset Karlstad,Djursjukhuset Karlst,Vets,Small animal,Sweden,Sweden,Nurse FTE,AQ,2021,21.600,21.600,25.000,22.600,22.600,23.600,24.600,24.600,25.800,26.200,26.300,0.000
14,2021,490,1473,SE,56008018,5600,8018,Sweden,Djursjukhuset Karlstad,Djursjukhuset Karlst,Vets,Small animal,Sweden,Sweden,Nurse FTE,BDQTY,2021,16.500,16.500,16.500,18.000,19.750,19.750,19.750,19.750,21.250,21.250,21.250,19.750
14,2021,490,1473,SE,56008018,5600,8018,Sweden,Djursjukhuset Karlstad,Djursjukhuset Karlst,Vets,Small animal,Sweden,Sweden,Support FTE,AQ,2021,7.000,7.000,8.000,9.000,8.000,7.800,8.600,8.600,9.100,9.600,11.600,0.000
14,2021,490,1473,SE,56008018,5600,8018,Sweden,Djursjukhuset Karlstad,Djursjukhuset Karlst,Vets,Small animal,Sweden,Sweden,Support FTE,BDQTY,2021,6.800,6.800,6.800,6.800,6.800,7.600,7.600,7.600,7.600,7.600,7.600,7.600
14,2021,490,1473,SE,56008018,5600,8018,Sweden,Djursjukhuset Karlstad,Djursjukhuset Karlst,Vets,Small animal,Sweden,Sweden,Vet FTE,AQ,2021,11.000,11.000,11.000,11.900,13.000,13.300,14.000,14.000,14.000,14.000,15.000,0.000
14,2021,490,1473,SE,56008018,5600,8018,Sweden,Djursjukhuset Karlstad,Djursjukhuset Karlst,Vets,Small animal,Sweden,Sweden,Vet FTE,BDQTY,2021,8.800,9.050,10.050,10.350,12.350,13.150,14.150,14.150,14.150,14.150,14.150,14.150
14,2021,490,1474,SE,56008019,5600,8019,Sweden,Djurkliniken Norrköping,Djurkliniken Norrköp,Vets,Small animal,Sweden,Sweden,Locum Vet FTE,AQ,2021,0.070,0.500,0.000,0.260,0.000,0.130,0.140,0.000,0.150,0.000,0.000,0.300
14,2021,490,1474,SE,56008019,5600,8019,Sweden,Djurkliniken Norrköping,Djurkliniken Norrköp,Vets,Small animal,Sweden,Sweden,Nurse FTE,AQ,2021,10.100,10.100,11.700,10.100,10.900,13.100,13.400,12.400,12.200,11.400,12.400,0.000
14,2021,490,1474,SE,56008019,5600,8019,Sweden,Djurkliniken Norrköping,Djurkliniken Norrköp,Vets,Small animal,Sweden,Sweden,Nurse FTE,BDQTY,2021,8.450,8.450,8.450,8.450,8.450,8.450,8.450,8.450,10.750,13.050,10.750,8.450
14,2021,490,1474,SE,56008019,5600,8019,Sweden,Djurkliniken Norrköping,Djurkliniken Norrköp,Vets,Small animal,Sweden,Sweden,Support FTE,BDQTY,2021,0.600,0.600,0.600,0.600,0.600,0.600,0.600,0.600,0.600,0.600,0.600,0.600
14,2021,490,1474,SE,56008019,5600,8019,Sweden,Djurkliniken Norrköping,Djurkliniken Norrköp,Vets,Small animal,Sweden,Sweden,Vet FTE,AQ,2021,2.700,2.700,1.700,2.300,2.800,2.000,1.800,2.800,2.600,1.800,2.400,0.000
14,2021,490,1474,SE,56008019,5600,8019,Sweden,Djurkliniken Norrköping,Djurkliniken Norrköp,Vets,Small animal,Sweden,Sweden,Vet FTE,BDQTY,2021,3.500,3.500,3.500,3.500,3.500,3.500,3.500,3.500,4.250,4.500,4.000,3.500
14,2021,490,1475,SE,56008020,5600,8020,Sweden,"Djursjukhus Valla, Linköping","Djursjukhus Valla, L",Vets,Small animal,Sweden,Sweden,Locum Vet FTE,AQ,2021,0.200,0.330,0.220,0.200,0.080,0.070,0.110,0.200,0.000,0.000,0.130,0.050
14,2021,490,1475,SE,56008020,5600,8020,Sweden,"Djursjukhus Valla, Linköping","Djursjukhus Valla, L",Vets,Small animal,Sweden,Sweden,Nurse FTE,AQ,2021,32.400,32.400,35.100,35.700,36.400,38.200,37.400,37.500,38.600,38.500,44.800,0.000
14,2021,490,1475,SE,56008020,5600,8020,Sweden,"Djursjukhus Valla, Linköping","Djursjukhus Valla, L",Vets,Small animal,Sweden,Sweden,Nurse FTE,BDQTY,2021,24.340,24.340,24.340,24.340,24.340,24.340,24.340,24.340,24.340,24.340,24.340,24.340
14,2021,490,1475,SE,56008020,5600,8020,Sweden,"Djursjukhus Valla, Linköping","Djursjukhus Valla, L",Vets,Small animal,Sweden,Sweden,Support FTE,AQ,2021,11.400,11.400,14.000,12.800,12.300,10.600,11.300,12.600,11.600,13.000,13.100,0.000
14,2021,490,1475,SE,56008020,5600,8020,Sweden,"Djursjukhus Valla, Linköping","Djursjukhus Valla, L",Vets,Small animal,Sweden,Sweden,Support FTE,BDQTY,2021,17.950,17.950,17.950,17.950,17.950,17.950,17.950,17.950,17.950,17.950,17.950,17.950
14,2021,490,1475,SE,56008020,5600,8020,Sweden,"Djursjukhus Valla, Linköping","Djursjukhus Valla, L",Vets,Small animal,Sweden,Sweden,Vet FTE,AQ,2021,15.600,15.600,15.000,14.700,14.800,16.400,16.700,16.100,16.100,16.100,16.300,0.000
14,2021,490,1475,SE,56008020,5600,8020,Sweden,"Djursjukhus Valla, Linköping","Djursjukhus Valla, L",Vets,Small animal,Sweden,Sweden,Vet FTE,BDQTY,2021,15.600,15.600,15.600,15.600,15.600,15.600,15.600,15.600,15.600,15.600,15.600,15.600
14,2021,490,1476,SE,56008021,5600,8021,Sweden,Djurkliniken Frölunda,Djurkliniken Frölund,Vets,Small animal,Sweden,Sweden,Nurse FTE,AQ,2021,3.400,3.400,4.000,3.600,4.300,3.600,3.600,3.600,3.400,2.600,3.600,0.000
14,2021,490,1476,SE,56008021,5600,8021,Sweden,Djurkliniken Frölunda,Djurkliniken Frölund,Vets,Small animal,Sweden,Sweden,Nurse FTE,BDQTY,2021,3.400,3.400,3.400,3.400,3.400,3.400,3.400,3.400,3.400,3.400,3.400,3.400
14,2021,490,1476,SE,56008021,5600,8021,Sweden,Djurkliniken Frölunda,Djurkliniken Frölund,Vets,Small animal,Sweden,Sweden,Support FTE,AQ,2021,0.700,0.700,1.000,0.700,0.000,0.800,0.700,0.700,0.700,0.700,0.700,0.000
14,2021,490,1476,SE,56008021,5600,8021,Sweden,Djurkliniken Frölunda,Djurkliniken Frölund,Vets,Small animal,Sweden,Sweden,Support FTE,BDQTY,2021,0.700,0.700,0.700,0.700,0.700,0.700,0.700,0.700,0.700,0.700,0.700,0.700
14,2021,490,1476,SE,56008021,5600,8021,Sweden,Djurkliniken Frölunda,Djurkliniken Frölund,Vets,Small animal,Sweden,Sweden,Vet FTE,AQ,2021,2.700,2.700,3.000,2.700,2.700,2.800,2.800,2.800,2.800,2.800,2.800,0.000
14,2021,490,1476,SE,56008021,5600,8021,Sweden,Djurkliniken Frölunda,Djurkliniken Frölund,Vets,Small animal,Sweden,Sweden,Vet FTE,BDQTY,2021,1.950,1.950,1.950,1.950,1.950,1.950,1.950,1.950,1.950,1.950,1.950,1.950
14,2021,490,1477,SE,56008022,5600,8022,Sweden,Djurkliniken Kungälv,Djurkliniken Kungälv,Vets,Small animal,Sweden,Sweden,Nurse FTE,AQ,2021,6.900,6.900,7.300,6.800,6.800,6.800,7.600,6.800,6.900,7.800,10.800,0.000
14,2021,490,1477,SE,56008022,5600,8022,Sweden,Djurkliniken Kungälv,Djurkliniken Kungälv,Vets,Small animal,Sweden,Sweden,Nurse FTE,BDQTY,2021,4.850,4.850,4.850,4.850,4.850,4.850,5.600,5.600,6.600,7.600,6.600,6.600
14,2021,490,1477,SE,56008022,5600,8022,Sweden,Djurkliniken Kungälv,Djurkliniken Kungälv,Vets,Small animal,Sweden,Sweden,Support FTE,AQ,2021,1.900,1.900,2.000,1.900,1.900,1.900,1.900,2.900,2.900,2.900,2.900,0.000
14,2021,490,1477,SE,56008022,5600,8022,Sweden,Djurkliniken Kungälv,Djurkliniken Kungälv,Vets,Small animal,Sweden,Sweden,Support FTE,BDQTY,2021,1.900,1.900,1.900,2.400,2.400,2.900,2.900,2.900,2.900,2.900,2.900,2.900
14,2021,490,1477,SE,56008022,5600,8022,Sweden,Djurkliniken Kungälv,Djurkliniken Kungälv,Vets,Small animal,Sweden,Sweden,Vet FTE,AQ,2021,4.600,4.600,5.000,4.600,4.900,5.600,5.600,5.600,5.900,6.600,6.600,0.000
14,2021,490,1477,SE,56008022,5600,8022,Sweden,Djurkliniken Kungälv,Djurkliniken Kungälv,Vets,Small animal,Sweden,Sweden,Vet FTE,BDQTY,2021,3.600,3.600,3.600,3.600,3.600,3.600,4.000,4.400,4.400,4.400,4.400,4.400
14,2021,490,1478,SE,56008023,5600,8023,Sweden,Djurkliniken Kållered,Djurkliniken Kållere,Vets,Small animal,Sweden,Sweden,Locum Vet FTE,AQ,2021,0.130,0.110,0.110,0.090,0.150,0.120,0.270,0.000,0.250,0.000,0.070,0.310
14,2021,490,1478,SE,56008023,5600,8023,Sweden,Djurkliniken Kållered,Djurkliniken Kållere,Vets,Small animal,Sweden,Sweden,Nurse FTE,AQ,2021,5.500,5.500,6.000,6.500,5.500,6.000,5.500,5.500,4.800,4.500,6.300,0.000
14,2021,490,1478,SE,56008023,5600,8023,Sweden,Djurkliniken Kållered,Djurkliniken Kållere,Vets,Small animal,Sweden,Sweden,Nurse FTE,BDQTY,2021,5.490,5.490,5.490,5.490,5.490,5.490,5.490,5.490,5.490,5.490,5.490,5.490
14,2021,490,1478,SE,56008023,5600,8023,Sweden,Djurkliniken Kållered,Djurkliniken Kållere,Vets,Small animal,Sweden,Sweden,Support FTE,AQ,2021,1.000,1.000,1.000,1.000,1.000,1.000,1.000,1.000,1.000,1.000,1.000,0.000
14,2021,490,1478,SE,56008023,5600,8023,Sweden,Djurkliniken Kållered,Djurkliniken Kållere,Vets,Small animal,Sweden,Sweden,Support FTE,BDQTY,2021,1.000,1.000,1.000,1.000,1.000,1.000,1.000,1.000,1.000,1.000,1.000,1.000
14,2021,490,1478,SE,56008023,5600,8023,Sweden,Djurkliniken Kållered,Djurkliniken Kållere,Vets,Small animal,Sweden,Sweden,Vet FTE,AQ,2021,4.200,4.200,4.000,4.900,3.900,2.500,3.100,3.100,3.600,4.100,5.100,0.000
14,2021,490,1478,SE,56008023,5600,8023,Sweden,Djurkliniken Kållered,Djurkliniken Kållere,Vets,Small animal,Sweden,Sweden,Vet FTE,BDQTY,2021,3.200,3.200,3.200,3.200,3.200,3.200,3.200,3.200,3.200,3.200,3.200,3.200
14,2021,490,1479,SE,56008024,5600,8024,Sweden,Djurkliniken Mölndal,Djurkliniken Mölndal,Vets,Small animal,Sweden,Sweden,Nurse FTE,AQ,2021,3.000,3.000,3.000,3.000,3.600,3.000,3.000,3.000,3.000,3.000,4.000,0.000
14,2021,490,1479,SE,56008024,5600,8024,Sweden,Djurkliniken Mölndal,Djurkliniken Mölndal,Vets,Small animal,Sweden,Sweden,Nurse FTE,BDQTY,2021,3.000,3.000,3.000,3.000,3.000,3.000,3.000,3.000,3.000,3.000,3.000,3.000
14,2021,490,1479,SE,56008024,5600,8024,Sweden,Djurkliniken Mölndal,Djurkliniken Mölndal,Vets,Small animal,Sweden,Sweden,Support FTE,AQ,2021,1.700,1.700,1.000,1.600,1.500,1.500,1.500,1.500,1.500,1.500,1.500,0.000
14,2021,490,1479,SE,56008024,5600,8024,Sweden,Djurkliniken Mölndal,Djurkliniken Mölndal,Vets,Small animal,Sweden,Sweden,Support FTE,BDQTY,2021,1.450,1.450,1.450,1.450,1.450,1.450,1.450,1.450,1.450,1.450,1.450,1.450
14,2021,490,1479,SE,56008024,5600,8024,Sweden,Djurkliniken Mölndal,Djurkliniken Mölndal,Vets,Small animal,Sweden,Sweden,Vet FTE,AQ,2021,3.200,3.200,2.000,4.100,2.700,3.700,3.700,3.700,3.700,3.700,3.700,0.000
14,2021,490,1479,SE,56008024,5600,8024,Sweden,Djurkliniken Mölndal,Djurkliniken Mölndal,Vets,Small animal,Sweden,Sweden,Vet FTE,BDQTY,2021,3.500,3.800,3.800,3.800,4.300,4.300,3.300,3.300,3.300,3.300,3.300,3.300
14,2021,490,1481,SE,56008026,5600,8026,Sweden,Djursjukhuset Göteborg,Djursjukhuset Götebo,Vets,Small animal,Sweden,Sweden,Nurse FTE,AQ,2021,15.500,15.500,15.100,18.200,18.300,19.700,20.300,19.200,19.200,17.700,18.200,0.000
14,2021,490,1481,SE,56008026,5600,8026,Sweden,Djursjukhuset Göteborg,Djursjukhuset Götebo,Vets,Small animal,Sweden,Sweden,Nurse FTE,BDQTY,2021,14.450,14.450,14.450,14.450,14.450,14.450,14.450,14.450,14.450,14.450,14.450,14.450
14,2021,490,1481,SE,56008026,5600,8026,Sweden,Djursjukhuset Göteborg,Djursjukhuset Götebo,Vets,Small animal,Sweden,Sweden,Support FTE,AQ,2021,8.300,8.300,8.000,7.900,8.400,7.400,7.400,7.700,6.700,7.400,7.400,0.000
14,2021,490,1481,SE,56008026,5600,8026,Sweden,Djursjukhuset Göteborg,Djursjukhuset Götebo,Vets,Small animal,Sweden,Sweden,Support FTE,BDQTY,2021,8.300,8.300,8.300,8.300,8.300,8.300,8.300,8.300,8.300,8.300,8.300,8.300
14,2021,490,1481,SE,56008026,5600,8026,Sweden,Djursjukhuset Göteborg,Djursjukhuset Götebo,Vets,Small animal,Sweden,Sweden,Vet FTE,AQ,2021,14.300,14.300,13.000,14.400,14.100,14.500,13.500,14.500,16.800,17.600,17.800,0.000
14,2021,490,1481,SE,56008026,5600,8026,Sweden,Djursjukhuset Göteborg,Djursjukhuset Götebo,Vets,Small animal,Sweden,Sweden,Vet FTE,BDQTY,2021,13.000,13.000,13.000,13.000,13.000,13.000,13.000,13.000,13.000,13.000,13.000,13.000
14,2021,490,1482,SE,56008027,5600,8027,Sweden,Djursjukhuset Norra Halland,Djursjukhuset Norra,Vets,Small animal,Sweden,Sweden,Locum Vet FTE,AQ,2021,0.000,0.040,0.000,0.030,0.060,0.000,0.000,0.140,0.100,0.000,0.000,0.030
14,2021,490,1482,SE,56008027,5600,8027,Sweden,Djursjukhuset Norra Halland,Djursjukhuset Norra,Vets,Small animal,Sweden,Sweden,Nurse FTE,AQ,2021,10.600,10.600,10.000,10.300,10.900,10.900,11.600,10.900,10.900,10.400,9.900,0.000
14,2021,490,1482,SE,56008027,5600,8027,Sweden,Djursjukhuset Norra Halland,Djursjukhuset Norra,Vets,Small animal,Sweden,Sweden,Nurse FTE,BDQTY,2021,10.150,10.150,10.150,10.150,10.150,10.150,10.150,11.150,12.150,12.150,12.150,10.150
14,2021,490,1482,SE,56008027,5600,8027,Sweden,Djursjukhuset Norra Halland,Djursjukhuset Norra,Vets,Small animal,Sweden,Sweden,Support FTE,AQ,2021,5.600,5.600,6.000,5.600,5.600,5.600,5.600,5.600,5.600,5.600,5.600,0.000
14,2021,490,1482,SE,56008027,5600,8027,Sweden,Djursjukhuset Norra Halland,Djursjukhuset Norra,Vets,Small animal,Sweden,Sweden,Support FTE,BDQTY,2021,5.600,5.600,5.600,5.600,5.600,5.600,5.600,5.600,5.600,5.600,5.600,5.600
14,2021,490,1482,SE,56008027,5600,8027,Sweden,Djursjukhuset Norra Halland,Djursjukhuset Norra,Vets,Small animal,Sweden,Sweden,Vet FTE,AQ,2021,7.800,7.800,8.000,9.000,9.000,9.000,8.300,9.000,9.000,9.000,9.000,0.000
14,2021,490,1482,SE,56008027,5600,8027,Sweden,Djursjukhuset Norra Halland,Djursjukhuset Norra,Vets,Small animal,Sweden,Sweden,Vet FTE,BDQTY,2021,6.880,6.880,6.880,6.880,6.880,6.880,6.880,6.880,6.880,6.880,6.880,6.880
14,2021,490,1483,SE,56008028,5600,8028,Sweden,Djurkliniken Kristianstad,Djurkliniken Kristia,Vets,Small animal,Sweden,Sweden,Nurse FTE,AQ,2021,8.500,8.500,7.500,7.500,7.300,6.300,7.700,6.700,7.300,7.300,8.800,0.000
14,2021,490,1483,SE,56008028,5600,8028,Sweden,Djurkliniken Kristianstad,Djurkliniken Kristia,Vets,Small animal,Sweden,Sweden,Nurse FTE,BDQTY,2021,5.150,5.150,5.150,5.150,5.150,5.150,5.150,5.150,6.150,6.150,6.150,5.150
14,2021,490,1483,SE,56008028,5600,8028,Sweden,Djurkliniken Kristianstad,Djurkliniken Kristia,Vets,Small animal,Sweden,Sweden,Support FTE,AQ,2021,0.800,0.800,1.000,0.800,0.800,0.800,0.800,0.800,0.800,0.800,1.500,0.000
14,2021,490,1483,SE,56008028,5600,8028,Sweden,Djurkliniken Kristianstad,Djurkliniken Kristia,Vets,Small animal,Sweden,Sweden,Support FTE,BDQTY,2021,1.750,1.750,1.750,1.750,1.750,1.750,1.750,1.750,1.750,1.750,1.750,1.750
14,2021,490,1483,SE,56008028,5600,8028,Sweden,Djurkliniken Kristianstad,Djurkliniken Kristia,Vets,Small animal,Sweden,Sweden,Vet FTE,AQ,2021,4.600,4.600,5.000,4.600,4.600,4.100,3.400,4.100,4.200,4.200,4.200,0.000
14,2021,490,1483,SE,56008028,5600,8028,Sweden,Djurkliniken Kristianstad,Djurkliniken Kristia,Vets,Small animal,Sweden,Sweden,Vet FTE,BDQTY,2021,3.950,3.950,3.950,3.950,3.950,3.950,3.950,3.950,4.950,4.950,4.950,3.950
14,2021,490,1484,SE,56008029,5600,8029,Sweden,Djurkliniken Åhus,Djurkliniken Åhus,Vets,Small animal,Sweden,Sweden,Nurse FTE,BDQTY,2021,0.400,0.400,0.400,0.400,0.400,0.400,0.400,0.400,0.400,0.400,0.400,0.400
14,2021,490,1484,SE,56008029,5600,8029,Sweden,Djurkliniken Åhus,Djurkliniken Åhus,Vets,Small animal,Sweden,Sweden,Support FTE,BDQTY,2021,0.000,0.000,0.000,0.000,0.000,0.000,0.000,0.000,0.000,0.000,0.000,0.000
14,2021,490,1484,SE,56008029,5600,8029,Sweden,Djurkliniken Åhus,Djurkliniken Åhus,Vets,Small animal,Sweden,Sweden,Vet FTE,BDQTY,2021,0.600,0.600,0.600,0.600,0.600,0.600,0.600,0.600,0.600,0.600,0.600,0.600
14,2021,490,1485,SE,56008030,5600,8030,Sweden,Djursjukhuset Växjö,Djursjukhuset Växjö,Vets,Small animal,Sweden,Sweden,Locum Vet FTE,AQ,2021,0.590,0.000,0.000,0.000,0.000,0.000,0.000,0.000,0.000,0.000,0.000,0.000
14,2021,490,1485,SE,56008030,5600,8030,Sweden,Djursjukhuset Växjö,Djursjukhuset Växjö,Vets,Small animal,Sweden,Sweden,Nurse FTE,AQ,2021,14.200,14.200,14.500,18.000,15.400,14.000,14.900,14.700,15.800,17.600,19.500,0.000
14,2021,490,1485,SE,56008030,5600,8030,Sweden,Djursjukhuset Växjö,Djursjukhuset Växjö,Vets,Small animal,Sweden,Sweden,Nurse FTE,BDQTY,2021,10.700,10.700,10.700,11.300,11.300,11.300,11.300,11.900,11.900,11.900,11.900,12.100
14,2021,490,1485,SE,56008030,5600,8030,Sweden,Djursjukhuset Växjö,Djursjukhuset Växjö,Vets,Small animal,Sweden,Sweden,Support FTE,AQ,2021,8.700,8.700,9.000,8.700,8.700,8.700,8.700,8.700,8.700,8.100,9.200,0.000
14,2021,490,1485,SE,56008030,5600,8030,Sweden,Djursjukhuset Växjö,Djursjukhuset Växjö,Vets,Small animal,Sweden,Sweden,Support FTE,BDQTY,2021,7.700,7.700,7.700,7.700,7.700,7.700,7.700,7.700,7.700,7.700,7.700,7.700
14,2021,490,1485,SE,56008030,5600,8030,Sweden,Djursjukhuset Växjö,Djursjukhuset Växjö,Vets,Small animal,Sweden,Sweden,Vet FTE,AQ,2021,8.800,8.800,8.000,9.100,9.200,9.600,10.500,10.500,9.300,9.300,9.200,0.000
14,2021,490,1485,SE,56008030,5600,8030,Sweden,Djursjukhuset Växjö,Djursjukhuset Växjö,Vets,Small animal,Sweden,Sweden,Vet FTE,BDQTY,2021,8.000,9.000,9.000,10.000,10.000,11.000,11.000,11.000,11.000,11.000,11.000,11.000
14,2021,490,1486,SE,56008031,5600,8031,Sweden,HBG Specialistdjursjukhuset He,Specialistdjursjukhu,Vets,Small animal,Sweden,Sweden,Locum Vet FTE,AQ,2021,0.000,0.560,0.410,1.370,0.420,0.640,0.690,0.990,0.470,0.830,0.620,0.780
14,2021,490,1486,SE,56008031,5600,8031,Sweden,HBG Specialistdjursjukhuset He,Specialistdjursjukhu,Vets,Small animal,Sweden,Sweden,Nurse FTE,AQ,2021,44.900,44.900,50.500,47.600,47.800,48.400,49.200,47.700,49.100,50.700,53.400,0.000
14,2021,490,1486,SE,56008031,5600,8031,Sweden,HBG Specialistdjursjukhuset He,Specialistdjursjukhu,Vets,Small animal,Sweden,Sweden,Nurse FTE,BDQTY,2021,42.030,42.030,42.030,42.030,42.030,42.030,42.030,42.030,48.030,48.030,48.120,42.030
14,2021,490,1486,SE,56008031,5600,8031,Sweden,HBG Specialistdjursjukhuset He,Specialistdjursjukhu,Vets,Small animal,Sweden,Sweden,Support FTE,AQ,2021,22.900,22.900,24.000,27.500,24.900,24.200,23.800,26.300,25.800,24.800,28.600,0.000
14,2021,490,1486,SE,56008031,5600,8031,Sweden,HBG Specialistdjursjukhuset He,Specialistdjursjukhu,Vets,Small animal,Sweden,Sweden,Support FTE,BDQTY,2021,21.480,21.480,21.480,20.580,20.580,20.580,20.580,21.580,24.580,24.580,24.580,21.580
14,2021,490,1486,SE,56008031,5600,8031,Sweden,HBG Specialistdjursjukhuset He,Specialistdjursjukhu,Vets,Small animal,Sweden,Sweden,Vet FTE,AQ,2021,34.000,34.000,31.700,32.100,31.900,32.800,31.700,32.900,32.000,31.800,31.300,0.000
14,2021,490,1486,SE,56008031,5600,8031,Sweden,HBG Specialistdjursjukhuset He,Specialistdjursjukhu,Vets,Small animal,Sweden,Sweden,Vet FTE,BDQTY,2021,33.150,33.150,33.150,33.150,33.150,33.150,33.150,34.150,34.150,34.950,34.950,33.950
14,2021,490,1487,SE,56008032,5600,8032,Sweden,Djurkliniken Höllviken,Djurkliniken Höllvik,Vets,Small animal,Sweden,Sweden,Locum Vet FTE,AQ,2021,0.040,0.020,0.020,0.000,0.230,0.000,0.010,0.010,0.000,0.050,0.000,0.000
14,2021,490,1487,SE,56008032,5600,8032,Sweden,Djurkliniken Höllviken,Djurkliniken Höllvik,Vets,Small animal,Sweden,Sweden,Nurse FTE,AQ,2021,3.800,3.800,3.000,4.000,4.300,4.100,4.800,5.400,5.400,5.400,7.000,0.000
14,2021,490,1487,SE,56008032,5600,8032,Sweden,Djurkliniken Höllviken,Djurkliniken Höllvik,Vets,Small animal,Sweden,Sweden,Nurse FTE,BDQTY,2021,3.000,3.000,3.000,3.000,3.000,3.000,3.000,3.000,5.000,5.000,3.000,3.000
14,2021,490,1487,SE,56008032,5600,8032,Sweden,Djurkliniken Höllviken,Djurkliniken Höllvik,Vets,Small animal,Sweden,Sweden,Support FTE,AQ,2021,5.200,5.200,3.900,4.500,4.500,5.000,5.000,5.000,5.000,5.000,5.000,0.000
14,2021,490,1487,SE,56008032,5600,8032,Sweden,Djurkliniken Höllviken,Djurkliniken Höllvik,Vets,Small animal,Sweden,Sweden,Support FTE,BDQTY,2021,4.290,4.290,4.290,4.290,4.290,4.290,4.290,4.290,5.290,5.290,4.290,4.290
14,2021,490,1487,SE,56008032,5600,8032,Sweden,Djurkliniken Höllviken,Djurkliniken Höllvik,Vets,Small animal,Sweden,Sweden,Vet FTE,AQ,2021,1.800,1.800,2.000,1.800,1.800,1.300,1.000,1.000,1.000,1.000,1.000,0.000
14,2021,490,1487,SE,56008032,5600,8032,Sweden,Djurkliniken Höllviken,Djurkliniken Höllvik,Vets,Small animal,Sweden,Sweden,Vet FTE,BDQTY,2021,1.800,1.800,1.800,1.800,1.800,1.800,1.800,1.800,2.800,2.800,1.800,1.800
14,2021,490,1488,SE,56008033,5600,8033,Sweden,Djurkliniken Trelleborg,Djurkliniken Trelleb,Vets,Small animal,Sweden,Sweden,Nurse FTE,AQ,2021,3.500,3.500,4.000,3.800,3.800,3.800,3.000,3.000,2.000,3.000,4.000,0.000
14,2021,490,1488,SE,56008033,5600,8033,Sweden,Djurkliniken Trelleborg,Djurkliniken Trelleb,Vets,Small animal,Sweden,Sweden,Nurse FTE,BDQTY,2021,3.830,3.830,3.830,3.830,3.830,3.830,3.830,3.830,3.830,3.830,3.830,3.830
14,2021,490,1488,SE,56008033,5600,8033,Sweden,Djurkliniken Trelleborg,Djurkliniken Trelleb,Vets,Small animal,Sweden,Sweden,Support FTE,BDQTY,2021,0.000,0.000,0.000,0.000,0.000,0.000,0.000,0.000,0.000,0.000,0.000,0.000
14,2021,490,1488,SE,56008033,5600,8033,Sweden,Djurkliniken Trelleborg,Djurkliniken Trelleb,Vets,Small animal,Sweden,Sweden,Vet FTE,AQ,2021,1.000,1.000,0.000,0.800,0.800,0.800,0.800,0.800,1.800,1.800,2.200,0.000
14,2021,490,1488,SE,56008033,5600,8033,Sweden,Djurkliniken Trelleborg,Djurkliniken Trelleb,Vets,Small animal,Sweden,Sweden,Vet FTE,BDQTY,2021,2.080,2.080,2.080,3.080,3.080,3.080,3.080,3.080,3.080,3.080,3.080,3.080
14,2021,490,1489,SE,56008034,5600,8034,Sweden,Djurkliniken Ystad,Djurkliniken Ystad,Vets,Small animal,Sweden,Sweden,Nurse FTE,AQ,2021,7.100,7.100,7.400,7.000,7.500,6.500,6.500,6.500,6.400,6.400,7.100,0.000
14,2021,490,1489,SE,56008034,5600,8034,Sweden,Djurkliniken Ystad,Djurkliniken Ystad,Vets,Small animal,Sweden,Sweden,Nurse FTE,BDQTY,2021,6.300,6.300,6.300,6.300,6.300,6.300,6.300,6.300,6.300,6.300,6.300,6.300
14,2021,490,1489,SE,56008034,5600,8034,Sweden,Djurkliniken Ystad,Djurkliniken Ystad,Vets,Small animal,Sweden,Sweden,Support FTE,AQ,2021,1.000,1.000,1.000,1.000,1.000,1.000,1.000,1.000,1.000,1.000,2.000,0.000
14,2021,490,1489,SE,56008034,5600,8034,Sweden,Djurkliniken Ystad,Djurkliniken Ystad,Vets,Small animal,Sweden,Sweden,Support FTE,BDQTY,2021,1.000,1.000,1.000,1.000,1.000,1.000,1.000,1.000,1.000,1.000,1.000,1.000
14,2021,490,1489,SE,56008034,5600,8034,Sweden,Djurkliniken Ystad,Djurkliniken Ystad,Vets,Small animal,Sweden,Sweden,Vet FTE,AQ,2021,3.200,3.200,3.500,2.600,2.600,2.300,1.800,1.800,1.800,2.800,2.800,0.000
14,2021,490,1489,SE,56008034,5600,8034,Sweden,Djurkliniken Ystad,Djurkliniken Ystad,Vets,Small animal,Sweden,Sweden,Vet FTE,BDQTY,2021,3.400,3.400,3.400,3.400,3.400,3.400,3.400,3.400,3.400,3.400,3.400,3.400
14,2021,490,1490,SE,56008035,5600,8035,Sweden,Djurkliniken Staffanstorp,Djurkliniken Staffan,Vets,Small animal,Sweden,Sweden,Nurse FTE,AQ,2021,3.400,3.400,3.000,2.900,2.900,2.900,2.900,1.900,2.200,3.100,3.100,0.000
14,2021,490,1490,SE,56008035,5600,8035,Sweden,Djurkliniken Staffanstorp,Djurkliniken Staffan,Vets,Small animal,Sweden,Sweden,Nurse FTE,BDQTY,2021,3.000,3.000,3.000,3.000,3.000,3.000,3.000,3.000,3.000,3.000,3.000,3.000
14,2021,490,1490,SE,56008035,5600,8035,Sweden,Djurkliniken Staffanstorp,Djurkliniken Staffan,Vets,Small animal,Sweden,Sweden,Support FTE,AQ,2021,0.100,0.100,1.000,0.500,1.100,1.100,1.100,1.100,1.100,1.100,1.100,0.000
14,2021,490,1490,SE,56008035,5600,8035,Sweden,Djurkliniken Staffanstorp,Djurkliniken Staffan,Vets,Small animal,Sweden,Sweden,Support FTE,BDQTY,2021,1.070,1.070,1.070,1.070,1.070,1.070,1.070,1.070,1.070,1.070,1.070,1.070
14,2021,490,1490,SE,56008035,5600,8035,Sweden,Djurkliniken Staffanstorp,Djurkliniken Staffan,Vets,Small animal,Sweden,Sweden,Vet FTE,AQ,2021,1.800,1.800,2.000,2.800,2.000,3.000,3.000,2.800,2.800,2.800,2.800,0.000
14,2021,490,1490,SE,56008035,5600,8035,Sweden,Djurkliniken Staffanstorp,Djurkliniken Staffan,Vets,Small animal,Sweden,Sweden,Vet FTE,BDQTY,2021,2.250,2.250,2.250,2.250,2.250,2.250,2.250,2.250,2.250,2.250,2.250,2.250
14,2021,490,1491,SE,56008036,5600,8036,Sweden,Djursjukhuset Malmö,Djursjukhuset Malmö,Vets,Small animal,Sweden,Sweden,Locum Vet FTE,AQ,2021,0.720,0.190,0.150,0.280,0.480,0.170,0.310,0.370,0.460,0.400,0.150,0.480
14,2021,490,1491,SE,56008036,5600,8036,Sweden,Djursjukhuset Malmö,Djursjukhuset Malmö,Vets,Small animal,Sweden,Sweden,Nurse FTE,AQ,2021,50.700,50.700,56.000,57.800,56.900,61.100,61.800,63.000,63.000,64.300,74.000,0.000
14,2021,490,1491,SE,56008036,5600,8036,Sweden,Djursjukhuset Malmö,Djursjukhuset Malmö,Vets,Small animal,Sweden,Sweden,Nurse FTE,BDQTY,2021,37.130,37.130,37.130,38.130,38.380,38.380,38.630,38.630,39.930,40.880,40.180,38.630
14,2021,490,1491,SE,56008036,5600,8036,Sweden,Djursjukhuset Malmö,Djursjukhuset Malmö,Vets,Small animal,Sweden,Sweden,Support FTE,AQ,2021,20.300,20.300,19.600,20.200,20.500,18.500,18.700,18.700,20.700,20.700,26.100,0.000
14,2021,490,1491,SE,56008036,5600,8036,Sweden,Djursjukhuset Malmö,Djursjukhuset Malmö,Vets,Small animal,Sweden,Sweden,Support FTE,BDQTY,2021,25.200,25.200,25.200,25.200,25.400,25.400,25.400,25.400,25.400,25.400,25.400,25.400
14,2021,490,1491,SE,56008036,5600,8036,Sweden,Djursjukhuset Malmö,Djursjukhuset Malmö,Vets,Small animal,Sweden,Sweden,Vet FTE,AQ,2021,27.600,27.600,19.800,30.200,27.300,27.900,28.600,30.500,31.300,31.200,31.600,0.000
14,2021,490,1491,SE,56008036,5600,8036,Sweden,Djursjukhuset Malmö,Djursjukhuset Malmö,Vets,Small animal,Sweden,Sweden,Vet FTE,BDQTY,2021,30.650,29.650,29.650,30.250,31.550,31.550,31.550,31.550,31.550,32.050,32.050,32.050
14,2021,490,1492,SE,56008037,5600,8037,Sweden,Hästkliniken Luleå,Hästkliniken Luleå,Vets,Small animal,Sweden,Sweden,Nurse FTE,BDQTY,2021,2.000,2.000,2.000,2.000,2.000,2.000,2.000,2.000,2.500,2.500,2.500,2.500
14,2021,490,1492,SE,56008037,5600,8037,Sweden,Hästkliniken Luleå,Hästkliniken Luleå,Vets,Small animal,Sweden,Sweden,Support FTE,BDQTY,2021,0.000,0.000,0.000,0.000,0.000,0.000,0.000,0.000,0.000,0.000,0.000,0.000
14,2021,490,1492,SE,56008037,5600,8037,Sweden,Hästkliniken Luleå,Hästkliniken Luleå,Vets,Small animal,Sweden,Sweden,Vet FTE,BDQTY,2021,1.000,1.000,1.000,1.000,1.000,2.000,2.000,2.000,3.000,2.800,2.000,2.000
14,2021,490,1505,SE,56008050,5600,8050,Sweden,Evidensia Smådjurskliniken Jön,Evidensia Smådjurskl,Vets,Small animal,Sweden,Sweden,Locum Vet FTE,AQ,2021,0.000,0.000,0.000,0.000,0.000,0.010,0.000,0.000,0.000,0.000,0.000,0.000
14,2021,490,1505,SE,56008050,5600,8050,Sweden,Evidensia Smådjurskliniken Jön,Evidensia Smådjurskl,Vets,Small animal,Sweden,Sweden,Nurse FTE,AQ,2021,12.100,12.100,14.000,12.700,11.400,13.400,12.000,12.400,11.700,12.000,14.800,0.000
14,2021,490,1505,SE,56008050,5600,8050,Sweden,Evidensia Smådjurskliniken Jön,Evidensia Smådjurskl,Vets,Small animal,Sweden,Sweden,Nurse FTE,BDQTY,2021,9.750,9.750,9.750,9.750,9.750,9.750,9.750,9.750,9.750,9.750,9.750,9.750
14,2021,490,1505,SE,56008050,5600,8050,Sweden,Evidensia Smådjurskliniken Jön,Evidensia Smådjurskl,Vets,Small animal,Sweden,Sweden,Support FTE,AQ,2021,5.000,5.000,3.000,5.200,4.900,3.900,4.900,6.900,6.900,6.900,6.900,0.000
14,2021,490,1505,SE,56008050,5600,8050,Sweden,Evidensia Smådjurskliniken Jön,Evidensia Smådjurskl,Vets,Small animal,Sweden,Sweden,Support FTE,BDQTY,2021,3.500,3.500,3.500,3.500,3.500,3.500,3.500,3.500,3.500,3.500,3.500,3.500
14,2021,490,1505,SE,56008050,5600,8050,Sweden,Evidensia Smådjurskliniken Jön,Evidensia Smådjurskl,Vets,Small animal,Sweden,Sweden,Vet FTE,AQ,2021,7.300,7.300,7.000,7.748,7.700,7.700,7.700,6.700,7.700,7.700,8.100,0.000
14,2021,490,1505,SE,56008050,5600,8050,Sweden,Evidensia Smådjurskliniken Jön,Evidensia Smådjurskl,Vets,Small animal,Sweden,Sweden,Vet FTE,BDQTY,2021,7.600,7.600,7.600,7.600,7.600,7.600,7.600,7.600,7.600,7.600,7.600,7.600
14,2021,490,1506,SE,56008051,5600,8051,Sweden,Djursjukhuset Analysen Örebro,Djursjukhuset Analys,Vets,Small animal,Sweden,Sweden,Nurse FTE,AQ,2021,8.500,8.500,9.000,9.500,8.525,9.500,8.500,8.500,9.000,9.400,10.600,0.000
14,2021,490,1506,SE,56008051,5600,8051,Sweden,Djursjukhuset Analysen Örebro,Djursjukhuset Analys,Vets,Small animal,Sweden,Sweden,Nurse FTE,BDQTY,2021,6.530,6.530,5.530,5.530,6.330,6.330,6.330,6.330,6.830,7.330,6.830,6.330
14,2021,490,1506,SE,56008051,5600,8051,Sweden,Djursjukhuset Analysen Örebro,Djursjukhuset Analys,Vets,Small animal,Sweden,Sweden,Support FTE,AQ,2021,2.000,2.000,2.000,2.000,2.000,1.000,2.000,2.000,2.000,2.000,2.000,0.000
14,2021,490,1506,SE,56008051,5600,8051,Sweden,Djursjukhuset Analysen Örebro,Djursjukhuset Analys,Vets,Small animal,Sweden,Sweden,Support FTE,BDQTY,2021,1.000,1.000,1.000,1.000,1.000,1.000,1.000,1.000,1.000,1.000,1.000,1.000
14,2021,490,1506,SE,56008051,5600,8051,Sweden,Djursjukhuset Analysen Örebro,Djursjukhuset Analys,Vets,Small animal,Sweden,Sweden,Vet FTE,AQ,2021,4.200,4.200,4.000,4.400,4.900,4.700,4.400,4.400,4.000,3.500,3.500,0.000
14,2021,490,1506,SE,56008051,5600,8051,Sweden,Djursjukhuset Analysen Örebro,Djursjukhuset Analys,Vets,Small animal,Sweden,Sweden,Vet FTE,BDQTY,2021,4.500,4.500,4.500,4.750,4.750,4.750,4.750,4.750,4.750,4.750,4.750,4.750
14,2021,490,1507,SE,56008052,5600,8052,Sweden,Mälarhöjdens Veterinärpraktik,Mälarhöjdens Veterin,Vets,Small animal,Sweden,Sweden,Nurse FTE,AQ,2021,4.000,4.000,4.000,4.000,4.000,4.200,5.400,5.200,6.800,6.200,7.800,0.000
14,2021,490,1507,SE,56008052,5600,8052,Sweden,Mälarhöjdens Veterinärpraktik,Mälarhöjdens Veterin,Vets,Small animal,Sweden,Sweden,Nurse FTE,BDQTY,2021,4.000,4.000,4.000,4.000,4.000,4.000,4.000,4.000,4.000,4.000,4.000,4.000
14,2021,490,1507,SE,56008052,5600,8052,Sweden,Mälarhöjdens Veterinärpraktik,Mälarhöjdens Veterin,Vets,Small animal,Sweden,Sweden,Support FTE,AQ,2021,0.800,0.800,1.000,0.800,1.000,1.000,1.000,1.000,0.000,1.000,1.000,0.000
14,2021,490,1507,SE,56008052,5600,8052,Sweden,Mälarhöjdens Veterinärpraktik,Mälarhöjdens Veterin,Vets,Small animal,Sweden,Sweden,Support FTE,BDQTY,2021,1.000,1.000,1.000,1.000,1.000,1.000,1.000,1.000,1.000,1.000,1.000,1.000
14,2021,490,1507,SE,56008052,5600,8052,Sweden,Mälarhöjdens Veterinärpraktik,Mälarhöjdens Veterin,Vets,Small animal,Sweden,Sweden,Vet FTE,AQ,2021,5.000,5.000,3.000,2.700,2.700,2.700,1.900,2.700,2.600,1.800,1.800,0.000
14,2021,490,1507,SE,56008052,5600,8052,Sweden,Mälarhöjdens Veterinärpraktik,Mälarhöjdens Veterin,Vets,Small animal,Sweden,Sweden,Vet FTE,BDQTY,2021,6.450,6.450,6.450,6.450,6.450,6.450,6.450,6.450,6.450,6.450,6.450,6.650
14,2021,490,1516,SE,56008061,5600,8061,Sweden,Hästkliniken Kungsbacka For Ca,Djurkliniken Kungsba,Vets,Equine,Sweden,Sweden,Nurse FTE,BDQTY,2021,0.000,0.000,0.000,0.000,0.000,0.000,0.000,0.000,0.000,0.000,0.000,0.000
14,2021,490,1516,SE,56008061,5600,8061,Sweden,Hästkliniken Kungsbacka For Ca,Djurkliniken Kungsba,Vets,Equine,Sweden,Sweden,Support FTE,BDQTY,2021,0.000,0.000,0.000,0.000,0.000,0.000,0.000,0.000,0.000,0.000,0.000,0.000
14,2021,490,1516,SE,56008061,5600,8061,Sweden,Hästkliniken Kungsbacka For Ca,Djurkliniken Kungsba,Vets,Equine,Sweden,Sweden,Vet FTE,BDQTY,2021,0.000,0.000,0.000,0.000,0.000,0.000,0.000,0.000,0.000,0.000,0.000,0.000
14,2021,490,1518,SE,56008063,5600,8063,Sweden,Kullabygden,Kullabygden,Vets,Small animal,Sweden,Sweden,Locum Vet FTE,AQ,2021,0.000,0.000,0.000,0.000,0.000,0.000,0.000,0.000,0.040,0.000,0.000,0.080
14,2021,490,1518,SE,56008063,5600,8063,Sweden,Kullabygden,Kullabygden,Vets,Small animal,Sweden,Sweden,Nurse FTE,AQ,2021,4.200,4.200,5.000,4.200,5.200,3.400,3.300,3.300,3.300,3.300,4.300,0.000
14,2021,490,1518,SE,56008063,5600,8063,Sweden,Kullabygden,Kullabygden,Vets,Small animal,Sweden,Sweden,Nurse FTE,BDQTY,2021,3.400,3.400,3.400,3.400,3.400,3.400,3.400,3.400,3.400,3.400,3.400,3.400
14,2021,490,1518,SE,56008063,5600,8063,Sweden,Kullabygden,Kullabygden,Vets,Small animal,Sweden,Sweden,Support FTE,AQ,2021,4.600,4.600,4.700,3.700,2.700,3.700,3.700,3.700,3.700,3.700,3.700,0.000
14,2021,490,1518,SE,56008063,5600,8063,Sweden,Kullabygden,Kullabygden,Vets,Small animal,Sweden,Sweden,Support FTE,BDQTY,2021,3.900,3.900,3.900,3.900,3.900,3.900,3.900,3.900,3.900,3.900,3.900,3.900
14,2021,490,1518,SE,56008063,5600,8063,Sweden,Kullabygden,Kullabygden,Vets,Small animal,Sweden,Sweden,Vet FTE,AQ,2021,3.400,3.400,3.000,3.400,3.400,3.400,2.400,2.400,2.400,2.400,2.400,0.000
14,2021,490,1518,SE,56008063,5600,8063,Sweden,Kullabygden,Kullabygden,Vets,Small animal,Sweden,Sweden,Vet FTE,BDQTY,2021,4.200,4.200,4.200,4.200,4.200,4.200,4.200,4.200,4.200,4.200,4.200,4.200
14,2021,490,1520,SE,56008065,5600,8065,Sweden,Södra Berget Veterinärpraktik,Södra Berget Veterin,Vets,Small animal,Sweden,Sweden,Locum Vet FTE,AQ,2021,0.460,0.430,0.370,0.210,0.490,0.030,0.630,0.600,0.260,0.500,0.620,0.360
14,2021,490,1520,SE,56008065,5600,8065,Sweden,Södra Berget Veterinärpraktik,Södra Berget Veterin,Vets,Small animal,Sweden,Sweden,Nurse FTE,AQ,2021,19.000,19.000,21.100,19.200,19.800,19.600,19.100,18.700,20.300,21.700,0.000,0.000
14,2021,490,1520,SE,56008065,5600,8065,Sweden,Södra Berget Veterinärpraktik,Södra Berget Veterin,Vets,Small animal,Sweden,Sweden,Nurse FTE,BDQTY,2021,15.390,15.390,15.390,15.690,15.690,15.490,15.490,15.490,15.490,15.490,15.490,15.490
14,2021,490,1520,SE,56008065,5600,8065,Sweden,Södra Berget Veterinärpraktik,Södra Berget Veterin,Vets,Small animal,Sweden,Sweden,Support FTE,AQ,2021,6.900,6.900,7.000,6.900,6.900,6.900,6.900,6.900,6.900,6.900,0.000,0.000
14,2021,490,1520,SE,56008065,5600,8065,Sweden,Södra Berget Veterinärpraktik,Södra Berget Veterin,Vets,Small animal,Sweden,Sweden,Support FTE,BDQTY,2021,6.890,6.890,6.890,6.890,6.890,6.890,6.890,6.890,6.890,6.890,6.890,6.890
14,2021,490,1520,SE,56008065,5600,8065,Sweden,Södra Berget Veterinärpraktik,Södra Berget Veterin,Vets,Small animal,Sweden,Sweden,Vet FTE,AQ,2021,11.600,11.600,10.000,10.200,9.200,9.200,9.200,9.200,9.100,8.700,0.000,0.000
14,2021,490,1520,SE,56008065,5600,8065,Sweden,Södra Berget Veterinärpraktik,Södra Berget Veterin,Vets,Small animal,Sweden,Sweden,Vet FTE,BDQTY,2021,11.200,12.190,12.190,12.190,12.190,12.190,12.190,12.190,12.190,12.190,12.190,12.190
14,2021,490,1521,SE,56008066,5600,8066,Sweden,Veterinärkliniken Malmö Eviden,Oresund Malmo Veter,Vets,Small animal,Sweden,Sweden,Nurse FTE,AQ,2021,4.900,4.900,5.000,4.900,4.900,4.900,4.900,4.900,5.900,5.000,5.400,0.000
14,2021,490,1521,SE,56008066,5600,8066,Sweden,Veterinärkliniken Malmö Eviden,Oresund Malmo Veter,Vets,Small animal,Sweden,Sweden,Nurse FTE,BDQTY,2021,4.400,4.400,4.400,4.400,4.400,4.400,4.400,4.400,4.400,4.400,5.400,5.400
14,2021,490,1521,SE,56008066,5600,8066,Sweden,Veterinärkliniken Malmö Eviden,Oresund Malmo Veter,Vets,Small animal,Sweden,Sweden,Support FTE,AQ,2021,5.300,5.300,5.000,4.300,4.300,4.300,4.300,4.300,3.300,4.300,4.200,0.000
14,2021,490,1521,SE,56008066,5600,8066,Sweden,Veterinärkliniken Malmö Eviden,Oresund Malmo Veter,Vets,Small animal,Sweden,Sweden,Support FTE,BDQTY,2021,4.000,4.000,4.000,4.000,4.000,4.000,4.000,4.000,4.000,4.000,4.000,4.000
14,2021,490,1521,SE,56008066,5600,8066,Sweden,Veterinärkliniken Malmö Eviden,Oresund Malmo Veter,Vets,Small animal,Sweden,Sweden,Vet FTE,AQ,2021,3.400,3.400,3.000,2.400,2.400,1.500,1.500,1.500,1.500,1.500,1.500,0.000
14,2021,490,1521,SE,56008066,5600,8066,Sweden,Veterinärkliniken Malmö Eviden,Oresund Malmo Veter,Vets,Small animal,Sweden,Sweden,Vet FTE,BDQTY,2021,3.200,3.200,3.200,3.900,3.900,3.900,3.900,3.900,3.900,3.900,3.900,4.800
14,2021,490,1522,SE,56008067,5600,8067,Sweden,Veterinärkliniken Limhamn Evid,Limhamn Veterinarpra,Vets,Small animal,Sweden,Sweden,Nurse FTE,AQ,2021,5.600,5.600,5.000,5.600,6.700,6.700,7.800,8.000,7.800,6.800,7.900,0.000
14,2021,490,1522,SE,56008067,5600,8067,Sweden,Veterinärkliniken Limhamn Evid,Limhamn Veterinarpra,Vets,Small animal,Sweden,Sweden,Nurse FTE,BDQTY,2021,4.300,4.300,4.300,4.300,4.300,4.300,4.300,4.300,4.300,4.300,4.300,4.300
14,2021,490,1522,SE,56008067,5600,8067,Sweden,Veterinärkliniken Limhamn Evid,Limhamn Veterinarpra,Vets,Small animal,Sweden,Sweden,Support FTE,AQ,2021,1.800,1.800,2.000,1.800,1.800,1.800,1.800,1.800,1.800,1.800,1.800,0.000
14,2021,490,1522,SE,56008067,5600,8067,Sweden,Veterinärkliniken Limhamn Evid,Limhamn Veterinarpra,Vets,Small animal,Sweden,Sweden,Support FTE,BDQTY,2021,1.950,1.950,1.950,1.950,1.950,1.950,1.950,1.950,1.950,1.950,1.950,1.950
14,2021,490,1522,SE,56008067,5600,8067,Sweden,Veterinärkliniken Limhamn Evid,Limhamn Veterinarpra,Vets,Small animal,Sweden,Sweden,Vet FTE,AQ,2021,3.000,3.000,3.000,3.000,3.000,3.000,2.000,3.000,3.000,3.000,3.000,0.000
14,2021,490,1522,SE,56008067,5600,8067,Sweden,Veterinärkliniken Limhamn Evid,Limhamn Veterinarpra,Vets,Small animal,Sweden,Sweden,Vet FTE,BDQTY,2021,4.000,4.000,4.000,4.000,4.000,4.000,4.000,4.000,4.000,4.000,4.000,4.000
14,2021,490,1523,SE,56008068,5600,8068,Sweden,Visby Veterinärpraktik,Visby Veterinarprakt,Vets,Small animal,Sweden,Sweden,Locum Vet FTE,AQ,2021,1.170,0.790,1.450,0.750,0.610,1.140,0.450,0.480,0.040,0.050,0.050,0.000
14,2021,490,1523,SE,56008068,5600,8068,Sweden,Visby Veterinärpraktik,Visby Veterinarprakt,Vets,Small animal,Sweden,Sweden,Nurse FTE,AQ,2021,6.100,6.100,7.000,7.600,7.800,7.800,7.800,7.800,7.800,7.800,7.700,0.000
14,2021,490,1523,SE,56008068,5600,8068,Sweden,Visby Veterinärpraktik,Visby Veterinarprakt,Vets,Small animal,Sweden,Sweden,Vet FTE,AQ,2021,2.000,2.000,2.000,2.600,2.600,2.600,2.600,2.600,2.600,2.600,2.600,0.000
14,2021,490,1525,SE,56008070,5600,8070,Sweden,Slite Veterinärpraktik,Slite Veterinarprakt,Vets,Small animal,Sweden,Sweden,Nurse FTE,BDQTY,2021,4.000,4.000,4.000,4.000,4.000,4.000,4.250,4.250,4.250,4.250,4.250,4.250
14,2021,490,1525,SE,56008070,5600,8070,Sweden,Slite Veterinärpraktik,Slite Veterinarprakt,Vets,Small animal,Sweden,Sweden,Support FTE,BDQTY,2021,1.000,1.000,1.000,1.000,1.000,1.000,1.000,1.000,1.000,1.000,1.000,1.000
14,2021,490,1525,SE,56008070,5600,8070,Sweden,Slite Veterinärpraktik,Slite Veterinarprakt,Vets,Small animal,Sweden,Sweden,Vet FTE,BDQTY,2021,2.000,2.000,2.000,2.000,2.000,2.000,2.000,2.000,2.000,2.000,2.000,2.000
14,2021,490,1526,SE,56008072,5600,8072,Sweden,Veterinärhuset Lidköping,Lidkoping,Vets,Small animal,Sweden,Sweden,Locum Vet FTE,AQ,2021,0.000,0.000,0.000,0.000,0.000,0.000,0.000,0.000,0.000,0.000,0.080,0.000
14,2021,490,1526,SE,56008072,5600,8072,Sweden,Veterinärhuset Lidköping,Lidkoping,Vets,Small animal,Sweden,Sweden,Nurse FTE,AQ,2021,6.300,6.300,6.000,4.400,5.200,1.600,0.900,0.000,0.000,0.000,0.000,0.000
14,2021,490,1526,SE,56008072,5600,8072,Sweden,Veterinärhuset Lidköping,Lidkoping,Vets,Small animal,Sweden,Sweden,Nurse FTE,BDQTY,2021,5.250,5.250,5.250,5.250,5.250,5.250,5.250,5.250,5.250,5.250,5.250,5.250
14,2021,490,1526,SE,56008072,5600,8072,Sweden,Veterinärhuset Lidköping,Lidkoping,Vets,Small animal,Sweden,Sweden,Support FTE,AQ,2021,0.800,0.800,1.000,0.000,0.800,0.000,0.000,0.000,0.000,0.000,0.000,0.000
14,2021,490,1526,SE,56008072,5600,8072,Sweden,Veterinärhuset Lidköping,Lidkoping,Vets,Small animal,Sweden,Sweden,Support FTE,BDQTY,2021,1.000,1.000,1.000,1.000,1.000,1.000,1.000,1.000,1.000,1.000,1.000,1.000
14,2021,490,1526,SE,56008072,5600,8072,Sweden,Veterinärhuset Lidköping,Lidkoping,Vets,Small animal,Sweden,Sweden,Vet FTE,AQ,2021,3.400,3.400,2.000,1.900,2.700,1.000,1.000,0.000,0.000,0.000,0.000,0.000
14,2021,490,1526,SE,56008072,5600,8072,Sweden,Veterinärhuset Lidköping,Lidkoping,Vets,Small animal,Sweden,Sweden,Vet FTE,BDQTY,2021,3.350,3.350,3.350,3.350,3.350,3.350,3.350,3.350,3.350,3.350,3.350,3.350
14,2021,490,1527,SE,56008073,5600,8073,Sweden,Ugglarp Gard Hast,Ugglarp Gard Hast,Vets,Equine,Sweden,Sweden,Locum Vet FTE,AQ,2021,0.470,0.300,0.460,0.130,0.470,0.200,0.370,0.150,0.750,0.280,0.200,0.370
14,2021,490,1527,SE,56008073,5600,8073,Sweden,Ugglarp Gard Hast,Ugglarp Gard Hast,Vets,Equine,Sweden,Sweden,Nurse FTE,AQ,2021,3.500,3.500,3.000,0.000,3.500,0.000,0.000,0.000,0.000,0.000,0.000,0.000
14,2021,490,1527,SE,56008073,5600,8073,Sweden,Ugglarp Gard Hast,Ugglarp Gard Hast,Vets,Equine,Sweden,Sweden,Nurse FTE,BDQTY,2021,3.250,3.250,3.250,3.250,3.250,3.250,3.250,3.250,3.250,3.250,3.250,3.250
14,2021,490,1527,SE,56008073,5600,8073,Sweden,Ugglarp Gard Hast,Ugglarp Gard Hast,Vets,Equine,Sweden,Sweden,Support FTE,AQ,2021,0.900,0.900,1.000,0.000,0.300,0.000,0.000,0.000,0.000,0.000,0.000,0.000
14,2021,490,1527,SE,56008073,5600,8073,Sweden,Ugglarp Gard Hast,Ugglarp Gard Hast,Vets,Equine,Sweden,Sweden,Support FTE,BDQTY,2021,0.400,0.400,0.400,0.400,0.400,0.400,0.400,0.400,0.400,0.400,0.400,0.400
14,2021,490,1527,SE,56008073,5600,8073,Sweden,Ugglarp Gard Hast,Ugglarp Gard Hast,Vets,Equine,Sweden,Sweden,Vet FTE,AQ,2021,2.400,2.400,2.000,0.000,3.000,0.000,0.000,0.000,0.000,0.000,0.000,0.000
14,2021,490,1527,SE,56008073,5600,8073,Sweden,Ugglarp Gard Hast,Ugglarp Gard Hast,Vets,Equine,Sweden,Sweden,Vet FTE,BDQTY,2021,3.000,3.000,3.000,3.000,3.000,3.000,3.000,3.000,3.000,3.000,3.000,3.000
14,2021,490,1528,SE,56008074,5600,8074,Sweden,Ugglarp Gard Smadjur,Ugglarp Gard Hast,Vets,Small animal,Sweden,Sweden,Nurse FTE,AQ,2021,4.300,4.300,4.000,0.000,3.600,0.000,0.000,0.000,0.000,0.000,0.000,0.000
14,2021,490,1528,SE,56008074,5600,8074,Sweden,Ugglarp Gard Smadjur,Ugglarp Gard Hast,Vets,Small animal,Sweden,Sweden,Nurse FTE,BDQTY,2021,4.100,4.100,4.100,4.100,5.100,5.100,5.100,5.100,5.300,5.800,5.500,5.100
14,2021,490,1528,SE,56008074,5600,8074,Sweden,Ugglarp Gard Smadjur,Ugglarp Gard Hast,Vets,Small animal,Sweden,Sweden,Support FTE,AQ,2021,3.000,3.000,2.000,0.000,1.600,0.000,0.000,0.000,0.000,0.000,0.000,0.000
14,2021,490,1528,SE,56008074,5600,8074,Sweden,Ugglarp Gard Smadjur,Ugglarp Gard Hast,Vets,Small animal,Sweden,Sweden,Support FTE,BDQTY,2021,1.600,1.600,1.600,1.350,1.350,1.350,1.350,1.350,1.350,1.350,1.350,1.350
14,2021,490,1528,SE,56008074,5600,8074,Sweden,Ugglarp Gard Smadjur,Ugglarp Gard Hast,Vets,Small animal,Sweden,Sweden,Vet FTE,AQ,2021,1.300,1.300,3.000,0.000,0.900,0.700,0.700,0.700,0.700,0.700,0.700,0.000
14,2021,490,1528,SE,56008074,5600,8074,Sweden,Ugglarp Gard Smadjur,Ugglarp Gard Hast,Vets,Small animal,Sweden,Sweden,Vet FTE,BDQTY,2021,3.100,3.100,3.100,3.100,3.100,3.100,3.100,3.100,3.100,3.100,3.100,3.100
14,2021,490,1529,SE,56008075,5600,8075,Sweden,On-line Vet,On-line Vet,Vets,Small animal,Sweden,Sweden,Vet FTE,AQ,2021,1.000,1.000,1.000,1.000,1.000,1.000,1.000,1.000,0.000,0.000,0.000,0.000
14,2021,490,1532,SE,56008078,5600,8078,Sweden,Viken Smådjursklinik Evidensia,Viken Smådjursklinik,Vets,Small animal,Sweden,Sweden,Nurse FTE,BDQTY,2021,0.800,0.800,0.800,0.800,0.800,0.800,0.800,0.800,0.800,0.800,0.800,0.800
14,2021,490,1532,SE,56008078,5600,8078,Sweden,Viken Smådjursklinik Evidensia,Viken Smådjursklinik,Vets,Small animal,Sweden,Sweden,Support FTE,BDQTY,2021,0.000,0.000,0.000,0.000,0.000,0.000,0.000,0.000,0.000,0.000,0.000,0.000
14,2021,490,1532,SE,56008078,5600,8078,Sweden,Viken Smådjursklinik Evidensia,Viken Smådjursklinik,Vets,Small animal,Sweden,Sweden,Vet FTE,BDQTY,2021,0.700,0.700,0.700,0.700,0.700,0.700,0.700,0.700,0.700,0.700,0.700,0.700
14,2021,490,1534,SE,56008080,5600,8080,Sweden,Lunds Djursjukhus,Lunds Djursjukhus AB,Vets,Small animal,Sweden,Sweden,Locum Vet FTE,AQ,2021,0.610,0.260,0.280,0.280,0.500,0.260,0.590,0.190,0.440,0.390,0.190,0.310
14,2021,490,1534,SE,56008080,5600,8080,Sweden,Lunds Djursjukhus,Lunds Djursjukhus AB,Vets,Small animal,Sweden,Sweden,Nurse FTE,AQ,2021,28.900,28.900,26.000,0.000,0.800,0.000,0.000,0.000,0.000,0.000,0.000,0.000
14,2021,490,1534,SE,56008080,5600,8080,Sweden,Lunds Djursjukhus,Lunds Djursjukhus AB,Vets,Small animal,Sweden,Sweden,Nurse FTE,BDQTY,2021,18.950,18.950,18.950,19.950,20.700,20.700,21.200,21.200,23.000,24.200,22.700,21.950
14,2021,490,1534,SE,56008080,5600,8080,Sweden,Lunds Djursjukhus,Lunds Djursjukhus AB,Vets,Small animal,Sweden,Sweden,Support FTE,AQ,2021,4.000,4.000,3.000,0.000,0.000,0.000,0.000,0.000,0.000,0.000,0.000,0.000
14,2021,490,1534,SE,56008080,5600,8080,Sweden,Lunds Djursjukhus,Lunds Djursjukhus AB,Vets,Small animal,Sweden,Sweden,Support FTE,BDQTY,2021,8.890,8.890,8.890,8.890,8.890,8.890,8.890,8.890,8.890,8.890,8.890,8.890
14,2021,490,1534,SE,56008080,5600,8080,Sweden,Lunds Djursjukhus,Lunds Djursjukhus AB,Vets,Small animal,Sweden,Sweden,Vet FTE,AQ,2021,14.400,14.400,12.000,0.000,0.800,0.000,0.000,0.000,0.000,0.000,0.000,0.000
14,2021,490,1534,SE,56008080,5600,8080,Sweden,Lunds Djursjukhus,Lunds Djursjukhus AB,Vets,Small animal,Sweden,Sweden,Vet FTE,BDQTY,2021,14.350,14.350,14.350,14.850,14.850,14.850,15.650,15.650,15.650,15.650,15.650,15.650
14,2021,490,32634,SE,56008084,5600,8084,Sweden,HO,Lidingö,HO,HO,Sweden,Sweden,Locum Vet FTE,AQ,2021,0.000,1.010,0.290,0.430,0.330,0.000,0.430,0.370,0.250,0.090,0.000,0.000
14,2021,490,32634,SE,56008084,5600,8084,Sweden,HO,Lidingö,HO,HO,Sweden,Sweden,Nurse FTE,AQ,2021,2.300,2.300,0.000,0.000,0.000,0.000,0.000,0.000,0.000,0.000,0.000,0.000
14,2021,490,32634,SE,56008084,5600,8084,Sweden,HO,Lidingö,HO,HO,Sweden,Sweden,Nurse FTE,BDQTY,2021,3.000,3.000,3.000,3.000,3.000,3.000,3.000,3.000,3.000,3.000,3.000,3.000
14,2021,490,32634,SE,56008084,5600,8084,Sweden,HO,Lidingö,HO,HO,Sweden,Sweden,Support FTE,BDQTY,2021,1.000,1.000,1.000,1.000,1.000,1.000,1.000,1.000,1.000,1.000,1.000,1.000
14,2021,490,32634,SE,56008084,5600,8084,Sweden,HO,Lidingö,HO,HO,Sweden,Sweden,Vet FTE,AQ,2021,1.600,1.600,0.000,0.000,0.000,0.000,0.000,0.000,0.000,0.000,0.000,0.000
14,2021,490,32634,SE,56008084,5600,8084,Sweden,HO,Lidingö,HO,HO,Sweden,Sweden,Vet FTE,BDQTY,2021,4.000,4.000,4.000,4.000,4.000,4.000,4.000,4.000,4.000,4.000,4.000,4.000
14,2021,490,37739,SE,56008086,5600,8086,Sweden,NA,Vasastans Veterinärk,NA,NA,NA,NA,Nurse FTE,AQ,2021,0.000,0.000,0.000,0.000,0.000,0.000,0.000,0.000,0.900,0.900,0.900,0.000
14,2021,490,37739,SE,56008086,5600,8086,Sweden,NA,Vasastans Veterinärk,NA,NA,NA,NA,Vet FTE,AQ,2021,0.000,0.000,0.000,0.000,0.000,0.000,0.000,1.600,1.000,1.000,1.000,0.000
14,2021,490,37740,SE,56008089,5600,8089,Sweden,NA,Sävedalen,NA,NA,NA,NA,Nurse FTE,AQ,2021,0.000,0.000,0.000,0.000,0.000,0.000,0.200,0.300,0.300,0.300,0.600,0.000
14,2021,490,37740,SE,56008089,5600,8089,Sweden,NA,Sävedalen,NA,NA,NA,NA,Vet FTE,AQ,2021,0.000,0.000,0.000,0.000,0.000,0.000,0.500,1.000,1.000,1.000,1.000,0.000
14,2021,490,1542,SE,56009011,5600,9011,Sweden,HO,HQ,HO,HO,Sweden,Sweden,Nurse FTE,BDQTY,2021,0.000,0.000,0.000,0.000,0.000,0.000,0.000,0.000,0.000,0.000,0.000,0.000
14,2021,490,1542,SE,56009011,5600,9011,Sweden,HO,HQ,HO,HO,Sweden,Sweden,Support FTE,AQ,2021,1.000,1.000,1.000,1.000,1.000,1.000,1.000,1.000,0.000,0.300,0.000,0.000
14,2021,490,1542,SE,56009011,5600,9011,Sweden,HO,HQ,HO,HO,Sweden,Sweden,Support FTE,BDQTY,2021,1.000,1.000,1.000,1.000,1.000,1.000,1.000,1.000,1.000,1.000,1.000,1.000
14,2021,490,1542,SE,56009011,5600,9011,Sweden,HO,HQ,HO,HO,Sweden,Sweden,Vet FTE,BDQTY,2021,0.000,0.000,0.000,0.000,0.000,0.000,0.000,0.000,0.000,0.000,0.000,0.000
14,2021,490,1544,SE,56009016,5600,9016,Sweden,HO,HQ,HO,HO,Sweden,Sweden,Nurse FTE,BDQTY,2021,0.000,0.000,0.000,0.000,0.000,0.000,0.000,0.000,0.000,0.000,0.000,0.000
14,2021,490,1544,SE,56009016,5600,9016,Sweden,HO,HQ,HO,HO,Sweden,Sweden,Support FTE,AQ,2021,2.000,2.000,1.000,2.100,2.000,2.000,2.000,2.000,0.000,1.000,0.000,0.000
14,2021,490,1544,SE,56009016,5600,9016,Sweden,HO,HQ,HO,HO,Sweden,Sweden,Support FTE,BDQTY,2021,4.000,4.000,4.000,4.000,4.000,4.000,4.000,4.000,4.000,4.000,4.000,4.000
14,2021,490,1544,SE,56009016,5600,9016,Sweden,HO,HQ,HO,HO,Sweden,Sweden,Vet FTE,BDQTY,2021,0.000,0.000,0.000,0.000,0.000,0.000,0.000,0.000,0.000,0.000,0.000,0.000
14,2021,490,1545,SE,56009017,5600,9017,Sweden,HO,HQ,HO,HO,Sweden,Sweden,Nurse FTE,BDQTY,2021,0.000,0.000,0.000,0.000,0.000,0.000,0.000,0.000,0.000,0.000,0.000,0.000
14,2021,490,1545,SE,56009017,5600,9017,Sweden,HO,HQ,HO,HO,Sweden,Sweden,Support FTE,AQ,2021,3.000,3.000,2.000,2.000,2.000,2.000,2.200,3.000,0.000,0.000,0.000,0.000
14,2021,490,1545,SE,56009017,5600,9017,Sweden,HO,HQ,HO,HO,Sweden,Sweden,Support FTE,BDQTY,2021,3.000,3.000,3.000,3.000,3.000,3.000,3.000,3.000,3.000,3.000,3.000,3.000
14,2021,490,1545,SE,56009017,5600,9017,Sweden,HO,HQ,HO,HO,Sweden,Sweden,Vet FTE,BDQTY,2021,0.000,0.000,0.000,0.000,0.000,0.000,0.000,0.000,0.000,0.000,0.000,0.000
14,2021,490,1548,SE,56009020,5600,9020,Sweden,HO,HQ,HO,HO,Sweden,Sweden,Nurse FTE,BDQTY,2021,0.000,0.000,0.000,0.000,0.000,0.000,0.000,0.000,0.000,0.000,0.000,0.000
14,2021,490,1548,SE,56009020,5600,9020,Sweden,HO,HQ,HO,HO,Sweden,Sweden,Support FTE,AQ,2021,3.000,3.000,3.000,3.000,3.000,3.000,3.000,3.000,2.000,3.000,0.000,0.000
14,2021,490,1548,SE,56009020,5600,9020,Sweden,HO,HQ,HO,HO,Sweden,Sweden,Support FTE,BDQTY,2021,3.000,3.000,3.000,3.000,3.000,3.000,3.000,3.000,3.000,3.000,3.000,3.000
14,2021,490,1548,SE,56009020,5600,9020,Sweden,HO,HQ,HO,HO,Sweden,Sweden,Vet FTE,BDQTY,2021,0.000,0.000,0.000,0.000,0.000,0.000,0.000,0.000,0.000,0.000,0.000,0.000
14,2021,490,1551,SE,56009023,5600,9023,Sweden,HO,HQ,HO,HO,Sweden,Sweden,Nurse FTE,BDQTY,2021,0.000,0.000,0.000,0.000,0.000,0.000,0.000,0.000,0.000,0.000,0.000,0.000
14,2021,490,1551,SE,56009023,5600,9023,Sweden,HO,HQ,HO,HO,Sweden,Sweden,Support FTE,BDQTY,2021,0.000,0.000,0.000,0.000,0.000,0.000,0.000,0.000,0.000,0.000,0.000,0.000
14,2021,490,1551,SE,56009023,5600,9023,Sweden,HO,HQ,HO,HO,Sweden,Sweden,Vet FTE,BDQTY,2021,0.000,0.000,0.000,0.000,0.000,0.000,0.000,0.000,0.000,0.000,0.000,0.000
14,2021,490,1552,SE,56009024,5600,9024,Sweden,HO,HQ,HO,HO,Sweden,Sweden,Nurse FTE,BDQTY,2021,0.000,0.000,0.000,0.000,0.000,0.000,0.000,0.000,0.000,0.000,0.000,0.000
14,2021,490,1552,SE,56009024,5600,9024,Sweden,HO,HQ,HO,HO,Sweden,Sweden,Support FTE,AQ,2021,0.000,0.000,1.000,0.700,0.700,0.700,0.700,0.700,0.000,0.000,0.000,0.000
14,2021,490,1552,SE,56009024,5600,9024,Sweden,HO,HQ,HO,HO,Sweden,Sweden,Support FTE,BDQTY,2021,0.700,0.700,0.700,0.700,0.700,0.700,0.700,0.700,0.700,0.700,0.700,0.700
14,2021,490,1552,SE,56009024,5600,9024,Sweden,HO,HQ,HO,HO,Sweden,Sweden,Vet FTE,BDQTY,2021,0.900,0.900,0.900,0.900,0.900,0.900,0.900,0.900,0.900,0.900,0.900,0.900
14,2021,490,1553,SE,56009027,5600,9027,Sweden,HO,HQ,HO,HO,Sweden,Sweden,Nurse FTE,BDQTY,2021,0.000,0.000,0.000,0.000,0.000,0.000,0.000,0.000,0.000,0.000,0.000,0.000
14,2021,490,1553,SE,56009027,5600,9027,Sweden,HO,HQ,HO,HO,Sweden,Sweden,Support FTE,AQ,2021,1.000,1.000,1.000,1.000,1.000,1.100,2.000,2.000,0.000,1.000,0.000,0.000
14,2021,490,1553,SE,56009027,5600,9027,Sweden,HO,HQ,HO,HO,Sweden,Sweden,Support FTE,BDQTY,2021,1.450,1.450,1.450,1.450,1.450,1.450,1.450,1.450,1.200,1.200,1.200,1.200
14,2021,490,1553,SE,56009027,5600,9027,Sweden,HO,HQ,HO,HO,Sweden,Sweden,Vet FTE,BDQTY,2021,0.000,0.000,0.000,0.000,0.000,0.000,0.000,0.000,0.000,0.000,0.000,0.000
14,2021,490,1555,SE,56009030,5600,9030,Sweden,HO,HQ,HO,HO,Sweden,Sweden,Nurse FTE,BDQTY,2021,0.000,0.000,0.000,0.000,0.000,0.000,0.000,0.000,0.000,0.000,0.000,0.000
14,2021,490,1555,SE,56009030,5600,9030,Sweden,HO,HQ,HO,HO,Sweden,Sweden,Support FTE,AQ,2021,4.000,4.000,4.000,5.000,5.000,5.000,5.000,5.000,2.000,3.000,0.000,0.000
14,2021,490,1555,SE,56009030,5600,9030,Sweden,HO,HQ,HO,HO,Sweden,Sweden,Support FTE,BDQTY,2021,4.000,4.000,4.000,4.000,4.000,4.000,4.000,4.000,4.000,4.000,4.000,4.000
14,2021,490,1555,SE,56009030,5600,9030,Sweden,HO,HQ,HO,HO,Sweden,Sweden,Vet FTE,BDQTY,2021,0.000,0.000,0.000,0.000,0.000,0.000,0.000,0.000,0.000,0.000,0.000,0.000
14,2021,490,1559,SE,56009041,5600,9041,Sweden,HO,HQ,HO,HO,Sweden,Sweden,Nurse FTE,BDQTY,2021,0.000,0.000,0.000,0.000,0.000,0.000,0.000,0.000,0.000,0.000,0.000,0.000
14,2021,490,1559,SE,56009041,5600,9041,Sweden,HO,HQ,HO,HO,Sweden,Sweden,Support FTE,AQ,2021,2.900,2.900,1.000,2.900,2.900,2.900,2.900,2.900,1.900,2.900,0.000,0.000
14,2021,490,1559,SE,56009041,5600,9041,Sweden,HO,HQ,HO,HO,Sweden,Sweden,Support FTE,BDQTY,2021,1.000,1.000,1.000,1.000,1.000,1.000,1.000,1.000,1.000,1.000,1.000,1.000
14,2021,490,1559,SE,56009041,5600,9041,Sweden,HO,HQ,HO,HO,Sweden,Sweden,Vet FTE,BDQTY,2021,0.000,0.000,0.000,0.000,0.000,0.000,0.000,0.000,0.000,0.000,0.000,0.000
14,2021,490,1560,SE,56009042,5600,9042,Sweden,HO,HQ,HO,HO,Sweden,Sweden,Nurse FTE,BDQTY,2021,0.000,0.000,0.000,0.000,0.000,0.000,0.000,0.000,0.000,0.000,0.000,0.000
14,2021,490,1560,SE,56009042,5600,9042,Sweden,HO,HQ,HO,HO,Sweden,Sweden,Support FTE,AQ,2021,2.000,2.000,1.000,2.000,2.000,2.000,2.000,2.000,1.000,2.000,0.000,0.000
14,2021,490,1560,SE,56009042,5600,9042,Sweden,HO,HQ,HO,HO,Sweden,Sweden,Support FTE,BDQTY,2021,1.000,1.000,1.000,1.000,1.000,1.000,1.000,1.000,1.000,1.000,1.000,1.000
14,2021,490,1560,SE,56009042,5600,9042,Sweden,HO,HQ,HO,HO,Sweden,Sweden,Vet FTE,BDQTY,2021,0.000,0.000,0.000,0.000,0.000,0.000,0.000,0.000,0.000,0.000,0.000,0.000
14,2021,490,1562,SE,56009044,5600,9044,Sweden,HO,HQ,HO,HO,Sweden,Sweden,Nurse FTE,BDQTY,2021,0.000,0.000,0.000,0.000,0.000,0.000,0.000,0.000,0.000,0.000,0.000,0.000
14,2021,490,1562,SE,56009044,5600,9044,Sweden,HO,HQ,HO,HO,Sweden,Sweden,Support FTE,AQ,2021,1.000,1.000,0.000,1.000,1.000,1.000,1.000,1.000,1.000,1.000,0.000,0.000
14,2021,490,1562,SE,56009044,5600,9044,Sweden,HO,HQ,HO,HO,Sweden,Sweden,Support FTE,BDQTY,2021,1.000,1.000,1.000,1.000,1.000,1.000,1.000,1.000,1.000,1.000,1.000,1.000
14,2021,490,1562,SE,56009044,5600,9044,Sweden,HO,HQ,HO,HO,Sweden,Sweden,Vet FTE,BDQTY,2021,0.000,0.000,0.000,0.000,0.000,0.000,0.000,0.000,0.000,0.000,0.000,0.000
14,2021,490,1566,SE,56009048,5600,9048,Sweden,HO,HQ,HO,HO,Sweden,Sweden,Nurse FTE,BDQTY,2021,0.000,0.000,0.000,0.000,0.000,0.000,0.000,0.000,0.000,0.000,0.000,0.000
14,2021,490,1566,SE,56009048,5600,9048,Sweden,HO,HQ,HO,HO,Sweden,Sweden,Support FTE,AQ,2021,2.000,2.000,2.000,2.000,2.000,2.000,2.000,2.000,1.000,2.000,0.000,0.000
14,2021,490,1566,SE,56009048,5600,9048,Sweden,HO,HQ,HO,HO,Sweden,Sweden,Support FTE,BDQTY,2021,4.000,4.000,4.000,4.000,4.000,4.000,4.000,4.000,4.000,4.000,4.000,4.000
14,2021,490,1566,SE,56009048,5600,9048,Sweden,HO,HQ,HO,HO,Sweden,Sweden,Vet FTE,BDQTY,2021,0.000,0.000,0.000,0.000,0.000,0.000,0.000,0.000,0.000,0.000,0.000,0.000
14,2021,490,1567,SE,56009049,5600,9049,Sweden,HO,HQ,HO,HO,Sweden,Sweden,Support FTE,AQ,2021,6.000,6.000,3.000,4.000,4.000,4.000,4.000,4.000,0.000,3.000,0.000,0.000
14,2021,490,1570,SE,56009060,5600,9060,Sweden,HO,HQ,HO,HO,Sweden,Sweden,Support FTE,AQ,2021,5.000,5.000,1.000,5.000,5.000,5.000,5.000,5.000,5.000,5.000,0.000,0.000
14,2021,490,1572,SE,56009069,5600,9069,Sweden,HO,HQ,HO,HO,Sweden,Sweden,Nurse FTE,BDQTY,2021,0.000,0.000,0.000,0.000,0.000,0.000,0.000,0.000,0.000,0.000,0.000,0.000
14,2021,490,1572,SE,56009069,5600,9069,Sweden,HO,HQ,HO,HO,Sweden,Sweden,Support FTE,AQ,2021,6.000,6.000,2.000,6.000,7.400,8.000,8.000,8.300,3.000,6.000,0.000,0.000
14,2021,490,1572,SE,56009069,5600,9069,Sweden,HO,HQ,HO,HO,Sweden,Sweden,Support FTE,BDQTY,2021,5.000,5.000,5.000,5.000,5.000,5.000,5.000,5.000,5.000,5.000,5.000,5.000
14,2021,490,1572,SE,56009069,5600,9069,Sweden,HO,HQ,HO,HO,Sweden,Sweden,Vet FTE,BDQTY,2021,0.000,0.000,0.000,0.000,0.000,0.000,0.000,0.000,0.000,0.000,0.000,0.000
14,2021,490,1573,SE,56009070,5600,9070,Sweden,HO,Group Support,HO,HO,Sweden,Sweden,Nurse FTE,BDQTY,2021,0.000,0.000,0.000,0.000,0.000,0.000,0.000,0.000,0.000,0.000,0.000,0.000
14,2021,490,1573,SE,56009070,5600,9070,Sweden,HO,Group Support,HO,HO,Sweden,Sweden,Support FTE,AQ,2021,1.000,1.000,-2.000,1.000,1.000,1.000,1.000,1.000,1.000,1.000,0.000,0.000
14,2021,490,1573,SE,56009070,5600,9070,Sweden,HO,Group Support,HO,HO,Sweden,Sweden,Support FTE,BDQTY,2021,1.000,1.000,1.000,1.000,1.000,1.000,1.000,1.000,1.000,1.000,1.000,1.000
14,2021,490,1573,SE,56009070,5600,9070,Sweden,HO,Group Support,HO,HO,Sweden,Sweden,Vet FTE,BDQTY,2021,0.000,0.000,0.000,0.000,0.000,0.000,0.000,0.000,0.000,0.000,0.000,0.000
14,2021,490,33050,SE,56009082,5600,9082,Sweden,HO,HQ,HO,HO,Sweden,Sweden,Support FTE,AQ,2021,0.000,0.000,2.000,0.000,0.000,0.000,0.000,0.000,0.000,0.000,0.000,0.000
14,2021,490,1574,SE,56009110,5600,9110,Sweden,HO,HQ,HO,HO,Sweden,Sweden,Nurse FTE,BDQTY,2021,0.000,0.000,0.000,0.000,0.000,0.000,0.000,0.000,0.000,0.000,0.000,0.000
14,2021,490,1574,SE,56009110,5600,9110,Sweden,HO,HQ,HO,HO,Sweden,Sweden,Support FTE,AQ,2021,6.500,6.500,5.500,8.000,8.000,8.000,7.300,7.000,1.000,2.000,0.000,0.000
14,2021,490,1574,SE,56009110,5600,9110,Sweden,HO,HQ,HO,HO,Sweden,Sweden,Support FTE,BDQTY,2021,9.000,9.000,9.000,9.000,9.000,9.000,9.000,9.000,9.000,9.000,9.000,9.000
14,2021,490,1574,SE,56009110,5600,9110,Sweden,HO,HQ,HO,HO,Sweden,Sweden,Vet FTE,BDQTY,2021,0.000,0.000,0.000,0.000,0.000,0.000,0.000,0.000,0.000,0.000,0.000,0.000
14,2021,490,1576,SE,56009140,5600,9140,Sweden,HO,HQ,HO,HO,Sweden,Sweden,Nurse FTE,BDQTY,2021,0.000,0.000,0.000,0.000,0.000,0.000,0.000,0.000,0.000,0.000,0.000,0.000
14,2021,490,1576,SE,56009140,5600,9140,Sweden,HO,HQ,HO,HO,Sweden,Sweden,Support FTE,BDQTY,2021,1.000,1.000,1.000,1.000,1.000,1.000,1.000,1.000,1.000,1.000,1.000,1.000
14,2021,490,1576,SE,56009140,5600,9140,Sweden,HO,HQ,HO,HO,Sweden,Sweden,Vet FTE,BDQTY,2021,0.000,0.000,0.000,0.000,0.000,0.000,0.000,0.000,0.000,0.000,0.000,0.000
14,2021,491,1607,SE,56018038,5601,8038,Sweden,Hästkliniken Boden,Hästkliniken Boden,Vets,Small animal,Sweden,Sweden,Locum Vet FTE,AQ,2021,0.030,0.020,0.000,0.020,0.020,0.020,0.000,0.020,0.020,0.000,0.020,0.010
14,2021,491,1607,SE,56018038,5601,8038,Sweden,Hästkliniken Boden,Hästkliniken Boden,Vets,Small animal,Sweden,Sweden,Nurse FTE,AQ,2021,2.000,2.000,2.000,0.000,0.000,0.000,0.000,0.000,0.000,0.000,0.000,0.000
14,2021,491,1607,SE,56018038,5601,8038,Sweden,Hästkliniken Boden,Hästkliniken Boden,Vets,Small animal,Sweden,Sweden,Vet FTE,AQ,2021,1.000,1.000,1.000,0.000,0.000,0.000,0.000,0.000,0.000,0.000,0.000,0.000
14,2021,491,1611,SE,56018042,5601,8042,Sweden,Hästkliniken Mantorp,Hästkliniken Mantorp,Vets,Small animal,Sweden,Sweden,Locum Vet FTE,AQ,2021,0.050,0.090,0.000,0.190,0.070,0.120,0.100,0.050,0.010,0.160,0.210,0.150
14,2021,491,1611,SE,56018042,5601,8042,Sweden,Hästkliniken Mantorp,Hästkliniken Mantorp,Vets,Small animal,Sweden,Sweden,Nurse FTE,AQ,2021,3.600,3.600,1.000,1.000,1.000,1.000,1.000,1.000,1.000,1.000,1.000,1.000
14,2021,491,1611,SE,56018042,5601,8042,Sweden,Hästkliniken Mantorp,Hästkliniken Mantorp,Vets,Small animal,Sweden,Sweden,Nurse FTE,BDQTY,2021,3.150,3.150,3.150,2.850,3.050,3.050,3.050,3.050,3.350,4.350,3.350,3.350
14,2021,491,1611,SE,56018042,5601,8042,Sweden,Hästkliniken Mantorp,Hästkliniken Mantorp,Vets,Small animal,Sweden,Sweden,Support FTE,AQ,2021,1.900,1.900,3.000,3.000,0.000,0.000,0.000,0.000,0.000,0.000,0.000,0.000
14,2021,491,1611,SE,56018042,5601,8042,Sweden,Hästkliniken Mantorp,Hästkliniken Mantorp,Vets,Small animal,Sweden,Sweden,Support FTE,BDQTY,2021,0.900,0.900,0.900,0.900,0.900,0.900,0.900,0.900,0.900,0.900,0.900,0.900
14,2021,491,1611,SE,56018042,5601,8042,Sweden,Hästkliniken Mantorp,Hästkliniken Mantorp,Vets,Small animal,Sweden,Sweden,Vet FTE,AQ,2021,2.800,2.800,2.000,3.000,0.000,0.000,0.000,0.000,0.000,0.000,0.000,0.000
14,2021,491,1611,SE,56018042,5601,8042,Sweden,Hästkliniken Mantorp,Hästkliniken Mantorp,Vets,Small animal,Sweden,Sweden,Vet FTE,BDQTY,2021,2.900,3.900,3.900,3.900,3.900,3.900,3.900,3.900,4.100,4.000,4.000,3.900
14,2021,491,1613,SE,56018044,5601,8044,Sweden,Hästsjukhuset Stav,Hästsjukhuset Stav,Vets,Small animal,Sweden,Sweden,Locum Vet FTE,AQ,2021,0.550,0.460,0.460,0.330,0.380,0.450,0.580,1.640,0.960,0.490,0.640,1.060
14,2021,491,1613,SE,56018044,5601,8044,Sweden,Hästsjukhuset Stav,Hästsjukhuset Stav,Vets,Small animal,Sweden,Sweden,Nurse FTE,AQ,2021,5.000,5.000,0.700,5.000,0.000,0.000,0.000,0.000,0.000,0.000,0.000,0.000
14,2021,491,1613,SE,56018044,5601,8044,Sweden,Hästsjukhuset Stav,Hästsjukhuset Stav,Vets,Small animal,Sweden,Sweden,Nurse FTE,BDQTY,2021,5.000,5.000,5.000,5.000,5.000,5.000,5.000,5.000,5.000,5.000,5.000,5.000
14,2021,491,1613,SE,56018044,5601,8044,Sweden,Hästsjukhuset Stav,Hästsjukhuset Stav,Vets,Small animal,Sweden,Sweden,Support FTE,BDQTY,2021,0.050,0.050,0.050,0.050,0.050,0.050,0.050,0.050,0.050,0.050,0.050,0.050
14,2021,491,1613,SE,56018044,5601,8044,Sweden,Hästsjukhuset Stav,Hästsjukhuset Stav,Vets,Small animal,Sweden,Sweden,Vet FTE,AQ,2021,4.400,4.400,5.000,3.000,1.000,1.000,1.000,1.000,1.000,1.000,1.000,1.000
14,2021,491,1613,SE,56018044,5601,8044,Sweden,Hästsjukhuset Stav,Hästsjukhuset Stav,Vets,Small animal,Sweden,Sweden,Vet FTE,BDQTY,2021,4.400,4.400,4.400,4.400,4.400,4.400,4.400,4.400,4.400,4.400,4.400,4.400
14,2021,491,1614,SE,56018045,5601,8045,Sweden,Specialisthästsjukhuset Ströms,Specialisthästsjukhu,Vets,Equine,Sweden,Sweden,Locum Vet FTE,AQ,2021,0.160,0.220,0.190,0.510,0.270,0.280,0.070,0.670,0.040,1.130,0.020,0.070
14,2021,491,1614,SE,56018045,5601,8045,Sweden,Specialisthästsjukhuset Ströms,Specialisthästsjukhu,Vets,Equine,Sweden,Sweden,Nurse FTE,AQ,2021,11.800,11.800,4.000,11.000,1.000,1.000,1.000,1.000,1.000,1.000,1.000,1.000
14,2021,491,1614,SE,56018045,5601,8045,Sweden,Specialisthästsjukhuset Ströms,Specialisthästsjukhu,Vets,Equine,Sweden,Sweden,Nurse FTE,BDQTY,2021,11.800,11.800,11.800,11.800,11.800,11.800,11.800,11.800,13.300,13.800,13.400,11.800
14,2021,491,1614,SE,56018045,5601,8045,Sweden,Specialisthästsjukhuset Ströms,Specialisthästsjukhu,Vets,Equine,Sweden,Sweden,Support FTE,AQ,2021,7.800,7.800,11.000,7.000,1.000,1.000,1.000,1.000,1.000,1.000,1.000,1.000
14,2021,491,1614,SE,56018045,5601,8045,Sweden,Specialisthästsjukhuset Ströms,Specialisthästsjukhu,Vets,Equine,Sweden,Sweden,Support FTE,BDQTY,2021,3.800,3.800,3.800,3.800,3.800,3.800,3.800,3.800,3.800,3.800,3.800,3.800
14,2021,491,1614,SE,56018045,5601,8045,Sweden,Specialisthästsjukhuset Ströms,Specialisthästsjukhu,Vets,Equine,Sweden,Sweden,Vet FTE,AQ,2021,10.200,10.200,7.000,11.000,0.000,0.000,0.000,0.000,0.000,0.000,0.000,0.000
14,2021,491,1614,SE,56018045,5601,8045,Sweden,Specialisthästsjukhuset Ströms,Specialisthästsjukhu,Vets,Equine,Sweden,Sweden,Vet FTE,BDQTY,2021,8.600,8.600,8.600,8.600,8.600,8.600,8.600,8.600,8.600,8.600,8.600,8.600
14,2021,491,1616,SE,56018047,5601,8047,Sweden,Hästkliniken Gävle,Hästkliniken Gävle,Vets,Small animal,Sweden,Sweden,Locum Vet FTE,AQ,2021,0.310,0.290,0.130,0.170,0.120,0.280,0.150,0.430,0.160,0.000,0.220,0.030
14,2021,491,1616,SE,56018047,5601,8047,Sweden,Hästkliniken Gävle,Hästkliniken Gävle,Vets,Small animal,Sweden,Sweden,Nurse FTE,AQ,2021,1.000,1.000,11.000,0.000,0.000,0.000,0.000,0.000,0.000,0.000,0.000,0.000
14,2021,491,1616,SE,56018047,5601,8047,Sweden,Hästkliniken Gävle,Hästkliniken Gävle,Vets,Small animal,Sweden,Sweden,Nurse FTE,BDQTY,2021,1.250,1.250,1.250,1.250,1.250,1.250,1.250,1.500,1.500,1.500,1.500,1.500
14,2021,491,1616,SE,56018047,5601,8047,Sweden,Hästkliniken Gävle,Hästkliniken Gävle,Vets,Small animal,Sweden,Sweden,Support FTE,BDQTY,2021,0.000,0.000,0.000,0.000,0.000,0.000,0.000,0.000,0.000,0.000,0.000,0.000
14,2021,491,1616,SE,56018047,5601,8047,Sweden,Hästkliniken Gävle,Hästkliniken Gävle,Vets,Small animal,Sweden,Sweden,Vet FTE,AQ,2021,1.000,1.000,1.000,0.000,0.000,0.000,0.000,0.000,0.000,0.000,0.000,0.000
14,2021,491,1616,SE,56018047,5601,8047,Sweden,Hästkliniken Gävle,Hästkliniken Gävle,Vets,Small animal,Sweden,Sweden,Vet FTE,BDQTY,2021,2.000,2.000,2.000,2.000,2.000,2.000,2.000,2.000,2.000,2.000,2.000,2.000
14,2021,491,1617,SE,56018048,5601,8048,Sweden,Hästkliniken Kalmar / Tingsryd,Hästkliniken Kalmar,Vets,Small animal,Sweden,Sweden,Vet FTE,AQ,2021,2.000,2.000,1.000,0.000,0.000,0.000,0.000,0.000,0.000,0.000,0.000,0.000
14,2021,491,1618,SE,56018049,5601,8049,Sweden,Specialisthästsjukhuset Helsin,Specialisthästsjukhu,Vets,Equine,Sweden,Sweden,Locum Vet FTE,AQ,2021,0.370,0.380,0.350,0.320,0.190,0.360,0.380,0.780,0.120,0.250,0.320,0.750
14,2021,491,1618,SE,56018049,5601,8049,Sweden,Specialisthästsjukhuset Helsin,Specialisthästsjukhu,Vets,Equine,Sweden,Sweden,Nurse FTE,AQ,2021,16.600,16.600,15.000,17.400,3.000,4.000,3.000,3.000,3.000,3.000,3.400,3.000
14,2021,491,1618,SE,56018049,5601,8049,Sweden,Specialisthästsjukhuset Helsin,Specialisthästsjukhu,Vets,Equine,Sweden,Sweden,Nurse FTE,BDQTY,2021,18.200,18.200,18.200,18.200,18.200,18.200,18.200,18.200,20.200,21.200,21.200,18.200
14,2021,491,1618,SE,56018049,5601,8049,Sweden,Specialisthästsjukhuset Helsin,Specialisthästsjukhu,Vets,Equine,Sweden,Sweden,Support FTE,AQ,2021,9.200,9.200,8.000,8.000,3.000,3.000,3.000,3.000,3.000,3.000,3.000,3.000
14,2021,491,1618,SE,56018049,5601,8049,Sweden,Specialisthästsjukhuset Helsin,Specialisthästsjukhu,Vets,Equine,Sweden,Sweden,Support FTE,BDQTY,2021,8.150,8.150,8.150,8.150,8.150,8.150,8.150,8.150,8.150,8.150,8.150,8.150
14,2021,491,1618,SE,56018049,5601,8049,Sweden,Specialisthästsjukhuset Helsin,Specialisthästsjukhu,Vets,Equine,Sweden,Sweden,Vet FTE,AQ,2021,17.300,17.300,15.000,16.000,4.000,4.000,4.000,4.000,4.000,4.000,4.000,4.000
14,2021,491,1618,SE,56018049,5601,8049,Sweden,Specialisthästsjukhuset Helsin,Specialisthästsjukhu,Vets,Equine,Sweden,Sweden,Vet FTE,BDQTY,2021,18.200,18.200,18.200,18.700,18.700,18.700,18.700,18.700,19.200,19.200,19.200,19.200
14,2021,491,1647,SE,56019043,5601,9043,Sweden,HO,HQ,HO,HO,Sweden,Sweden,Nurse FTE,BDQTY,2021,0.000,0.000,0.000,0.000,0.000,0.000,0.000,0.000,0.000,0.000,0.000,0.000
14,2021,491,1647,SE,56019043,5601,9043,Sweden,HO,HQ,HO,HO,Sweden,Sweden,Support FTE,BDQTY,2021,1.000,1.000,1.000,1.000,1.000,1.000,1.000,1.000,1.000,1.000,1.000,1.000
14,2021,491,1647,SE,56019043,5601,9043,Sweden,HO,HQ,HO,HO,Sweden,Sweden,Vet FTE,BDQTY,2021,0.000,0.000,0.000,0.000,0.000,0.000,0.000,0.000,0.000,0.000,0.000,0.000
14,2021,499,2144,SE,56098076,5609,8076,Sweden,Ecommerce,Malmö VetApotek,E-commerce / pharmacy,E-commerce / pharmacy,Sweden,Sweden,Nurse FTE,BDQTY,2021,0.000,0.000,0.000,0.000,0.000,0.000,0.000,0.000,0.000,0.000,0.000,0.000
14,2021,499,2144,SE,56098076,5609,8076,Sweden,Ecommerce,Malmö VetApotek,E-commerce / pharmacy,E-commerce / pharmacy,Sweden,Sweden,Support FTE,AQ,2021,5.600,5.600,8.800,10.800,10.800,10.800,10.900,12.600,13.600,12.600,12.800,13.400
14,2021,499,2144,SE,56098076,5609,8076,Sweden,Ecommerce,Malmö VetApotek,E-commerce / pharmacy,E-commerce / pharmacy,Sweden,Sweden,Support FTE,BDQTY,2021,5.500,5.500,5.500,6.500,6.500,6.500,6.500,6.500,7.500,7.500,7.500,7.500
14,2021,499,2144,SE,56098076,5609,8076,Sweden,Ecommerce,Malmö VetApotek,E-commerce / pharmacy,E-commerce / pharmacy,Sweden,Sweden,Vet FTE,BDQTY,2021,0.000,0.000,0.000,0.000,0.000,0.000,0.000,0.000,0.000,0.000,0.000,0.000
14,2021,499,2145,SE,56098077,5609,8077,Sweden,Ecommerce,Ecommerce,E-commerce / pharmacy,E-commerce / pharmacy,Sweden,Sweden,Locum Vet FTE,AQ,2021,0.000,0.000,0.000,0.000,0.000,0.000,0.000,0.000,0.250,0.000,0.000,0.260
14,2021,499,2145,SE,56098077,5609,8077,Sweden,Ecommerce,Ecommerce,E-commerce / pharmacy,E-commerce / pharmacy,Sweden,Sweden,Nurse FTE,BDQTY,2021,0.000,0.000,0.000,0.000,0.000,0.000,0.000,0.000,0.000,0.000,0.000,0.000
14,2021,499,2145,SE,56098077,5609,8077,Sweden,Ecommerce,Ecommerce,E-commerce / pharmacy,E-commerce / pharmacy,Sweden,Sweden,Support FTE,BDQTY,2021,4.500,4.500,4.500,5.000,5.000,5.000,5.500,5.500,5.500,5.500,5.500,5.500
14,2021,499,2145,SE,56098077,5609,8077,Sweden,Ecommerce,Ecommerce,E-commerce / pharmacy,E-commerce / pharmacy,Sweden,Sweden,Vet FTE,BDQTY,2021,0.000,0.000,0.000,0.000,0.000,0.000,0.000,0.000,0.000,0.000,0.000,0.000
14,2021,507,6235,SE,56178082,5617,8082,Sweden,HO,Ulvsby Smadjursklini,HO,HO,Sweden,Sweden,Nurse FTE,AQ,2021,7.800,7.800,9.500,10.500,9.700,8.400,8.400,7.800,7.820,8.700,11.270,0.000
14,2021,507,6235,SE,56178082,5617,8082,Sweden,HO,Ulvsby Smadjursklini,HO,HO,Sweden,Sweden,Nurse FTE,BDQTY,2021,8.460,8.460,8.460,8.460,8.460,8.460,8.460,8.460,8.460,8.460,8.460,8.460
14,2021,507,6235,SE,56178082,5617,8082,Sweden,HO,Ulvsby Smadjursklini,HO,HO,Sweden,Sweden,Support FTE,AQ,2021,0.700,0.700,0.700,0.700,0.700,0.850,0.900,0.900,0.900,0.900,0.900,0.000
14,2021,507,6235,SE,56178082,5617,8082,Sweden,HO,Ulvsby Smadjursklini,HO,HO,Sweden,Sweden,Support FTE,BDQTY,2021,0.800,0.800,0.800,0.800,0.800,0.800,0.800,0.800,0.800,1.800,1.800,1.800
14,2021,507,6235,SE,56178082,5617,8082,Sweden,HO,Ulvsby Smadjursklini,HO,HO,Sweden,Sweden,Vet FTE,AQ,2021,4.400,4.400,4.500,4.500,4.500,4.500,4.500,4.500,4.500,4.500,4.500,0.000
14,2021,507,6235,SE,56178082,5617,8082,Sweden,HO,Ulvsby Smadjursklini,HO,HO,Sweden,Sweden,Vet FTE,BDQTY,2021,5.400,5.400,5.400,5.400,5.400,5.400,4.400,4.400,4.400,4.400,4.400,4.400
14,2021,613,37709,SE,56188090,5618,8090,Sweden,NA,Åmål,NA,NA,NA,NA,Head Office FTE,BDQTY,2021,0.000,0.000,0.000,0.000,0.000,0.000,0.000,0.000,0.000,0.000,0.000,0.000
14,2021,613,37709,SE,56188090,5618,8090,Sweden,NA,Åmål,NA,NA,NA,NA,Locum Nurse FTE,BDQTY,2021,0.000,0.000,0.000,0.000,0.000,0.000,0.000,0.000,0.000,0.000,0.000,0.000
14,2021,613,37709,SE,56188090,5618,8090,Sweden,NA,Åmål,NA,NA,NA,NA,Locum Vet FTE,BDQTY,2021,0.000,0.000,0.000,0.000,0.000,0.000,0.000,0.000,0.000,0.000,0.000,0.000
14,2021,613,37709,SE,56188090,5618,8090,Sweden,NA,Åmål,NA,NA,NA,NA,Nurse FTE,AQ,2021,0.000,0.000,0.000,5.000,5.000,5.100,5.700,5.700,5.600,6.600,6.800,7.900
14,2021,613,37709,SE,56188090,5618,8090,Sweden,NA,Åmål,NA,NA,NA,NA,Nurse FTE,BDQTY,2021,0.000,0.000,0.000,4.000,4.000,4.000,4.000,4.000,4.000,4.000,4.000,4.600
14,2021,613,37709,SE,56188090,5618,8090,Sweden,NA,Åmål,NA,NA,NA,NA,Support FTE,AQ,2021,0.000,0.000,0.000,1.400,1.400,1.380,1.900,1.900,1.900,1.600,2.400,1.380
14,2021,613,37709,SE,56188090,5618,8090,Sweden,NA,Åmål,NA,NA,NA,NA,Support FTE,BDQTY,2021,0.000,0.000,0.000,1.500,1.500,1.500,1.500,1.500,1.500,1.500,1.500,1.500
14,2021,613,37709,SE,56188090,5618,8090,Sweden,NA,Åmål,NA,NA,NA,NA,Vet FTE,AQ,2021,0.000,0.000,0.000,4.600,5.000,5.000,5.000,4.000,4.000,4.000,4.000,4.000
14,2021,613,37709,SE,56188090,5618,8090,Sweden,NA,Åmål,NA,NA,NA,NA,Vet FTE,BDQTY,2021,0.000,0.000,0.000,3.400,3.400,3.400,3.400,3.400,3.400,3.400,3.400,3.400
14,2021,778,38093,SE,56198093,5619,8093,Sweden,NA,Skånes Mitt,NA,NA,NA,NA,Head Office FTE,BDQTY,2021,0.000,0.000,0.000,0.000,0.000,0.000,0.000,0.000,0.000,0.000,0.000,0.000
14,2021,778,38093,SE,56198093,5619,8093,Sweden,NA,Skånes Mitt,NA,NA,NA,NA,Locum Nurse FTE,BDQTY,2021,0.000,0.000,0.000,0.000,0.000,0.000,0.000,0.000,0.000,0.000,0.000,0.000
14,2021,778,38093,SE,56198093,5619,8093,Sweden,NA,Skånes Mitt,NA,NA,NA,NA,Locum Vet FTE,BDQTY,2021,0.000,0.000,0.000,0.000,0.000,0.000,0.000,0.000,0.000,0.000,0.000,0.000
14,2021,778,38093,SE,56198093,5619,8093,Sweden,NA,Skånes Mitt,NA,NA,NA,NA,Nurse FTE,AQ,2021,0.000,0.000,0.000,0.000,0.000,0.000,0.000,0.000,0.000,0.000,4.300,4.600
14,2021,778,38093,SE,56198093,5619,8093,Sweden,NA,Skånes Mitt,NA,NA,NA,NA,Nurse FTE,BDQTY,2021,0.000,0.000,0.000,0.000,0.000,0.000,0.000,3.200,3.200,3.700,3.700,3.700
14,2021,778,38093,SE,56198093,5619,8093,Sweden,NA,Skånes Mitt,NA,NA,NA,NA,Support FTE,AQ,2021,0.000,0.000,0.000,0.000,0.000,0.000,0.000,0.000,0.000,0.000,3.000,3.000
14,2021,778,38093,SE,56198093,5619,8093,Sweden,NA,Skånes Mitt,NA,NA,NA,NA,Support FTE,BDQTY,2021,0.000,0.000,0.000,0.000,0.000,0.000,0.000,1.000,1.000,1.000,1.000,1.000
14,2021,778,38093,SE,56198093,5619,8093,Sweden,NA,Skånes Mitt,NA,NA,NA,NA,Vet FTE,AQ,2021,0.000,0.000,0.000,0.000,0.000,0.000,0.000,0.000,0.000,0.000,1.900,1.900
14,2021,778,38093,SE,56198093,5619,8093,Sweden,NA,Skånes Mitt,NA,NA,NA,NA,Vet FTE,BDQTY,2021,0.000,0.000,0.000,0.000,0.000,0.000,0.000,4.600,4.600,4.600,4.600,4.100
14,2021,805,38160,SE,56208094,5620,8094,Sweden,NA,Solsidan,NA,NA,NA,NA,Head Office FTE,BDQTY,2021,0.000,0.000,0.000,0.000,0.000,0.000,0.000,0.000,0.000,0.000,0.000,0.000
14,2021,805,38160,SE,56208094,5620,8094,Sweden,NA,Solsidan,NA,NA,NA,NA,Locum Nurse FTE,BDQTY,2021,0.000,0.000,0.000,0.000,0.000,0.000,0.000,0.000,0.000,0.000,0.000,0.000
14,2021,805,38160,SE,56208094,5620,8094,Sweden,NA,Solsidan,NA,NA,NA,NA,Locum Vet FTE,BDQTY,2021,0.000,0.000,0.000,0.000,0.000,0.000,0.000,0.000,0.000,0.000,0.000,0.000
14,2021,805,38160,SE,56208094,5620,8094,Sweden,NA,Solsidan,NA,NA,NA,NA,Nurse FTE,BDQTY,2021,0.000,0.000,0.000,0.000,0.000,0.000,0.000,0.000,3.100,3.100,3.100,3.100
14,2021,805,38160,SE,56208094,5620,8094,Sweden,NA,Solsidan,NA,NA,NA,NA,Support FTE,BDQTY,2021,0.000,0.000,0.000,0.000,0.000,0.000,0.000,0.000,1.300,1.300,1.300,1.300
14,2021,805,38160,SE,56208094,5620,8094,Sweden,NA,Solsidan,NA,NA,NA,NA,Vet FTE,BDQTY,2021,0.000,0.000,0.000,0.000,0.000,0.000,0.000,0.000,2.900,2.900,2.900,2.900
14,2021,861,38413,SE,56218095,5621,8095,Sweden,NA,Tyresö Djurklinik AB,NA,NA,NA,NA,Head Office FTE,BDQTY,2021,0.000,0.000,0.000,0.000,0.000,0.000,0.000,0.000,0.000,0.000,0.000,0.000
14,2021,861,38413,SE,56218095,5621,8095,Sweden,NA,Tyresö Djurklinik AB,NA,NA,NA,NA,Locum Nurse FTE,BDQTY,2021,0.000,0.000,0.000,0.000,0.000,0.000,0.000,0.000,0.000,0.000,0.000,0.000
14,2021,861,38413,SE,56218095,5621,8095,Sweden,NA,Tyresö Djurklinik AB,NA,NA,NA,NA,Locum Vet FTE,BDQTY,2021,0.000,0.000,0.000,0.000,0.000,0.000,0.000,0.000,0.000,0.000,0.000,0.000
14,2021,861,38413,SE,56218095,5621,8095,Sweden,NA,Tyresö Djurklinik AB,NA,NA,NA,NA,Nurse FTE,BDQTY,2021,0.000,0.000,0.000,0.000,0.000,0.000,0.000,0.000,0.000,0.000,0.000,5.600
14,2021,861,38413,SE,56218095,5621,8095,Sweden,NA,Tyresö Djurklinik AB,NA,NA,NA,NA,Support FTE,BDQTY,2021,0.000,0.000,0.000,0.000,0.000,0.000,0.000,0.000,0.000,0.000,0.000,2.900
14,2021,861,38413,SE,56218095,5621,8095,Sweden,NA,Tyresö Djurklinik AB,NA,NA,NA,NA,Vet FTE,BDQTY,2021,0.000,0.000,0.000,0.000,0.000,0.000,0.000,0.000,0.000,0.000,0.000,3.000
14,2022,332,5282,SE,46018083,4601,8083,Sweden,Cremit AB,Cremit AB,Crematoria,Crematoria,Sweden,Sweden,Nurse FTE,BDQTY,2022,2.700,2.700,2.700,2.700,2.700,2.700,2.700,2.700,2.700,2.700,2.700,2.700
14,2022,332,5282,SE,46018083,4601,8083,Sweden,Cremit AB,Cremit AB,Crematoria,Crematoria,Sweden,Sweden,Support FTE,AQ,2022,3.800,3.800,3.800,3.800,3.800,3.800,3.800,3.800,0.000,0.000,3.750,4.800
14,2022,332,5282,SE,46018083,4601,8083,Sweden,Cremit AB,Cremit AB,Crematoria,Crematoria,Sweden,Sweden,Support FTE,BDQTY,2022,0.700,0.700,0.700,0.700,0.700,0.700,0.700,0.700,0.700,0.700,0.700,0.700
14,2022,614,32774,SE,46028085,4602,8085,Sweden,HO,Lekeberg,HO,HO,Sweden,Sweden,Nurse FTE,BDQTY,2022,4.000,4.000,4.000,4.000,4.000,4.000,4.000,4.000,4.500,5.000,5.000,4.000
14,2022,614,32774,SE,46028085,4602,8085,Sweden,HO,Lekeberg,HO,HO,Sweden,Sweden,Support FTE,AQ,2022,7.000,7.000,7.000,7.000,7.000,7.000,7.000,7.000,0.000,0.000,7.000,7.000
14,2022,614,32774,SE,46028085,4602,8085,Sweden,HO,Lekeberg,HO,HO,Sweden,Sweden,Support FTE,BDQTY,2022,2.000,2.000,2.000,2.000,2.000,2.000,2.000,2.000,2.000,2.000,2.000,2.000
14,2022,336,38937,SE,50039029,5003,9029,Sweden,NA,HQ Grp Vet Costs,NA,NA,NA,NA,Support FTE,AQ,2022,0.000,0.000,1.000,1.000,1.000,1.000,1.000,1.000,0.000,1.000,1.000,1.000
14,2022,336,37556,SE,50039036,5003,9036,Sweden,NA,Group Support,NA,NA,NA,NA,Head Office FTE,BDQTY,2022,0.000,0.000,0.000,0.000,0.000,0.000,0.000,0.000,0.000,0.000,0.000,0.000
14,2022,336,37556,SE,50039036,5003,9036,Sweden,NA,Group Support,NA,NA,NA,NA,Support FTE,AQ,2022,2.000,0.000,0.000,0.000,0.000,0.000,0.000,0.000,0.000,0.000,0.000,0.000
14,2022,336,37569,SE,50039061,5003,9061,Sweden,NA,Group Support,NA,NA,NA,NA,Support FTE,AQ,2022,0.000,0.000,1.000,1.000,1.000,1.000,1.000,1.000,0.000,1.000,1.000,1.000
14,2022,336,581,SE,50039067,5003,9067,Sweden,HO,Group Support,HO,HO,Group,Group,Head Office FTE,BDQTY,2022,5.000,5.000,6.000,6.000,6.000,7.000,7.000,7.000,7.000,7.000,7.000,7.000
14,2022,336,581,SE,50039067,5003,9067,Sweden,HO,Group Support,HO,HO,Group,Group,Locum Vet FTE,BDQTY,2022,3.440,3.560,3.440,3.440,3.810,3.440,3.560,3.440,3.560,3.440,3.440,3.560
14,2022,336,581,SE,50039067,5003,9067,Sweden,HO,Group Support,HO,HO,Group,Group,Support FTE,AQ,2022,2.000,0.000,2.000,3.000,3.000,3.000,3.000,3.000,0.000,3.000,3.000,3.000
14,2022,336,583,SE,50039070,5003,9070,Sweden,HO,Group Support,HO,HO,Group,Group,Head Office FTE,BDQTY,2022,0.000,0.000,0.000,0.000,0.000,0.000,0.000,0.000,0.000,0.000,0.000,0.000
14,2022,336,583,SE,50039070,5003,9070,Sweden,HO,Group Support,HO,HO,Group,Group,Locum Nurse FTE,BDQTY,2022,0.000,0.000,0.000,0.000,0.000,0.000,0.000,0.000,0.000,0.000,0.000,0.000
14,2022,336,583,SE,50039070,5003,9070,Sweden,HO,Group Support,HO,HO,Group,Group,Locum Vet FTE,BDQTY,2022,0.000,0.000,0.000,0.000,0.000,0.000,0.000,0.000,0.000,0.000,0.000,0.000
14,2022,336,32977,SE,50039077,5003,9077,Sweden,NA,Group Support,NA,NA,NA,NA,Head Office FTE,BDQTY,2022,2.000,2.000,2.000,2.000,2.000,2.000,2.000,2.000,2.000,2.000,2.000,2.000
14,2022,336,32977,SE,50039077,5003,9077,Sweden,NA,Group Support,NA,NA,NA,NA,Support FTE,AQ,2022,1.100,0.000,1.100,1.100,1.100,1.100,1.100,1.100,-0.900,1.100,1.100,1.100
14,2022,336,32978,SE,50039078,5003,9078,Sweden,NA,Group Support,NA,NA,NA,NA,Head Office FTE,BDQTY,2022,2.000,2.000,2.000,2.000,2.000,2.000,2.000,2.000,2.000,2.000,2.000,2.000
14,2022,336,32978,SE,50039078,5003,9078,Sweden,NA,Group Support,NA,NA,NA,NA,Support FTE,AQ,2022,2.000,0.000,2.000,2.000,2.000,2.000,2.000,2.000,0.000,2.000,2.000,2.000
14,2022,336,32979,SE,50039079,5003,9079,Sweden,NA,Group Support,NA,NA,NA,NA,Head Office FTE,BDQTY,2022,4.000,4.000,4.000,4.000,5.000,5.000,5.000,5.000,6.000,6.000,6.000,6.000
14,2022,336,32979,SE,50039079,5003,9079,Sweden,NA,Group Support,NA,NA,NA,NA,Locum Vet FTE,BDQTY,2022,3.230,3.330,3.230,3.230,3.570,3.230,3.330,3.230,3.330,3.230,3.230,3.330
14,2022,336,32979,SE,50039079,5003,9079,Sweden,NA,Group Support,NA,NA,NA,NA,Support FTE,AQ,2022,4.000,0.000,4.000,3.000,3.000,3.000,3.000,3.000,0.000,3.000,4.000,4.000
14,2022,336,32980,SE,50039081,5003,9081,Sweden,NA,Group Support,NA,NA,NA,NA,Head Office FTE,BDQTY,2022,0.000,0.000,0.000,0.000,0.000,0.000,0.000,0.000,0.000,0.000,0.000,0.000
14,2022,336,32980,SE,50039081,5003,9081,Sweden,NA,Group Support,NA,NA,NA,NA,Locum Vet FTE,BDQTY,2022,0.000,0.000,0.000,0.000,0.000,0.000,0.000,0.000,0.000,0.000,0.000,0.000
14,2022,336,38742,SE,50039190,5003,9190,Sweden,NA,Group Support,NA,NA,NA,NA,Head Office FTE,BDQTY,2022,2.810,2.810,2.810,2.810,2.810,2.810,2.810,2.810,2.810,2.810,2.810,2.810
14,2022,336,38742,SE,50039190,5003,9190,Sweden,NA,Group Support,NA,NA,NA,NA,Locum Vet FTE,BDQTY,2022,19.630,20.280,19.630,19.630,21.730,19.630,20.280,19.630,20.280,19.630,19.630,20.280
14,2022,336,38742,SE,50039190,5003,9190,Sweden,NA,Group Support,NA,NA,NA,NA,Support FTE,AQ,2022,9.000,0.000,9.000,3.000,3.000,3.000,3.000,4.000,0.000,4.000,4.000,4.000
14,2022,336,38791,SE,50039191,5003,9191,Sweden,NA,Group Support,NA,NA,NA,NA,Head Office FTE,BDQTY,2022,4.690,4.690,4.690,4.690,4.690,4.690,4.690,4.690,4.690,4.690,4.690,4.690
14,2022,336,38791,SE,50039191,5003,9191,Sweden,NA,Group Support,NA,NA,NA,NA,Locum Vet FTE,BDQTY,2022,9.810,10.140,9.810,9.810,10.870,9.810,10.140,9.810,10.140,9.810,9.810,10.140
14,2022,336,38791,SE,50039191,5003,9191,Sweden,NA,Group Support,NA,NA,NA,NA,Support FTE,AQ,2022,0.000,0.000,0.000,3.000,3.000,3.000,3.000,4.000,0.000,4.000,4.000,4.000
14,2022,336,38743,SE,50039192,5003,9192,Sweden,NA,Group Support,NA,NA,NA,NA,Head Office FTE,BDQTY,2022,2.000,2.000,2.000,2.000,2.000,2.000,2.000,2.000,2.000,2.000,2.000,2.000
14,2022,336,38743,SE,50039192,5003,9192,Sweden,NA,Group Support,NA,NA,NA,NA,Support FTE,AQ,2022,1.000,0.000,2.000,2.000,3.000,4.000,4.000,5.000,0.000,5.000,5.000,4.000
14,2022,336,38744,SE,50039195,5003,9195,Sweden,NA,Group Support,NA,NA,NA,NA,Head Office FTE,BDQTY,2022,3.940,3.940,3.940,2.940,2.940,2.940,2.940,2.940,2.940,2.940,2.940,2.940
14,2022,336,38744,SE,50039195,5003,9195,Sweden,NA,Group Support,NA,NA,NA,NA,Support FTE,AQ,2022,2.000,0.000,3.000,3.000,3.000,3.000,3.000,3.000,0.000,3.000,3.000,3.000
14,2022,490,1455,SE,56008000,5600,8000,Sweden,Djursjukhus Gammelstad,Djursjukhus Gammelst,Vets,Small animal,Sweden,Sweden,Nurse FTE,AQ,2022,23.400,26.000,28.700,31.300,28.800,28.800,28.600,29.900,33.300,35.800,33.000,31.700
14,2022,490,1455,SE,56008000,5600,8000,Sweden,Djursjukhus Gammelstad,Djursjukhus Gammelst,Vets,Small animal,Sweden,Sweden,Nurse FTE,BDQTY,2022,27.700,27.700,27.700,28.200,28.400,27.400,26.400,27.400,28.400,28.400,28.400,28.150
14,2022,490,1455,SE,56008000,5600,8000,Sweden,Djursjukhus Gammelstad,Djursjukhus Gammelst,Vets,Small animal,Sweden,Sweden,Support FTE,AQ,2022,9.300,11.200,12.200,12.500,12.000,12.000,12.300,12.300,12.300,12.800,12.800,12.000
14,2022,490,1455,SE,56008000,5600,8000,Sweden,Djursjukhus Gammelstad,Djursjukhus Gammelst,Vets,Small animal,Sweden,Sweden,Support FTE,BDQTY,2022,10.380,11.380,11.380,10.380,10.380,10.380,10.380,10.380,10.380,10.380,10.380,10.380
14,2022,490,1455,SE,56008000,5600,8000,Sweden,Djursjukhus Gammelstad,Djursjukhus Gammelst,Vets,Small animal,Sweden,Sweden,Vet FTE,AQ,2022,21.200,22.200,21.300,21.400,21.200,21.200,19.700,19.500,20.400,20.100,20.700,19.600
14,2022,490,1455,SE,56008000,5600,8000,Sweden,Djursjukhus Gammelstad,Djursjukhus Gammelst,Vets,Small animal,Sweden,Sweden,Vet FTE,BDQTY,2022,19.950,19.950,19.950,20.050,20.050,20.050,19.050,19.050,19.050,19.050,19.050,19.800
14,2022,490,1456,SE,56008001,5600,8001,Sweden,Djurklinik Öjebyn,Djurklinik Öjebyn,Vets,Small animal,Sweden,Sweden,Locum Vet FTE,AQ,2022,0.000,0.000,0.000,0.000,0.000,0.000,0.000,0.000,0.000,0.000,0.150,0.000
14,2022,490,1456,SE,56008001,5600,8001,Sweden,Djurklinik Öjebyn,Djurklinik Öjebyn,Vets,Small animal,Sweden,Sweden,Nurse FTE,AQ,2022,14.600,14.000,11.000,10.900,10.800,10.800,10.800,10.700,12.200,11.800,10.600,10.800
14,2022,490,1456,SE,56008001,5600,8001,Sweden,Djurklinik Öjebyn,Djurklinik Öjebyn,Vets,Small animal,Sweden,Sweden,Nurse FTE,BDQTY,2022,9.000,9.000,9.000,9.000,9.000,9.000,9.000,9.000,9.000,9.000,9.000,9.000
14,2022,490,1456,SE,56008001,5600,8001,Sweden,Djurklinik Öjebyn,Djurklinik Öjebyn,Vets,Small animal,Sweden,Sweden,Support FTE,AQ,2022,1.400,1.400,2.600,2.600,2.800,2.800,2.800,2.800,2.800,3.400,3.100,2.800
14,2022,490,1456,SE,56008001,5600,8001,Sweden,Djurklinik Öjebyn,Djurklinik Öjebyn,Vets,Small animal,Sweden,Sweden,Support FTE,BDQTY,2022,1.800,1.800,1.800,1.800,1.800,1.800,1.800,1.800,1.800,1.800,1.800,1.800
14,2022,490,1456,SE,56008001,5600,8001,Sweden,Djurklinik Öjebyn,Djurklinik Öjebyn,Vets,Small animal,Sweden,Sweden,Vet FTE,AQ,2022,6.800,6.800,7.000,6.400,6.400,6.400,6.800,7.400,7.900,8.400,7.200,7.800
14,2022,490,1456,SE,56008001,5600,8001,Sweden,Djurklinik Öjebyn,Djurklinik Öjebyn,Vets,Small animal,Sweden,Sweden,Vet FTE,BDQTY,2022,4.650,4.650,4.650,4.900,4.900,5.500,6.500,6.500,6.500,6.500,6.500,6.750
14,2022,490,1457,SE,56008002,5600,8002,Sweden,Djurkliniken Arninge,Djurkliniken Arninge,Vets,Small animal,Sweden,Sweden,Nurse FTE,AQ,2022,16.300,18.300,17.300,17.400,17.700,17.700,16.600,16.600,16.900,19.100,18.900,16.100
14,2022,490,1457,SE,56008002,5600,8002,Sweden,Djurkliniken Arninge,Djurkliniken Arninge,Vets,Small animal,Sweden,Sweden,Nurse FTE,BDQTY,2022,13.230,14.230,14.230,15.230,15.530,15.530,15.530,15.530,17.330,20.530,19.730,15.530
14,2022,490,1457,SE,56008002,5600,8002,Sweden,Djurkliniken Arninge,Djurkliniken Arninge,Vets,Small animal,Sweden,Sweden,Support FTE,AQ,2022,5.000,5.000,4.000,4.000,4.000,4.000,4.000,4.000,4.000,4.000,4.000,3.800
14,2022,490,1457,SE,56008002,5600,8002,Sweden,Djurkliniken Arninge,Djurkliniken Arninge,Vets,Small animal,Sweden,Sweden,Support FTE,BDQTY,2022,3.000,3.000,3.000,3.000,3.000,3.000,3.000,3.000,3.000,3.000,3.000,3.000
14,2022,490,1457,SE,56008002,5600,8002,Sweden,Djurkliniken Arninge,Djurkliniken Arninge,Vets,Small animal,Sweden,Sweden,Vet FTE,AQ,2022,7.100,7.300,8.000,7.500,8.100,8.100,9.400,9.400,9.400,9.500,9.400,8.500
14,2022,490,1457,SE,56008002,5600,8002,Sweden,Djurkliniken Arninge,Djurkliniken Arninge,Vets,Small animal,Sweden,Sweden,Vet FTE,BDQTY,2022,7.330,8.130,8.130,9.130,9.130,10.130,10.130,10.130,10.530,11.130,11.130,10.130
14,2022,490,1458,SE,56008003,5600,8003,Sweden,Djurkliniken Farsta,Djurkliniken Farsta,Vets,Small animal,Sweden,Sweden,Nurse FTE,AQ,2022,6.000,6.100,7.300,8.000,7.900,7.900,7.400,7.200,7.800,11.300,10.000,8.400
14,2022,490,1458,SE,56008003,5600,8003,Sweden,Djurkliniken Farsta,Djurkliniken Farsta,Vets,Small animal,Sweden,Sweden,Nurse FTE,BDQTY,2022,6.800,6.800,6.800,6.800,6.800,6.800,6.800,6.800,6.800,6.800,6.800,6.800
14,2022,490,1458,SE,56008003,5600,8003,Sweden,Djurkliniken Farsta,Djurkliniken Farsta,Vets,Small animal,Sweden,Sweden,Support FTE,AQ,2022,2.000,2.000,1.000,1.000,1.000,1.000,1.000,1.000,1.000,1.000,1.000,1.000
14,2022,490,1458,SE,56008003,5600,8003,Sweden,Djurkliniken Farsta,Djurkliniken Farsta,Vets,Small animal,Sweden,Sweden,Support FTE,BDQTY,2022,1.500,1.500,1.500,1.500,1.500,1.500,1.500,1.500,1.500,1.500,1.500,1.500
14,2022,490,1458,SE,56008003,5600,8003,Sweden,Djurkliniken Farsta,Djurkliniken Farsta,Vets,Small animal,Sweden,Sweden,Vet FTE,AQ,2022,3.900,4.900,5.900,5.900,6.000,6.000,6.000,6.000,6.000,8.000,8.000,7.100
14,2022,490,1458,SE,56008003,5600,8003,Sweden,Djurkliniken Farsta,Djurkliniken Farsta,Vets,Small animal,Sweden,Sweden,Vet FTE,BDQTY,2022,5.400,5.400,5.400,5.500,5.500,5.500,5.500,5.500,5.500,5.500,5.500,5.500
14,2022,490,1459,SE,56008004,5600,8004,Sweden,Djurkliniken Gefle,Djurkliniken Gefle,Vets,Small animal,Sweden,Sweden,Nurse FTE,AQ,2022,13.900,13.900,10.000,9.400,9.400,9.400,10.100,10.100,10.000,13.600,12.800,10.100
14,2022,490,1459,SE,56008004,5600,8004,Sweden,Djurkliniken Gefle,Djurkliniken Gefle,Vets,Small animal,Sweden,Sweden,Nurse FTE,BDQTY,2022,7.600,7.600,7.600,7.600,7.600,7.600,7.600,7.600,8.600,9.600,8.600,7.600
14,2022,490,1459,SE,56008004,5600,8004,Sweden,Djurkliniken Gefle,Djurkliniken Gefle,Vets,Small animal,Sweden,Sweden,Support FTE,AQ,2022,4.600,5.600,3.600,3.600,3.700,3.700,3.600,3.600,3.600,3.600,3.600,2.600
14,2022,490,1459,SE,56008004,5600,8004,Sweden,Djurkliniken Gefle,Djurkliniken Gefle,Vets,Small animal,Sweden,Sweden,Support FTE,BDQTY,2022,3.000,3.000,3.000,3.000,3.000,3.000,3.000,3.000,3.000,3.000,3.000,3.000
14,2022,490,1459,SE,56008004,5600,8004,Sweden,Djurkliniken Gefle,Djurkliniken Gefle,Vets,Small animal,Sweden,Sweden,Vet FTE,AQ,2022,7.900,7.900,5.100,5.100,4.200,4.200,4.000,4.000,4.000,4.000,4.000,4.800
14,2022,490,1459,SE,56008004,5600,8004,Sweden,Djurkliniken Gefle,Djurkliniken Gefle,Vets,Small animal,Sweden,Sweden,Vet FTE,BDQTY,2022,5.000,5.000,5.000,5.000,5.000,5.000,5.000,5.000,5.000,5.000,5.000,5.000
14,2022,490,1460,SE,56008005,5600,8005,Sweden,Djurkliniken Nacka,Djurkliniken Nacka,Vets,Small animal,Sweden,Sweden,Locum Vet FTE,AQ,2022,0.000,0.020,0.000,0.000,0.000,0.060,0.000,0.000,0.010,0.000,0.000,0.020
14,2022,490,1460,SE,56008005,5600,8005,Sweden,Djurkliniken Nacka,Djurkliniken Nacka,Vets,Small animal,Sweden,Sweden,Nurse FTE,AQ,2022,10.200,11.200,13.800,13.800,12.700,12.700,14.000,14.400,15.400,18.700,17.500,16.000
14,2022,490,1460,SE,56008005,5600,8005,Sweden,Djurkliniken Nacka,Djurkliniken Nacka,Vets,Small animal,Sweden,Sweden,Nurse FTE,BDQTY,2022,13.650,13.650,13.650,13.650,13.650,13.650,13.650,13.650,13.650,13.650,13.650,13.650
14,2022,490,1460,SE,56008005,5600,8005,Sweden,Djurkliniken Nacka,Djurkliniken Nacka,Vets,Small animal,Sweden,Sweden,Support FTE,AQ,2022,3.100,3.100,3.800,4.100,4.100,4.100,5.700,6.000,6.000,6.000,6.000,6.000
14,2022,490,1460,SE,56008005,5600,8005,Sweden,Djurkliniken Nacka,Djurkliniken Nacka,Vets,Small animal,Sweden,Sweden,Support FTE,BDQTY,2022,7.250,7.250,7.250,7.250,7.250,7.250,7.250,7.250,7.250,7.250,7.250,7.250
14,2022,490,1460,SE,56008005,5600,8005,Sweden,Djurkliniken Nacka,Djurkliniken Nacka,Vets,Small animal,Sweden,Sweden,Vet FTE,AQ,2022,9.100,9.400,8.500,9.300,9.500,9.500,10.200,10.500,9.700,9.900,11.600,12.200
14,2022,490,1460,SE,56008005,5600,8005,Sweden,Djurkliniken Nacka,Djurkliniken Nacka,Vets,Small animal,Sweden,Sweden,Vet FTE,BDQTY,2022,10.480,10.480,10.380,10.380,10.380,10.380,10.380,10.380,10.380,10.380,10.380,10.380
14,2022,490,1461,SE,56008006,5600,8006,Sweden,Djurkliniken Nyköping,Djurkliniken Nyköpin,Vets,Small animal,Sweden,Sweden,Locum Vet FTE,AQ,2022,0.000,0.000,0.000,0.000,0.000,0.000,0.360,0.290,0.490,0.000,0.020,0.580
14,2022,490,1461,SE,56008006,5600,8006,Sweden,Djurkliniken Nyköping,Djurkliniken Nyköpin,Vets,Small animal,Sweden,Sweden,Nurse FTE,AQ,2022,3.900,4.800,5.300,5.200,5.500,5.500,5.500,5.800,5.900,7.500,5.800,4.800
14,2022,490,1461,SE,56008006,5600,8006,Sweden,Djurkliniken Nyköping,Djurkliniken Nyköpin,Vets,Small animal,Sweden,Sweden,Nurse FTE,BDQTY,2022,4.800,5.200,5.200,5.200,5.400,5.400,5.400,5.400,6.400,7.400,6.400,5.400
14,2022,490,1461,SE,56008006,5600,8006,Sweden,Djurkliniken Nyköping,Djurkliniken Nyköpin,Vets,Small animal,Sweden,Sweden,Support FTE,AQ,2022,2.800,2.800,2.800,2.800,2.800,2.800,2.800,2.800,3.000,3.000,3.000,3.000
14,2022,490,1461,SE,56008006,5600,8006,Sweden,Djurkliniken Nyköping,Djurkliniken Nyköpin,Vets,Small animal,Sweden,Sweden,Support FTE,BDQTY,2022,2.800,2.800,2.800,2.800,2.800,2.800,2.800,2.800,2.800,2.800,2.800,2.800
14,2022,490,1461,SE,56008006,5600,8006,Sweden,Djurkliniken Nyköping,Djurkliniken Nyköpin,Vets,Small animal,Sweden,Sweden,Vet FTE,AQ,2022,2.900,2.900,2.100,2.300,3.200,3.200,3.600,3.500,3.500,3.500,3.500,3.500
14,2022,490,1461,SE,56008006,5600,8006,Sweden,Djurkliniken Nyköping,Djurkliniken Nyköpin,Vets,Small animal,Sweden,Sweden,Vet FTE,BDQTY,2022,1.950,2.750,2.750,2.750,2.750,2.750,2.750,2.750,3.250,3.750,3.500,2.750
14,2022,490,1462,SE,56008007,5600,8007,Sweden,Djurkliniken Roslagstull,Djurkliniken Roslags,Vets,Small animal,Sweden,Sweden,Nurse FTE,AQ,2022,7.000,7.800,8.400,8.900,9.200,9.200,10.400,10.400,11.100,12.200,11.800,10.200
14,2022,490,1462,SE,56008007,5600,8007,Sweden,Djurkliniken Roslagstull,Djurkliniken Roslags,Vets,Small animal,Sweden,Sweden,Nurse FTE,BDQTY,2022,5.800,5.800,5.800,5.800,5.800,5.800,5.800,5.800,5.800,5.800,5.800,5.800
14,2022,490,1462,SE,56008007,5600,8007,Sweden,Djurkliniken Roslagstull,Djurkliniken Roslags,Vets,Small animal,Sweden,Sweden,Support FTE,AQ,2022,2.000,2.000,2.000,2.000,2.000,2.000,2.000,2.000,2.000,1.100,2.000,2.000
14,2022,490,1462,SE,56008007,5600,8007,Sweden,Djurkliniken Roslagstull,Djurkliniken Roslags,Vets,Small animal,Sweden,Sweden,Support FTE,BDQTY,2022,3.000,3.000,3.000,3.000,3.000,3.000,3.000,3.000,3.000,3.000,3.000,3.000
14,2022,490,1462,SE,56008007,5600,8007,Sweden,Djurkliniken Roslagstull,Djurkliniken Roslags,Vets,Small animal,Sweden,Sweden,Vet FTE,AQ,2022,4.900,5.900,5.000,5.700,7.000,7.000,7.000,7.000,7.000,7.000,6.000,5.000
14,2022,490,1462,SE,56008007,5600,8007,Sweden,Djurkliniken Roslagstull,Djurkliniken Roslags,Vets,Small animal,Sweden,Sweden,Vet FTE,BDQTY,2022,3.200,4.200,4.200,4.200,4.200,4.200,4.200,4.200,4.200,4.200,4.200,4.200
14,2022,490,1463,SE,56008008,5600,8008,Sweden,Djurkliniken Sandviken,Djurkliniken Sandvik,Vets,Small animal,Sweden,Sweden,Nurse FTE,AQ,2022,1.000,1.000,4.500,4.500,4.500,4.500,4.300,4.000,3.300,3.300,3.300,3.300
14,2022,490,1463,SE,56008008,5600,8008,Sweden,Djurkliniken Sandviken,Djurkliniken Sandvik,Vets,Small animal,Sweden,Sweden,Nurse FTE,BDQTY,2022,4.800,4.800,4.800,4.800,4.800,4.800,4.800,4.800,4.800,4.800,4.800,4.800
14,2022,490,1463,SE,56008008,5600,8008,Sweden,Djurkliniken Sandviken,Djurkliniken Sandvik,Vets,Small animal,Sweden,Sweden,Support FTE,AQ,2022,0.000,0.000,2.000,2.000,2.000,2.000,2.000,2.000,2.000,2.000,2.500,2.600
14,2022,490,1463,SE,56008008,5600,8008,Sweden,Djurkliniken Sandviken,Djurkliniken Sandvik,Vets,Small animal,Sweden,Sweden,Support FTE,BDQTY,2022,2.600,2.600,2.600,2.600,2.600,2.600,2.600,2.600,2.600,2.600,2.600,2.600
14,2022,490,1463,SE,56008008,5600,8008,Sweden,Djurkliniken Sandviken,Djurkliniken Sandvik,Vets,Small animal,Sweden,Sweden,Vet FTE,AQ,2022,0.000,0.000,2.800,2.800,2.800,2.800,2.800,2.800,2.800,2.800,2.800,2.800
14,2022,490,1463,SE,56008008,5600,8008,Sweden,Djurkliniken Sandviken,Djurkliniken Sandvik,Vets,Small animal,Sweden,Sweden,Vet FTE,BDQTY,2022,3.750,3.750,3.900,3.900,3.900,3.900,3.900,3.900,3.900,3.900,3.900,3.900
14,2022,490,1464,SE,56008009,5600,8009,Sweden,Djurkliniken Åkersberga,Djurkliniken Åkersbe,Vets,Small animal,Sweden,Sweden,Nurse FTE,AQ,2022,5.100,5.100,3.200,3.100,3.100,3.100,3.100,3.100,3.100,4.100,3.900,3.100
14,2022,490,1464,SE,56008009,5600,8009,Sweden,Djurkliniken Åkersberga,Djurkliniken Åkersbe,Vets,Small animal,Sweden,Sweden,Nurse FTE,BDQTY,2022,3.250,3.250,3.250,3.250,3.250,3.250,3.250,3.250,3.250,3.250,3.250,3.250
14,2022,490,1464,SE,56008009,5600,8009,Sweden,Djurkliniken Åkersberga,Djurkliniken Åkersbe,Vets,Small animal,Sweden,Sweden,Support FTE,AQ,2022,0.000,0.000,0.000,0.000,0.000,0.000,0.000,0.000,1.000,1.000,1.000,1.000
14,2022,490,1464,SE,56008009,5600,8009,Sweden,Djurkliniken Åkersberga,Djurkliniken Åkersbe,Vets,Small animal,Sweden,Sweden,Vet FTE,AQ,2022,0.000,0.000,0.000,0.000,0.000,0.000,0.000,0.000,0.000,0.000,0.000,1.000
14,2022,490,1465,SE,56008010,5600,8010,Sweden,Djursjukhuset Södra,Djursjukhuset Södra,Vets,Small animal,Sweden,Sweden,Locum Vet FTE,AQ,2022,1.460,3.230,3.250,2.060,2.660,1.900,3.020,2.950,2.610,1.770,4.090,4.780
14,2022,490,1465,SE,56008010,5600,8010,Sweden,Djursjukhuset Södra,Djursjukhuset Södra,Vets,Small animal,Sweden,Sweden,Nurse FTE,AQ,2022,99.800,100.100,97.100,98.600,102.600,102.600,106.800,107.500,110.500,116.700,115.800,110.500
14,2022,490,1465,SE,56008010,5600,8010,Sweden,Djursjukhuset Södra,Djursjukhuset Södra,Vets,Small animal,Sweden,Sweden,Nurse FTE,BDQTY,2022,81.340,81.340,82.340,94.240,95.240,96.240,96.240,97.240,103.240,103.240,103.240,103.240
14,2022,490,1465,SE,56008010,5600,8010,Sweden,Djursjukhuset Södra,Djursjukhuset Södra,Vets,Small animal,Sweden,Sweden,Support FTE,AQ,2022,21.500,25.500,23.000,23.700,24.600,24.600,24.400,23.000,22.900,24.400,22.700,23.400
14,2022,490,1465,SE,56008010,5600,8010,Sweden,Djursjukhuset Södra,Djursjukhuset Södra,Vets,Small animal,Sweden,Sweden,Support FTE,BDQTY,2022,14.850,14.850,14.850,15.850,15.850,15.850,15.850,15.850,15.850,15.850,15.850,15.850
14,2022,490,1465,SE,56008010,5600,8010,Sweden,Djursjukhuset Södra,Djursjukhuset Södra,Vets,Small animal,Sweden,Sweden,Vet FTE,AQ,2022,56.000,56.400,61.100,63.100,66.600,66.600,68.300,68.400,69.600,69.800,70.700,76.500
14,2022,490,1465,SE,56008010,5600,8010,Sweden,Djursjukhuset Södra,Djursjukhuset Södra,Vets,Small animal,Sweden,Sweden,Vet FTE,BDQTY,2022,51.640,51.640,52.640,54.640,56.640,58.640,58.640,59.640,66.640,66.640,66.640,66.640
14,2022,490,1466,SE,56008011,5600,8011,Sweden,Djursjukhuset Västerort,Djursjukhuset Väster,Vets,Small animal,Sweden,Sweden,Locum Vet FTE,AQ,2022,0.000,0.120,0.250,0.070,0.060,0.190,0.100,0.450,0.380,0.000,0.030,0.000
14,2022,490,1466,SE,56008011,5600,8011,Sweden,Djursjukhuset Västerort,Djursjukhuset Väster,Vets,Small animal,Sweden,Sweden,Nurse FTE,AQ,2022,12.400,11.500,10.500,9.500,10.600,10.600,11.600,10.500,12.100,12.600,13.200,11.300
14,2022,490,1466,SE,56008011,5600,8011,Sweden,Djursjukhuset Västerort,Djursjukhuset Väster,Vets,Small animal,Sweden,Sweden,Nurse FTE,BDQTY,2022,11.400,12.400,12.400,12.400,12.400,12.400,12.400,12.400,12.400,12.400,12.400,12.400
14,2022,490,1466,SE,56008011,5600,8011,Sweden,Djursjukhuset Västerort,Djursjukhuset Väster,Vets,Small animal,Sweden,Sweden,Support FTE,AQ,2022,3.600,3.600,3.600,3.600,3.600,3.600,3.600,3.500,3.600,3.600,3.600,4.000
14,2022,490,1466,SE,56008011,5600,8011,Sweden,Djursjukhuset Västerort,Djursjukhuset Väster,Vets,Small animal,Sweden,Sweden,Support FTE,BDQTY,2022,3.750,3.750,3.750,3.750,3.750,3.750,3.750,3.750,3.750,3.750,3.750,3.750
14,2022,490,1466,SE,56008011,5600,8011,Sweden,Djursjukhuset Västerort,Djursjukhuset Väster,Vets,Small animal,Sweden,Sweden,Vet FTE,AQ,2022,7.800,7.200,7.200,6.300,6.000,6.000,6.500,6.000,6.200,5.900,5.900,6.400
14,2022,490,1466,SE,56008011,5600,8011,Sweden,Djursjukhuset Västerort,Djursjukhuset Väster,Vets,Small animal,Sweden,Sweden,Vet FTE,BDQTY,2022,6.950,7.950,7.950,7.950,7.950,7.950,7.950,7.950,7.950,7.950,7.950,7.950
14,2022,490,1467,SE,56008012,5600,8012,Sweden,Djurdoktorn Mälardalen,Djurdoktorn Mälardal,Vets,Small animal,Sweden,Sweden,Nurse FTE,AQ,2022,4.800,5.800,6.100,5.700,5.800,5.800,5.200,5.200,5.700,7.700,6.000,5.600
14,2022,490,1467,SE,56008012,5600,8012,Sweden,Djurdoktorn Mälardalen,Djurdoktorn Mälardal,Vets,Small animal,Sweden,Sweden,Nurse FTE,BDQTY,2022,4.600,4.600,4.600,4.600,4.600,5.600,5.600,5.600,6.100,6.600,6.100,5.600
14,2022,490,1467,SE,56008012,5600,8012,Sweden,Djurdoktorn Mälardalen,Djurdoktorn Mälardal,Vets,Small animal,Sweden,Sweden,Vet FTE,AQ,2022,3.400,2.400,3.200,4.400,4.400,4.400,4.900,4.700,4.700,4.700,4.800,4.800
14,2022,490,1467,SE,56008012,5600,8012,Sweden,Djurdoktorn Mälardalen,Djurdoktorn Mälardal,Vets,Small animal,Sweden,Sweden,Vet FTE,BDQTY,2022,3.350,3.350,3.350,3.350,3.950,3.950,3.950,4.150,4.150,4.150,4.150,4.150
14,2022,490,1468,SE,56008013,5600,8013,Sweden,Djurkliniken Eskilstuna,Djurkliniken Eskilst,Vets,Small animal,Sweden,Sweden,Nurse FTE,AQ,2022,5.400,6.400,6.400,6.200,6.400,6.400,6.500,6.300,7.300,8.100,6.300,6.200
14,2022,490,1468,SE,56008013,5600,8013,Sweden,Djurkliniken Eskilstuna,Djurkliniken Eskilst,Vets,Small animal,Sweden,Sweden,Nurse FTE,BDQTY,2022,4.040,4.040,4.040,4.040,4.040,4.040,4.040,4.040,4.040,4.040,4.040,4.040
14,2022,490,1468,SE,56008013,5600,8013,Sweden,Djurkliniken Eskilstuna,Djurkliniken Eskilst,Vets,Small animal,Sweden,Sweden,Support FTE,AQ,2022,2.500,2.500,1.700,1.700,1.500,1.500,1.500,1.500,1.500,1.500,1.500,1.500
14,2022,490,1468,SE,56008013,5600,8013,Sweden,Djurkliniken Eskilstuna,Djurkliniken Eskilst,Vets,Small animal,Sweden,Sweden,Support FTE,BDQTY,2022,2.500,2.500,2.500,2.500,2.500,2.500,2.500,2.500,2.500,2.500,2.500,2.500
14,2022,490,1468,SE,56008013,5600,8013,Sweden,Djurkliniken Eskilstuna,Djurkliniken Eskilst,Vets,Small animal,Sweden,Sweden,Vet FTE,AQ,2022,3.700,3.700,4.200,4.700,4.700,4.700,4.700,4.700,4.700,4.700,4.700,4.700
14,2022,490,1468,SE,56008013,5600,8013,Sweden,Djurkliniken Eskilstuna,Djurkliniken Eskilst,Vets,Small animal,Sweden,Sweden,Vet FTE,BDQTY,2022,3.100,3.100,3.100,3.100,3.100,3.100,3.100,3.100,3.100,3.300,3.100,3.100
14,2022,490,1469,SE,56008014,5600,8014,Sweden,Djurkliniken Köping,Djurkliniken Köping,Vets,Small animal,Sweden,Sweden,Nurse FTE,AQ,2022,5.600,6.000,3.500,2.700,3.300,3.300,3.200,3.200,3.300,3.400,2.700,2.400
14,2022,490,1469,SE,56008014,5600,8014,Sweden,Djurkliniken Köping,Djurkliniken Köping,Vets,Small animal,Sweden,Sweden,Nurse FTE,BDQTY,2022,3.150,3.150,3.150,3.150,3.150,3.150,3.150,3.150,4.650,4.950,4.450,3.150
14,2022,490,1469,SE,56008014,5600,8014,Sweden,Djurkliniken Köping,Djurkliniken Köping,Vets,Small animal,Sweden,Sweden,Support FTE,AQ,2022,0.800,0.800,0.800,0.800,0.800,0.800,0.800,0.800,0.900,0.800,0.800,0.800
14,2022,490,1469,SE,56008014,5600,8014,Sweden,Djurkliniken Köping,Djurkliniken Köping,Vets,Small animal,Sweden,Sweden,Support FTE,BDQTY,2022,1.000,1.000,1.000,1.000,1.000,1.000,1.000,1.000,1.000,1.000,1.000,1.000
14,2022,490,1469,SE,56008014,5600,8014,Sweden,Djurkliniken Köping,Djurkliniken Köping,Vets,Small animal,Sweden,Sweden,Vet FTE,AQ,2022,0.100,0.000,0.000,0.600,0.800,0.800,0.800,0.800,0.800,0.800,0.800,0.800
14,2022,490,1469,SE,56008014,5600,8014,Sweden,Djurkliniken Köping,Djurkliniken Köping,Vets,Small animal,Sweden,Sweden,Vet FTE,BDQTY,2022,1.000,1.000,1.000,1.000,1.000,1.000,1.000,1.000,1.000,1.000,1.000,1.000
14,2022,490,1470,SE,56008015,5600,8015,Sweden,Djurkliniken Västerås,Djurkliniken Västerå,Vets,Small animal,Sweden,Sweden,Nurse FTE,AQ,2022,9.300,8.900,9.600,9.600,9.600,9.600,9.600,9.600,10.200,12.700,11.900,8.700
14,2022,490,1470,SE,56008015,5600,8015,Sweden,Djurkliniken Västerås,Djurkliniken Västerå,Vets,Small animal,Sweden,Sweden,Nurse FTE,BDQTY,2022,9.480,9.480,9.480,9.480,9.480,9.480,9.480,9.480,10.480,12.480,10.480,9.480
14,2022,490,1470,SE,56008015,5600,8015,Sweden,Djurkliniken Västerås,Djurkliniken Västerå,Vets,Small animal,Sweden,Sweden,Support FTE,BDQTY,2022,0.050,0.050,0.050,0.050,0.050,0.050,0.050,0.050,0.050,0.050,0.050,0.050
14,2022,490,1470,SE,56008015,5600,8015,Sweden,Djurkliniken Västerås,Djurkliniken Västerå,Vets,Small animal,Sweden,Sweden,Vet FTE,AQ,2022,6.100,7.700,4.900,5.000,5.000,5.000,5.000,5.000,5.000,5.000,5.000,5.000
14,2022,490,1470,SE,56008015,5600,8015,Sweden,Djurkliniken Västerås,Djurkliniken Västerå,Vets,Small animal,Sweden,Sweden,Vet FTE,BDQTY,2022,4.050,4.050,4.050,4.050,4.050,4.050,4.050,4.050,4.050,4.050,4.050,4.050
14,2022,490,1471,SE,56008016,5600,8016,Sweden,Specialistdjursjukhuset Ströms,Specialistdjursjukhu,Vets,Small animal,Sweden,Sweden,Locum Vet FTE,AQ,2022,0.450,0.340,0.380,0.640,0.000,0.620,0.000,0.290,0.320,0.360,0.580,0.000
14,2022,490,1471,SE,56008016,5600,8016,Sweden,Specialistdjursjukhuset Ströms,Specialistdjursjukhu,Vets,Small animal,Sweden,Sweden,Nurse FTE,AQ,2022,81.200,80.600,82.600,82.300,82.200,82.200,85.100,86.200,94.300,103.700,98.200,94.200
14,2022,490,1471,SE,56008016,5600,8016,Sweden,Specialistdjursjukhuset Ströms,Specialistdjursjukhu,Vets,Small animal,Sweden,Sweden,Nurse FTE,BDQTY,2022,67.220,67.220,67.220,70.220,70.220,70.220,70.220,70.220,70.220,71.220,71.220,71.220
14,2022,490,1471,SE,56008016,5600,8016,Sweden,Specialistdjursjukhuset Ströms,Specialistdjursjukhu,Vets,Small animal,Sweden,Sweden,Support FTE,AQ,2022,36.500,36.200,35.400,35.600,35.200,35.200,38.100,41.300,43.000,45.400,42.200,37.000
14,2022,490,1471,SE,56008016,5600,8016,Sweden,Specialistdjursjukhuset Ströms,Specialistdjursjukhu,Vets,Small animal,Sweden,Sweden,Support FTE,BDQTY,2022,23.800,23.800,23.800,24.300,24.300,24.300,24.300,24.300,24.300,24.300,24.300,24.300
14,2022,490,1471,SE,56008016,5600,8016,Sweden,Specialistdjursjukhuset Ströms,Specialistdjursjukhu,Vets,Small animal,Sweden,Sweden,Vet FTE,AQ,2022,41.900,43.300,42.500,42.100,45.100,45.100,47.100,47.200,47.200,49.100,46.400,46.400
14,2022,490,1471,SE,56008016,5600,8016,Sweden,Specialistdjursjukhuset Ströms,Specialistdjursjukhu,Vets,Small animal,Sweden,Sweden,Vet FTE,BDQTY,2022,36.060,36.060,36.060,38.660,38.660,38.660,38.660,38.660,38.660,38.660,38.660,38.660
14,2022,490,1472,SE,56008017,5600,8017,Sweden,Djurkliniken Karlskoga,Djurkliniken Karlsko,Vets,Small animal,Sweden,Sweden,Nurse FTE,AQ,2022,15.800,17.400,15.900,15.600,15.600,15.600,14.900,14.900,17.100,19.200,16.400,15.000
14,2022,490,1472,SE,56008017,5600,8017,Sweden,Djurkliniken Karlskoga,Djurkliniken Karlsko,Vets,Small animal,Sweden,Sweden,Nurse FTE,BDQTY,2022,10.410,10.410,10.410,10.410,10.410,10.410,10.410,10.410,10.410,10.410,11.060,11.060
14,2022,490,1472,SE,56008017,5600,8017,Sweden,Djurkliniken Karlskoga,Djurkliniken Karlsko,Vets,Small animal,Sweden,Sweden,Support FTE,AQ,2022,0.700,0.700,0.700,0.700,0.700,0.700,0.700,0.700,0.700,0.700,0.700,0.700
14,2022,490,1472,SE,56008017,5600,8017,Sweden,Djurkliniken Karlskoga,Djurkliniken Karlsko,Vets,Small animal,Sweden,Sweden,Vet FTE,AQ,2022,8.300,8.300,9.400,9.400,9.400,9.400,9.200,9.300,9.300,9.400,8.600,8.500
14,2022,490,1472,SE,56008017,5600,8017,Sweden,Djurkliniken Karlskoga,Djurkliniken Karlsko,Vets,Small animal,Sweden,Sweden,Vet FTE,BDQTY,2022,7.150,6.350,6.350,7.150,7.150,7.150,7.150,7.150,7.150,7.150,7.150,7.150
14,2022,490,1473,SE,56008018,5600,8018,Sweden,Djursjukhuset Karlstad,Djursjukhuset Karlst,Vets,Small animal,Sweden,Sweden,Locum Vet FTE,AQ,2022,0.160,0.000,0.000,0.000,0.000,0.000,0.220,0.000,0.000,0.400,0.000,0.080
14,2022,490,1473,SE,56008018,5600,8018,Sweden,Djursjukhuset Karlstad,Djursjukhuset Karlst,Vets,Small animal,Sweden,Sweden,Nurse FTE,AQ,2022,26.500,27.200,25.200,24.800,24.700,24.700,23.800,23.600,26.000,27.600,26.400,23.800
14,2022,490,1473,SE,56008018,5600,8018,Sweden,Djursjukhuset Karlstad,Djursjukhuset Karlst,Vets,Small animal,Sweden,Sweden,Nurse FTE,BDQTY,2022,19.050,19.050,19.050,19.050,19.050,19.050,19.050,19.050,24.050,24.050,24.050,19.050
14,2022,490,1473,SE,56008018,5600,8018,Sweden,Djursjukhuset Karlstad,Djursjukhuset Karlst,Vets,Small animal,Sweden,Sweden,Support FTE,AQ,2022,9.600,11.600,11.100,11.100,10.100,10.100,9.600,10.100,9.600,10.300,9.900,9.200
14,2022,490,1473,SE,56008018,5600,8018,Sweden,Djursjukhuset Karlstad,Djursjukhuset Karlst,Vets,Small animal,Sweden,Sweden,Support FTE,BDQTY,2022,8.550,8.550,8.550,8.550,8.550,8.550,9.550,9.550,9.550,9.550,9.550,9.550
14,2022,490,1473,SE,56008018,5600,8018,Sweden,Djursjukhuset Karlstad,Djursjukhuset Karlst,Vets,Small animal,Sweden,Sweden,Vet FTE,AQ,2022,14.200,14.200,15.600,15.200,15.200,15.200,17.000,17.000,17.200,18.000,18.000,16.200
14,2022,490,1473,SE,56008018,5600,8018,Sweden,Djursjukhuset Karlstad,Djursjukhuset Karlst,Vets,Small animal,Sweden,Sweden,Vet FTE,BDQTY,2022,12.850,13.100,13.350,13.650,13.650,13.650,13.950,13.950,14.950,14.950,14.950,13.950
14,2022,490,1474,SE,56008019,5600,8019,Sweden,Djurkliniken Norrköping,Djurkliniken Norrköp,Vets,Small animal,Sweden,Sweden,Locum Vet FTE,AQ,2022,0.000,0.000,0.150,0.000,0.000,0.320,0.000,0.000,0.180,0.350,0.000,0.000
14,2022,490,1474,SE,56008019,5600,8019,Sweden,Djurkliniken Norrköping,Djurkliniken Norrköp,Vets,Small animal,Sweden,Sweden,Nurse FTE,AQ,2022,11.900,12.200,11.200,10.200,10.000,10.000,10.200,10.200,12.200,11.600,10.500,10.100
14,2022,490,1474,SE,56008019,5600,8019,Sweden,Djurkliniken Norrköping,Djurkliniken Norrköp,Vets,Small animal,Sweden,Sweden,Nurse FTE,BDQTY,2022,9.300,9.300,9.300,9.300,9.300,9.300,9.300,9.300,9.300,9.300,9.300,9.300
14,2022,490,1474,SE,56008019,5600,8019,Sweden,Djurkliniken Norrköping,Djurkliniken Norrköp,Vets,Small animal,Sweden,Sweden,Support FTE,AQ,2022,0.000,0.000,0.800,0.800,0.800,0.800,0.800,0.800,0.800,1.800,1.800,1.800
14,2022,490,1474,SE,56008019,5600,8019,Sweden,Djurkliniken Norrköping,Djurkliniken Norrköp,Vets,Small animal,Sweden,Sweden,Support FTE,BDQTY,2022,0.800,0.800,0.800,0.800,0.800,0.800,0.800,1.000,1.000,1.000,1.000,1.000
14,2022,490,1474,SE,56008019,5600,8019,Sweden,Djurkliniken Norrköping,Djurkliniken Norrköp,Vets,Small animal,Sweden,Sweden,Vet FTE,AQ,2022,2.100,2.100,3.100,3.100,4.300,4.300,4.300,4.800,4.800,4.800,4.800,4.800
14,2022,490,1474,SE,56008019,5600,8019,Sweden,Djurkliniken Norrköping,Djurkliniken Norrköp,Vets,Small animal,Sweden,Sweden,Vet FTE,BDQTY,2022,4.200,4.200,4.200,4.200,4.200,4.200,4.200,4.200,4.200,4.200,4.200,4.200
14,2022,490,1475,SE,56008020,5600,8020,Sweden,"Djursjukhus Valla, Linköping","Djursjukhus Valla, L",Vets,Small animal,Sweden,Sweden,Locum Vet FTE,AQ,2022,0.100,0.000,0.060,0.190,0.000,0.060,0.000,0.120,0.000,0.000,0.170,0.120
14,2022,490,1475,SE,56008020,5600,8020,Sweden,"Djursjukhus Valla, Linköping","Djursjukhus Valla, L",Vets,Small animal,Sweden,Sweden,Nurse FTE,AQ,2022,39.300,40.500,37.700,39.800,40.000,40.000,39.000,40.200,45.600,53.900,48.500,44.800
14,2022,490,1475,SE,56008020,5600,8020,Sweden,"Djursjukhus Valla, Linköping","Djursjukhus Valla, L",Vets,Small animal,Sweden,Sweden,Nurse FTE,BDQTY,2022,34.740,34.740,34.740,35.340,36.140,36.140,36.140,36.140,36.140,36.140,36.140,36.140
14,2022,490,1475,SE,56008020,5600,8020,Sweden,"Djursjukhus Valla, Linköping","Djursjukhus Valla, L",Vets,Small animal,Sweden,Sweden,Support FTE,AQ,2022,13.800,14.800,18.400,18.400,17.400,17.400,17.400,17.100,16.400,16.500,16.500,16.600
14,2022,490,1475,SE,56008020,5600,8020,Sweden,"Djursjukhus Valla, Linköping","Djursjukhus Valla, L",Vets,Small animal,Sweden,Sweden,Support FTE,BDQTY,2022,15.450,15.450,15.450,15.450,15.450,15.450,15.450,15.450,15.450,15.450,15.450,15.450
14,2022,490,1475,SE,56008020,5600,8020,Sweden,"Djursjukhus Valla, Linköping","Djursjukhus Valla, L",Vets,Small animal,Sweden,Sweden,Vet FTE,AQ,2022,18.500,18.500,19.500,19.500,20.200,20.200,21.300,20.300,20.800,20.800,20.800,20.400
14,2022,490,1475,SE,56008020,5600,8020,Sweden,"Djursjukhus Valla, Linköping","Djursjukhus Valla, L",Vets,Small animal,Sweden,Sweden,Vet FTE,BDQTY,2022,19.600,19.800,19.800,19.800,19.800,20.000,20.000,20.000,20.000,20.000,20.000,20.800
14,2022,490,1476,SE,56008021,5600,8021,Sweden,Djurkliniken Frölunda,Djurkliniken Frölund,Vets,Small animal,Sweden,Sweden,Locum Vet FTE,AQ,2022,0.000,0.000,0.000,0.150,0.280,0.190,0.280,0.000,0.280,0.270,0.000,0.000
14,2022,490,1476,SE,56008021,5600,8021,Sweden,Djurkliniken Frölunda,Djurkliniken Frölund,Vets,Small animal,Sweden,Sweden,Nurse FTE,AQ,2022,2.500,3.500,4.500,4.400,4.400,4.400,3.400,3.400,3.900,3.500,3.200,3.300
14,2022,490,1476,SE,56008021,5600,8021,Sweden,Djurkliniken Frölunda,Djurkliniken Frölund,Vets,Small animal,Sweden,Sweden,Nurse FTE,BDQTY,2022,3.600,3.600,3.600,3.600,3.600,3.600,3.600,3.600,3.600,3.600,3.600,3.600
14,2022,490,1476,SE,56008021,5600,8021,Sweden,Djurkliniken Frölunda,Djurkliniken Frölund,Vets,Small animal,Sweden,Sweden,Support FTE,AQ,2022,0.600,0.600,0.800,0.600,0.600,0.600,0.700,0.700,0.700,0.700,0.700,0.700
14,2022,490,1476,SE,56008021,5600,8021,Sweden,Djurkliniken Frölunda,Djurkliniken Frölund,Vets,Small animal,Sweden,Sweden,Support FTE,BDQTY,2022,0.800,0.800,0.800,0.800,0.800,0.800,0.800,0.800,0.800,0.800,0.800,0.800
14,2022,490,1476,SE,56008021,5600,8021,Sweden,Djurkliniken Frölunda,Djurkliniken Frölund,Vets,Small animal,Sweden,Sweden,Vet FTE,AQ,2022,2.800,2.800,2.800,2.800,2.800,2.800,2.800,2.800,3.800,3.800,3.800,3.800
14,2022,490,1476,SE,56008021,5600,8021,Sweden,Djurkliniken Frölunda,Djurkliniken Frölund,Vets,Small animal,Sweden,Sweden,Vet FTE,BDQTY,2022,2.750,2.750,2.750,2.750,2.750,2.750,2.750,2.750,2.750,2.750,2.750,2.750
14,2022,490,1477,SE,56008022,5600,8022,Sweden,Djurkliniken Kungälv,Djurkliniken Kungälv,Vets,Small animal,Sweden,Sweden,Nurse FTE,AQ,2022,7.700,10.200,8.700,8.600,8.600,8.600,8.700,8.700,9.900,10.700,10.300,8.700
14,2022,490,1477,SE,56008022,5600,8022,Sweden,Djurkliniken Kungälv,Djurkliniken Kungälv,Vets,Small animal,Sweden,Sweden,Nurse FTE,BDQTY,2022,7.050,7.050,7.050,7.050,7.050,7.050,7.050,7.050,7.050,10.050,10.050,7.050
14,2022,490,1477,SE,56008022,5600,8022,Sweden,Djurkliniken Kungälv,Djurkliniken Kungälv,Vets,Small animal,Sweden,Sweden,Support FTE,AQ,2022,2.900,2.900,3.900,3.900,3.900,3.900,3.900,3.900,3.900,3.900,3.900,3.900
14,2022,490,1477,SE,56008022,5600,8022,Sweden,Djurkliniken Kungälv,Djurkliniken Kungälv,Vets,Small animal,Sweden,Sweden,Support FTE,BDQTY,2022,2.900,2.900,2.900,2.900,2.900,2.900,2.900,2.900,2.900,2.900,2.900,2.900
14,2022,490,1477,SE,56008022,5600,8022,Sweden,Djurkliniken Kungälv,Djurkliniken Kungälv,Vets,Small animal,Sweden,Sweden,Vet FTE,AQ,2022,5.800,6.300,6.900,6.700,6.700,6.700,6.800,7.200,7.200,7.400,7.400,7.300
14,2022,490,1477,SE,56008022,5600,8022,Sweden,Djurkliniken Kungälv,Djurkliniken Kungälv,Vets,Small animal,Sweden,Sweden,Vet FTE,BDQTY,2022,4.600,4.600,4.600,5.200,5.200,5.200,5.200,5.200,5.200,5.200,5.200,5.200
14,2022,490,1478,SE,56008023,5600,8023,Sweden,Djurkliniken Kållered,Djurkliniken Kållere,Vets,Small animal,Sweden,Sweden,Locum Vet FTE,AQ,2022,0.000,0.170,0.140,0.000,0.410,0.200,0.260,0.240,0.200,0.280,0.080,0.220
14,2022,490,1478,SE,56008023,5600,8023,Sweden,Djurkliniken Kållered,Djurkliniken Kållere,Vets,Small animal,Sweden,Sweden,Nurse FTE,AQ,2022,5.500,5.700,7.300,6.300,6.500,6.500,7.500,7.500,8.900,9.500,9.800,9.300
14,2022,490,1478,SE,56008023,5600,8023,Sweden,Djurkliniken Kållered,Djurkliniken Kållere,Vets,Small animal,Sweden,Sweden,Nurse FTE,BDQTY,2022,5.090,5.090,5.090,5.090,5.090,5.090,5.090,5.090,5.090,5.090,5.090,5.090
14,2022,490,1478,SE,56008023,5600,8023,Sweden,Djurkliniken Kållered,Djurkliniken Kållere,Vets,Small animal,Sweden,Sweden,Support FTE,AQ,2022,1.000,1.000,1.000,1.000,1.000,1.000,1.000,1.000,1.000,1.000,1.000,1.000
14,2022,490,1478,SE,56008023,5600,8023,Sweden,Djurkliniken Kållered,Djurkliniken Kållere,Vets,Small animal,Sweden,Sweden,Support FTE,BDQTY,2022,1.000,1.000,1.000,1.000,1.000,1.000,1.000,1.000,1.000,1.000,1.000,1.000
14,2022,490,1478,SE,56008023,5600,8023,Sweden,Djurkliniken Kållered,Djurkliniken Kållere,Vets,Small animal,Sweden,Sweden,Vet FTE,AQ,2022,4.100,4.300,3.300,2.900,3.800,3.800,3.100,2.300,2.400,2.400,2.800,2.600
14,2022,490,1478,SE,56008023,5600,8023,Sweden,Djurkliniken Kållered,Djurkliniken Kållere,Vets,Small animal,Sweden,Sweden,Vet FTE,BDQTY,2022,2.950,2.950,2.950,2.950,2.950,2.950,2.950,2.950,2.950,2.950,2.950,2.950
14,2022,490,1479,SE,56008024,5600,8024,Sweden,Djurkliniken Mölndal,Djurkliniken Mölndal,Vets,Small animal,Sweden,Sweden,Nurse FTE,AQ,2022,3.000,4.000,4.000,4.000,3.100,3.100,3.200,3.200,3.200,3.200,3.300,3.300
14,2022,490,1479,SE,56008024,5600,8024,Sweden,Djurkliniken Mölndal,Djurkliniken Mölndal,Vets,Small animal,Sweden,Sweden,Nurse FTE,BDQTY,2022,5.000,5.000,5.000,5.000,5.000,5.000,5.000,5.000,5.000,5.000,5.000,5.000
14,2022,490,1479,SE,56008024,5600,8024,Sweden,Djurkliniken Mölndal,Djurkliniken Mölndal,Vets,Small animal,Sweden,Sweden,Support FTE,AQ,2022,1.500,1.500,0.700,0.700,0.700,0.700,0.700,0.700,0.700,0.700,0.700,0.700
14,2022,490,1479,SE,56008024,5600,8024,Sweden,Djurkliniken Mölndal,Djurkliniken Mölndal,Vets,Small animal,Sweden,Sweden,Support FTE,BDQTY,2022,0.650,0.650,0.650,0.650,0.650,0.650,0.650,0.650,0.650,0.650,0.650,0.650
14,2022,490,1479,SE,56008024,5600,8024,Sweden,Djurkliniken Mölndal,Djurkliniken Mölndal,Vets,Small animal,Sweden,Sweden,Vet FTE,AQ,2022,3.700,3.700,3.700,3.700,3.700,3.700,3.700,3.800,3.700,3.700,3.700,4.000
14,2022,490,1479,SE,56008024,5600,8024,Sweden,Djurkliniken Mölndal,Djurkliniken Mölndal,Vets,Small animal,Sweden,Sweden,Vet FTE,BDQTY,2022,4.700,4.700,4.700,4.700,4.700,4.700,4.700,4.700,4.700,4.700,4.700,4.700
14,2022,490,1481,SE,56008026,5600,8026,Sweden,Djursjukhuset Göteborg,Djursjukhuset Götebo,Vets,Small animal,Sweden,Sweden,Locum Vet FTE,AQ,2022,0.000,0.020,0.000,0.000,0.000,0.040,0.010,0.000,0.000,0.000,0.000,0.000
14,2022,490,1481,SE,56008026,5600,8026,Sweden,Djursjukhuset Göteborg,Djursjukhuset Götebo,Vets,Small animal,Sweden,Sweden,Nurse FTE,AQ,2022,16.400,17.300,14.400,15.000,16.000,16.000,17.200,17.500,19.400,23.200,22.600,21.200
14,2022,490,1481,SE,56008026,5600,8026,Sweden,Djursjukhuset Göteborg,Djursjukhuset Götebo,Vets,Small animal,Sweden,Sweden,Nurse FTE,BDQTY,2022,16.400,16.400,16.400,16.400,17.400,17.400,17.400,17.400,17.400,17.400,17.400,17.400
14,2022,490,1481,SE,56008026,5600,8026,Sweden,Djursjukhuset Göteborg,Djursjukhuset Götebo,Vets,Small animal,Sweden,Sweden,Support FTE,AQ,2022,7.000,8.000,10.800,11.300,12.600,12.600,12.400,12.400,12.800,12.400,12.500,11.500
14,2022,490,1481,SE,56008026,5600,8026,Sweden,Djursjukhuset Göteborg,Djursjukhuset Götebo,Vets,Small animal,Sweden,Sweden,Support FTE,BDQTY,2022,9.000,9.000,9.000,9.000,9.000,10.000,10.000,10.000,10.000,10.000,10.000,10.000
14,2022,490,1481,SE,56008026,5600,8026,Sweden,Djursjukhuset Göteborg,Djursjukhuset Götebo,Vets,Small animal,Sweden,Sweden,Vet FTE,AQ,2022,18.800,19.900,18.100,19.100,19.100,19.100,19.600,20.700,21.800,22.500,23.800,26.900
14,2022,490,1481,SE,56008026,5600,8026,Sweden,Djursjukhuset Göteborg,Djursjukhuset Götebo,Vets,Small animal,Sweden,Sweden,Vet FTE,BDQTY,2022,18.100,18.100,18.100,18.100,18.100,18.100,18.100,18.100,18.100,18.100,18.100,18.100
14,2022,490,1482,SE,56008027,5600,8027,Sweden,Djursjukhuset Norra Halland,Djursjukhuset Norra,Vets,Small animal,Sweden,Sweden,Locum Vet FTE,AQ,2022,0.000,0.040,0.000,0.030,0.020,0.000,0.020,0.010,0.000,0.000,0.020,0.030
14,2022,490,1482,SE,56008027,5600,8027,Sweden,Djursjukhuset Norra Halland,Djursjukhuset Norra,Vets,Small animal,Sweden,Sweden,Nurse FTE,AQ,2022,12.500,12.500,10.500,9.900,9.900,9.900,10.700,10.700,10.800,13.300,12.000,11.400
14,2022,490,1482,SE,56008027,5600,8027,Sweden,Djursjukhuset Norra Halland,Djursjukhuset Norra,Vets,Small animal,Sweden,Sweden,Nurse FTE,BDQTY,2022,10.850,10.850,10.850,11.850,11.850,11.850,11.850,11.850,11.850,11.850,11.850,11.850
14,2022,490,1482,SE,56008027,5600,8027,Sweden,Djursjukhuset Norra Halland,Djursjukhuset Norra,Vets,Small animal,Sweden,Sweden,Support FTE,AQ,2022,5.600,5.600,5.600,5.600,4.800,4.800,4.800,4.800,4.800,3.800,3.800,3.800
14,2022,490,1482,SE,56008027,5600,8027,Sweden,Djursjukhuset Norra Halland,Djursjukhuset Norra,Vets,Small animal,Sweden,Sweden,Support FTE,BDQTY,2022,5.600,5.600,5.600,5.600,5.600,5.600,5.600,5.600,5.600,5.600,5.600,5.600
14,2022,490,1482,SE,56008027,5600,8027,Sweden,Djursjukhuset Norra Halland,Djursjukhuset Norra,Vets,Small animal,Sweden,Sweden,Vet FTE,AQ,2022,8.900,8.900,7.400,7.400,8.200,8.200,8.400,8.400,8.400,7.700,7.700,7.600
14,2022,490,1482,SE,56008027,5600,8027,Sweden,Djursjukhuset Norra Halland,Djursjukhuset Norra,Vets,Small animal,Sweden,Sweden,Vet FTE,BDQTY,2022,7.230,7.230,7.230,7.230,7.230,7.230,7.230,7.230,7.230,7.230,7.230,7.230
14,2022,490,1483,SE,56008028,5600,8028,Sweden,Djurkliniken Kristianstad,Djurkliniken Kristia,Vets,Small animal,Sweden,Sweden,Nurse FTE,AQ,2022,7.400,9.400,9.400,9.400,9.400,9.400,8.400,8.300,8.400,8.400,8.400,8.400
14,2022,490,1483,SE,56008028,5600,8028,Sweden,Djurkliniken Kristianstad,Djurkliniken Kristia,Vets,Small animal,Sweden,Sweden,Nurse FTE,BDQTY,2022,5.500,5.250,5.250,5.650,5.150,5.150,5.150,5.150,5.150,5.150,5.150,5.150
14,2022,490,1483,SE,56008028,5600,8028,Sweden,Djurkliniken Kristianstad,Djurkliniken Kristia,Vets,Small animal,Sweden,Sweden,Support FTE,AQ,2022,1.800,1.800,2.800,2.800,2.800,2.800,2.800,2.800,3.900,4.000,4.000,3.000
14,2022,490,1483,SE,56008028,5600,8028,Sweden,Djurkliniken Kristianstad,Djurkliniken Kristia,Vets,Small animal,Sweden,Sweden,Support FTE,BDQTY,2022,2.650,2.650,2.650,2.650,2.650,2.650,2.650,2.650,2.650,2.650,2.650,2.650
14,2022,490,1483,SE,56008028,5600,8028,Sweden,Djurkliniken Kristianstad,Djurkliniken Kristia,Vets,Small animal,Sweden,Sweden,Vet FTE,AQ,2022,4.300,4.300,4.300,4.300,4.100,4.100,5.500,6.800,6.200,6.200,6.000,6.400
14,2022,490,1483,SE,56008028,5600,8028,Sweden,Djurkliniken Kristianstad,Djurkliniken Kristia,Vets,Small animal,Sweden,Sweden,Vet FTE,BDQTY,2022,3.600,3.600,3.600,3.600,3.600,3.600,3.600,3.600,3.600,3.600,3.600,3.600
14,2022,490,1484,SE,56008029,5600,8029,Sweden,Djurkliniken Åhus,Djurkliniken Åhus,Vets,Small animal,Sweden,Sweden,Nurse FTE,BDQTY,2022,0.300,0.300,0.300,0.300,0.300,0.300,0.300,0.300,0.300,0.300,0.300,0.300
14,2022,490,1484,SE,56008029,5600,8029,Sweden,Djurkliniken Åhus,Djurkliniken Åhus,Vets,Small animal,Sweden,Sweden,Support FTE,BDQTY,2022,0.100,0.100,0.100,0.100,0.100,0.100,0.100,0.100,0.100,0.100,0.100,0.100
14,2022,490,1484,SE,56008029,5600,8029,Sweden,Djurkliniken Åhus,Djurkliniken Åhus,Vets,Small animal,Sweden,Sweden,Vet FTE,BDQTY,2022,0.400,0.400,0.400,0.400,0.400,0.400,0.400,0.400,0.400,0.400,0.400,0.400
14,2022,490,1485,SE,56008030,5600,8030,Sweden,Djursjukhuset Växjö,Djursjukhuset Växjö,Vets,Small animal,Sweden,Sweden,Locum Vet FTE,AQ,2022,0.000,0.000,0.030,0.000,0.000,0.000,0.000,0.000,0.000,0.000,0.000,0.000
14,2022,490,1485,SE,56008030,5600,8030,Sweden,Djursjukhuset Växjö,Djursjukhuset Växjö,Vets,Small animal,Sweden,Sweden,Nurse FTE,AQ,2022,21.900,24.200,20.400,21.800,20.200,20.200,22.600,21.500,23.900,26.700,24.200,21.700
14,2022,490,1485,SE,56008030,5600,8030,Sweden,Djursjukhuset Växjö,Djursjukhuset Växjö,Vets,Small animal,Sweden,Sweden,Nurse FTE,BDQTY,2022,14.200,14.200,14.200,14.200,14.700,15.000,15.000,15.000,15.000,15.000,15.000,16.000
14,2022,490,1485,SE,56008030,5600,8030,Sweden,Djursjukhuset Växjö,Djursjukhuset Växjö,Vets,Small animal,Sweden,Sweden,Support FTE,AQ,2022,8.300,9.000,9.000,8.500,7.100,7.100,6.600,6.500,7.100,9.400,8.300,7.600
14,2022,490,1485,SE,56008030,5600,8030,Sweden,Djursjukhuset Växjö,Djursjukhuset Växjö,Vets,Small animal,Sweden,Sweden,Support FTE,BDQTY,2022,6.400,6.400,6.400,6.400,6.400,6.900,6.900,6.900,6.900,6.900,6.900,6.900
14,2022,490,1485,SE,56008030,5600,8030,Sweden,Djursjukhuset Växjö,Djursjukhuset Växjö,Vets,Small animal,Sweden,Sweden,Vet FTE,AQ,2022,8.800,8.000,9.600,9.200,9.400,9.400,10.200,10.200,10.200,10.200,10.200,9.400
14,2022,490,1485,SE,56008030,5600,8030,Sweden,Djursjukhuset Växjö,Djursjukhuset Växjö,Vets,Small animal,Sweden,Sweden,Vet FTE,BDQTY,2022,10.800,10.800,10.800,10.800,10.800,10.800,11.600,11.600,11.600,11.600,11.600,11.600
14,2022,490,1486,SE,56008031,5600,8031,Sweden,HBG Specialistdjursjukhuset He,Specialistdjursjukhu,Vets,Small animal,Sweden,Sweden,Locum Vet FTE,AQ,2022,0.800,0.690,0.130,0.650,0.870,0.660,1.450,1.340,1.570,0.500,0.130,1.270
14,2022,490,1486,SE,56008031,5600,8031,Sweden,HBG Specialistdjursjukhuset He,Specialistdjursjukhu,Vets,Small animal,Sweden,Sweden,Nurse FTE,AQ,2022,52.100,52.900,51.300,53.600,53.500,53.500,53.900,53.500,56.200,60.500,57.400,55.200
14,2022,490,1486,SE,56008031,5600,8031,Sweden,HBG Specialistdjursjukhuset He,Specialistdjursjukhu,Vets,Small animal,Sweden,Sweden,Nurse FTE,BDQTY,2022,63.490,60.990,60.790,60.790,60.790,60.590,60.590,60.590,60.590,60.590,60.590,60.590
14,2022,490,1486,SE,56008031,5600,8031,Sweden,HBG Specialistdjursjukhuset He,Specialistdjursjukhu,Vets,Small animal,Sweden,Sweden,Support FTE,AQ,2022,24.900,26.600,26.700,27.600,27.500,27.500,27.700,26.800,30.200,30.000,30.500,29.000
14,2022,490,1486,SE,56008031,5600,8031,Sweden,HBG Specialistdjursjukhuset He,Specialistdjursjukhu,Vets,Small animal,Sweden,Sweden,Support FTE,BDQTY,2022,22.540,22.540,24.540,24.540,24.540,24.540,24.540,24.540,26.540,26.540,26.540,25.540
14,2022,490,1486,SE,56008031,5600,8031,Sweden,HBG Specialistdjursjukhuset He,Specialistdjursjukhu,Vets,Small animal,Sweden,Sweden,Vet FTE,AQ,2022,33.100,32.200,31.200,32.100,32.800,32.800,35.800,37.900,37.200,37.000,36.200,36.700
14,2022,490,1486,SE,56008031,5600,8031,Sweden,HBG Specialistdjursjukhuset He,Specialistdjursjukhu,Vets,Small animal,Sweden,Sweden,Vet FTE,BDQTY,2022,27.100,27.850,28.850,32.600,32.600,33.350,33.550,34.150,34.150,34.150,34.150,35.350
14,2022,490,1487,SE,56008032,5600,8032,Sweden,Djurkliniken Höllviken,Djurkliniken Höllvik,Vets,Small animal,Sweden,Sweden,Locum Vet FTE,AQ,2022,0.040,0.020,0.000,0.040,0.050,0.000,0.060,0.000,0.030,0.050,0.030,0.020
14,2022,490,1487,SE,56008032,5600,8032,Sweden,Djurkliniken Höllviken,Djurkliniken Höllvik,Vets,Small animal,Sweden,Sweden,Nurse FTE,AQ,2022,6.100,6.200,4.200,4.200,4.000,4.000,3.200,3.200,3.400,4.300,3.800,3.400
14,2022,490,1487,SE,56008032,5600,8032,Sweden,Djurkliniken Höllviken,Djurkliniken Höllvik,Vets,Small animal,Sweden,Sweden,Nurse FTE,BDQTY,2022,4.550,4.550,4.550,4.800,4.800,4.800,4.800,4.800,4.800,4.800,4.800,4.800
14,2022,490,1487,SE,56008032,5600,8032,Sweden,Djurkliniken Höllviken,Djurkliniken Höllvik,Vets,Small animal,Sweden,Sweden,Support FTE,AQ,2022,5.000,5.000,4.000,4.000,4.000,4.000,3.000,3.000,3.400,4.000,3.700,3.500
14,2022,490,1487,SE,56008032,5600,8032,Sweden,Djurkliniken Höllviken,Djurkliniken Höllvik,Vets,Small animal,Sweden,Sweden,Support FTE,BDQTY,2022,1.600,1.600,1.600,1.600,1.600,1.600,2.000,2.000,2.000,2.000,2.800,2.800
14,2022,490,1487,SE,56008032,5600,8032,Sweden,Djurkliniken Höllviken,Djurkliniken Höllvik,Vets,Small animal,Sweden,Sweden,Vet FTE,AQ,2022,1.000,1.000,1.500,1.500,1.500,1.500,1.800,2.500,2.800,2.800,2.800,2.900
14,2022,490,1487,SE,56008032,5600,8032,Sweden,Djurkliniken Höllviken,Djurkliniken Höllvik,Vets,Small animal,Sweden,Sweden,Vet FTE,BDQTY,2022,1.200,1.200,1.500,3.000,3.000,3.000,3.000,3.000,3.000,3.000,3.000,3.000
14,2022,490,1488,SE,56008033,5600,8033,Sweden,Djurkliniken Trelleborg,Djurkliniken Trelleb,Vets,Small animal,Sweden,Sweden,Nurse FTE,AQ,2022,3.000,3.000,4.000,4.000,4.000,4.000,4.000,4.000,4.000,5.000,5.000,4.800
14,2022,490,1488,SE,56008033,5600,8033,Sweden,Djurkliniken Trelleborg,Djurkliniken Trelleb,Vets,Small animal,Sweden,Sweden,Nurse FTE,BDQTY,2022,4.750,4.750,4.750,5.750,4.750,4.750,5.250,4.750,5.750,5.750,5.750,4.750
14,2022,490,1488,SE,56008033,5600,8033,Sweden,Djurkliniken Trelleborg,Djurkliniken Trelleb,Vets,Small animal,Sweden,Sweden,Vet FTE,AQ,2022,2.400,2.400,2.800,2.800,2.800,2.800,1.900,1.800,1.800,1.800,1.800,1.800
14,2022,490,1488,SE,56008033,5600,8033,Sweden,Djurkliniken Trelleborg,Djurkliniken Trelleb,Vets,Small animal,Sweden,Sweden,Vet FTE,BDQTY,2022,2.300,2.300,2.300,3.300,2.300,2.300,2.800,2.300,3.300,3.300,3.300,3.300
14,2022,490,1489,SE,56008034,5600,8034,Sweden,Djurkliniken Ystad,Djurkliniken Ystad,Vets,Small animal,Sweden,Sweden,Nurse FTE,AQ,2022,6.400,7.600,6.800,6.800,7.600,7.600,6.000,4.900,5.400,7.900,8.700,6.100
14,2022,490,1489,SE,56008034,5600,8034,Sweden,Djurkliniken Ystad,Djurkliniken Ystad,Vets,Small animal,Sweden,Sweden,Nurse FTE,BDQTY,2022,6.800,6.800,6.800,6.800,6.800,6.800,6.800,6.800,6.800,7.800,6.800,6.600
14,2022,490,1489,SE,56008034,5600,8034,Sweden,Djurkliniken Ystad,Djurkliniken Ystad,Vets,Small animal,Sweden,Sweden,Support FTE,AQ,2022,1.000,1.000,1.000,1.000,1.000,1.000,1.000,1.000,1.000,1.900,1.600,1.000
14,2022,490,1489,SE,56008034,5600,8034,Sweden,Djurkliniken Ystad,Djurkliniken Ystad,Vets,Small animal,Sweden,Sweden,Support FTE,BDQTY,2022,1.000,1.000,1.000,1.000,1.000,1.000,1.000,1.000,1.000,1.000,1.000,1.000
14,2022,490,1489,SE,56008034,5600,8034,Sweden,Djurkliniken Ystad,Djurkliniken Ystad,Vets,Small animal,Sweden,Sweden,Vet FTE,AQ,2022,3.000,3.000,3.000,3.000,3.000,3.000,4.000,3.800,4.300,4.300,4.300,4.700
14,2022,490,1489,SE,56008034,5600,8034,Sweden,Djurkliniken Ystad,Djurkliniken Ystad,Vets,Small animal,Sweden,Sweden,Vet FTE,BDQTY,2022,3.800,3.800,3.800,3.800,3.800,3.800,3.800,3.800,4.300,4.800,4.300,3.800
14,2022,490,1490,SE,56008035,5600,8035,Sweden,Djurkliniken Staffanstorp,Djurkliniken Staffan,Vets,Small animal,Sweden,Sweden,Locum Vet FTE,AQ,2022,0.000,0.000,0.000,0.000,0.000,0.130,0.000,0.000,0.000,0.000,0.000,0.000
14,2022,490,1490,SE,56008035,5600,8035,Sweden,Djurkliniken Staffanstorp,Djurkliniken Staffan,Vets,Small animal,Sweden,Sweden,Nurse FTE,AQ,2022,3.000,2.000,2.000,2.000,2.000,2.000,2.000,2.000,2.400,3.000,3.000,2.100
14,2022,490,1490,SE,56008035,5600,8035,Sweden,Djurkliniken Staffanstorp,Djurkliniken Staffan,Vets,Small animal,Sweden,Sweden,Nurse FTE,BDQTY,2022,2.070,2.070,2.320,2.000,2.000,2.000,2.000,1.800,1.800,1.800,1.800,1.800
14,2022,490,1490,SE,56008035,5600,8035,Sweden,Djurkliniken Staffanstorp,Djurkliniken Staffan,Vets,Small animal,Sweden,Sweden,Support FTE,AQ,2022,1.100,1.100,1.100,1.100,1.100,1.100,1.100,1.100,0.900,0.000,0.000,1.000
14,2022,490,1490,SE,56008035,5600,8035,Sweden,Djurkliniken Staffanstorp,Djurkliniken Staffan,Vets,Small animal,Sweden,Sweden,Support FTE,BDQTY,2022,1.000,1.000,1.000,1.000,1.000,1.000,1.000,1.000,1.000,1.000,1.000,1.000
14,2022,490,1490,SE,56008035,5600,8035,Sweden,Djurkliniken Staffanstorp,Djurkliniken Staffan,Vets,Small animal,Sweden,Sweden,Vet FTE,AQ,2022,2.800,2.800,1.800,1.700,1.700,1.700,1.700,1.700,1.700,1.700,1.700,1.700
14,2022,490,1490,SE,56008035,5600,8035,Sweden,Djurkliniken Staffanstorp,Djurkliniken Staffan,Vets,Small animal,Sweden,Sweden,Vet FTE,BDQTY,2022,1.600,1.600,2.100,1.850,1.600,1.600,1.600,1.600,1.600,1.600,1.600,1.600
14,2022,490,1491,SE,56008036,5600,8036,Sweden,Djursjukhuset Malmö,Djursjukhuset Malmö,Vets,Small animal,Sweden,Sweden,Locum Vet FTE,AQ,2022,0.300,0.580,0.000,0.000,0.000,0.180,0.100,0.090,1.280,0.610,1.430,0.540
14,2022,490,1491,SE,56008036,5600,8036,Sweden,Djursjukhuset Malmö,Djursjukhuset Malmö,Vets,Small animal,Sweden,Sweden,Nurse FTE,AQ,2022,64.300,64.000,54.200,54.100,53.400,53.400,58.400,56.100,59.847,69.000,66.000,61.300
14,2022,490,1491,SE,56008036,5600,8036,Sweden,Djursjukhuset Malmö,Djursjukhuset Malmö,Vets,Small animal,Sweden,Sweden,Nurse FTE,BDQTY,2022,56.690,56.690,56.690,57.690,57.690,57.690,57.690,57.690,67.690,67.690,67.690,57.690
14,2022,490,1491,SE,56008036,5600,8036,Sweden,Djursjukhuset Malmö,Djursjukhuset Malmö,Vets,Small animal,Sweden,Sweden,Support FTE,AQ,2022,21.800,21.600,25.000,25.100,25.500,25.491,27.610,27.129,28.200,29.619,27.883,24.800
14,2022,490,1491,SE,56008036,5600,8036,Sweden,Djursjukhuset Malmö,Djursjukhuset Malmö,Vets,Small animal,Sweden,Sweden,Support FTE,BDQTY,2022,23.010,23.010,23.010,23.010,23.010,23.010,23.010,23.010,24.010,24.010,24.010,23.010
14,2022,490,1491,SE,56008036,5600,8036,Sweden,Djursjukhuset Malmö,Djursjukhuset Malmö,Vets,Small animal,Sweden,Sweden,Vet FTE,AQ,2022,31.100,31.900,32.800,33.100,34.100,34.100,33.500,34.000,34.300,34.600,34.600,32.300
14,2022,490,1491,SE,56008036,5600,8036,Sweden,Djursjukhuset Malmö,Djursjukhuset Malmö,Vets,Small animal,Sweden,Sweden,Vet FTE,BDQTY,2022,33.650,33.650,33.650,34.400,34.400,34.400,34.400,34.400,36.400,36.400,36.400,34.400
14,2022,490,1505,SE,56008050,5600,8050,Sweden,Evidensia Smådjurskliniken Jön,Evidensia Smådjurskl,Vets,Small animal,Sweden,Sweden,Nurse FTE,AQ,2022,13.700,13.800,14.800,14.300,14.000,14.000,14.300,15.000,15.600,18.000,15.900,14.100
14,2022,490,1505,SE,56008050,5600,8050,Sweden,Evidensia Smådjurskliniken Jön,Evidensia Smådjurskl,Vets,Small animal,Sweden,Sweden,Nurse FTE,BDQTY,2022,10.500,10.500,10.500,10.500,10.500,10.500,10.500,10.500,10.500,10.500,10.500,10.500
14,2022,490,1505,SE,56008050,5600,8050,Sweden,Evidensia Smådjurskliniken Jön,Evidensia Smådjurskl,Vets,Small animal,Sweden,Sweden,Support FTE,AQ,2022,7.000,6.900,5.900,5.900,5.143,5.100,6.100,6.900,5.900,5.900,5.500,5.600
14,2022,490,1505,SE,56008050,5600,8050,Sweden,Evidensia Smådjurskliniken Jön,Evidensia Smådjurskl,Vets,Small animal,Sweden,Sweden,Support FTE,BDQTY,2022,5.500,5.500,5.500,5.500,5.500,5.500,5.500,5.500,5.500,5.500,5.500,5.500
14,2022,490,1505,SE,56008050,5600,8050,Sweden,Evidensia Smådjurskliniken Jön,Evidensia Smådjurskl,Vets,Small animal,Sweden,Sweden,Vet FTE,AQ,2022,9.200,9.200,8.400,8.000,9.200,9.200,9.400,9.400,9.400,9.500,9.500,10.100
14,2022,490,1505,SE,56008050,5600,8050,Sweden,Evidensia Smådjurskliniken Jön,Evidensia Smådjurskl,Vets,Small animal,Sweden,Sweden,Vet FTE,BDQTY,2022,8.600,8.600,8.600,9.100,9.100,9.100,9.100,9.100,9.100,9.100,9.100,9.100
14,2022,490,1506,SE,56008051,5600,8051,Sweden,Djursjukhuset Analysen Örebro,Djursjukhuset Analys,Vets,Small animal,Sweden,Sweden,Locum Vet FTE,AQ,2022,0.000,0.000,0.040,0.000,0.000,0.000,0.120,0.000,0.000,0.000,0.000,0.000
14,2022,490,1506,SE,56008051,5600,8051,Sweden,Djursjukhuset Analysen Örebro,Djursjukhuset Analys,Vets,Small animal,Sweden,Sweden,Nurse FTE,AQ,2022,9.500,10.525,10.500,10.500,10.500,10.500,10.500,11.200,12.000,11.500,10.500,10.300
14,2022,490,1506,SE,56008051,5600,8051,Sweden,Djursjukhuset Analysen Örebro,Djursjukhuset Analys,Vets,Small animal,Sweden,Sweden,Nurse FTE,BDQTY,2022,6.430,6.430,6.430,7.180,7.180,7.180,7.780,7.780,7.980,7.980,7.980,7.980
14,2022,490,1506,SE,56008051,5600,8051,Sweden,Djursjukhuset Analysen Örebro,Djursjukhuset Analys,Vets,Small animal,Sweden,Sweden,Support FTE,AQ,2022,2.000,2.000,1.000,1.000,1.000,1.000,1.000,1.000,1.000,1.000,1.000,1.000
14,2022,490,1506,SE,56008051,5600,8051,Sweden,Djursjukhuset Analysen Örebro,Djursjukhuset Analys,Vets,Small animal,Sweden,Sweden,Support FTE,BDQTY,2022,1.000,1.000,1.000,1.000,1.000,1.000,1.000,1.000,1.000,1.000,1.000,1.000
14,2022,490,1506,SE,56008051,5600,8051,Sweden,Djursjukhuset Analysen Örebro,Djursjukhuset Analys,Vets,Small animal,Sweden,Sweden,Vet FTE,AQ,2022,4.100,3.800,4.000,4.000,4.000,4.000,5.000,5.400,6.400,6.400,6.100,5.600
14,2022,490,1506,SE,56008051,5600,8051,Sweden,Djursjukhuset Analysen Örebro,Djursjukhuset Analys,Vets,Small animal,Sweden,Sweden,Vet FTE,BDQTY,2022,4.600,4.600,4.600,3.800,3.800,4.800,4.800,4.800,4.800,4.800,4.800,4.800
14,2022,490,1507,SE,56008052,5600,8052,Sweden,Mälarhöjdens Veterinärpraktik,Mälarhöjdens Veterin,Vets,Small animal,Sweden,Sweden,Nurse FTE,AQ,2022,6.900,5.000,3.600,4.000,4.000,4.000,4.200,4.000,4.000,4.000,3.000,4.000
14,2022,490,1507,SE,56008052,5600,8052,Sweden,Mälarhöjdens Veterinärpraktik,Mälarhöjdens Veterin,Vets,Small animal,Sweden,Sweden,Nurse FTE,BDQTY,2022,4.000,4.000,4.000,4.000,4.000,4.000,4.000,4.000,4.000,4.000,4.000,4.000
14,2022,490,1507,SE,56008052,5600,8052,Sweden,Mälarhöjdens Veterinärpraktik,Mälarhöjdens Veterin,Vets,Small animal,Sweden,Sweden,Support FTE,AQ,2022,1.000,1.000,1.000,1.000,1.000,1.000,1.000,0.500,0.000,0.000,0.000,0.000
14,2022,490,1507,SE,56008052,5600,8052,Sweden,Mälarhöjdens Veterinärpraktik,Mälarhöjdens Veterin,Vets,Small animal,Sweden,Sweden,Support FTE,BDQTY,2022,1.000,1.000,1.000,1.000,1.000,1.000,1.000,1.000,1.000,1.000,1.000,1.000
14,2022,490,1507,SE,56008052,5600,8052,Sweden,Mälarhöjdens Veterinärpraktik,Mälarhöjdens Veterin,Vets,Small animal,Sweden,Sweden,Vet FTE,AQ,2022,1.800,1.800,4.400,4.800,5.100,5.100,6.600,6.200,5.300,5.100,1.800,2.000
14,2022,490,1507,SE,56008052,5600,8052,Sweden,Mälarhöjdens Veterinärpraktik,Mälarhöjdens Veterin,Vets,Small animal,Sweden,Sweden,Vet FTE,BDQTY,2022,5.450,5.450,5.450,5.450,5.450,5.450,5.450,5.450,5.250,5.250,5.250,5.250
14,2022,490,1518,SE,56008063,5600,8063,Sweden,Kullabygden,Kullabygden,Vets,Small animal,Sweden,Sweden,Locum Vet FTE,AQ,2022,0.000,0.040,0.030,0.000,0.000,0.000,0.070,0.000,0.000,0.000,0.000,0.000
14,2022,490,1518,SE,56008063,5600,8063,Sweden,Kullabygden,Kullabygden,Vets,Small animal,Sweden,Sweden,Nurse FTE,AQ,2022,3.300,3.300,3.300,3.300,3.300,3.300,3.300,3.300,3.800,3.300,3.100,3.100
14,2022,490,1518,SE,56008063,5600,8063,Sweden,Kullabygden,Kullabygden,Vets,Small animal,Sweden,Sweden,Nurse FTE,BDQTY,2022,3.300,3.300,3.300,3.300,3.300,3.300,3.300,3.300,3.300,3.300,3.300,3.300
14,2022,490,1518,SE,56008063,5600,8063,Sweden,Kullabygden,Kullabygden,Vets,Small animal,Sweden,Sweden,Support FTE,AQ,2022,3.700,3.700,2.700,2.700,2.700,2.700,2.700,2.700,2.700,2.700,2.700,2.700
14,2022,490,1518,SE,56008063,5600,8063,Sweden,Kullabygden,Kullabygden,Vets,Small animal,Sweden,Sweden,Support FTE,BDQTY,2022,2.700,2.700,2.700,2.700,2.700,2.700,2.700,2.700,2.700,2.700,2.700,2.700
14,2022,490,1518,SE,56008063,5600,8063,Sweden,Kullabygden,Kullabygden,Vets,Small animal,Sweden,Sweden,Vet FTE,AQ,2022,2.400,2.400,3.200,3.200,4.000,4.000,4.000,4.200,4.800,4.600,3.400,2.700
14,2022,490,1518,SE,56008063,5600,8063,Sweden,Kullabygden,Kullabygden,Vets,Small animal,Sweden,Sweden,Vet FTE,BDQTY,2022,4.400,4.400,4.400,4.400,4.400,4.400,4.400,4.400,4.400,4.400,4.400,4.400
14,2022,490,1520,SE,56008065,5600,8065,Sweden,Södra Berget Veterinärpraktik,Södra Berget Veterin,Vets,Small animal,Sweden,Sweden,Locum Vet FTE,AQ,2022,0.300,0.340,0.370,0.510,0.230,0.420,0.230,0.520,0.690,0.070,0.440,0.260
14,2022,490,1520,SE,56008065,5600,8065,Sweden,Södra Berget Veterinärpraktik,Södra Berget Veterin,Vets,Small animal,Sweden,Sweden,Nurse FTE,AQ,2022,17.000,23.800,20.000,20.000,19.300,19.300,18.600,19.200,20.800,21.200,21.400,20.500
14,2022,490,1520,SE,56008065,5600,8065,Sweden,Södra Berget Veterinärpraktik,Södra Berget Veterin,Vets,Small animal,Sweden,Sweden,Nurse FTE,BDQTY,2022,18.240,19.240,19.240,19.240,19.540,19.540,19.540,19.540,19.540,19.540,19.540,19.540
14,2022,490,1520,SE,56008065,5600,8065,Sweden,Södra Berget Veterinärpraktik,Södra Berget Veterin,Vets,Small animal,Sweden,Sweden,Support FTE,AQ,2022,6.900,6.900,7.900,7.900,7.900,7.900,6.900,7.700,7.900,7.900,7.900,7.900
14,2022,490,1520,SE,56008065,5600,8065,Sweden,Södra Berget Veterinärpraktik,Södra Berget Veterin,Vets,Small animal,Sweden,Sweden,Support FTE,BDQTY,2022,8.940,8.940,8.940,8.440,8.440,8.440,8.440,8.440,8.440,8.940,8.940,8.940
14,2022,490,1520,SE,56008065,5600,8065,Sweden,Södra Berget Veterinärpraktik,Södra Berget Veterin,Vets,Small animal,Sweden,Sweden,Vet FTE,AQ,2022,8.200,9.600,11.400,11.400,11.800,11.800,10.900,10.800,11.300,12.500,11.700,10.500
14,2022,490,1520,SE,56008065,5600,8065,Sweden,Södra Berget Veterinärpraktik,Södra Berget Veterin,Vets,Small animal,Sweden,Sweden,Vet FTE,BDQTY,2022,9.700,10.700,10.700,11.500,11.500,11.500,11.400,11.400,11.400,11.400,11.400,11.400
14,2022,490,1521,SE,56008066,5600,8066,Sweden,Veterinärkliniken Malmö Eviden,Oresund Malmo Veter,Vets,Small animal,Sweden,Sweden,Locum Vet FTE,AQ,2022,0.000,0.000,0.000,0.500,0.420,0.370,0.000,0.220,0.330,0.560,0.000,0.690
14,2022,490,1521,SE,56008066,5600,8066,Sweden,Veterinärkliniken Malmö Eviden,Oresund Malmo Veter,Vets,Small animal,Sweden,Sweden,Nurse FTE,AQ,2022,5.700,6.200,5.700,5.700,5.000,5.000,4.200,4.200,4.800,5.200,4.400,4.600
14,2022,490,1521,SE,56008066,5600,8066,Sweden,Veterinärkliniken Malmö Eviden,Oresund Malmo Veter,Vets,Small animal,Sweden,Sweden,Nurse FTE,BDQTY,2022,3.800,3.800,3.800,3.900,3.900,3.900,3.900,4.000,4.000,4.000,4.000,4.000
14,2022,490,1521,SE,56008066,5600,8066,Sweden,Veterinärkliniken Malmö Eviden,Oresund Malmo Veter,Vets,Small animal,Sweden,Sweden,Support FTE,AQ,2022,3.500,3.500,2.000,1.000,1.000,1.000,1.200,1.200,1.200,1.600,1.200,1.800
14,2022,490,1521,SE,56008066,5600,8066,Sweden,Veterinärkliniken Malmö Eviden,Oresund Malmo Veter,Vets,Small animal,Sweden,Sweden,Support FTE,BDQTY,2022,2.750,2.750,2.750,2.750,2.750,2.750,2.750,2.750,2.750,2.750,2.750,2.750
14,2022,490,1521,SE,56008066,5600,8066,Sweden,Veterinärkliniken Malmö Eviden,Oresund Malmo Veter,Vets,Small animal,Sweden,Sweden,Vet FTE,AQ,2022,1.500,1.500,3.200,3.200,3.200,3.200,2.900,2.400,2.400,2.400,2.400,3.400
14,2022,490,1521,SE,56008066,5600,8066,Sweden,Veterinärkliniken Malmö Eviden,Oresund Malmo Veter,Vets,Small animal,Sweden,Sweden,Vet FTE,BDQTY,2022,3.000,3.000,3.000,3.000,3.000,3.000,3.000,3.000,3.000,3.000,3.000,3.000
14,2022,490,1522,SE,56008067,5600,8067,Sweden,Veterinärkliniken Limhamn Evid,Limhamn Veterinarpra,Vets,Small animal,Sweden,Sweden,Nurse FTE,AQ,2022,8.800,8.700,7.700,7.700,7.700,7.700,7.700,7.700,8.000,7.600,7.600,7.600
14,2022,490,1522,SE,56008067,5600,8067,Sweden,Veterinärkliniken Limhamn Evid,Limhamn Veterinarpra,Vets,Small animal,Sweden,Sweden,Nurse FTE,BDQTY,2022,5.900,5.900,5.000,5.000,5.000,5.000,5.000,5.000,5.000,5.000,5.000,5.000
14,2022,490,1522,SE,56008067,5600,8067,Sweden,Veterinärkliniken Limhamn Evid,Limhamn Veterinarpra,Vets,Small animal,Sweden,Sweden,Support FTE,AQ,2022,1.800,1.800,2.300,2.300,2.300,2.300,2.300,2.300,2.300,2.300,2.300,2.300
14,2022,490,1522,SE,56008067,5600,8067,Sweden,Veterinärkliniken Limhamn Evid,Limhamn Veterinarpra,Vets,Small animal,Sweden,Sweden,Support FTE,BDQTY,2022,1.750,1.750,1.750,1.750,1.750,1.750,1.750,1.750,1.750,1.750,1.750,1.750
14,2022,490,1522,SE,56008067,5600,8067,Sweden,Veterinärkliniken Limhamn Evid,Limhamn Veterinarpra,Vets,Small animal,Sweden,Sweden,Vet FTE,AQ,2022,3.800,3.800,4.800,4.300,5.300,5.300,5.000,5.000,5.000,5.000,4.000,3.800
14,2022,490,1522,SE,56008067,5600,8067,Sweden,Veterinärkliniken Limhamn Evid,Limhamn Veterinarpra,Vets,Small animal,Sweden,Sweden,Vet FTE,BDQTY,2022,3.000,3.000,3.000,3.500,3.500,3.500,3.500,3.500,3.750,3.750,3.750,3.750
14,2022,490,1523,SE,56008068,5600,8068,Sweden,Visby Veterinärpraktik,Visby Veterinarprakt,Vets,Small animal,Sweden,Sweden,Locum Vet FTE,AQ,2022,0.000,0.000,0.000,0.000,0.000,0.000,0.060,-0.300,0.000,0.330,0.000,0.000
14,2022,490,1523,SE,56008068,5600,8068,Sweden,Visby Veterinärpraktik,Visby Veterinarprakt,Vets,Small animal,Sweden,Sweden,Nurse FTE,AQ,2022,6.500,6.300,4.300,3.100,2.100,2.100,2.900,3.200,4.300,6.000,6.000,4.000
14,2022,490,1523,SE,56008068,5600,8068,Sweden,Visby Veterinärpraktik,Visby Veterinarprakt,Vets,Small animal,Sweden,Sweden,Nurse FTE,BDQTY,2022,6.350,6.350,6.350,6.350,6.350,6.350,6.350,6.350,6.350,6.350,6.350,6.350
14,2022,490,1523,SE,56008068,5600,8068,Sweden,Visby Veterinärpraktik,Visby Veterinarprakt,Vets,Small animal,Sweden,Sweden,Support FTE,AQ,2022,0.000,0.000,1.000,1.000,1.000,1.000,1.000,1.000,1.000,1.000,1.000,1.000
14,2022,490,1523,SE,56008068,5600,8068,Sweden,Visby Veterinärpraktik,Visby Veterinarprakt,Vets,Small animal,Sweden,Sweden,Vet FTE,AQ,2022,2.600,2.600,3.600,3.400,3.400,3.400,3.400,3.400,4.400,4.000,4.000,2.600
14,2022,490,1523,SE,56008068,5600,8068,Sweden,Visby Veterinärpraktik,Visby Veterinarprakt,Vets,Small animal,Sweden,Sweden,Vet FTE,BDQTY,2022,3.600,3.600,3.600,3.600,3.600,3.600,3.600,3.600,3.600,3.600,3.600,3.600
14,2022,490,1524,SE,56008069,5600,8069,Sweden,Hemse Veterinärpraktik,Hemse Veterinarprakt,Vets,Small animal,Sweden,Sweden,Support FTE,AQ,2022,0.000,1.000,0.000,0.000,0.000,0.000,0.000,0.000,0.000,0.000,0.000,0.000
14,2022,490,1526,SE,56008072,5600,8072,Sweden,Veterinärhuset Lidköping,Lidkoping,Vets,Small animal,Sweden,Sweden,Locum Vet FTE,AQ,2022,0.000,0.000,0.000,0.140,0.000,0.000,0.000,0.000,0.000,0.000,0.140,0.000
14,2022,490,1526,SE,56008072,5600,8072,Sweden,Veterinärhuset Lidköping,Lidkoping,Vets,Small animal,Sweden,Sweden,Nurse FTE,AQ,2022,0.000,7.200,7.200,7.400,7.400,7.400,6.200,6.200,6.700,7.200,7.000,7.400
14,2022,490,1526,SE,56008072,5600,8072,Sweden,Veterinärhuset Lidköping,Lidkoping,Vets,Small animal,Sweden,Sweden,Nurse FTE,BDQTY,2022,4.000,4.000,4.000,4.000,4.000,4.000,4.800,4.800,5.200,5.200,5.200,5.200
14,2022,490,1526,SE,56008072,5600,8072,Sweden,Veterinärhuset Lidköping,Lidkoping,Vets,Small animal,Sweden,Sweden,Support FTE,AQ,2022,0.000,1.000,1.000,1.000,1.000,1.000,1.000,1.000,1.000,1.000,1.000,1.000
14,2022,490,1526,SE,56008072,5600,8072,Sweden,Veterinärhuset Lidköping,Lidkoping,Vets,Small animal,Sweden,Sweden,Support FTE,BDQTY,2022,1.000,1.000,1.000,1.000,1.000,1.000,1.000,1.000,1.000,1.000,1.000,1.000
14,2022,490,1526,SE,56008072,5600,8072,Sweden,Veterinärhuset Lidköping,Lidkoping,Vets,Small animal,Sweden,Sweden,Vet FTE,AQ,2022,0.000,3.300,3.300,3.300,3.700,3.700,4.100,4.100,4.100,4.100,4.100,4.100
14,2022,490,1526,SE,56008072,5600,8072,Sweden,Veterinärhuset Lidköping,Lidkoping,Vets,Small animal,Sweden,Sweden,Vet FTE,BDQTY,2022,2.850,2.850,2.850,2.850,2.850,2.850,2.850,2.850,2.850,2.850,2.850,2.850
14,2022,490,1527,SE,56008073,5600,8073,Sweden,Ugglarp Gard Hast,Ugglarp Gard Hast,Vets,Equine,Sweden,Sweden,Locum Vet FTE,AQ,2022,0.240,0.250,0.140,0.500,0.130,0.180,0.140,0.290,0.260,0.180,0.230,0.310
14,2022,490,1527,SE,56008073,5600,8073,Sweden,Ugglarp Gard Hast,Ugglarp Gard Hast,Vets,Equine,Sweden,Sweden,Nurse FTE,AQ,2022,0.000,3.500,3.500,3.500,3.500,3.500,3.500,2.800,3.200,3.600,3.600,3.600
14,2022,490,1527,SE,56008073,5600,8073,Sweden,Ugglarp Gard Hast,Ugglarp Gard Hast,Vets,Equine,Sweden,Sweden,Nurse FTE,BDQTY,2022,3.250,3.250,3.250,3.250,3.250,3.250,3.250,3.250,3.250,3.250,3.250,3.250
14,2022,490,1527,SE,56008073,5600,8073,Sweden,Ugglarp Gard Hast,Ugglarp Gard Hast,Vets,Equine,Sweden,Sweden,Vet FTE,AQ,2022,0.000,2.000,2.800,2.800,2.900,2.900,2.000,2.000,2.000,2.000,2.000,2.000
14,2022,490,1527,SE,56008073,5600,8073,Sweden,Ugglarp Gard Hast,Ugglarp Gard Hast,Vets,Equine,Sweden,Sweden,Vet FTE,BDQTY,2022,3.000,3.000,3.000,3.000,3.000,3.000,3.000,3.000,3.000,3.000,3.000,3.000
14,2022,490,1528,SE,56008074,5600,8074,Sweden,Ugglarp Gard Smadjur,Ugglarp Gard Hast,Vets,Small animal,Sweden,Sweden,Nurse FTE,AQ,2022,0.000,3.600,5.200,5.600,6.100,6.100,7.500,7.600,11.200,10.700,8.500,6.000
14,2022,490,1528,SE,56008074,5600,8074,Sweden,Ugglarp Gard Smadjur,Ugglarp Gard Hast,Vets,Small animal,Sweden,Sweden,Nurse FTE,BDQTY,2022,5.000,5.000,5.000,5.000,5.000,5.000,5.000,5.750,5.750,5.750,5.750,5.000
14,2022,490,1528,SE,56008074,5600,8074,Sweden,Ugglarp Gard Smadjur,Ugglarp Gard Hast,Vets,Small animal,Sweden,Sweden,Support FTE,AQ,2022,0.000,1.000,1.400,1.400,1.400,1.400,1.400,1.400,1.400,1.400,1.400,1.400
14,2022,490,1528,SE,56008074,5600,8074,Sweden,Ugglarp Gard Smadjur,Ugglarp Gard Hast,Vets,Small animal,Sweden,Sweden,Support FTE,BDQTY,2022,1.000,1.000,1.000,1.000,1.000,1.000,1.000,1.000,1.000,1.000,1.000,1.000
14,2022,490,1528,SE,56008074,5600,8074,Sweden,Ugglarp Gard Smadjur,Ugglarp Gard Hast,Vets,Small animal,Sweden,Sweden,Vet FTE,AQ,2022,0.700,1.500,2.700,3.300,3.300,3.300,4.100,4.100,4.100,4.100,4.100,4.100
14,2022,490,1528,SE,56008074,5600,8074,Sweden,Ugglarp Gard Smadjur,Ugglarp Gard Hast,Vets,Small animal,Sweden,Sweden,Vet FTE,BDQTY,2022,4.100,3.500,3.500,3.500,3.500,3.500,3.500,3.500,3.500,3.500,3.500,3.500
14,2022,490,1529,SE,56008075,5600,8075,Sweden,On-line Vet,On-line Vet,Vets,Small animal,Sweden,Sweden,Locum Vet FTE,AQ,2022,0.000,0.000,0.000,0.000,0.000,0.000,0.000,0.000,0.000,0.000,0.000,0.120
14,2022,490,1529,SE,56008075,5600,8075,Sweden,On-line Vet,On-line Vet,Vets,Small animal,Sweden,Sweden,Support FTE,AQ,2022,0.000,0.000,1.000,1.200,1.200,1.200,1.200,2.000,2.000,2.000,2.000,2.000
14,2022,490,1529,SE,56008075,5600,8075,Sweden,On-line Vet,On-line Vet,Vets,Small animal,Sweden,Sweden,Support FTE,BDQTY,2022,1.000,1.000,1.000,1.000,1.000,1.000,1.000,1.000,1.000,1.000,1.000,1.000
14,2022,490,1529,SE,56008075,5600,8075,Sweden,On-line Vet,On-line Vet,Vets,Small animal,Sweden,Sweden,Vet FTE,AQ,2022,0.000,0.000,2.400,2.400,2.900,2.900,2.900,2.900,2.900,2.900,2.100,1.900
14,2022,490,1529,SE,56008075,5600,8075,Sweden,On-line Vet,On-line Vet,Vets,Small animal,Sweden,Sweden,Vet FTE,BDQTY,2022,4.670,4.370,4.370,4.370,4.370,4.370,4.370,4.370,4.370,4.370,4.370,4.370
14,2022,490,1531,SE,56008077,5600,8077,Sweden,Ecommerce,Ecommerce,E-commerce / pharmacy,E-commerce / pharmacy,Sweden,Sweden,Support FTE,AQ,2022,0.000,0.000,0.000,0.000,3.000,3.000,3.000,3.000,3.000,3.000,3.000,3.000
14,2022,490,1532,SE,56008078,5600,8078,Sweden,Viken Smådjursklinik Evidensia,Viken Smådjursklinik,Vets,Small animal,Sweden,Sweden,Nurse FTE,BDQTY,2022,1.000,1.000,1.000,1.000,1.000,1.000,1.000,1.000,1.000,1.000,1.000,1.000
14,2022,490,1532,SE,56008078,5600,8078,Sweden,Viken Smådjursklinik Evidensia,Viken Smådjursklinik,Vets,Small animal,Sweden,Sweden,Vet FTE,BDQTY,2022,0.700,0.700,0.700,0.700,0.700,0.700,0.700,0.700,0.700,0.700,0.700,0.700
14,2022,490,1534,SE,56008080,5600,8080,Sweden,Lunds Djursjukhus,Lunds Djursjukhus AB,Vets,Small animal,Sweden,Sweden,Locum Vet FTE,AQ,2022,0.410,0.360,0.420,0.080,0.320,0.260,0.400,0.240,0.520,0.220,0.240,0.390
14,2022,490,1534,SE,56008080,5600,8080,Sweden,Lunds Djursjukhus,Lunds Djursjukhus AB,Vets,Small animal,Sweden,Sweden,Nurse FTE,AQ,2022,0.000,27.200,23.000,22.400,25.300,25.300,25.800,26.200,28.700,28.400,26.100,23.900
14,2022,490,1534,SE,56008080,5600,8080,Sweden,Lunds Djursjukhus,Lunds Djursjukhus AB,Vets,Small animal,Sweden,Sweden,Nurse FTE,BDQTY,2022,24.300,24.100,24.350,24.300,24.300,24.300,24.800,25.300,25.300,25.300,25.300,25.300
14,2022,490,1534,SE,56008080,5600,8080,Sweden,Lunds Djursjukhus,Lunds Djursjukhus AB,Vets,Small animal,Sweden,Sweden,Support FTE,AQ,2022,0.000,6.000,10.600,12.600,11.600,11.600,11.600,11.600,11.600,11.600,11.000,10.600
14,2022,490,1534,SE,56008080,5600,8080,Sweden,Lunds Djursjukhus,Lunds Djursjukhus AB,Vets,Small animal,Sweden,Sweden,Support FTE,BDQTY,2022,8.690,8.690,8.690,8.690,8.690,8.690,8.690,8.690,8.690,8.690,8.690,8.690
14,2022,490,1534,SE,56008080,5600,8080,Sweden,Lunds Djursjukhus,Lunds Djursjukhus AB,Vets,Small animal,Sweden,Sweden,Vet FTE,AQ,2022,0.200,11.500,15.500,14.900,16.400,16.400,15.400,14.400,14.500,16.100,17.400,17.800
14,2022,490,1534,SE,56008080,5600,8080,Sweden,Lunds Djursjukhus,Lunds Djursjukhus AB,Vets,Small animal,Sweden,Sweden,Vet FTE,BDQTY,2022,13.650,13.650,13.650,15.050,15.050,15.050,15.050,15.800,15.800,15.800,15.800,16.600
14,2022,490,1535,SE,56008081,5600,8081,Sweden,Kristinehamn Smadjursklinik,Djurkliniken Karlsko,Vets,Small animal,Sweden,Sweden,Nurse FTE,BDQTY,2022,1.800,1.800,1.800,1.800,1.800,1.800,1.800,1.800,1.800,1.800,1.800,1.800
14,2022,490,1535,SE,56008081,5600,8081,Sweden,Kristinehamn Smadjursklinik,Djurkliniken Karlsko,Vets,Small animal,Sweden,Sweden,Vet FTE,BDQTY,2022,0.000,0.000,0.000,0.000,0.000,0.000,0.000,0.000,0.000,0.000,0.000,0.000
14,2022,490,1536,SE,56008082,5600,8082,Sweden,Ulvsby Smådjursklinik AB,Ulvsby Smådjursklini,Vets,Small animal,Sweden,Sweden,Nurse FTE,AQ,2022,0.000,0.000,0.000,0.000,0.000,0.000,0.000,10.800,10.800,10.800,10.500,7.400
14,2022,490,1536,SE,56008082,5600,8082,Sweden,Ulvsby Smådjursklinik AB,Ulvsby Smådjursklini,Vets,Small animal,Sweden,Sweden,Nurse FTE,BDQTY,2022,7.700,7.700,7.700,7.700,7.700,7.700,7.700,7.600,8.600,8.600,8.600,8.600
14,2022,490,1536,SE,56008082,5600,8082,Sweden,Ulvsby Smådjursklinik AB,Ulvsby Smådjursklini,Vets,Small animal,Sweden,Sweden,Support FTE,AQ,2022,0.000,0.000,0.000,0.000,0.000,0.000,0.000,0.000,0.000,0.000,0.000,2.000
14,2022,490,1536,SE,56008082,5600,8082,Sweden,Ulvsby Smådjursklinik AB,Ulvsby Smådjursklini,Vets,Small animal,Sweden,Sweden,Support FTE,BDQTY,2022,2.900,2.900,2.900,2.900,2.900,2.900,2.900,2.900,1.900,1.900,1.900,1.900
14,2022,490,1536,SE,56008082,5600,8082,Sweden,Ulvsby Smådjursklinik AB,Ulvsby Smådjursklini,Vets,Small animal,Sweden,Sweden,Vet FTE,AQ,2022,0.000,0.000,0.000,0.000,0.000,0.000,0.000,4.300,4.300,4.300,4.600,4.600
14,2022,490,1536,SE,56008082,5600,8082,Sweden,Ulvsby Smådjursklinik AB,Ulvsby Smådjursklini,Vets,Small animal,Sweden,Sweden,Vet FTE,BDQTY,2022,5.000,5.000,5.000,4.800,4.800,4.800,4.800,4.800,4.800,4.800,4.800,4.800
14,2022,490,32634,SE,56008084,5600,8084,Sweden,HO,Lidingö,HO,HO,Sweden,Sweden,Locum Vet FTE,AQ,2022,0.090,0.360,0.450,0.000,0.000,0.330,0.530,0.240,0.370,0.720,0.000,0.390
14,2022,490,32634,SE,56008084,5600,8084,Sweden,HO,Lidingö,HO,HO,Sweden,Sweden,Nurse FTE,AQ,2022,0.500,4.800,5.900,5.500,5.300,5.300,5.900,5.600,6.900,7.000,7.100,6.200
14,2022,490,32634,SE,56008084,5600,8084,Sweden,HO,Lidingö,HO,HO,Sweden,Sweden,Nurse FTE,BDQTY,2022,6.350,6.350,6.350,6.350,6.350,6.350,6.350,6.350,6.350,6.350,6.350,5.750
14,2022,490,32634,SE,56008084,5600,8084,Sweden,HO,Lidingö,HO,HO,Sweden,Sweden,Support FTE,AQ,2022,0.000,0.000,1.000,1.000,1.000,1.000,1.000,1.000,1.000,1.000,1.000,1.000
14,2022,490,32634,SE,56008084,5600,8084,Sweden,HO,Lidingö,HO,HO,Sweden,Sweden,Support FTE,BDQTY,2022,1.000,1.000,1.000,1.000,1.000,1.000,1.000,1.000,1.000,1.000,1.000,1.000
14,2022,490,32634,SE,56008084,5600,8084,Sweden,HO,Lidingö,HO,HO,Sweden,Sweden,Vet FTE,AQ,2022,0.000,1.800,3.800,3.600,2.800,2.800,2.800,2.800,2.800,2.800,2.800,2.800
14,2022,490,32634,SE,56008084,5600,8084,Sweden,HO,Lidingö,HO,HO,Sweden,Sweden,Vet FTE,BDQTY,2022,3.800,3.800,3.800,3.800,3.800,3.800,3.800,3.800,3.800,3.800,4.800,4.800
14,2022,490,37739,SE,56008086,5600,8086,Sweden,NA,Vasastans Veterinärk,NA,NA,NA,NA,Locum Vet FTE,AQ,2022,0.000,0.000,0.000,0.000,0.000,0.000,0.000,0.000,0.000,0.000,0.000,0.050
14,2022,490,37739,SE,56008086,5600,8086,Sweden,NA,Vasastans Veterinärk,NA,NA,NA,NA,Nurse FTE,AQ,2022,1.800,3.800,4.900,4.900,4.900,4.900,4.900,4.900,5.500,5.900,5.100,4.900
14,2022,490,37739,SE,56008086,5600,8086,Sweden,NA,Vasastans Veterinärk,NA,NA,NA,NA,Nurse FTE,BDQTY,2022,5.880,5.880,5.880,5.880,5.880,5.880,5.880,5.880,5.880,5.880,5.880,5.880
14,2022,490,37739,SE,56008086,5600,8086,Sweden,NA,Vasastans Veterinärk,NA,NA,NA,NA,Support FTE,AQ,2022,0.000,2.000,3.000,3.000,3.000,3.000,2.800,2.800,2.900,3.000,3.000,3.000
14,2022,490,37739,SE,56008086,5600,8086,Sweden,NA,Vasastans Veterinärk,NA,NA,NA,NA,Support FTE,BDQTY,2022,1.000,1.000,1.000,1.000,1.000,1.000,1.000,1.000,1.000,1.000,1.000,1.000
14,2022,490,37739,SE,56008086,5600,8086,Sweden,NA,Vasastans Veterinärk,NA,NA,NA,NA,Vet FTE,AQ,2022,1.000,1.400,2.300,2.300,3.100,3.100,3.100,3.100,3.900,3.600,3.200,2.200
14,2022,490,37739,SE,56008086,5600,8086,Sweden,NA,Vasastans Veterinärk,NA,NA,NA,NA,Vet FTE,BDQTY,2022,4.200,4.200,4.200,4.200,4.200,4.200,4.200,4.200,4.200,4.200,4.200,4.200
14,2022,490,37740,SE,56008089,5600,8089,Sweden,NA,Sävedalen,NA,NA,NA,NA,Nurse FTE,AQ,2022,0.800,4.200,4.200,4.200,4.200,4.200,5.400,5.400,5.400,5.400,5.900,6.500
14,2022,490,37740,SE,56008089,5600,8089,Sweden,NA,Sävedalen,NA,NA,NA,NA,Nurse FTE,BDQTY,2022,3.100,3.100,3.100,3.100,3.100,3.100,3.900,3.900,3.900,3.900,3.900,3.900
14,2022,490,37740,SE,56008089,5600,8089,Sweden,NA,Sävedalen,NA,NA,NA,NA,Support FTE,AQ,2022,0.000,0.600,0.700,0.700,0.700,0.700,0.700,0.700,0.800,0.800,0.800,0.800
14,2022,490,37740,SE,56008089,5600,8089,Sweden,NA,Sävedalen,NA,NA,NA,NA,Vet FTE,AQ,2022,1.000,2.200,3.600,3.600,3.600,3.600,3.600,3.600,3.600,3.600,3.600,4.600
14,2022,490,37740,SE,56008089,5600,8089,Sweden,NA,Sävedalen,NA,NA,NA,NA,Vet FTE,BDQTY,2022,3.000,3.000,3.800,3.800,3.800,3.800,3.800,3.800,3.800,3.800,3.800,3.800
14,2022,490,38671,SE,56008090,5600,8090,Sweden,NA,Åmål,NA,NA,NA,NA,Nurse FTE,AQ,2022,0.000,0.000,0.000,0.000,0.000,0.000,0.000,7.600,7.000,9.600,9.000,8.400
14,2022,490,38671,SE,56008090,5600,8090,Sweden,NA,Åmål,NA,NA,NA,NA,Nurse FTE,BDQTY,2022,5.300,5.300,5.300,5.300,5.300,5.300,5.300,5.300,5.300,5.300,5.300,5.300
14,2022,490,38671,SE,56008090,5600,8090,Sweden,NA,Åmål,NA,NA,NA,NA,Support FTE,AQ,2022,0.000,0.000,0.000,0.000,0.000,0.000,0.000,0.900,0.900,0.400,0.900,0.400
14,2022,490,38671,SE,56008090,5600,8090,Sweden,NA,Åmål,NA,NA,NA,NA,Support FTE,BDQTY,2022,0.380,0.380,0.380,0.380,0.380,0.380,0.380,0.380,0.380,0.380,0.380,0.380
14,2022,490,38671,SE,56008090,5600,8090,Sweden,NA,Åmål,NA,NA,NA,NA,Vet FTE,AQ,2022,0.000,0.000,0.000,0.000,0.000,0.000,0.000,4.600,4.600,4.600,4.600,4.600
14,2022,490,38671,SE,56008090,5600,8090,Sweden,NA,Åmål,NA,NA,NA,NA,Vet FTE,BDQTY,2022,4.300,4.300,4.300,4.300,4.300,4.300,4.300,4.300,4.300,4.300,4.300,4.300
14,2022,490,37937,SE,56008092,5600,8092,Sweden,NA,Göteborgs Djursjukhu,NA,NA,NA,NA,Nurse FTE,AQ,2022,0.000,0.000,2.000,2.000,2.000,2.000,2.000,2.000,1.600,2.900,2.900,3.200
14,2022,490,37937,SE,56008092,5600,8092,Sweden,NA,Göteborgs Djursjukhu,NA,NA,NA,NA,Nurse FTE,BDQTY,2022,2.000,2.000,2.000,2.000,2.000,2.000,2.000,2.000,2.000,2.000,2.000,2.000
14,2022,490,37937,SE,56008092,5600,8092,Sweden,NA,Göteborgs Djursjukhu,NA,NA,NA,NA,Support FTE,AQ,2022,0.000,0.000,0.000,0.000,0.000,0.000,0.000,0.000,0.800,1.000,1.300,2.000
14,2022,490,37937,SE,56008092,5600,8092,Sweden,NA,Göteborgs Djursjukhu,NA,NA,NA,NA,Support FTE,BDQTY,2022,1.000,1.000,1.000,1.000,1.000,1.000,1.000,1.000,1.000,1.000,1.000,1.000
14,2022,490,37937,SE,56008092,5600,8092,Sweden,NA,Göteborgs Djursjukhu,NA,NA,NA,NA,Vet FTE,AQ,2022,0.000,0.000,1.000,1.000,1.000,1.000,1.000,1.000,1.000,1.000,1.000,0.700
14,2022,490,37937,SE,56008092,5600,8092,Sweden,NA,Göteborgs Djursjukhu,NA,NA,NA,NA,Vet FTE,BDQTY,2022,2.000,2.000,2.000,2.000,2.000,2.000,2.000,2.000,2.000,2.000,2.000,2.000
14,2022,490,38672,SE,56008093,5600,8093,Sweden,NA,Skånes Mitt,NA,NA,NA,NA,Locum Vet FTE,AQ,2022,0.000,0.000,0.000,0.000,0.000,0.000,0.000,0.000,0.320,0.030,0.110,0.250
14,2022,490,38672,SE,56008093,5600,8093,Sweden,NA,Skånes Mitt,NA,NA,NA,NA,Nurse FTE,AQ,2022,0.000,0.000,0.000,0.000,0.000,0.000,0.000,5.200,5.200,6.000,5.300,5.100
14,2022,490,38672,SE,56008093,5600,8093,Sweden,NA,Skånes Mitt,NA,NA,NA,NA,Nurse FTE,BDQTY,2022,3.700,3.700,3.700,3.700,3.700,3.700,3.700,3.700,3.700,4.200,4.200,3.700
14,2022,490,38672,SE,56008093,5600,8093,Sweden,NA,Skånes Mitt,NA,NA,NA,NA,Support FTE,AQ,2022,0.000,0.000,0.000,0.000,0.000,0.000,0.000,3.100,4.100,4.500,3.900,3.800
14,2022,490,38672,SE,56008093,5600,8093,Sweden,NA,Skånes Mitt,NA,NA,NA,NA,Support FTE,BDQTY,2022,1.000,1.000,1.000,1.000,1.000,1.000,1.000,1.000,1.000,1.000,1.000,1.000
14,2022,490,38672,SE,56008093,5600,8093,Sweden,NA,Skånes Mitt,NA,NA,NA,NA,Vet FTE,AQ,2022,0.000,0.000,0.000,0.000,0.000,0.000,0.000,1.700,2.700,2.700,2.700,2.700
14,2022,490,38672,SE,56008093,5600,8093,Sweden,NA,Skånes Mitt,NA,NA,NA,NA,Vet FTE,BDQTY,2022,4.350,4.350,4.350,4.350,4.350,4.350,4.350,4.350,4.350,4.350,4.350,4.350
14,2022,490,38509,SE,56008094,5600,8094,Sweden,NA,Solsidan,NA,NA,NA,NA,Nurse FTE,AQ,2022,0.000,0.000,0.000,0.000,0.000,0.000,0.000,3.600,3.600,3.600,3.600,4.500
14,2022,490,38509,SE,56008094,5600,8094,Sweden,NA,Solsidan,NA,NA,NA,NA,Nurse FTE,BDQTY,2022,3.080,3.080,3.080,3.080,3.080,3.080,3.080,3.080,3.080,3.080,3.080,3.080
14,2022,490,38509,SE,56008094,5600,8094,Sweden,NA,Solsidan,NA,NA,NA,NA,Support FTE,AQ,2022,0.000,0.000,0.000,0.000,0.000,0.000,0.000,0.000,0.000,0.000,0.000,0.900
14,2022,490,38509,SE,56008094,5600,8094,Sweden,NA,Solsidan,NA,NA,NA,NA,Support FTE,BDQTY,2022,1.250,1.250,1.250,1.250,1.250,1.250,1.250,1.250,1.250,1.250,1.250,1.250
14,2022,490,38509,SE,56008094,5600,8094,Sweden,NA,Solsidan,NA,NA,NA,NA,Vet FTE,AQ,2022,0.000,0.000,0.000,0.000,0.000,0.000,0.000,2.500,2.700,1.800,1.800,1.600
14,2022,490,38509,SE,56008094,5600,8094,Sweden,NA,Solsidan,NA,NA,NA,NA,Vet FTE,BDQTY,2022,2.900,3.100,3.100,3.400,3.400,3.400,3.400,3.400,3.400,3.400,3.400,3.400
14,2022,490,38673,SE,56008095,5600,8095,Sweden,NA,Tyresö Djurklinik AB,NA,NA,NA,NA,Locum Vet FTE,AQ,2022,0.000,0.000,0.000,0.000,0.000,0.000,0.000,0.990,0.540,0.570,2.240,0.660
14,2022,490,38673,SE,56008095,5600,8095,Sweden,NA,Tyresö Djurklinik AB,NA,NA,NA,NA,Nurse FTE,AQ,2022,0.000,0.000,0.000,0.000,0.000,0.000,0.000,3.700,3.700,3.700,3.700,3.700
14,2022,490,38673,SE,56008095,5600,8095,Sweden,NA,Tyresö Djurklinik AB,NA,NA,NA,NA,Nurse FTE,BDQTY,2022,5.600,5.600,5.600,5.600,5.600,5.600,5.600,5.600,5.600,5.600,5.600,5.600
14,2022,490,38673,SE,56008095,5600,8095,Sweden,NA,Tyresö Djurklinik AB,NA,NA,NA,NA,Support FTE,AQ,2022,0.000,0.000,0.000,0.000,0.000,0.000,0.000,4.000,4.000,4.000,4.000,4.000
14,2022,490,38673,SE,56008095,5600,8095,Sweden,NA,Tyresö Djurklinik AB,NA,NA,NA,NA,Support FTE,BDQTY,2022,2.900,2.900,2.900,2.900,2.900,2.900,2.900,2.900,2.900,2.900,2.900,2.900
14,2022,490,38673,SE,56008095,5600,8095,Sweden,NA,Tyresö Djurklinik AB,NA,NA,NA,NA,Vet FTE,AQ,2022,0.000,0.000,0.000,0.000,0.000,0.000,0.000,1.800,1.800,2.400,2.800,2.800
14,2022,490,38673,SE,56008095,5600,8095,Sweden,NA,Tyresö Djurklinik AB,NA,NA,NA,NA,Vet FTE,BDQTY,2022,2.980,2.980,2.980,2.980,2.980,2.980,2.980,2.980,2.980,2.980,2.980,2.980
14,2022,490,1541,SE,56009010,5600,9010,Sweden,HO,HQ,HO,HO,Sweden,Sweden,Head Office FTE,BDQTY,2022,0.000,0.000,0.000,0.000,0.000,42.000,7.000,7.000,7.000,7.000,8.000,8.000
14,2022,490,1541,SE,56009010,5600,9010,Sweden,HO,HQ,HO,HO,Sweden,Sweden,Support FTE,AQ,2022,0.000,0.000,0.000,0.000,0.000,0.000,0.000,7.000,7.000,7.000,7.000,7.000
14,2022,490,1542,SE,56009011,5600,9011,Sweden,HO,HQ,HO,HO,Sweden,Sweden,Head Office FTE,BDQTY,2022,0.000,0.000,0.000,0.000,0.000,0.000,0.000,0.000,0.000,0.000,0.000,0.000
14,2022,490,1544,SE,56009016,5600,9016,Sweden,HO,HQ,HO,HO,Sweden,Sweden,Head Office FTE,BDQTY,2022,2.000,2.000,2.000,2.000,2.000,-10.000,0.000,0.000,0.000,0.000,0.000,0.000
14,2022,490,1544,SE,56009016,5600,9016,Sweden,HO,HQ,HO,HO,Sweden,Sweden,Support FTE,AQ,2022,0.000,2.000,2.000,2.000,2.000,2.000,2.000,0.000,0.000,0.000,0.000,0.000
14,2022,490,1545,SE,56009017,5600,9017,Sweden,HO,HQ,HO,HO,Sweden,Sweden,Head Office FTE,BDQTY,2022,3.500,3.500,3.500,3.500,3.500,3.500,3.500,3.500,3.500,3.500,3.500,3.500
14,2022,490,1545,SE,56009017,5600,9017,Sweden,HO,HQ,HO,HO,Sweden,Sweden,Support FTE,AQ,2022,0.000,2.000,2.000,2.000,3.000,3.000,3.000,4.000,3.000,3.000,3.500,4.000
14,2022,490,1548,SE,56009020,5600,9020,Sweden,HO,HQ,HO,HO,Sweden,Sweden,Head Office FTE,BDQTY,2022,4.000,4.000,4.000,4.000,4.000,4.000,4.000,4.000,4.000,4.000,4.000,4.000
14,2022,490,1548,SE,56009020,5600,9020,Sweden,HO,HQ,HO,HO,Sweden,Sweden,Support FTE,AQ,2022,0.000,4.000,4.000,4.000,4.000,4.000,4.000,4.000,4.000,4.000,5.000,5.000
14,2022,490,1552,SE,56009024,5600,9024,Sweden,HO,HQ,HO,HO,Sweden,Sweden,Head Office FTE,BDQTY,2022,4.900,4.900,4.600,4.600,4.600,4.600,4.600,4.600,4.600,4.600,4.600,4.900
14,2022,490,1552,SE,56009024,5600,9024,Sweden,HO,HQ,HO,HO,Sweden,Sweden,Support FTE,AQ,2022,0.000,1.000,1.000,1.000,2.000,2.000,2.000,2.000,2.000,2.000,2.000,2.000
14,2022,490,1553,SE,56009027,5600,9027,Sweden,HO,HQ,HO,HO,Sweden,Sweden,Head Office FTE,BDQTY,2022,1.200,1.200,1.200,1.600,1.600,1.600,1.600,1.600,1.600,1.600,1.600,1.600
14,2022,490,1553,SE,56009027,5600,9027,Sweden,HO,HQ,HO,HO,Sweden,Sweden,Support FTE,AQ,2022,0.000,2.000,2.000,2.000,2.000,2.000,2.000,2.000,2.000,2.000,2.000,2.000
14,2022,490,1555,SE,56009030,5600,9030,Sweden,HO,HQ,HO,HO,Sweden,Sweden,Head Office FTE,BDQTY,2022,4.000,4.000,4.000,4.000,4.000,4.000,4.000,4.000,4.000,4.000,4.000,4.000
14,2022,490,1555,SE,56009030,5600,9030,Sweden,HO,HQ,HO,HO,Sweden,Sweden,Support FTE,AQ,2022,0.000,5.500,3.800,4.200,5.000,5.000,5.000,5.000,5.000,5.000,5.000,5.000
14,2022,490,1559,SE,56009041,5600,9041,Sweden,HO,HQ,HO,HO,Sweden,Sweden,Head Office FTE,BDQTY,2022,1.000,1.000,1.000,1.000,1.000,1.000,1.000,1.000,1.000,1.000,1.000,1.000
14,2022,490,1559,SE,56009041,5600,9041,Sweden,HO,HQ,HO,HO,Sweden,Sweden,Support FTE,AQ,2022,0.000,2.000,2.000,2.000,1.000,1.000,1.000,1.000,1.000,1.000,1.000,1.000
14,2022,490,1560,SE,56009042,5600,9042,Sweden,HO,HQ,HO,HO,Sweden,Sweden,Head Office FTE,BDQTY,2022,1.000,1.000,1.000,1.000,1.000,1.000,1.000,1.000,1.000,1.000,1.000,1.000
14,2022,490,1560,SE,56009042,5600,9042,Sweden,HO,HQ,HO,HO,Sweden,Sweden,Support FTE,AQ,2022,0.000,2.000,2.000,2.000,1.000,1.000,1.000,1.000,1.000,1.000,1.000,0.000
14,2022,490,1561,SE,56009043,5600,9043,Sweden,HO,HQ,HO,HO,Sweden,Sweden,Head Office FTE,BDQTY,2022,1.000,1.000,1.000,1.000,1.000,1.000,1.000,1.000,1.000,1.000,1.000,1.000
14,2022,490,1561,SE,56009043,5600,9043,Sweden,HO,HQ,HO,HO,Sweden,Sweden,Support FTE,AQ,2022,0.000,0.000,1.000,1.000,1.000,1.000,1.000,1.000,1.000,1.000,1.000,1.000
14,2022,490,1562,SE,56009044,5600,9044,Sweden,HO,HQ,HO,HO,Sweden,Sweden,Support FTE,AQ,2022,0.000,1.000,1.000,1.000,0.000,0.000,0.000,0.000,0.000,0.000,0.000,0.000
14,2022,490,1566,SE,56009048,5600,9048,Sweden,HO,HQ,HO,HO,Sweden,Sweden,Head Office FTE,BDQTY,2022,4.000,4.000,4.000,4.000,4.000,4.000,4.000,4.000,4.000,4.000,4.000,4.000
14,2022,490,1566,SE,56009048,5600,9048,Sweden,HO,HQ,HO,HO,Sweden,Sweden,Support FTE,AQ,2022,0.000,2.000,3.000,3.000,3.000,3.000,3.000,3.000,3.000,3.000,3.000,3.000
14,2022,490,1567,SE,56009049,5600,9049,Sweden,HO,HQ,HO,HO,Sweden,Sweden,Support FTE,AQ,2022,0.000,4.000,4.000,4.000,1.000,1.000,1.000,1.000,1.000,1.000,1.000,1.000
14,2022,490,1570,SE,56009060,5600,9060,Sweden,HO,HQ,HO,HO,Sweden,Sweden,Head Office FTE,BDQTY,2022,6.000,6.000,6.000,6.000,6.000,6.000,6.000,6.000,6.000,6.000,6.000,6.000
14,2022,490,1570,SE,56009060,5600,9060,Sweden,HO,HQ,HO,HO,Sweden,Sweden,Support FTE,AQ,2022,0.000,7.000,7.000,7.000,7.000,7.000,7.000,7.000,8.000,8.000,8.000,8.000
14,2022,490,1572,SE,56009069,5600,9069,Sweden,HO,HQ,HO,HO,Sweden,Sweden,Head Office FTE,BDQTY,2022,2.000,2.000,2.000,2.000,2.000,2.000,2.000,2.000,2.000,2.000,2.000,2.000
14,2022,490,1572,SE,56009069,5600,9069,Sweden,HO,HQ,HO,HO,Sweden,Sweden,Support FTE,AQ,2022,0.000,9.000,6.600,6.600,2.600,2.600,2.000,2.000,2.000,2.000,2.000,2.600
14,2022,490,1573,SE,56009070,5600,9070,Sweden,HO,Group Support,HO,HO,Sweden,Sweden,Support FTE,AQ,2022,0.000,0.000,1.000,1.000,0.000,0.000,0.000,0.000,0.000,0.000,0.000,0.000
14,2022,490,38106,SE,56009072,5600,9072,Sweden,NA,HQ,NA,NA,NA,NA,Head Office FTE,BDQTY,2022,6.000,6.000,6.000,6.000,6.000,6.000,6.000,6.000,6.000,6.000,6.000,6.000
14,2022,490,38106,SE,56009072,5600,9072,Sweden,NA,HQ,NA,NA,NA,NA,Support FTE,AQ,2022,0.000,0.000,2.000,2.000,7.000,7.000,8.000,8.000,8.000,8.000,8.000,8.000
14,2022,490,38496,SE,56009076,5600,9076,Sweden,NA,Group Support,NA,NA,NA,NA,Support FTE,AQ,2022,0.000,0.000,1.000,1.000,1.000,1.000,1.000,1.000,1.000,1.000,1.000,1.000
14,2022,490,33050,SE,56009082,5600,9082,Sweden,HO,HQ,HO,HO,Sweden,Sweden,Head Office FTE,BDQTY,2022,2.000,2.000,2.000,2.000,2.000,2.000,2.000,2.000,2.000,2.000,2.000,2.000
14,2022,490,33050,SE,56009082,5600,9082,Sweden,HO,HQ,HO,HO,Sweden,Sweden,Support FTE,AQ,2022,0.000,0.000,0.000,0.000,1.000,1.000,1.600,1.600,1.600,1.600,1.600,2.600
14,2022,490,1574,SE,56009110,5600,9110,Sweden,HO,HQ,HO,HO,Sweden,Sweden,Head Office FTE,BDQTY,2022,5.000,5.000,5.000,5.000,5.000,-25.000,0.000,0.000,0.000,0.000,0.000,0.000
14,2022,490,1574,SE,56009110,5600,9110,Sweden,HO,HQ,HO,HO,Sweden,Sweden,Support FTE,AQ,2022,0.000,6.000,6.600,6.700,6.000,6.000,5.000,0.000,0.000,0.000,0.000,0.000
14,2022,490,1576,SE,56009140,5600,9140,Sweden,HO,HQ,HO,HO,Sweden,Sweden,Head Office FTE,BDQTY,2022,1.000,1.000,1.000,1.000,1.000,1.000,1.000,1.000,1.000,1.000,1.000,1.000
14,2022,490,1576,SE,56009140,5600,9140,Sweden,HO,HQ,HO,HO,Sweden,Sweden,Support FTE,AQ,2022,0.000,0.000,0.000,0.000,1.000,1.000,1.000,1.000,1.000,1.000,1.000,1.000
14,2022,491,1607,SE,56018038,5601,8038,Sweden,Hästkliniken Boden,Hästkliniken Boden,Vets,Small animal,Sweden,Sweden,Locum Vet FTE,AQ,2022,0.000,0.000,0.010,0.000,0.010,0.010,0.000,0.000,0.010,0.000,0.000,0.000
14,2022,491,1607,SE,56018038,5601,8038,Sweden,Hästkliniken Boden,Hästkliniken Boden,Vets,Small animal,Sweden,Sweden,Nurse FTE,BDQTY,2022,2.500,2.500,2.500,2.500,2.500,2.500,2.500,2.500,3.500,3.500,3.500,2.500
14,2022,491,1607,SE,56018038,5601,8038,Sweden,Hästkliniken Boden,Hästkliniken Boden,Vets,Small animal,Sweden,Sweden,Vet FTE,BDQTY,2022,2.000,2.000,2.000,2.000,2.000,2.000,2.000,2.000,2.000,2.000,2.000,2.000
14,2022,491,1611,SE,56018042,5601,8042,Sweden,Hästkliniken Mantorp,Hästkliniken Mantorp,Vets,Small animal,Sweden,Sweden,Locum Vet FTE,AQ,2022,0.090,0.000,0.120,0.150,0.000,0.010,0.170,0.000,0.000,0.240,0.000,0.000
14,2022,491,1611,SE,56018042,5601,8042,Sweden,Hästkliniken Mantorp,Hästkliniken Mantorp,Vets,Small animal,Sweden,Sweden,Nurse FTE,AQ,2022,1.000,1.000,1.000,1.000,1.000,1.000,1.000,1.000,1.000,1.000,1.000,1.000
14,2022,491,1611,SE,56018042,5601,8042,Sweden,Hästkliniken Mantorp,Hästkliniken Mantorp,Vets,Small animal,Sweden,Sweden,Nurse FTE,BDQTY,2022,3.750,3.750,3.750,4.250,4.250,4.250,4.250,4.250,4.250,4.250,4.250,4.250
14,2022,491,1611,SE,56018042,5601,8042,Sweden,Hästkliniken Mantorp,Hästkliniken Mantorp,Vets,Small animal,Sweden,Sweden,Support FTE,BDQTY,2022,0.400,0.400,0.400,0.400,0.400,0.400,0.400,0.400,0.400,0.400,0.400,0.400
14,2022,491,1611,SE,56018042,5601,8042,Sweden,Hästkliniken Mantorp,Hästkliniken Mantorp,Vets,Small animal,Sweden,Sweden,Vet FTE,BDQTY,2022,3.000,3.000,3.000,3.000,3.000,3.000,3.000,3.000,4.000,4.000,4.000,4.000
14,2022,491,1613,SE,56018044,5601,8044,Sweden,Hästsjukhuset Stav,Hästsjukhuset Stav,Vets,Small animal,Sweden,Sweden,Locum Vet FTE,AQ,2022,0.640,0.000,0.350,1.080,0.800,0.610,0.820,0.780,0.810,0.440,0.830,0.470
14,2022,491,1613,SE,56018044,5601,8044,Sweden,Hästsjukhuset Stav,Hästsjukhuset Stav,Vets,Small animal,Sweden,Sweden,Nurse FTE,BDQTY,2022,6.350,6.350,6.350,6.350,6.350,6.350,6.350,6.350,6.350,6.350,6.350,6.350
14,2022,491,1613,SE,56018044,5601,8044,Sweden,Hästsjukhuset Stav,Hästsjukhuset Stav,Vets,Small animal,Sweden,Sweden,Vet FTE,AQ,2022,1.000,1.000,1.000,1.000,1.000,1.000,1.000,1.000,1.000,1.000,1.000,1.000
14,2022,491,1613,SE,56018044,5601,8044,Sweden,Hästsjukhuset Stav,Hästsjukhuset Stav,Vets,Small animal,Sweden,Sweden,Vet FTE,BDQTY,2022,4.600,4.600,4.600,4.600,4.600,4.600,4.600,4.600,4.600,4.600,4.600,4.600
14,2022,491,1614,SE,56018045,5601,8045,Sweden,Specialisthästsjukhuset Ströms,Specialisthästsjukhu,Vets,Equine,Sweden,Sweden,Locum Vet FTE,AQ,2022,0.560,0.000,1.310,0.050,0.050,0.860,0.090,0.930,0.100,0.970,0.070,0.120
14,2022,491,1614,SE,56018045,5601,8045,Sweden,Specialisthästsjukhuset Ströms,Specialisthästsjukhu,Vets,Equine,Sweden,Sweden,Nurse FTE,AQ,2022,1.000,1.000,1.000,1.000,1.000,2.000,2.000,2.000,2.000,2.000,2.000,2.000
14,2022,491,1614,SE,56018045,5601,8045,Sweden,Specialisthästsjukhuset Ströms,Specialisthästsjukhu,Vets,Equine,Sweden,Sweden,Nurse FTE,BDQTY,2022,13.100,13.100,13.100,13.100,13.100,13.100,14.120,15.150,15.150,15.150,15.120,13.100
14,2022,491,1614,SE,56018045,5601,8045,Sweden,Specialisthästsjukhuset Ströms,Specialisthästsjukhu,Vets,Equine,Sweden,Sweden,Support FTE,AQ,2022,1.000,1.000,1.000,1.000,1.000,1.000,1.000,1.000,1.000,1.000,1.000,1.000
14,2022,491,1614,SE,56018045,5601,8045,Sweden,Specialisthästsjukhuset Ströms,Specialisthästsjukhu,Vets,Equine,Sweden,Sweden,Support FTE,BDQTY,2022,3.000,3.000,3.000,3.000,3.000,3.000,3.000,3.000,3.000,3.000,3.000,3.000
14,2022,491,1614,SE,56018045,5601,8045,Sweden,Specialisthästsjukhuset Ströms,Specialisthästsjukhu,Vets,Equine,Sweden,Sweden,Vet FTE,AQ,2022,1.000,1.000,1.000,1.000,1.000,1.000,1.000,1.000,1.000,1.000,1.000,1.000
14,2022,491,1614,SE,56018045,5601,8045,Sweden,Specialisthästsjukhuset Ströms,Specialisthästsjukhu,Vets,Equine,Sweden,Sweden,Vet FTE,BDQTY,2022,6.150,6.150,6.150,7.150,7.150,7.150,7.150,7.150,7.150,7.150,7.150,7.150
14,2022,491,1616,SE,56018047,5601,8047,Sweden,Hästkliniken Gävle,Hästkliniken Gävle,Vets,Small animal,Sweden,Sweden,Locum Vet FTE,AQ,2022,0.030,0.000,0.170,0.210,0.220,0.160,0.320,0.280,0.220,0.210,0.020,0.440
14,2022,491,1616,SE,56018047,5601,8047,Sweden,Hästkliniken Gävle,Hästkliniken Gävle,Vets,Small animal,Sweden,Sweden,Nurse FTE,BDQTY,2022,2.000,2.000,2.000,2.000,2.000,2.000,2.000,2.000,2.000,2.000,2.000,2.000
14,2022,491,1616,SE,56018047,5601,8047,Sweden,Hästkliniken Gävle,Hästkliniken Gävle,Vets,Small animal,Sweden,Sweden,Vet FTE,BDQTY,2022,1.900,1.900,1.900,1.900,1.900,1.900,1.900,1.900,1.900,1.900,1.900,1.900
14,2022,491,1618,SE,56018049,5601,8049,Sweden,Specialisthästsjukhuset Helsin,Specialisthästsjukhu,Vets,Equine,Sweden,Sweden,Locum Vet FTE,AQ,2022,0.230,0.000,0.340,0.360,0.460,0.080,0.140,0.240,0.110,-0.070,0.630,0.320
14,2022,491,1618,SE,56018049,5601,8049,Sweden,Specialisthästsjukhuset Helsin,Specialisthästsjukhu,Vets,Equine,Sweden,Sweden,Nurse FTE,AQ,2022,3.000,3.000,3.000,3.000,3.000,3.000,3.000,3.000,3.000,3.000,3.000,4.000
14,2022,491,1618,SE,56018049,5601,8049,Sweden,Specialisthästsjukhuset Helsin,Specialisthästsjukhu,Vets,Equine,Sweden,Sweden,Nurse FTE,BDQTY,2022,20.750,20.750,20.750,20.750,20.750,20.750,20.750,20.750,21.750,25.750,25.750,20.750
14,2022,491,1618,SE,56018049,5601,8049,Sweden,Specialisthästsjukhuset Helsin,Specialisthästsjukhu,Vets,Equine,Sweden,Sweden,Support FTE,AQ,2022,3.000,3.000,3.000,3.000,3.000,3.000,3.000,3.000,3.000,2.000,2.000,2.000
14,2022,491,1618,SE,56018049,5601,8049,Sweden,Specialisthästsjukhuset Helsin,Specialisthästsjukhu,Vets,Equine,Sweden,Sweden,Support FTE,BDQTY,2022,6.100,6.100,6.100,6.100,6.100,6.100,6.100,6.100,6.100,6.100,6.100,6.100
14,2022,491,1618,SE,56018049,5601,8049,Sweden,Specialisthästsjukhuset Helsin,Specialisthästsjukhu,Vets,Equine,Sweden,Sweden,Vet FTE,AQ,2022,4.000,4.000,4.000,4.000,4.000,4.000,4.000,4.000,4.000,4.000,4.000,4.000
14,2022,491,1618,SE,56018049,5601,8049,Sweden,Specialisthästsjukhuset Helsin,Specialisthästsjukhu,Vets,Equine,Sweden,Sweden,Vet FTE,BDQTY,2022,18.950,18.950,18.950,18.950,18.950,18.950,18.950,18.950,18.950,18.950,18.950,18.950
14,2022,499,2144,SE,56098076,5609,8076,Sweden,Ecommerce,Malmö VetApotek,E-commerce / pharmacy,E-commerce / pharmacy,Sweden,Sweden,Locum Vet FTE,AQ,2022,0.000,0.000,0.000,0.000,0.000,0.070,0.400,0.370,0.600,0.180,0.000,0.510
14,2022,499,2144,SE,56098076,5609,8076,Sweden,Ecommerce,Malmö VetApotek,E-commerce / pharmacy,E-commerce / pharmacy,Sweden,Sweden,Support FTE,AQ,2022,12.600,11.900,11.800,11.600,12.600,11.400,12.800,12.600,0.000,0.000,16.600,0.000
14,2022,499,2145,SE,56098077,5609,8077,Sweden,Ecommerce,Ecommerce,E-commerce / pharmacy,E-commerce / pharmacy,Sweden,Sweden,Locum Vet FTE,AQ,2022,0.080,0.060,0.130,0.110,0.080,0.060,0.040,0.060,0.060,0.000,0.000,0.000
14,2022,507,6235,SE,56178082,5617,8082,Sweden,HO,Ulvsby Smadjursklini,HO,HO,Sweden,Sweden,Nurse FTE,AQ,2022,8.800,10.600,10.600,10.600,10.600,10.800,10.800,0.000,0.000,0.000,0.000,0.000
14,2022,507,6235,SE,56178082,5617,8082,Sweden,HO,Ulvsby Smadjursklini,HO,HO,Sweden,Sweden,Nurse FTE,BDQTY,2022,0.000,0.000,0.000,0.000,0.000,0.000,0.000,0.000,0.000,0.000,0.000,0.000
14,2022,507,6235,SE,56178082,5617,8082,Sweden,HO,Ulvsby Smadjursklini,HO,HO,Sweden,Sweden,Support FTE,AQ,2022,0.600,0.600,0.600,0.600,0.600,0.300,0.000,0.000,0.000,0.000,0.000,0.000
14,2022,507,6235,SE,56178082,5617,8082,Sweden,HO,Ulvsby Smadjursklini,HO,HO,Sweden,Sweden,Support FTE,BDQTY,2022,0.000,0.000,0.000,0.000,0.000,0.000,0.000,0.000,0.000,0.000,0.000,0.000
14,2022,507,6235,SE,56178082,5617,8082,Sweden,HO,Ulvsby Smadjursklini,HO,HO,Sweden,Sweden,Vet FTE,AQ,2022,4.600,4.600,4.300,4.200,4.200,3.800,4.300,0.000,0.000,0.000,0.000,0.000
14,2022,507,6235,SE,56178082,5617,8082,Sweden,HO,Ulvsby Smadjursklini,HO,HO,Sweden,Sweden,Vet FTE,BDQTY,2022,0.000,0.000,0.000,0.000,0.000,0.000,0.000,0.000,0.000,0.000,0.000,0.000
14,2022,613,37709,SE,56188090,5618,8090,Sweden,NA,Åmål,NA,NA,NA,NA,Nurse FTE,AQ,2022,5.900,7.900,7.400,9.300,7.600,7.600,7.600,0.000,0.000,0.000,0.000,0.000
14,2022,613,37709,SE,56188090,5618,8090,Sweden,NA,Åmål,NA,NA,NA,NA,Nurse FTE,BDQTY,2022,0.000,0.000,0.000,0.000,0.000,0.000,0.000,0.000,0.000,0.000,0.000,0.000
14,2022,613,37709,SE,56188090,5618,8090,Sweden,NA,Åmål,NA,NA,NA,NA,Support FTE,AQ,2022,1.400,1.400,1.400,0.900,0.900,0.900,0.900,0.000,0.000,0.000,0.000,0.000
14,2022,613,37709,SE,56188090,5618,8090,Sweden,NA,Åmål,NA,NA,NA,NA,Support FTE,BDQTY,2022,0.000,0.000,0.000,0.000,0.000,0.000,0.000,0.000,0.000,0.000,0.000,0.000
14,2022,613,37709,SE,56188090,5618,8090,Sweden,NA,Åmål,NA,NA,NA,NA,Vet FTE,AQ,2022,4.000,3.000,3.600,3.500,4.600,4.600,4.600,0.000,0.000,0.000,0.000,0.000
14,2022,613,37709,SE,56188090,5618,8090,Sweden,NA,Åmål,NA,NA,NA,NA,Vet FTE,BDQTY,2022,0.000,0.000,0.000,0.000,0.000,0.000,0.000,0.000,0.000,0.000,0.000,0.000
14,2022,778,38093,SE,56198093,5619,8093,Sweden,NA,Skånes Mitt,NA,NA,NA,NA,Locum Vet FTE,AQ,2022,0.000,0.000,0.000,0.000,0.000,0.180,0.130,0.000,0.000,0.000,0.000,0.000
14,2022,778,38093,SE,56198093,5619,8093,Sweden,NA,Skånes Mitt,NA,NA,NA,NA,Nurse FTE,AQ,2022,3.300,5.200,5.200,5.200,5.200,5.200,5.200,0.000,0.000,0.000,0.000,0.000
14,2022,778,38093,SE,56198093,5619,8093,Sweden,NA,Skånes Mitt,NA,NA,NA,NA,Nurse FTE,BDQTY,2022,0.000,0.000,0.000,0.000,0.000,0.000,0.000,0.000,0.000,0.000,0.000,0.000
14,2022,778,38093,SE,56198093,5619,8093,Sweden,NA,Skånes Mitt,NA,NA,NA,NA,Support FTE,AQ,2022,3.000,3.000,3.000,3.000,2.800,2.800,2.800,0.000,0.000,0.000,0.000,0.000
14,2022,778,38093,SE,56198093,5619,8093,Sweden,NA,Skånes Mitt,NA,NA,NA,NA,Support FTE,BDQTY,2022,0.000,0.000,0.000,0.000,0.000,0.000,0.000,0.000,0.000,0.000,0.000,0.000
14,2022,778,38093,SE,56198093,5619,8093,Sweden,NA,Skånes Mitt,NA,NA,NA,NA,Vet FTE,AQ,2022,1.400,2.000,2.000,2.000,2.300,2.300,2.300,0.000,0.000,0.000,0.000,0.000
14,2022,778,38093,SE,56198093,5619,8093,Sweden,NA,Skånes Mitt,NA,NA,NA,NA,Vet FTE,BDQTY,2022,0.000,0.000,0.000,0.000,0.000,0.000,0.000,0.000,0.000,0.000,0.000,0.000
14,2022,805,38160,SE,56208094,5620,8094,Sweden,NA,Solsidan,NA,NA,NA,NA,Nurse FTE,AQ,2022,0.000,0.000,0.000,0.000,3.600,3.600,3.600,0.000,0.000,0.000,0.000,0.000
14,2022,805,38160,SE,56208094,5620,8094,Sweden,NA,Solsidan,NA,NA,NA,NA,Nurse FTE,BDQTY,2022,0.000,0.000,0.000,0.000,0.000,0.000,0.000,0.000,0.000,0.000,0.000,0.000
14,2022,805,38160,SE,56208094,5620,8094,Sweden,NA,Solsidan,NA,NA,NA,NA,Support FTE,BDQTY,2022,0.000,0.000,0.000,0.000,0.000,0.000,0.000,0.000,0.000,0.000,0.000,0.000
14,2022,805,38160,SE,56208094,5620,8094,Sweden,NA,Solsidan,NA,NA,NA,NA,Vet FTE,AQ,2022,0.000,0.000,0.000,0.000,4.500,3.900,3.900,0.000,0.000,0.000,0.000,0.000
14,2022,805,38160,SE,56208094,5620,8094,Sweden,NA,Solsidan,NA,NA,NA,NA,Vet FTE,BDQTY,2022,0.000,0.000,0.000,0.000,0.000,0.000,0.000,0.000,0.000,0.000,0.000,0.000
14,2022,861,38413,SE,56218095,5621,8095,Sweden,NA,Tyresö Djurklinik AB,NA,NA,NA,NA,Locum Vet FTE,AQ,2022,0.720,0.240,1.900,0.000,0.750,0.980,0.500,0.000,0.000,0.000,0.000,0.000
14,2022,861,38413,SE,56218095,5621,8095,Sweden,NA,Tyresö Djurklinik AB,NA,NA,NA,NA,Nurse FTE,AQ,2022,0.000,0.000,0.000,0.000,4.900,5.100,5.300,0.000,0.000,0.000,0.000,0.000
14,2022,861,38413,SE,56218095,5621,8095,Sweden,NA,Tyresö Djurklinik AB,NA,NA,NA,NA,Nurse FTE,BDQTY,2022,0.000,0.000,0.000,0.000,0.000,0.000,0.000,0.000,0.000,0.000,0.000,0.000
14,2022,861,38413,SE,56218095,5621,8095,Sweden,NA,Tyresö Djurklinik AB,NA,NA,NA,NA,Support FTE,AQ,2022,0.000,0.000,0.000,0.000,3.800,4.000,4.000,0.000,0.000,0.000,0.000,0.000
14,2022,861,38413,SE,56218095,5621,8095,Sweden,NA,Tyresö Djurklinik AB,NA,NA,NA,NA,Support FTE,BDQTY,2022,0.000,0.000,0.000,0.000,0.000,0.000,0.000,0.000,0.000,0.000,0.000,0.000
14,2022,861,38413,SE,56218095,5621,8095,Sweden,NA,Tyresö Djurklinik AB,NA,NA,NA,NA,Vet FTE,AQ,2022,0.000,0.000,0.000,0.000,2.100,1.800,1.800,0.000,0.000,0.000,0.000,0.000
14,2022,861,38413,SE,56218095,5621,8095,Sweden,NA,Tyresö Djurklinik AB,NA,NA,NA,NA,Vet FTE,BDQTY,2022,0.000,0.000,0.000,0.000,0.000,0.000,0.000,0.000,0.000,0.000,0.000,0.000
14,2022,1061,39455,SE,56238097,5623,8097,Sweden,NA,Mittnorrlands Djursj,NA,NA,NA,NA,Nurse FTE,AQ,2022,0.000,0.000,0.000,0.000,0.000,0.000,0.000,0.000,0.000,0.800,0.800,0.800
14,2022,1061,39455,SE,56238097,5623,8097,Sweden,NA,Mittnorrlands Djursj,NA,NA,NA,NA,Vet FTE,AQ,2022,0.000,0.000,0.000,0.000,0.000,0.000,0.000,0.000,0.000,0.600,0.600,0.600
14,2022,1061,39449,SE,56238098,5623,8098,Sweden,NA,Mittnorrlands Djursj,NA,NA,NA,NA,Locum Vet FTE,AQ,2022,0.000,0.000,0.000,0.000,0.000,0.950,0.470,0.300,0.700,0.310,0.250,1.010
14,2022,1061,39449,SE,56238098,5623,8098,Sweden,NA,Mittnorrlands Djursj,NA,NA,NA,NA,Nurse FTE,AQ,2022,0.000,0.000,0.000,0.000,0.000,0.000,0.000,0.000,0.000,38.800,35.500,29.500
14,2022,1061,39449,SE,56238098,5623,8098,Sweden,NA,Mittnorrlands Djursj,NA,NA,NA,NA,Support FTE,AQ,2022,0.000,0.000,0.000,0.000,0.000,0.000,0.000,0.000,0.000,22.600,22.300,21.600
14,2022,1061,39449,SE,56238098,5623,8098,Sweden,NA,Mittnorrlands Djursj,NA,NA,NA,NA,Vet FTE,AQ,2022,0.000,0.000,0.000,0.000,0.000,0.000,0.000,0.000,0.000,16.200,15.100,13.700
14,2022,1061,39450,SE,56238099,5623,8099,Sweden,NA,Mittnorrlands Djursj,NA,NA,NA,NA,Locum Vet FTE,AQ,2022,0.000,0.000,0.000,0.000,0.000,2.880,0.760,1.260,1.050,0.820,0.880,1.290
14,2022,1061,39450,SE,56238099,5623,8099,Sweden,NA,Mittnorrlands Djursj,NA,NA,NA,NA,Nurse FTE,AQ,2022,0.000,0.000,0.000,0.000,0.000,0.000,0.000,0.000,0.000,31.100,31.900,31.000
14,2022,1061,39450,SE,56238099,5623,8099,Sweden,NA,Mittnorrlands Djursj,NA,NA,NA,NA,Support FTE,AQ,2022,0.000,0.000,0.000,0.000,0.000,0.000,0.000,0.000,0.000,21.100,19.500,18.500
14,2022,1061,39450,SE,56238099,5623,8099,Sweden,NA,Mittnorrlands Djursj,NA,NA,NA,NA,Vet FTE,AQ,2022,0.000,0.000,0.000,0.000,0.000,0.000,0.000,0.000,0.000,11.000,11.000,11.000
14,2022,1061,39456,SE,56238100,5623,8100,Sweden,NA,Mittnorrlands Djursj,NA,NA,NA,NA,Nurse FTE,AQ,2022,0.000,0.000,0.000,0.000,0.000,0.000,0.000,0.000,0.000,4.400,3.400,3.400
14,2022,1061,39456,SE,56238100,5623,8100,Sweden,NA,Mittnorrlands Djursj,NA,NA,NA,NA,Vet FTE,AQ,2022,0.000,0.000,0.000,0.000,0.000,0.000,0.000,0.000,0.000,1.800,1.800,1.800
14,2022,1061,39453,SE,56238101,5623,8101,Sweden,NA,Mittnorrlands Djursj,NA,NA,NA,NA,Locum Vet FTE,AQ,2022,0.000,0.000,0.000,0.000,0.000,0.050,0.060,0.040,0.000,0.000,0.000,0.000
14,2022,1061,39453,SE,56238101,5623,8101,Sweden,NA,Mittnorrlands Djursj,NA,NA,NA,NA,Nurse FTE,AQ,2022,0.000,0.000,0.000,0.000,0.000,0.000,0.000,0.000,0.000,2.800,2.800,2.800
14,2022,1061,39453,SE,56238101,5623,8101,Sweden,NA,Mittnorrlands Djursj,NA,NA,NA,NA,Support FTE,AQ,2022,0.000,0.000,0.000,0.000,0.000,0.000,0.000,0.000,0.000,1.000,1.000,1.000
14,2022,1061,39453,SE,56238101,5623,8101,Sweden,NA,Mittnorrlands Djursj,NA,NA,NA,NA,Vet FTE,AQ,2022,0.000,0.000,0.000,0.000,0.000,0.000,0.000,0.000,0.000,2.900,2.900,2.900
14,2022,1061,40345,SE,56239017,5623,9017,Sweden,NA,HQ,NA,NA,NA,NA,Support FTE,AQ,2022,0.000,0.000,0.000,0.000,0.000,0.000,0.000,0.000,0.000,1.000,0.000,0.000
14,2022,1146,39772,SE,56248103,5624,8103,Sweden,NA,"Alvik ",NA,NA,NA,NA,Nurse FTE,AQ,2022,0.000,0.000,0.000,0.000,0.000,0.000,0.000,0.000,0.000,5.400,5.400,5.400
14,2022,1146,39772,SE,56248103,5624,8103,Sweden,NA,"Alvik ",NA,NA,NA,NA,Nurse FTE,BDQTY,2022,0.000,0.000,0.000,0.000,0.000,0.000,5.390,5.390,5.390,5.390,5.390,5.390
14,2022,1146,39772,SE,56248103,5624,8103,Sweden,NA,"Alvik ",NA,NA,NA,NA,Support FTE,AQ,2022,0.000,0.000,0.000,0.000,0.000,0.000,0.000,0.000,0.000,2.000,2.000,2.000
14,2022,1146,39772,SE,56248103,5624,8103,Sweden,NA,"Alvik ",NA,NA,NA,NA,Support FTE,BDQTY,2022,0.000,0.000,0.000,0.000,0.000,0.000,3.300,3.300,3.300,3.300,3.300,3.300
14,2022,1146,39772,SE,56248103,5624,8103,Sweden,NA,"Alvik ",NA,NA,NA,NA,Vet FTE,AQ,2022,0.000,0.000,0.000,0.000,0.000,0.000,0.000,0.000,0.000,2.000,2.000,2.700
14,2022,1146,39772,SE,56248103,5624,8103,Sweden,NA,"Alvik ",NA,NA,NA,NA,Vet FTE,BDQTY,2022,0.000,0.000,0.000,0.000,0.000,0.000,4.880,4.880,4.880,4.880,4.880,4.880
14,2022,1226,40549,SE,56258104,5625,8104,Sweden,NA,Viskadalens,NA,NA,NA,NA,Nurse FTE,BDQTY,2022,0.000,0.000,0.000,0.000,0.000,0.000,0.000,0.000,0.000,0.000,0.000,20.400
14,2022,1226,40549,SE,56258104,5625,8104,Sweden,NA,Viskadalens,NA,NA,NA,NA,Support FTE,BDQTY,2022,0.000,0.000,0.000,0.000,0.000,0.000,0.000,0.000,0.000,0.000,0.000,1.000
14,2022,1226,40549,SE,56258104,5625,8104,Sweden,NA,Viskadalens,NA,NA,NA,NA,Vet FTE,BDQTY,2022,0.000,0.000,0.000,0.000,0.000,0.000,0.000,0.000,0.000,0.000,0.000,8.900
14,2023,332,5282,SE,46018083,4601,8083,Sweden,Cremit AB,Cremit AB,Crematoria,Crematoria,Sweden,Sweden,Nurse FTE,AQ,2023,3.950,3.900,3.740,3.850,4.950,3.800,3.950,3.950,3.950,3.870,3.950,3.950
14,2023,332,5282,SE,46018083,4601,8083,Sweden,Cremit AB,Cremit AB,Crematoria,Crematoria,Sweden,Sweden,Nurse FTE,BDQTY,2023,2.950,2.950,2.950,2.950,2.950,2.950,2.950,2.950,2.950,2.950,2.950,2.950
14,2023,332,5282,SE,46018083,4601,8083,Sweden,Cremit AB,Cremit AB,Crematoria,Crematoria,Sweden,Sweden,Support FTE,AQ,2023,0.800,0.800,0.800,0.800,0.800,0.800,0.800,0.800,0.800,0.800,0.800,0.800
14,2023,332,5282,SE,46018083,4601,8083,Sweden,Cremit AB,Cremit AB,Crematoria,Crematoria,Sweden,Sweden,Support FTE,BDQTY,2023,0.800,0.800,0.800,0.800,0.800,0.800,0.800,0.800,0.800,0.800,0.800,0.800
14,2023,614,32774,SE,46028085,4602,8085,Sweden,HO,Lekeberg,HO,HO,Sweden,Sweden,Nurse FTE,AQ,2023,4.000,3.920,4.000,3.780,3.890,3.820,4.000,4.000,3.710,3.800,3.980,4.000
14,2023,614,32774,SE,46028085,4602,8085,Sweden,HO,Lekeberg,HO,HO,Sweden,Sweden,Nurse FTE,BDQTY,2023,4.000,4.000,4.000,4.000,4.000,4.000,4.000,4.000,4.000,4.880,4.880,4.000
14,2023,614,32774,SE,46028085,4602,8085,Sweden,HO,Lekeberg,HO,HO,Sweden,Sweden,Support FTE,AQ,2023,2.000,2.000,2.000,1.760,2.000,2.000,2.000,2.000,2.000,2.000,2.000,2.000
14,2023,614,32774,SE,46028085,4602,8085,Sweden,HO,Lekeberg,HO,HO,Sweden,Sweden,Support FTE,BDQTY,2023,2.000,2.000,2.000,2.000,2.000,2.000,2.000,2.000,2.000,2.000,2.000,2.000
14,2023,336,38937,SE,50039029,5003,9029,Sweden,NA,HQ Grp Vet Costs,NA,NA,NA,NA,Head Office FTE,BDQTY,2023,1.000,1.000,1.000,1.000,1.000,1.000,1.000,1.000,1.000,1.000,1.000,1.000
14,2023,336,38937,SE,50039029,5003,9029,Sweden,NA,HQ Grp Vet Costs,NA,NA,NA,NA,Support FTE,AQ,2023,1.000,1.000,1.000,1.000,1.000,1.000,1.000,1.000,1.000,1.000,1.000,1.000
14,2023,336,50567,SE,50039056,5003,9056,Sweden,NA,Group Support,NA,NA,NA,NA,Support FTE,AQ,2023,0.000,0.000,0.000,0.000,0.000,0.000,1.000,1.000,1.000,1.000,1.000,1.000
14,2023,336,37569,SE,50039061,5003,9061,Sweden,NA,Group Support,NA,NA,NA,NA,Support FTE,AQ,2023,1.000,1.000,1.000,2.000,1.000,1.000,1.000,1.000,1.000,1.000,1.000,1.000
14,2023,336,48358,SE,50039066,5003,9066,Sweden,NA,Group Support,NA,NA,NA,NA,Support FTE,AQ,2023,0.000,0.000,0.000,0.000,1.000,1.000,1.000,1.000,1.000,1.000,1.000,1.000
14,2023,336,581,SE,50039067,5003,9067,Sweden,HO,Group Support,HO,HO,Group,Group,Head Office FTE,BDQTY,2023,4.000,4.000,4.000,4.000,4.000,4.000,4.000,4.000,4.000,4.000,4.000,4.000
14,2023,336,581,SE,50039067,5003,9067,Sweden,HO,Group Support,HO,HO,Group,Group,Support FTE,AQ,2023,3.000,3.000,3.000,2.000,3.000,3.000,3.000,3.000,3.000,3.000,3.000,3.000
14,2023,336,583,SE,50039070,5003,9070,Sweden,HO,Group Support,HO,HO,Group,Group,Support FTE,AQ,2023,1.000,1.000,1.000,1.000,1.000,1.000,1.000,1.000,1.000,2.000,3.000,2.000
14,2023,336,32975,SE,50039074,5003,9074,Sweden,NA,Group Support,NA,NA,NA,NA,Head Office FTE,BDQTY,2023,0.000,0.000,0.000,0.000,0.000,0.000,0.000,0.000,0.000,0.000,0.000,0.000
14,2023,336,32976,SE,50039075,5003,9075,Sweden,NA,Group Support,NA,NA,NA,NA,Head Office FTE,BDQTY,2023,0.000,0.000,0.000,0.000,0.000,0.000,0.000,0.000,0.000,0.000,0.000,0.000
14,2023,336,32977,SE,50039077,5003,9077,Sweden,NA,Group Support,NA,NA,NA,NA,Head Office FTE,BDQTY,2023,1.400,1.400,1.400,1.400,1.400,1.400,1.400,1.400,1.400,1.400,1.400,1.400
14,2023,336,32977,SE,50039077,5003,9077,Sweden,NA,Group Support,NA,NA,NA,NA,Support FTE,AQ,2023,2.000,1.450,1.450,1.450,1.450,1.450,1.450,1.450,1.450,1.450,1.450,1.450
14,2023,336,32978,SE,50039078,5003,9078,Sweden,NA,Group Support,NA,NA,NA,NA,Head Office FTE,BDQTY,2023,1.000,1.000,1.000,1.000,1.000,1.000,1.000,1.000,1.000,1.000,1.000,1.000
14,2023,336,32978,SE,50039078,5003,9078,Sweden,NA,Group Support,NA,NA,NA,NA,Support FTE,AQ,2023,2.000,2.000,0.000,0.000,0.000,0.000,0.000,0.000,0.000,0.000,1.000,1.000
14,2023,336,32979,SE,50039079,5003,9079,Sweden,NA,Group Support,NA,NA,NA,NA,Head Office FTE,BDQTY,2023,9.380,9.380,9.380,9.380,9.380,9.380,10.310,10.310,10.310,10.310,10.310,10.310
14,2023,336,32979,SE,50039079,5003,9079,Sweden,NA,Group Support,NA,NA,NA,NA,Support FTE,AQ,2023,4.000,5.000,7.000,8.000,8.000,8.000,8.000,8.000,8.000,7.000,7.000,7.000
14,2023,336,38742,SE,50039190,5003,9190,Sweden,NA,Group Support,NA,NA,NA,NA,Head Office FTE,BDQTY,2023,5.000,5.000,5.000,5.000,5.000,5.000,5.000,5.000,5.000,5.000,5.000,5.000
14,2023,336,38742,SE,50039190,5003,9190,Sweden,NA,Group Support,NA,NA,NA,NA,Support FTE,AQ,2023,4.000,4.000,4.000,7.000,7.000,7.000,7.000,7.000,7.000,7.000,7.000,7.000
14,2023,336,38791,SE,50039191,5003,9191,Sweden,NA,Group Support,NA,NA,NA,NA,Head Office FTE,BDQTY,2023,4.000,4.000,4.000,4.000,4.000,4.000,4.000,4.000,4.000,4.000,4.000,4.000
14,2023,336,38791,SE,50039191,5003,9191,Sweden,NA,Group Support,NA,NA,NA,NA,Support FTE,AQ,2023,5.000,5.000,5.000,5.000,5.000,5.000,5.000,5.000,5.000,5.000,5.000,5.000
14,2023,336,38743,SE,50039192,5003,9192,Sweden,NA,Group Support,NA,NA,NA,NA,Head Office FTE,BDQTY,2023,4.000,4.000,4.000,5.000,5.000,5.000,5.000,5.000,5.000,5.000,5.000,5.000
14,2023,336,38743,SE,50039192,5003,9192,Sweden,NA,Group Support,NA,NA,NA,NA,Support FTE,AQ,2023,4.000,4.000,4.000,4.000,4.000,4.000,4.000,4.520,4.520,4.520,4.520,4.520
14,2023,336,38744,SE,50039195,5003,9195,Sweden,NA,Group Support,NA,NA,NA,NA,Head Office FTE,BDQTY,2023,3.000,3.000,3.000,3.000,3.000,3.000,4.000,4.000,4.000,4.000,4.000,4.000
14,2023,336,38744,SE,50039195,5003,9195,Sweden,NA,Group Support,NA,NA,NA,NA,Support FTE,AQ,2023,3.000,3.000,3.000,3.000,3.000,3.000,3.000,3.000,3.000,3.000,3.000,3.000
14,2023,490,1455,SE,56008000,5600,8000,Sweden,Djursjukhus Gammelstad,Djursjukhus Gammelst,Vets,Small animal,Sweden,Sweden,Locum Vet FTE,AQ,2023,0.050,0.000,0.000,0.000,0.000,0.000,0.000,0.000,0.000,0.000,0.000,0.000
14,2023,490,1455,SE,56008000,5600,8000,Sweden,Djursjukhus Gammelstad,Djursjukhus Gammelst,Vets,Small animal,Sweden,Sweden,Nurse FTE,AQ,2023,31.290,31.530,29.920,27.010,27.230,26.860,26.000,26.430,28.250,33.640,30.700,24.950
14,2023,490,1455,SE,56008000,5600,8000,Sweden,Djursjukhus Gammelstad,Djursjukhus Gammelst,Vets,Small animal,Sweden,Sweden,Nurse FTE,BDQTY,2023,29.750,29.750,29.750,30.550,30.550,30.550,30.550,33.550,36.550,36.550,36.550,29.550
14,2023,490,1455,SE,56008000,5600,8000,Sweden,Djursjukhus Gammelstad,Djursjukhus Gammelst,Vets,Small animal,Sweden,Sweden,Support FTE,AQ,2023,9.790,9.880,8.820,9.890,9.920,9.070,10.040,9.820,9.550,9.700,9.480,9.180
14,2023,490,1455,SE,56008000,5600,8000,Sweden,Djursjukhus Gammelstad,Djursjukhus Gammelst,Vets,Small animal,Sweden,Sweden,Support FTE,BDQTY,2023,10.330,10.330,10.330,10.330,10.330,10.330,10.330,11.230,11.230,11.230,11.230,11.230
14,2023,490,1455,SE,56008000,5600,8000,Sweden,Djursjukhus Gammelstad,Djursjukhus Gammelst,Vets,Small animal,Sweden,Sweden,Vet FTE,AQ,2023,18.800,18.790,17.970,17.370,18.400,18.260,18.570,17.400,17.320,17.760,16.280,19.100
14,2023,490,1455,SE,56008000,5600,8000,Sweden,Djursjukhus Gammelstad,Djursjukhus Gammelst,Vets,Small animal,Sweden,Sweden,Vet FTE,BDQTY,2023,18.850,18.850,18.850,19.650,19.650,19.650,19.650,19.650,20.650,21.650,19.650,19.650
14,2023,490,1456,SE,56008001,5600,8001,Sweden,Djurklinik Öjebyn,Djurklinik Öjebyn,Vets,Small animal,Sweden,Sweden,Nurse FTE,AQ,2023,10.860,13.070,9.100,9.400,9.800,9.240,8.920,9.740,11.190,11.690,9.920,10.500
14,2023,490,1456,SE,56008001,5600,8001,Sweden,Djurklinik Öjebyn,Djurklinik Öjebyn,Vets,Small animal,Sweden,Sweden,Nurse FTE,BDQTY,2023,8.760,8.760,8.760,8.760,8.760,8.760,8.760,8.760,8.760,8.760,8.760,8.760
14,2023,490,1456,SE,56008001,5600,8001,Sweden,Djurklinik Öjebyn,Djurklinik Öjebyn,Vets,Small animal,Sweden,Sweden,Support FTE,AQ,2023,2.000,1.840,1.950,2.000,1.980,2.000,1.940,2.000,2.000,2.000,2.000,2.000
14,2023,490,1456,SE,56008001,5600,8001,Sweden,Djurklinik Öjebyn,Djurklinik Öjebyn,Vets,Small animal,Sweden,Sweden,Support FTE,BDQTY,2023,2.000,2.000,2.000,2.000,2.000,2.000,2.000,2.000,2.000,2.000,2.000,2.000
14,2023,490,1456,SE,56008001,5600,8001,Sweden,Djurklinik Öjebyn,Djurklinik Öjebyn,Vets,Small animal,Sweden,Sweden,Vet FTE,AQ,2023,7.210,6.040,5.200,5.560,7.530,5.790,5.190,6.390,6.340,6.480,5.870,7.850
14,2023,490,1456,SE,56008001,5600,8001,Sweden,Djurklinik Öjebyn,Djurklinik Öjebyn,Vets,Small animal,Sweden,Sweden,Vet FTE,BDQTY,2023,5.350,5.350,5.350,5.350,5.350,5.350,5.350,5.350,6.100,6.350,6.100,5.350
14,2023,490,1457,SE,56008002,5600,8002,Sweden,Djurkliniken Arninge,Djurkliniken Arninge,Vets,Small animal,Sweden,Sweden,Nurse FTE,AQ,2023,11.380,10.580,11.040,10.960,10.610,10.860,11.690,12.290,12.030,12.090,12.100,15.400
14,2023,490,1457,SE,56008002,5600,8002,Sweden,Djurkliniken Arninge,Djurkliniken Arninge,Vets,Small animal,Sweden,Sweden,Nurse FTE,BDQTY,2023,11.650,11.650,11.650,12.650,12.650,12.650,12.650,12.650,14.670,15.130,14.750,12.650
14,2023,490,1457,SE,56008002,5600,8002,Sweden,Djurkliniken Arninge,Djurkliniken Arninge,Vets,Small animal,Sweden,Sweden,Support FTE,AQ,2023,3.800,3.700,3.750,4.770,4.800,4.650,4.770,4.760,4.800,4.090,4.720,4.800
14,2023,490,1457,SE,56008002,5600,8002,Sweden,Djurkliniken Arninge,Djurkliniken Arninge,Vets,Small animal,Sweden,Sweden,Support FTE,BDQTY,2023,3.000,3.000,3.000,3.000,3.000,3.000,3.000,3.000,3.000,3.000,3.000,3.000
14,2023,490,1457,SE,56008002,5600,8002,Sweden,Djurkliniken Arninge,Djurkliniken Arninge,Vets,Small animal,Sweden,Sweden,Vet FTE,AQ,2023,5.700,4.160,5.090,6.120,6.040,6.240,7.840,7.610,7.170,7.400,7.790,8.080
14,2023,490,1457,SE,56008002,5600,8002,Sweden,Djurkliniken Arninge,Djurkliniken Arninge,Vets,Small animal,Sweden,Sweden,Vet FTE,BDQTY,2023,7.450,7.450,7.450,7.450,7.450,7.450,7.450,7.450,7.750,8.360,7.950,7.450
14,2023,490,1458,SE,56008003,5600,8003,Sweden,Djurkliniken Farsta,Djurkliniken Farsta,Vets,Small animal,Sweden,Sweden,Nurse FTE,AQ,2023,7.950,7.230,8.320,9.910,9.980,9.570,8.610,9.040,9.300,11.370,8.830,6.900
14,2023,490,1458,SE,56008003,5600,8003,Sweden,Djurkliniken Farsta,Djurkliniken Farsta,Vets,Small animal,Sweden,Sweden,Nurse FTE,BDQTY,2023,8.420,8.420,8.420,8.420,8.420,8.420,8.420,8.420,8.420,8.420,8.420,8.420
14,2023,490,1458,SE,56008003,5600,8003,Sweden,Djurkliniken Farsta,Djurkliniken Farsta,Vets,Small animal,Sweden,Sweden,Support FTE,AQ,2023,2.000,2.000,2.000,1.810,2.000,2.000,2.000,2.000,2.000,1.400,2.000,2.000
14,2023,490,1458,SE,56008003,5600,8003,Sweden,Djurkliniken Farsta,Djurkliniken Farsta,Vets,Small animal,Sweden,Sweden,Support FTE,BDQTY,2023,1.500,1.500,1.500,1.500,1.500,1.500,1.500,1.500,1.500,1.500,1.500,1.500
14,2023,490,1458,SE,56008003,5600,8003,Sweden,Djurkliniken Farsta,Djurkliniken Farsta,Vets,Small animal,Sweden,Sweden,Vet FTE,AQ,2023,8.770,6.360,6.310,6.540,6.650,5.610,5.500,5.650,5.760,5.760,4.980,4.500
14,2023,490,1458,SE,56008003,5600,8003,Sweden,Djurkliniken Farsta,Djurkliniken Farsta,Vets,Small animal,Sweden,Sweden,Vet FTE,BDQTY,2023,8.000,8.000,8.000,8.000,8.000,8.000,8.000,8.000,8.000,8.000,8.000,8.000
14,2023,490,1459,SE,56008004,5600,8004,Sweden,Djurkliniken Gefle,Djurkliniken Gefle,Vets,Small animal,Sweden,Sweden,Nurse FTE,AQ,2023,12.870,13.470,13.140,13.360,13.890,13.160,12.780,12.680,15.040,13.460,13.960,13.350
14,2023,490,1459,SE,56008004,5600,8004,Sweden,Djurkliniken Gefle,Djurkliniken Gefle,Vets,Small animal,Sweden,Sweden,Nurse FTE,BDQTY,2023,6.350,6.350,6.350,6.350,6.350,6.350,6.350,6.350,7.850,9.350,7.850,6.350
14,2023,490,1459,SE,56008004,5600,8004,Sweden,Djurkliniken Gefle,Djurkliniken Gefle,Vets,Small animal,Sweden,Sweden,Support FTE,AQ,2023,5.200,5.040,5.080,5.060,5.020,4.840,4.870,5.100,5.000,5.060,5.000,4.400
14,2023,490,1459,SE,56008004,5600,8004,Sweden,Djurkliniken Gefle,Djurkliniken Gefle,Vets,Small animal,Sweden,Sweden,Support FTE,BDQTY,2023,3.500,3.500,3.500,3.500,3.500,3.500,3.500,3.500,3.500,3.500,3.500,3.500
14,2023,490,1459,SE,56008004,5600,8004,Sweden,Djurkliniken Gefle,Djurkliniken Gefle,Vets,Small animal,Sweden,Sweden,Vet FTE,AQ,2023,8.300,7.930,7.860,7.070,6.760,6.830,7.350,8.020,8.870,8.490,8.020,9.000
14,2023,490,1459,SE,56008004,5600,8004,Sweden,Djurkliniken Gefle,Djurkliniken Gefle,Vets,Small animal,Sweden,Sweden,Vet FTE,BDQTY,2023,3.700,3.700,3.700,3.700,4.700,4.700,4.700,4.700,4.700,4.700,4.700,4.700
14,2023,490,1460,SE,56008005,5600,8005,Sweden,Djurkliniken Nacka,Djurkliniken Nacka,Vets,Small animal,Sweden,Sweden,Locum Vet FTE,AQ,2023,0.010,0.020,0.020,0.000,0.020,0.000,0.000,0.020,0.080,0.000,0.000,0.000
14,2023,490,1460,SE,56008005,5600,8005,Sweden,Djurkliniken Nacka,Djurkliniken Nacka,Vets,Small animal,Sweden,Sweden,Nurse FTE,AQ,2023,15.670,16.340,15.780,16.470,16.370,16.290,15.380,15.190,14.990,16.790,15.620,15.000
14,2023,490,1460,SE,56008005,5600,8005,Sweden,Djurkliniken Nacka,Djurkliniken Nacka,Vets,Small animal,Sweden,Sweden,Nurse FTE,BDQTY,2023,11.150,11.150,11.150,11.150,11.150,11.150,11.150,11.150,14.920,15.430,13.890,12.150
14,2023,490,1460,SE,56008005,5600,8005,Sweden,Djurkliniken Nacka,Djurkliniken Nacka,Vets,Small animal,Sweden,Sweden,Support FTE,AQ,2023,6.000,6.070,5.870,5.770,5.730,5.820,5.570,5.830,5.270,5.140,5.790,6.320
14,2023,490,1460,SE,56008005,5600,8005,Sweden,Djurkliniken Nacka,Djurkliniken Nacka,Vets,Small animal,Sweden,Sweden,Support FTE,BDQTY,2023,5.000,5.000,5.000,5.000,5.000,5.000,5.000,5.000,5.000,5.000,5.000,5.000
14,2023,490,1460,SE,56008005,5600,8005,Sweden,Djurkliniken Nacka,Djurkliniken Nacka,Vets,Small animal,Sweden,Sweden,Vet FTE,AQ,2023,13.260,12.530,12.150,12.320,12.860,11.680,12.180,12.470,11.390,10.740,11.440,13.010
14,2023,490,1460,SE,56008005,5600,8005,Sweden,Djurkliniken Nacka,Djurkliniken Nacka,Vets,Small animal,Sweden,Sweden,Vet FTE,BDQTY,2023,7.250,7.250,7.250,7.250,7.250,7.250,7.250,7.250,7.250,7.250,7.250,7.250
14,2023,490,1461,SE,56008006,5600,8006,Sweden,Djurkliniken Nyköping,Djurkliniken Nyköpin,Vets,Small animal,Sweden,Sweden,Locum Vet FTE,AQ,2023,0.000,0.340,0.340,0.000,0.000,0.000,0.000,0.000,0.000,0.000,0.000,0.000
14,2023,490,1461,SE,56008006,5600,8006,Sweden,Djurkliniken Nyköping,Djurkliniken Nyköpin,Vets,Small animal,Sweden,Sweden,Nurse FTE,AQ,2023,3.890,3.980,4.070,4.070,4.080,4.840,4.700,3.830,4.940,6.340,5.440,5.330
14,2023,490,1461,SE,56008006,5600,8006,Sweden,Djurkliniken Nyköping,Djurkliniken Nyköpin,Vets,Small animal,Sweden,Sweden,Nurse FTE,BDQTY,2023,4.700,4.700,4.700,4.900,4.900,4.900,4.900,4.900,5.900,6.900,5.400,4.900
14,2023,490,1461,SE,56008006,5600,8006,Sweden,Djurkliniken Nyköping,Djurkliniken Nyköpin,Vets,Small animal,Sweden,Sweden,Support FTE,AQ,2023,3.000,2.890,2.780,3.000,2.930,2.890,3.000,2.900,2.800,2.800,2.790,2.800
14,2023,490,1461,SE,56008006,5600,8006,Sweden,Djurkliniken Nyköping,Djurkliniken Nyköpin,Vets,Small animal,Sweden,Sweden,Support FTE,BDQTY,2023,3.000,3.000,3.000,3.000,3.000,3.000,3.000,3.000,3.000,3.000,3.000,3.000
14,2023,490,1461,SE,56008006,5600,8006,Sweden,Djurkliniken Nyköping,Djurkliniken Nyköpin,Vets,Small animal,Sweden,Sweden,Vet FTE,AQ,2023,2.500,2.410,2.430,2.780,2.630,3.320,3.820,3.180,3.740,3.430,2.470,2.250
14,2023,490,1461,SE,56008006,5600,8006,Sweden,Djurkliniken Nyköping,Djurkliniken Nyköpin,Vets,Small animal,Sweden,Sweden,Vet FTE,BDQTY,2023,2.900,2.900,2.900,2.900,2.900,2.900,2.900,2.900,2.500,2.500,2.500,2.900
14,2023,490,1462,SE,56008007,5600,8007,Sweden,Djurkliniken Roslagstull,Djurkliniken Roslags,Vets,Small animal,Sweden,Sweden,Nurse FTE,AQ,2023,10.200,9.820,9.730,10.890,10.860,10.260,9.720,10.240,9.490,10.100,10.600,8.880
14,2023,490,1462,SE,56008007,5600,8007,Sweden,Djurkliniken Roslagstull,Djurkliniken Roslags,Vets,Small animal,Sweden,Sweden,Nurse FTE,BDQTY,2023,9.850,9.850,9.850,9.850,9.850,9.850,9.850,9.850,10.150,10.650,10.750,9.850
14,2023,490,1462,SE,56008007,5600,8007,Sweden,Djurkliniken Roslagstull,Djurkliniken Roslags,Vets,Small animal,Sweden,Sweden,Support FTE,AQ,2023,0.810,1.750,0.000,0.000,0.000,0.000,0.000,0.000,0.000,0.000,0.870,0.000
14,2023,490,1462,SE,56008007,5600,8007,Sweden,Djurkliniken Roslagstull,Djurkliniken Roslags,Vets,Small animal,Sweden,Sweden,Support FTE,BDQTY,2023,2.580,2.580,2.580,2.580,2.580,2.580,2.580,2.580,2.580,2.580,2.580,2.580
14,2023,490,1462,SE,56008007,5600,8007,Sweden,Djurkliniken Roslagstull,Djurkliniken Roslags,Vets,Small animal,Sweden,Sweden,Vet FTE,AQ,2023,5.610,5.780,4.650,5.520,5.450,5.450,5.940,5.810,5.800,5.900,5.800,6.000
14,2023,490,1462,SE,56008007,5600,8007,Sweden,Djurkliniken Roslagstull,Djurkliniken Roslags,Vets,Small animal,Sweden,Sweden,Vet FTE,BDQTY,2023,6.000,6.000,6.000,6.000,6.000,6.000,6.000,6.000,6.020,6.000,6.040,6.000
14,2023,490,1463,SE,56008008,5600,8008,Sweden,Djurkliniken Sandviken,Djurkliniken Sandvik,Vets,Small animal,Sweden,Sweden,Nurse FTE,BDQTY,2023,4.900,4.900,4.900,4.900,4.900,4.900,4.900,4.900,4.900,4.900,4.900,4.900
14,2023,490,1463,SE,56008008,5600,8008,Sweden,Djurkliniken Sandviken,Djurkliniken Sandvik,Vets,Small animal,Sweden,Sweden,Support FTE,BDQTY,2023,3.100,3.100,3.100,3.100,3.100,3.100,3.100,3.100,3.100,3.100,3.100,3.100
14,2023,490,1463,SE,56008008,5600,8008,Sweden,Djurkliniken Sandviken,Djurkliniken Sandvik,Vets,Small animal,Sweden,Sweden,Vet FTE,BDQTY,2023,2.750,2.750,2.750,2.750,2.750,2.750,2.750,2.750,2.750,2.750,2.750,2.750
14,2023,490,1464,SE,56008009,5600,8009,Sweden,Djurkliniken Åkersberga,Djurkliniken Åkersbe,Vets,Small animal,Sweden,Sweden,Nurse FTE,AQ,2023,8.080,9.040,8.910,8.580,8.230,8.030,8.440,8.330,8.500,8.760,8.410,8.550
14,2023,490,1464,SE,56008009,5600,8009,Sweden,Djurkliniken Åkersberga,Djurkliniken Åkersbe,Vets,Small animal,Sweden,Sweden,Nurse FTE,BDQTY,2023,5.020,5.020,5.020,5.020,5.020,5.020,5.020,5.020,5.270,5.740,5.220,5.020
14,2023,490,1464,SE,56008009,5600,8009,Sweden,Djurkliniken Åkersberga,Djurkliniken Åkersbe,Vets,Small animal,Sweden,Sweden,Support FTE,AQ,2023,1.000,1.000,1.000,0.710,0.500,0.500,0.500,0.500,0.500,0.500,0.600,1.000
14,2023,490,1464,SE,56008009,5600,8009,Sweden,Djurkliniken Åkersberga,Djurkliniken Åkersbe,Vets,Small animal,Sweden,Sweden,Support FTE,BDQTY,2023,0.000,0.000,0.000,0.000,0.000,0.000,0.000,0.000,0.080,0.000,0.000,0.000
14,2023,490,1464,SE,56008009,5600,8009,Sweden,Djurkliniken Åkersberga,Djurkliniken Åkersbe,Vets,Small animal,Sweden,Sweden,Vet FTE,AQ,2023,4.700,4.650,4.490,4.680,4.220,3.400,3.680,3.360,4.060,4.400,3.480,2.730
14,2023,490,1464,SE,56008009,5600,8009,Sweden,Djurkliniken Åkersberga,Djurkliniken Åkersbe,Vets,Small animal,Sweden,Sweden,Vet FTE,BDQTY,2023,4.100,4.100,4.100,4.100,4.100,4.100,4.100,4.100,4.100,4.100,4.100,4.100
14,2023,490,1465,SE,56008010,5600,8010,Sweden,Djursjukhuset Södra,Djursjukhuset Södra,Vets,Small animal,Sweden,Sweden,Locum Vet FTE,AQ,2023,1.690,3.470,3.470,5.010,2.880,3.730,2.520,6.090,3.810,3.240,0.000,0.000
14,2023,490,1465,SE,56008010,5600,8010,Sweden,Djursjukhuset Södra,Djursjukhuset Södra,Vets,Small animal,Sweden,Sweden,Nurse FTE,AQ,2023,100.230,96.420,95.410,97.220,102.270,103.780,102.240,112.240,115.510,117.060,114.300,114.560
14,2023,490,1465,SE,56008010,5600,8010,Sweden,Djursjukhuset Södra,Djursjukhuset Södra,Vets,Small animal,Sweden,Sweden,Nurse FTE,BDQTY,2023,75.830,75.830,81.840,89.730,95.730,95.730,97.730,97.730,105.800,109.020,106.850,101.730
14,2023,490,1465,SE,56008010,5600,8010,Sweden,Djursjukhuset Södra,Djursjukhuset Södra,Vets,Small animal,Sweden,Sweden,Support FTE,AQ,2023,23.080,22.110,23.840,21.270,21.670,22.070,22.290,23.940,24.600,24.330,22.650,21.800
14,2023,490,1465,SE,56008010,5600,8010,Sweden,Djursjukhuset Södra,Djursjukhuset Södra,Vets,Small animal,Sweden,Sweden,Support FTE,BDQTY,2023,23.630,23.630,24.630,24.630,25.630,25.630,26.630,26.630,28.260,28.490,27.880,27.630
14,2023,490,1465,SE,56008010,5600,8010,Sweden,Djursjukhuset Södra,Djursjukhuset Södra,Vets,Small animal,Sweden,Sweden,Vet FTE,AQ,2023,73.120,72.480,75.610,82.130,83.880,89.400,87.780,89.260,89.250,85.230,86.860,95.560
14,2023,490,1465,SE,56008010,5600,8010,Sweden,Djursjukhuset Södra,Djursjukhuset Södra,Vets,Small animal,Sweden,Sweden,Vet FTE,BDQTY,2023,60.250,61.200,61.250,61.250,64.250,64.250,65.250,65.250,67.250,67.250,67.490,67.250
14,2023,490,1466,SE,56008011,5600,8011,Sweden,Djursjukhuset Västerort,Djursjukhuset Väster,Vets,Small animal,Sweden,Sweden,Locum Vet FTE,AQ,2023,0.090,0.250,0.250,0.070,0.060,0.100,0.000,0.000,0.180,0.110,0.000,0.000
14,2023,490,1466,SE,56008011,5600,8011,Sweden,Djursjukhuset Västerort,Djursjukhuset Väster,Vets,Small animal,Sweden,Sweden,Nurse FTE,AQ,2023,13.130,10.840,9.620,10.790,9.580,9.670,9.150,9.130,10.170,9.920,9.760,10.820
14,2023,490,1466,SE,56008011,5600,8011,Sweden,Djursjukhuset Västerort,Djursjukhuset Väster,Vets,Small animal,Sweden,Sweden,Nurse FTE,BDQTY,2023,7.960,7.960,7.960,7.960,7.960,7.960,7.960,7.960,9.460,10.960,9.460,7.960
14,2023,490,1466,SE,56008011,5600,8011,Sweden,Djursjukhuset Västerort,Djursjukhuset Väster,Vets,Small animal,Sweden,Sweden,Support FTE,AQ,2023,3.630,3.630,3.510,3.580,3.630,3.560,3.470,3.460,3.580,3.630,3.470,3.630
14,2023,490,1466,SE,56008011,5600,8011,Sweden,Djursjukhuset Västerort,Djursjukhuset Väster,Vets,Small animal,Sweden,Sweden,Support FTE,BDQTY,2023,3.630,3.630,3.630,3.630,3.630,3.630,3.630,3.630,3.630,3.630,3.630,3.630
14,2023,490,1466,SE,56008011,5600,8011,Sweden,Djursjukhuset Västerort,Djursjukhuset Väster,Vets,Small animal,Sweden,Sweden,Vet FTE,AQ,2023,4.570,4.250,4.560,4.680,4.530,5.870,6.880,7.350,8.150,7.970,7.540,7.950
14,2023,490,1466,SE,56008011,5600,8011,Sweden,Djursjukhuset Västerort,Djursjukhuset Väster,Vets,Small animal,Sweden,Sweden,Vet FTE,BDQTY,2023,9.400,9.400,9.400,10.150,10.150,10.150,10.150,10.150,10.650,11.150,10.650,10.150
14,2023,490,1467,SE,56008012,5600,8012,Sweden,Djurdoktorn Mälardalen,Djurdoktorn Mälardal,Vets,Small animal,Sweden,Sweden,Nurse FTE,AQ,2023,4.340,4.190,4.390,4.440,4.350,4.440,5.310,4.100,3.850,3.650,4.490,4.500
14,2023,490,1467,SE,56008012,5600,8012,Sweden,Djurdoktorn Mälardalen,Djurdoktorn Mälardal,Vets,Small animal,Sweden,Sweden,Nurse FTE,BDQTY,2023,4.420,4.420,4.420,4.420,4.420,4.420,4.420,4.420,4.770,5.940,5.370,4.920
14,2023,490,1467,SE,56008012,5600,8012,Sweden,Djurdoktorn Mälardalen,Djurdoktorn Mälardal,Vets,Small animal,Sweden,Sweden,Vet FTE,AQ,2023,1.650,1.600,1.650,1.660,1.990,1.390,1.460,1.460,1.840,1.510,1.270,1.560
14,2023,490,1467,SE,56008012,5600,8012,Sweden,Djurdoktorn Mälardalen,Djurdoktorn Mälardal,Vets,Small animal,Sweden,Sweden,Vet FTE,BDQTY,2023,3.450,3.450,3.450,3.450,3.450,3.050,3.550,3.550,3.550,3.550,3.550,3.550
14,2023,490,1468,SE,56008013,5600,8013,Sweden,Djurkliniken Eskilstuna,Djurkliniken Eskilst,Vets,Small animal,Sweden,Sweden,Nurse FTE,AQ,2023,7.920,7.170,7.160,6.630,5.950,5.720,5.940,5.870,7.480,8.390,6.940,7.570
14,2023,490,1468,SE,56008013,5600,8013,Sweden,Djurkliniken Eskilstuna,Djurkliniken Eskilst,Vets,Small animal,Sweden,Sweden,Nurse FTE,BDQTY,2023,5.050,5.050,5.050,5.050,5.050,5.050,5.050,5.050,6.620,7.250,5.910,5.050
14,2023,490,1468,SE,56008013,5600,8013,Sweden,Djurkliniken Eskilstuna,Djurkliniken Eskilst,Vets,Small animal,Sweden,Sweden,Support FTE,AQ,2023,1.500,1.500,1.370,1.500,1.420,1.420,1.500,1.450,1.420,1.500,1.500,1.500
14,2023,490,1468,SE,56008013,5600,8013,Sweden,Djurkliniken Eskilstuna,Djurkliniken Eskilst,Vets,Small animal,Sweden,Sweden,Support FTE,BDQTY,2023,1.500,1.500,1.500,1.500,1.500,1.500,1.500,1.500,1.500,1.500,1.500,1.500
14,2023,490,1468,SE,56008013,5600,8013,Sweden,Djurkliniken Eskilstuna,Djurkliniken Eskilst,Vets,Small animal,Sweden,Sweden,Vet FTE,AQ,2023,2.700,2.680,2.700,2.700,4.080,4.430,5.440,5.010,5.280,5.230,5.190,5.500
14,2023,490,1468,SE,56008013,5600,8013,Sweden,Djurkliniken Eskilstuna,Djurkliniken Eskilst,Vets,Small animal,Sweden,Sweden,Vet FTE,BDQTY,2023,2.700,3.200,3.200,3.200,3.200,3.200,3.200,3.200,3.700,3.700,3.700,3.700
14,2023,490,1469,SE,56008014,5600,8014,Sweden,Djurkliniken Köping,Djurkliniken Köping,Vets,Small animal,Sweden,Sweden,Nurse FTE,AQ,2023,3.750,3.750,3.700,3.630,3.580,3.890,3.840,3.610,3.700,4.100,3.980,3.900
14,2023,490,1469,SE,56008014,5600,8014,Sweden,Djurkliniken Köping,Djurkliniken Köping,Vets,Small animal,Sweden,Sweden,Nurse FTE,BDQTY,2023,4.150,4.150,4.150,4.150,4.150,4.150,4.150,4.150,4.850,4.850,4.650,4.150
14,2023,490,1469,SE,56008014,5600,8014,Sweden,Djurkliniken Köping,Djurkliniken Köping,Vets,Small animal,Sweden,Sweden,Vet FTE,AQ,2023,0.800,0.800,1.180,1.180,1.200,1.040,1.170,1.200,2.100,2.120,1.490,2.250
14,2023,490,1469,SE,56008014,5600,8014,Sweden,Djurkliniken Köping,Djurkliniken Köping,Vets,Small animal,Sweden,Sweden,Vet FTE,BDQTY,2023,1.200,1.200,1.200,1.200,1.200,1.200,1.200,1.200,1.200,1.200,1.200,1.200
14,2023,490,1470,SE,56008015,5600,8015,Sweden,Djurkliniken Västerås,Djurkliniken Västerå,Vets,Small animal,Sweden,Sweden,Nurse FTE,AQ,2023,9.610,9.730,8.930,8.930,8.670,10.190,9.320,9.740,10.700,10.440,9.980,9.290
14,2023,490,1470,SE,56008015,5600,8015,Sweden,Djurkliniken Västerås,Djurkliniken Västerå,Vets,Small animal,Sweden,Sweden,Nurse FTE,BDQTY,2023,8.700,8.700,8.700,8.700,8.700,8.700,8.700,8.700,9.830,11.220,9.700,8.700
14,2023,490,1470,SE,56008015,5600,8015,Sweden,Djurkliniken Västerås,Djurkliniken Västerå,Vets,Small animal,Sweden,Sweden,Support FTE,BDQTY,2023,0.100,0.100,0.100,0.100,0.100,0.100,0.100,0.100,0.100,0.100,0.100,0.100
14,2023,490,1470,SE,56008015,5600,8015,Sweden,Djurkliniken Västerås,Djurkliniken Västerå,Vets,Small animal,Sweden,Sweden,Vet FTE,AQ,2023,4.980,4.500,4.360,4.760,4.830,5.720,5.270,5.300,5.330,5.110,5.300,5.350
14,2023,490,1470,SE,56008015,5600,8015,Sweden,Djurkliniken Västerås,Djurkliniken Västerå,Vets,Small animal,Sweden,Sweden,Vet FTE,BDQTY,2023,5.000,5.000,5.000,5.000,5.000,5.000,5.000,5.000,5.000,5.000,5.000,5.000
14,2023,490,1471,SE,56008016,5600,8016,Sweden,Specialistdjursjukhuset Ströms,Specialistdjursjukhu,Vets,Small animal,Sweden,Sweden,Locum Vet FTE,AQ,2023,0.400,0.590,0.590,0.280,0.630,0.280,0.300,0.280,0.000,0.280,0.000,0.000
14,2023,490,1471,SE,56008016,5600,8016,Sweden,Specialistdjursjukhuset Ströms,Specialistdjursjukhu,Vets,Small animal,Sweden,Sweden,Nurse FTE,AQ,2023,86.170,81.950,80.150,84.120,80.770,80.550,80.440,79.050,88.270,91.880,88.510,85.190
14,2023,490,1471,SE,56008016,5600,8016,Sweden,Specialistdjursjukhuset Ströms,Specialistdjursjukhu,Vets,Small animal,Sweden,Sweden,Nurse FTE,BDQTY,2023,74.180,74.180,74.180,75.180,75.180,75.180,75.180,75.180,83.180,86.180,81.180,77.180
14,2023,490,1471,SE,56008016,5600,8016,Sweden,Specialistdjursjukhuset Ströms,Specialistdjursjukhu,Vets,Small animal,Sweden,Sweden,Support FTE,AQ,2023,32.910,32.070,31.080,31.130,28.950,30.140,28.900,28.730,28.900,29.100,27.350,29.020
14,2023,490,1471,SE,56008016,5600,8016,Sweden,Specialistdjursjukhuset Ströms,Specialistdjursjukhu,Vets,Small animal,Sweden,Sweden,Support FTE,BDQTY,2023,26.150,26.150,26.150,27.150,27.150,27.150,27.150,27.150,29.150,30.150,29.150,27.950
14,2023,490,1471,SE,56008016,5600,8016,Sweden,Specialistdjursjukhuset Ströms,Specialistdjursjukhu,Vets,Small animal,Sweden,Sweden,Vet FTE,AQ,2023,37.850,38.500,36.070,34.950,37.570,41.120,43.480,45.550,45.720,45.140,46.460,49.870
14,2023,490,1471,SE,56008016,5600,8016,Sweden,Specialistdjursjukhuset Ströms,Specialistdjursjukhu,Vets,Small animal,Sweden,Sweden,Vet FTE,BDQTY,2023,40.060,40.060,40.060,44.860,44.860,44.860,44.860,45.260,46.760,47.760,47.760,47.860
14,2023,490,1472,SE,56008017,5600,8017,Sweden,Djurkliniken Karlskoga,Djurkliniken Karlsko,Vets,Small animal,Sweden,Sweden,Nurse FTE,AQ,2023,13.590,15.110,13.200,12.820,12.190,12.190,12.500,12.590,13.030,13.940,12.040,13.340
14,2023,490,1472,SE,56008017,5600,8017,Sweden,Djurkliniken Karlskoga,Djurkliniken Karlsko,Vets,Small animal,Sweden,Sweden,Nurse FTE,BDQTY,2023,13.050,12.550,12.550,13.350,13.350,13.350,13.350,13.350,14.380,15.190,15.720,13.350
14,2023,490,1472,SE,56008017,5600,8017,Sweden,Djurkliniken Karlskoga,Djurkliniken Karlsko,Vets,Small animal,Sweden,Sweden,Vet FTE,AQ,2023,6.390,6.320,7.020,6.520,6.670,6.990,6.850,6.830,6.980,7.160,6.090,8.290
14,2023,490,1472,SE,56008017,5600,8017,Sweden,Djurkliniken Karlskoga,Djurkliniken Karlsko,Vets,Small animal,Sweden,Sweden,Vet FTE,BDQTY,2023,5.490,5.490,5.490,5.490,5.490,5.490,5.490,5.490,5.490,5.490,5.490,6.290
14,2023,490,1473,SE,56008018,5600,8018,Sweden,Djursjukhuset Karlstad,Djursjukhuset Karlst,Vets,Small animal,Sweden,Sweden,Locum Vet FTE,AQ,2023,0.160,0.000,0.000,0.300,0.000,0.000,0.000,0.050,0.010,0.030,0.000,0.000
14,2023,490,1473,SE,56008018,5600,8018,Sweden,Djursjukhuset Karlstad,Djursjukhuset Karlst,Vets,Small animal,Sweden,Sweden,Nurse FTE,AQ,2023,21.240,20.340,20.850,20.830,21.000,22.640,22.550,22.590,23.870,23.830,23.070,23.010
14,2023,490,1473,SE,56008018,5600,8018,Sweden,Djursjukhuset Karlstad,Djursjukhuset Karlst,Vets,Small animal,Sweden,Sweden,Nurse FTE,BDQTY,2023,21.150,21.150,21.150,20.400,20.400,21.400,21.400,21.400,24.400,27.400,24.400,21.400
14,2023,490,1473,SE,56008018,5600,8018,Sweden,Djursjukhuset Karlstad,Djursjukhuset Karlst,Vets,Small animal,Sweden,Sweden,Support FTE,AQ,2023,8.000,7.670,7.150,8.940,9.320,8.460,8.610,8.630,9.230,9.310,9.050,8.550
14,2023,490,1473,SE,56008018,5600,8018,Sweden,Djursjukhuset Karlstad,Djursjukhuset Karlst,Vets,Small animal,Sweden,Sweden,Support FTE,BDQTY,2023,9.350,9.350,9.350,9.350,10.350,10.350,10.350,10.350,10.350,10.350,10.350,10.350
14,2023,490,1473,SE,56008018,5600,8018,Sweden,Djursjukhuset Karlstad,Djursjukhuset Karlst,Vets,Small animal,Sweden,Sweden,Vet FTE,AQ,2023,13.420,13.720,13.550,14.250,14.400,14.670,15.430,16.060,13.820,13.890,15.690,17.700
14,2023,490,1473,SE,56008018,5600,8018,Sweden,Djursjukhuset Karlstad,Djursjukhuset Karlst,Vets,Small animal,Sweden,Sweden,Vet FTE,BDQTY,2023,13.600,13.600,13.600,14.400,14.400,14.400,14.400,14.400,15.400,16.400,15.400,14.400
14,2023,490,1474,SE,56008019,5600,8019,Sweden,Djurkliniken Norrköping,Djurkliniken Norrköp,Vets,Small animal,Sweden,Sweden,Locum Vet FTE,AQ,2023,0.180,0.160,0.160,0.000,0.140,0.000,0.000,0.000,0.000,0.000,0.000,0.000
14,2023,490,1474,SE,56008019,5600,8019,Sweden,Djurkliniken Norrköping,Djurkliniken Norrköp,Vets,Small animal,Sweden,Sweden,Nurse FTE,AQ,2023,11.800,11.080,10.690,11.240,11.090,11.110,10.240,10.380,12.020,12.400,12.900,9.800
14,2023,490,1474,SE,56008019,5600,8019,Sweden,Djurkliniken Norrköping,Djurkliniken Norrköp,Vets,Small animal,Sweden,Sweden,Nurse FTE,BDQTY,2023,10.070,10.070,10.070,10.070,10.070,10.070,10.070,10.070,11.600,12.230,11.020,10.070
14,2023,490,1474,SE,56008019,5600,8019,Sweden,Djurkliniken Norrköping,Djurkliniken Norrköp,Vets,Small animal,Sweden,Sweden,Support FTE,AQ,2023,1.450,1.780,1.680,1.800,1.800,1.790,1.800,1.800,1.800,1.800,0.950,2.000
14,2023,490,1474,SE,56008019,5600,8019,Sweden,Djurkliniken Norrköping,Djurkliniken Norrköp,Vets,Small animal,Sweden,Sweden,Support FTE,BDQTY,2023,1.000,1.000,1.000,1.000,1.000,1.000,1.000,1.000,1.000,1.000,1.000,1.000
14,2023,490,1474,SE,56008019,5600,8019,Sweden,Djurkliniken Norrköping,Djurkliniken Norrköp,Vets,Small animal,Sweden,Sweden,Vet FTE,AQ,2023,4.800,4.600,4.390,4.440,4.630,4.590,3.770,3.510,3.650,3.540,3.570,3.800
14,2023,490,1474,SE,56008019,5600,8019,Sweden,Djurkliniken Norrköping,Djurkliniken Norrköp,Vets,Small animal,Sweden,Sweden,Vet FTE,BDQTY,2023,4.300,4.300,4.300,4.300,4.300,4.300,4.300,4.300,4.300,4.340,4.300,4.300
14,2023,490,1475,SE,56008020,5600,8020,Sweden,"Djursjukhus Valla, Linköping","Djursjukhus Valla, L",Vets,Small animal,Sweden,Sweden,Locum Vet FTE,AQ,2023,0.070,0.000,0.000,0.100,0.080,0.060,0.000,0.140,0.000,0.000,0.000,0.000
14,2023,490,1475,SE,56008020,5600,8020,Sweden,"Djursjukhus Valla, Linköping","Djursjukhus Valla, L",Vets,Small animal,Sweden,Sweden,Nurse FTE,AQ,2023,40.190,38.650,37.960,39.770,40.190,41.330,39.980,40.900,50.210,50.140,45.550,43.290
14,2023,490,1475,SE,56008020,5600,8020,Sweden,"Djursjukhus Valla, Linköping","Djursjukhus Valla, L",Vets,Small animal,Sweden,Sweden,Nurse FTE,BDQTY,2023,33.220,33.220,33.220,33.220,33.220,33.220,33.220,33.220,38.590,43.110,39.460,33.220
14,2023,490,1475,SE,56008020,5600,8020,Sweden,"Djursjukhus Valla, Linköping","Djursjukhus Valla, L",Vets,Small animal,Sweden,Sweden,Support FTE,AQ,2023,15.720,15.450,14.940,14.940,14.910,14.680,14.920,14.840,15.870,16.470,15.860,16.270
14,2023,490,1475,SE,56008020,5600,8020,Sweden,"Djursjukhus Valla, Linköping","Djursjukhus Valla, L",Vets,Small animal,Sweden,Sweden,Support FTE,BDQTY,2023,15.620,15.620,15.620,15.620,15.620,15.620,15.620,15.620,15.620,15.620,15.620,15.620
14,2023,490,1475,SE,56008020,5600,8020,Sweden,"Djursjukhus Valla, Linköping","Djursjukhus Valla, L",Vets,Small animal,Sweden,Sweden,Vet FTE,AQ,2023,19.000,18.490,18.190,20.950,20.420,21.080,22.270,22.330,22.250,23.190,22.310,23.900
14,2023,490,1475,SE,56008020,5600,8020,Sweden,"Djursjukhus Valla, Linköping","Djursjukhus Valla, L",Vets,Small animal,Sweden,Sweden,Vet FTE,BDQTY,2023,20.500,20.500,20.500,20.500,20.500,20.500,20.500,20.500,20.500,20.500,20.500,20.500
14,2023,490,1476,SE,56008021,5600,8021,Sweden,Djurkliniken Frölunda,Djurkliniken Frölund,Vets,Small animal,Sweden,Sweden,Locum Vet FTE,AQ,2023,0.000,0.030,0.030,0.000,0.000,0.000,0.000,0.000,0.000,0.000,0.000,0.000
14,2023,490,1476,SE,56008021,5600,8021,Sweden,Djurkliniken Frölunda,Djurkliniken Frölund,Vets,Small animal,Sweden,Sweden,Nurse FTE,AQ,2023,3.090,3.040,3.300,3.200,3.160,3.180,3.190,3.090,3.020,4.480,3.600,3.150
14,2023,490,1476,SE,56008021,5600,8021,Sweden,Djurkliniken Frölunda,Djurkliniken Frölund,Vets,Small animal,Sweden,Sweden,Nurse FTE,BDQTY,2023,4.400,4.400,4.400,4.400,4.400,4.400,4.400,4.400,5.380,5.600,4.780,4.400
14,2023,490,1476,SE,56008021,5600,8021,Sweden,Djurkliniken Frölunda,Djurkliniken Frölund,Vets,Small animal,Sweden,Sweden,Support FTE,AQ,2023,1.220,1.460,1.220,1.420,1.450,1.490,1.550,0.850,0.850,0.850,0.810,0.850
14,2023,490,1476,SE,56008021,5600,8021,Sweden,Djurkliniken Frölunda,Djurkliniken Frölund,Vets,Small animal,Sweden,Sweden,Support FTE,BDQTY,2023,0.600,0.600,0.600,0.600,0.600,0.600,0.600,0.600,0.600,0.600,0.600,0.600
14,2023,490,1476,SE,56008021,5600,8021,Sweden,Djurkliniken Frölunda,Djurkliniken Frölund,Vets,Small animal,Sweden,Sweden,Vet FTE,AQ,2023,2.990,2.920,3.340,3.400,3.590,2.640,3.640,3.260,3.350,3.350,3.420,3.730
14,2023,490,1476,SE,56008021,5600,8021,Sweden,Djurkliniken Frölunda,Djurkliniken Frölund,Vets,Small animal,Sweden,Sweden,Vet FTE,BDQTY,2023,2.550,2.550,2.550,2.550,2.550,2.550,2.550,2.550,2.550,2.550,2.550,2.550
14,2023,490,1477,SE,56008022,5600,8022,Sweden,Djurkliniken Kungälv,Djurkliniken Kungälv,Vets,Small animal,Sweden,Sweden,Nurse FTE,AQ,2023,6.540,6.350,6.100,6.580,5.880,5.540,6.340,6.330,7.890,8.720,7.890,6.850
14,2023,490,1477,SE,56008022,5600,8022,Sweden,Djurkliniken Kungälv,Djurkliniken Kungälv,Vets,Small animal,Sweden,Sweden,Nurse FTE,BDQTY,2023,6.500,6.500,6.500,6.500,6.500,6.500,6.500,6.500,8.030,8.740,7.380,6.500
14,2023,490,1477,SE,56008022,5600,8022,Sweden,Djurkliniken Kungälv,Djurkliniken Kungälv,Vets,Small animal,Sweden,Sweden,Support FTE,AQ,2023,3.900,3.820,3.830,3.860,3.850,3.900,3.750,3.830,3.840,3.700,3.400,3.900
14,2023,490,1477,SE,56008022,5600,8022,Sweden,Djurkliniken Kungälv,Djurkliniken Kungälv,Vets,Small animal,Sweden,Sweden,Support FTE,BDQTY,2023,3.900,3.900,3.900,3.900,3.900,3.900,3.900,3.900,3.900,3.900,3.900,3.900
14,2023,490,1477,SE,56008022,5600,8022,Sweden,Djurkliniken Kungälv,Djurkliniken Kungälv,Vets,Small animal,Sweden,Sweden,Vet FTE,AQ,2023,6.300,7.420,6.400,5.460,6.960,5.820,6.160,6.250,5.750,5.220,5.720,6.050
14,2023,490,1477,SE,56008022,5600,8022,Sweden,Djurkliniken Kungälv,Djurkliniken Kungälv,Vets,Small animal,Sweden,Sweden,Vet FTE,BDQTY,2023,6.950,6.950,6.950,6.950,6.950,6.950,6.950,6.950,6.950,6.950,6.950,6.950
14,2023,490,1478,SE,56008023,5600,8023,Sweden,Djurkliniken Kållered,Djurkliniken Kållere,Vets,Small animal,Sweden,Sweden,Locum Vet FTE,AQ,2023,0.310,0.290,0.290,0.200,0.190,0.210,0.300,0.160,0.240,0.280,0.000,0.000
14,2023,490,1478,SE,56008023,5600,8023,Sweden,Djurkliniken Kållered,Djurkliniken Kållere,Vets,Small animal,Sweden,Sweden,Nurse FTE,AQ,2023,8.030,6.370,6.870,6.680,5.660,5.150,5.360,5.450,6.080,6.590,6.840,7.100
14,2023,490,1478,SE,56008023,5600,8023,Sweden,Djurkliniken Kållered,Djurkliniken Kållere,Vets,Small animal,Sweden,Sweden,Nurse FTE,BDQTY,2023,3.690,3.690,3.690,3.690,3.690,3.690,3.690,3.690,3.690,3.690,3.690,3.690
14,2023,490,1478,SE,56008023,5600,8023,Sweden,Djurkliniken Kållered,Djurkliniken Kållere,Vets,Small animal,Sweden,Sweden,Support FTE,AQ,2023,1.000,1.000,1.000,1.000,1.000,1.000,1.000,1.000,1.000,1.000,1.000,1.000
14,2023,490,1478,SE,56008023,5600,8023,Sweden,Djurkliniken Kållered,Djurkliniken Kållere,Vets,Small animal,Sweden,Sweden,Support FTE,BDQTY,2023,1.000,1.000,1.000,1.000,1.000,1.000,1.000,1.000,1.000,1.000,1.000,1.000
14,2023,490,1478,SE,56008023,5600,8023,Sweden,Djurkliniken Kållered,Djurkliniken Kållere,Vets,Small animal,Sweden,Sweden,Vet FTE,AQ,2023,2.360,2.100,1.930,1.500,2.620,2.800,2.780,2.740,2.600,2.850,2.760,2.850
14,2023,490,1478,SE,56008023,5600,8023,Sweden,Djurkliniken Kållered,Djurkliniken Kållere,Vets,Small animal,Sweden,Sweden,Vet FTE,BDQTY,2023,3.050,3.050,3.050,3.050,3.050,3.050,3.050,3.050,3.050,3.050,3.150,3.150
14,2023,490,1479,SE,56008024,5600,8024,Sweden,Djurkliniken Mölndal,Djurkliniken Mölndal,Vets,Small animal,Sweden,Sweden,Nurse FTE,AQ,2023,3.330,2.780,3.040,4.160,4.520,4.590,4.740,4.240,4.640,4.630,4.580,4.750
14,2023,490,1479,SE,56008024,5600,8024,Sweden,Djurkliniken Mölndal,Djurkliniken Mölndal,Vets,Small animal,Sweden,Sweden,Nurse FTE,BDQTY,2023,3.130,3.130,3.130,3.130,3.130,3.130,3.130,3.130,3.480,3.530,3.880,3.130
14,2023,490,1479,SE,56008024,5600,8024,Sweden,Djurkliniken Mölndal,Djurkliniken Mölndal,Vets,Small animal,Sweden,Sweden,Support FTE,AQ,2023,0.650,0.450,0.550,0.610,0.560,0.420,0.450,0.460,0.500,0.500,0.360,0.500
14,2023,490,1479,SE,56008024,5600,8024,Sweden,Djurkliniken Mölndal,Djurkliniken Mölndal,Vets,Small animal,Sweden,Sweden,Support FTE,BDQTY,2023,0.650,0.650,0.650,0.650,0.650,0.650,0.650,0.650,0.650,0.650,0.650,0.650
14,2023,490,1479,SE,56008024,5600,8024,Sweden,Djurkliniken Mölndal,Djurkliniken Mölndal,Vets,Small animal,Sweden,Sweden,Vet FTE,AQ,2023,4.000,3.830,3.680,3.680,3.680,3.730,3.750,3.680,3.160,3.650,2.750,1.940
14,2023,490,1479,SE,56008024,5600,8024,Sweden,Djurkliniken Mölndal,Djurkliniken Mölndal,Vets,Small animal,Sweden,Sweden,Vet FTE,BDQTY,2023,3.700,3.700,3.700,3.700,3.700,3.700,3.700,3.700,3.700,3.700,3.700,3.700
14,2023,490,1481,SE,56008026,5600,8026,Sweden,Djursjukhuset Göteborg,Djursjukhuset Götebo,Vets,Small animal,Sweden,Sweden,Nurse FTE,AQ,2023,21.800,21.120,21.010,21.570,22.150,21.060,22.540,23.240,23.490,25.330,22.930,21.990
14,2023,490,1481,SE,56008026,5600,8026,Sweden,Djursjukhuset Göteborg,Djursjukhuset Götebo,Vets,Small animal,Sweden,Sweden,Nurse FTE,BDQTY,2023,14.950,14.950,14.950,15.950,15.950,15.950,15.950,15.950,18.910,19.750,17.500,15.950
14,2023,490,1481,SE,56008026,5600,8026,Sweden,Djursjukhuset Göteborg,Djursjukhuset Götebo,Vets,Small animal,Sweden,Sweden,Support FTE,AQ,2023,15.610,14.660,13.800,14.680,14.470,14.860,13.770,15.010,15.270,15.500,14.530,13.000
14,2023,490,1481,SE,56008026,5600,8026,Sweden,Djursjukhuset Göteborg,Djursjukhuset Götebo,Vets,Small animal,Sweden,Sweden,Support FTE,BDQTY,2023,10.800,10.800,10.800,10.800,10.800,10.800,10.800,10.800,11.400,11.400,11.400,10.800
14,2023,490,1481,SE,56008026,5600,8026,Sweden,Djursjukhuset Göteborg,Djursjukhuset Götebo,Vets,Small animal,Sweden,Sweden,Vet FTE,AQ,2023,23.620,21.500,20.890,20.420,19.200,19.400,19.670,19.330,20.290,18.870,17.260,19.700
14,2023,490,1481,SE,56008026,5600,8026,Sweden,Djursjukhuset Göteborg,Djursjukhuset Götebo,Vets,Small animal,Sweden,Sweden,Vet FTE,BDQTY,2023,16.100,16.100,16.100,17.100,17.100,17.100,17.100,17.100,17.900,17.860,17.240,17.100
14,2023,490,1482,SE,56008027,5600,8027,Sweden,Djursjukhuset Norra Halland,Djursjukhuset Norra,Vets,Small animal,Sweden,Sweden,Locum Vet FTE,AQ,2023,0.070,0.040,0.040,0.030,0.040,0.000,0.000,0.050,0.030,0.030,0.000,0.000
14,2023,490,1482,SE,56008027,5600,8027,Sweden,Djursjukhuset Norra Halland,Djursjukhuset Norra,Vets,Small animal,Sweden,Sweden,Nurse FTE,AQ,2023,11.770,10.680,10.330,10.160,10.890,9.790,11.040,9.860,10.570,10.740,10.200,10.600
14,2023,490,1482,SE,56008027,5600,8027,Sweden,Djursjukhuset Norra Halland,Djursjukhuset Norra,Vets,Small animal,Sweden,Sweden,Nurse FTE,BDQTY,2023,11.250,11.250,11.250,11.250,11.250,11.250,11.250,11.750,12.750,13.250,12.250,11.250
14,2023,490,1482,SE,56008027,5600,8027,Sweden,Djursjukhuset Norra Halland,Djursjukhuset Norra,Vets,Small animal,Sweden,Sweden,Support FTE,AQ,2023,3.800,3.690,3.550,3.700,3.680,3.690,4.080,4.510,4.480,4.500,4.530,4.600
14,2023,490,1482,SE,56008027,5600,8027,Sweden,Djursjukhuset Norra Halland,Djursjukhuset Norra,Vets,Small animal,Sweden,Sweden,Support FTE,BDQTY,2023,3.800,3.800,3.800,3.800,3.800,3.800,3.800,3.800,3.800,3.800,3.800,3.800
14,2023,490,1482,SE,56008027,5600,8027,Sweden,Djursjukhuset Norra Halland,Djursjukhuset Norra,Vets,Small animal,Sweden,Sweden,Vet FTE,AQ,2023,5.700,4.960,5.180,5.300,5.260,5.230,6.610,6.930,6.630,6.440,6.310,6.640
14,2023,490,1482,SE,56008027,5600,8027,Sweden,Djursjukhuset Norra Halland,Djursjukhuset Norra,Vets,Small animal,Sweden,Sweden,Vet FTE,BDQTY,2023,7.130,7.200,7.200,8.000,8.000,8.000,8.000,8.000,8.000,8.000,8.000,8.000
14,2023,490,1483,SE,56008028,5600,8028,Sweden,Djurkliniken Kristianstad,Djurkliniken Kristia,Vets,Small animal,Sweden,Sweden,Locum Vet FTE,AQ,2023,0.100,0.000,0.000,0.000,0.000,0.000,0.000,0.000,0.000,0.000,0.000,0.000
14,2023,490,1483,SE,56008028,5600,8028,Sweden,Djurkliniken Kristianstad,Djurkliniken Kristia,Vets,Small animal,Sweden,Sweden,Nurse FTE,AQ,2023,7.850,7.380,7.400,7.510,7.020,7.040,7.910,7.020,7.150,7.850,7.640,7.200
14,2023,490,1483,SE,56008028,5600,8028,Sweden,Djurkliniken Kristianstad,Djurkliniken Kristia,Vets,Small animal,Sweden,Sweden,Nurse FTE,BDQTY,2023,6.350,6.350,6.350,7.350,7.350,7.350,7.350,7.350,7.350,7.350,7.350,7.350
14,2023,490,1483,SE,56008028,5600,8028,Sweden,Djurkliniken Kristianstad,Djurkliniken Kristia,Vets,Small animal,Sweden,Sweden,Support FTE,AQ,2023,3.000,2.980,2.900,2.740,2.930,2.980,2.920,2.960,2.990,2.750,2.960,3.000
14,2023,490,1483,SE,56008028,5600,8028,Sweden,Djurkliniken Kristianstad,Djurkliniken Kristia,Vets,Small animal,Sweden,Sweden,Support FTE,BDQTY,2023,2.000,2.000,2.000,2.000,2.000,2.000,2.000,2.000,2.000,2.000,2.000,2.000
14,2023,490,1483,SE,56008028,5600,8028,Sweden,Djurkliniken Kristianstad,Djurkliniken Kristia,Vets,Small animal,Sweden,Sweden,Vet FTE,AQ,2023,5.400,4.650,4.690,4.450,4.330,4.490,4.290,5.750,5.220,5.460,5.060,6.280
14,2023,490,1483,SE,56008028,5600,8028,Sweden,Djurkliniken Kristianstad,Djurkliniken Kristia,Vets,Small animal,Sweden,Sweden,Vet FTE,BDQTY,2023,3.200,3.200,3.200,4.000,4.000,4.000,4.000,4.000,4.500,4.500,4.500,4.500
14,2023,490,1484,SE,56008029,5600,8029,Sweden,Djurkliniken Åhus,Djurkliniken Åhus,Vets,Small animal,Sweden,Sweden,Nurse FTE,BDQTY,2023,1.000,1.000,1.000,1.000,1.000,1.000,1.000,1.000,1.000,1.000,1.000,1.000
14,2023,490,1484,SE,56008029,5600,8029,Sweden,Djurkliniken Åhus,Djurkliniken Åhus,Vets,Small animal,Sweden,Sweden,Vet FTE,BDQTY,2023,0.800,0.800,0.800,0.800,0.800,0.800,0.800,0.800,0.800,0.800,0.800,0.800
14,2023,490,1485,SE,56008030,5600,8030,Sweden,Djursjukhuset Växjö,Djursjukhuset Växjö,Vets,Small animal,Sweden,Sweden,Nurse FTE,AQ,2023,19.050,18.290,17.590,17.920,18.280,17.400,18.630,18.430,19.960,23.550,21.680,19.600
14,2023,490,1485,SE,56008030,5600,8030,Sweden,Djursjukhuset Växjö,Djursjukhuset Växjö,Vets,Small animal,Sweden,Sweden,Nurse FTE,BDQTY,2023,16.800,16.800,16.800,16.300,16.300,16.300,16.300,16.300,16.300,16.300,16.300,16.300
14,2023,490,1485,SE,56008030,5600,8030,Sweden,Djursjukhuset Växjö,Djursjukhuset Växjö,Vets,Small animal,Sweden,Sweden,Support FTE,AQ,2023,6.600,6.510,6.580,5.860,5.580,6.660,6.620,6.700,7.870,9.510,8.020,6.900
14,2023,490,1485,SE,56008030,5600,8030,Sweden,Djursjukhuset Växjö,Djursjukhuset Växjö,Vets,Small animal,Sweden,Sweden,Support FTE,BDQTY,2023,5.400,5.400,5.400,5.400,5.400,5.400,5.400,5.400,5.400,5.400,5.400,5.400
14,2023,490,1485,SE,56008030,5600,8030,Sweden,Djursjukhuset Växjö,Djursjukhuset Växjö,Vets,Small animal,Sweden,Sweden,Vet FTE,AQ,2023,9.350,8.860,9.010,8.990,9.250,9.210,8.690,9.870,9.140,10.130,10.150,10.300
14,2023,490,1485,SE,56008030,5600,8030,Sweden,Djursjukhuset Växjö,Djursjukhuset Växjö,Vets,Small animal,Sweden,Sweden,Vet FTE,BDQTY,2023,10.100,10.100,10.100,10.100,10.100,10.100,10.100,10.100,10.100,10.100,10.100,10.100
14,2023,490,1486,SE,56008031,5600,8031,Sweden,HBG Specialistdjursjukhuset He,Specialistdjursjukhu,Vets,Small animal,Sweden,Sweden,Locum Vet FTE,AQ,2023,0.940,1.310,1.310,0.770,1.130,0.390,0.450,0.670,1.280,0.330,0.000,0.000
14,2023,490,1486,SE,56008031,5600,8031,Sweden,HBG Specialistdjursjukhuset He,Specialistdjursjukhu,Vets,Small animal,Sweden,Sweden,Nurse FTE,AQ,2023,59.640,55.650,55.770,55.480,51.800,52.140,50.230,51.520,58.520,60.150,57.910,47.270
14,2023,490,1486,SE,56008031,5600,8031,Sweden,HBG Specialistdjursjukhuset He,Specialistdjursjukhu,Vets,Small animal,Sweden,Sweden,Nurse FTE,BDQTY,2023,44.010,44.490,44.640,44.640,44.640,44.640,45.140,45.140,45.940,45.940,46.940,46.940
14,2023,490,1486,SE,56008031,5600,8031,Sweden,HBG Specialistdjursjukhuset He,Specialistdjursjukhu,Vets,Small animal,Sweden,Sweden,Support FTE,AQ,2023,26.970,25.100,25.880,25.990,25.070,25.710,24.200,25.790,26.210,27.030,25.280,25.200
14,2023,490,1486,SE,56008031,5600,8031,Sweden,HBG Specialistdjursjukhuset He,Specialistdjursjukhu,Vets,Small animal,Sweden,Sweden,Support FTE,BDQTY,2023,25.270,25.270,25.270,25.270,25.270,25.270,25.270,25.270,25.270,25.270,25.270,25.270
14,2023,490,1486,SE,56008031,5600,8031,Sweden,HBG Specialistdjursjukhuset He,Specialistdjursjukhu,Vets,Small animal,Sweden,Sweden,Vet FTE,AQ,2023,34.490,33.120,32.210,33.260,32.730,32.720,32.700,32.630,32.680,33.680,33.020,33.360
14,2023,490,1486,SE,56008031,5600,8031,Sweden,HBG Specialistdjursjukhuset He,Specialistdjursjukhu,Vets,Small animal,Sweden,Sweden,Vet FTE,BDQTY,2023,28.270,28.270,28.270,28.520,28.520,28.520,28.520,28.520,28.720,28.720,28.220,28.520
14,2023,490,1487,SE,56008032,5600,8032,Sweden,Djurkliniken Höllviken,Djurkliniken Höllvik,Vets,Small animal,Sweden,Sweden,Locum Vet FTE,AQ,2023,0.030,0.000,0.000,0.000,0.030,0.030,0.000,0.000,0.000,0.000,0.000,0.000
14,2023,490,1487,SE,56008032,5600,8032,Sweden,Djurkliniken Höllviken,Djurkliniken Höllvik,Vets,Small animal,Sweden,Sweden,Nurse FTE,AQ,2023,4.310,4.650,4.460,4.080,3.940,4.590,3.810,3.870,4.410,4.930,4.430,3.600
14,2023,490,1487,SE,56008032,5600,8032,Sweden,Djurkliniken Höllviken,Djurkliniken Höllvik,Vets,Small animal,Sweden,Sweden,Nurse FTE,BDQTY,2023,4.350,4.350,4.350,4.350,4.350,4.350,4.350,4.350,4.850,4.850,4.850,4.350
14,2023,490,1487,SE,56008032,5600,8032,Sweden,Djurkliniken Höllviken,Djurkliniken Höllvik,Vets,Small animal,Sweden,Sweden,Support FTE,AQ,2023,2.180,2.020,1.860,2.050,1.910,2.190,1.730,2.070,1.870,1.750,1.000,1.000
14,2023,490,1487,SE,56008032,5600,8032,Sweden,Djurkliniken Höllviken,Djurkliniken Höllvik,Vets,Small animal,Sweden,Sweden,Support FTE,BDQTY,2023,1.250,1.250,1.250,1.250,1.250,1.250,1.250,1.250,2.250,2.250,2.250,1.250
14,2023,490,1487,SE,56008032,5600,8032,Sweden,Djurkliniken Höllviken,Djurkliniken Höllvik,Vets,Small animal,Sweden,Sweden,Vet FTE,AQ,2023,2.540,2.860,1.770,2.000,1.980,1.960,1.940,1.950,1.930,1.940,1.910,2.000
14,2023,490,1487,SE,56008032,5600,8032,Sweden,Djurkliniken Höllviken,Djurkliniken Höllvik,Vets,Small animal,Sweden,Sweden,Vet FTE,BDQTY,2023,2.600,2.600,2.600,2.600,2.600,2.600,2.600,2.600,2.600,3.100,3.100,2.600
14,2023,490,1488,SE,56008033,5600,8033,Sweden,Djurkliniken Trelleborg,Djurkliniken Trelleb,Vets,Small animal,Sweden,Sweden,Nurse FTE,AQ,2023,4.800,4.750,4.800,4.780,4.650,4.690,4.690,4.820,5.500,5.650,4.880,5.000
14,2023,490,1488,SE,56008033,5600,8033,Sweden,Djurkliniken Trelleborg,Djurkliniken Trelleb,Vets,Small animal,Sweden,Sweden,Nurse FTE,BDQTY,2023,5.000,5.000,5.750,5.750,5.000,5.000,5.000,5.000,6.000,6.000,6.000,5.000
14,2023,490,1488,SE,56008033,5600,8033,Sweden,Djurkliniken Trelleborg,Djurkliniken Trelleb,Vets,Small animal,Sweden,Sweden,Vet FTE,AQ,2023,1.800,1.800,1.730,1.800,1.800,1.800,1.520,1.800,1.800,1.800,1.800,1.800
14,2023,490,1488,SE,56008033,5600,8033,Sweden,Djurkliniken Trelleborg,Djurkliniken Trelleb,Vets,Small animal,Sweden,Sweden,Vet FTE,BDQTY,2023,1.800,1.800,2.550,2.550,1.800,1.800,1.800,1.800,2.800,2.800,2.800,1.800
14,2023,490,1489,SE,56008034,5600,8034,Sweden,Djurkliniken Ystad,Djurkliniken Ystad,Vets,Small animal,Sweden,Sweden,Nurse FTE,AQ,2023,6.300,6.090,5.960,6.180,5.450,8.420,6.400,6.380,7.700,7.650,7.270,6.400
14,2023,490,1489,SE,56008034,5600,8034,Sweden,Djurkliniken Ystad,Djurkliniken Ystad,Vets,Small animal,Sweden,Sweden,Nurse FTE,BDQTY,2023,7.450,7.450,7.450,6.450,6.450,6.450,6.450,6.450,7.650,9.050,7.750,6.450
14,2023,490,1489,SE,56008034,5600,8034,Sweden,Djurkliniken Ystad,Djurkliniken Ystad,Vets,Small animal,Sweden,Sweden,Support FTE,AQ,2023,1.210,1.070,1.330,1.130,1.360,1.690,1.000,1.090,1.020,1.660,2.330,2.000
14,2023,490,1489,SE,56008034,5600,8034,Sweden,Djurkliniken Ystad,Djurkliniken Ystad,Vets,Small animal,Sweden,Sweden,Support FTE,BDQTY,2023,1.000,1.000,1.000,1.000,1.000,1.000,1.000,1.000,1.000,1.000,1.000,1.000
14,2023,490,1489,SE,56008034,5600,8034,Sweden,Djurkliniken Ystad,Djurkliniken Ystad,Vets,Small animal,Sweden,Sweden,Vet FTE,AQ,2023,5.740,5.500,5.330,4.760,4.790,4.700,4.860,4.820,4.830,4.980,4.670,5.000
14,2023,490,1489,SE,56008034,5600,8034,Sweden,Djurkliniken Ystad,Djurkliniken Ystad,Vets,Small animal,Sweden,Sweden,Vet FTE,BDQTY,2023,3.600,3.600,3.600,3.600,3.600,3.600,3.600,3.600,3.950,4.100,3.950,3.600
14,2023,490,1490,SE,56008035,5600,8035,Sweden,Djurkliniken Staffanstorp,Djurkliniken Staffan,Vets,Small animal,Sweden,Sweden,Nurse FTE,AQ,2023,3.070,3.000,3.230,2.870,2.700,2.510,2.420,2.540,3.020,4.230,4.510,3.500
14,2023,490,1490,SE,56008035,5600,8035,Sweden,Djurkliniken Staffanstorp,Djurkliniken Staffan,Vets,Small animal,Sweden,Sweden,Nurse FTE,BDQTY,2023,2.000,2.000,2.300,2.000,2.000,2.000,2.000,2.000,2.500,3.000,2.700,2.000
14,2023,490,1490,SE,56008035,5600,8035,Sweden,Djurkliniken Staffanstorp,Djurkliniken Staffan,Vets,Small animal,Sweden,Sweden,Support FTE,AQ,2023,1.000,1.000,1.000,0.470,0.400,0.500,0.500,0.000,0.000,0.000,0.000,0.000
14,2023,490,1490,SE,56008035,5600,8035,Sweden,Djurkliniken Staffanstorp,Djurkliniken Staffan,Vets,Small animal,Sweden,Sweden,Support FTE,BDQTY,2023,1.000,1.000,1.000,1.000,1.000,1.000,1.000,1.000,1.000,1.000,1.000,1.000
14,2023,490,1490,SE,56008035,5600,8035,Sweden,Djurkliniken Staffanstorp,Djurkliniken Staffan,Vets,Small animal,Sweden,Sweden,Vet FTE,AQ,2023,1.700,1.700,1.580,1.700,1.650,1.660,1.460,1.580,0.810,1.960,1.350,0.900
14,2023,490,1490,SE,56008035,5600,8035,Sweden,Djurkliniken Staffanstorp,Djurkliniken Staffan,Vets,Small animal,Sweden,Sweden,Vet FTE,BDQTY,2023,1.800,1.800,1.800,1.800,1.800,1.800,1.800,1.800,1.800,1.800,1.800,1.800
14,2023,490,1491,SE,56008036,5600,8036,Sweden,Djursjukhuset Malmö,Djursjukhuset Malmö,Vets,Small animal,Sweden,Sweden,Locum Vet FTE,AQ,2023,0.420,0.950,0.950,1.960,0.340,0.520,1.750,1.510,0.500,2.030,0.000,0.000
14,2023,490,1491,SE,56008036,5600,8036,Sweden,Djursjukhuset Malmö,Djursjukhuset Malmö,Vets,Small animal,Sweden,Sweden,Nurse FTE,AQ,2023,53.870,52.460,49.970,50.150,49.350,52.220,50.060,52.610,54.690,59.880,56.990,53.040
14,2023,490,1491,SE,56008036,5600,8036,Sweden,Djursjukhuset Malmö,Djursjukhuset Malmö,Vets,Small animal,Sweden,Sweden,Nurse FTE,BDQTY,2023,45.530,45.530,45.530,48.980,48.980,48.980,48.980,48.980,55.560,59.680,56.960,48.980
14,2023,490,1491,SE,56008036,5600,8036,Sweden,Djursjukhuset Malmö,Djursjukhuset Malmö,Vets,Small animal,Sweden,Sweden,Support FTE,AQ,2023,25.850,26.530,25.660,28.740,25.790,25.090,25.040,24.850,27.640,29.080,30.500,28.150
14,2023,490,1491,SE,56008036,5600,8036,Sweden,Djursjukhuset Malmö,Djursjukhuset Malmö,Vets,Small animal,Sweden,Sweden,Support FTE,BDQTY,2023,23.910,23.910,23.910,23.910,23.910,23.910,23.910,23.910,25.520,25.960,26.290,23.910
14,2023,490,1491,SE,56008036,5600,8036,Sweden,Djursjukhuset Malmö,Djursjukhuset Malmö,Vets,Small animal,Sweden,Sweden,Vet FTE,AQ,2023,33.200,29.600,30.460,30.130,30.030,31.780,31.380,31.340,31.380,31.200,31.250,31.570
14,2023,490,1491,SE,56008036,5600,8036,Sweden,Djursjukhuset Malmö,Djursjukhuset Malmö,Vets,Small animal,Sweden,Sweden,Vet FTE,BDQTY,2023,33.250,33.250,33.250,33.250,33.250,33.250,33.250,33.250,34.250,34.250,34.250,33.250
14,2023,490,1505,SE,56008050,5600,8050,Sweden,Evidensia Smådjurskliniken Jön,Evidensia Smådjurskl,Vets,Small animal,Sweden,Sweden,Nurse FTE,AQ,2023,14.310,15.710,14.090,14.110,13.620,13.980,13.030,14.780,15.930,16.390,14.710,12.500
14,2023,490,1505,SE,56008050,5600,8050,Sweden,Evidensia Smådjurskliniken Jön,Evidensia Smådjurskl,Vets,Small animal,Sweden,Sweden,Nurse FTE,BDQTY,2023,13.050,13.050,13.050,13.650,13.650,13.850,13.850,13.850,15.660,16.850,15.430,13.850
14,2023,490,1505,SE,56008050,5600,8050,Sweden,Evidensia Smådjurskliniken Jön,Evidensia Smådjurskl,Vets,Small animal,Sweden,Sweden,Support FTE,AQ,2023,6.000,6.640,5.860,7.020,7.370,7.160,7.350,8.930,8.990,10.220,9.140,8.300
14,2023,490,1505,SE,56008050,5600,8050,Sweden,Evidensia Smådjurskliniken Jön,Evidensia Smådjurskl,Vets,Small animal,Sweden,Sweden,Support FTE,BDQTY,2023,5.750,5.750,5.750,5.750,5.750,5.750,5.750,5.750,5.750,5.750,5.750,5.750
14,2023,490,1505,SE,56008050,5600,8050,Sweden,Evidensia Smådjurskliniken Jön,Evidensia Smådjurskl,Vets,Small animal,Sweden,Sweden,Vet FTE,AQ,2023,9.060,8.820,8.570,8.940,9.510,9.310,10.300,10.350,11.180,10.140,10.130,11.300
14,2023,490,1505,SE,56008050,5600,8050,Sweden,Evidensia Smådjurskliniken Jön,Evidensia Smådjurskl,Vets,Small animal,Sweden,Sweden,Vet FTE,BDQTY,2023,8.100,8.100,8.100,8.100,8.100,8.100,8.100,8.100,8.610,9.030,8.840,8.100
14,2023,490,1506,SE,56008051,5600,8051,Sweden,Djursjukhuset Analysen Örebro,Djursjukhuset Analys,Vets,Small animal,Sweden,Sweden,Nurse FTE,AQ,2023,9.200,7.440,7.890,8.270,8.350,8.040,8.260,9.170,10.530,10.800,9.330,9.250
14,2023,490,1506,SE,56008051,5600,8051,Sweden,Djursjukhuset Analysen Örebro,Djursjukhuset Analys,Vets,Small animal,Sweden,Sweden,Nurse FTE,BDQTY,2023,7.490,7.490,7.490,7.490,7.490,7.490,7.490,7.490,8.490,9.490,8.490,7.490
14,2023,490,1506,SE,56008051,5600,8051,Sweden,Djursjukhuset Analysen Örebro,Djursjukhuset Analys,Vets,Small animal,Sweden,Sweden,Support FTE,AQ,2023,1.800,1.800,1.800,1.780,1.850,1.850,1.850,1.850,1.850,1.850,1.850,1.850
14,2023,490,1506,SE,56008051,5600,8051,Sweden,Djursjukhuset Analysen Örebro,Djursjukhuset Analys,Vets,Small animal,Sweden,Sweden,Support FTE,BDQTY,2023,1.000,1.000,1.000,1.000,1.000,1.000,1.000,1.000,1.000,1.000,1.000,1.000
14,2023,490,1506,SE,56008051,5600,8051,Sweden,Djursjukhuset Analysen Örebro,Djursjukhuset Analys,Vets,Small animal,Sweden,Sweden,Vet FTE,AQ,2023,5.800,5.010,4.580,5.330,5.030,5.310,5.570,5.680,6.400,6.710,5.570,6.310
14,2023,490,1506,SE,56008051,5600,8051,Sweden,Djursjukhuset Analysen Örebro,Djursjukhuset Analys,Vets,Small animal,Sweden,Sweden,Vet FTE,BDQTY,2023,5.650,5.650,5.650,5.650,5.650,5.650,5.650,5.650,5.650,5.650,5.650,5.650
14,2023,490,1507,SE,56008052,5600,8052,Sweden,Mälarhöjdens Veterinärpraktik,Mälarhöjdens Veterin,Vets,Small animal,Sweden,Sweden,Locum Vet FTE,AQ,2023,0.000,0.000,0.000,0.000,0.000,0.720,0.000,0.000,1.250,0.000,0.000,0.000
14,2023,490,1507,SE,56008052,5600,8052,Sweden,Mälarhöjdens Veterinärpraktik,Mälarhöjdens Veterin,Vets,Small animal,Sweden,Sweden,Nurse FTE,AQ,2023,4.000,3.840,3.700,3.690,3.690,3.720,3.850,4.140,4.410,6.460,4.970,5.000
14,2023,490,1507,SE,56008052,5600,8052,Sweden,Mälarhöjdens Veterinärpraktik,Mälarhöjdens Veterin,Vets,Small animal,Sweden,Sweden,Nurse FTE,BDQTY,2023,4.650,4.650,4.650,4.650,4.650,4.650,4.650,4.650,5.460,5.360,5.070,4.650
14,2023,490,1507,SE,56008052,5600,8052,Sweden,Mälarhöjdens Veterinärpraktik,Mälarhöjdens Veterin,Vets,Small animal,Sweden,Sweden,Support FTE,AQ,2023,1.000,1.000,0.950,1.000,1.000,1.000,1.000,1.000,1.000,1.000,0.960,1.000
14,2023,490,1507,SE,56008052,5600,8052,Sweden,Mälarhöjdens Veterinärpraktik,Mälarhöjdens Veterin,Vets,Small animal,Sweden,Sweden,Vet FTE,AQ,2023,3.700,3.760,3.170,4.650,3.230,4.190,4.070,4.000,4.000,4.000,3.000,4.000
14,2023,490,1507,SE,56008052,5600,8052,Sweden,Mälarhöjdens Veterinärpraktik,Mälarhöjdens Veterin,Vets,Small animal,Sweden,Sweden,Vet FTE,BDQTY,2023,5.150,5.150,5.150,5.150,5.150,5.150,5.150,5.150,5.150,5.150,5.150,5.150
14,2023,490,1518,SE,56008063,5600,8063,Sweden,Kullabygden,Kullabygden,Vets,Small animal,Sweden,Sweden,Locum Vet FTE,AQ,2023,0.000,0.000,0.000,0.000,0.050,0.000,0.000,0.000,0.000,0.000,0.000,0.000
14,2023,490,1518,SE,56008063,5600,8063,Sweden,Kullabygden,Kullabygden,Vets,Small animal,Sweden,Sweden,Nurse FTE,AQ,2023,4.440,4.330,4.380,4.190,3.980,4.390,3.970,4.610,3.840,4.530,4.310,4.450
14,2023,490,1518,SE,56008063,5600,8063,Sweden,Kullabygden,Kullabygden,Vets,Small animal,Sweden,Sweden,Nurse FTE,BDQTY,2023,2.300,2.300,2.300,2.300,2.300,2.300,2.300,2.300,2.300,2.300,2.300,2.300
14,2023,490,1518,SE,56008063,5600,8063,Sweden,Kullabygden,Kullabygden,Vets,Small animal,Sweden,Sweden,Support FTE,AQ,2023,2.700,2.660,2.600,2.600,2.090,2.700,1.700,1.700,1.610,1.700,1.700,1.700
14,2023,490,1518,SE,56008063,5600,8063,Sweden,Kullabygden,Kullabygden,Vets,Small animal,Sweden,Sweden,Support FTE,BDQTY,2023,2.700,2.700,2.700,2.700,2.700,2.700,2.700,3.200,3.200,3.200,3.200,3.200
14,2023,490,1518,SE,56008063,5600,8063,Sweden,Kullabygden,Kullabygden,Vets,Small animal,Sweden,Sweden,Vet FTE,AQ,2023,2.220,4.000,2.550,2.550,2.600,2.550,2.600,1.870,1.800,1.530,2.230,2.600
14,2023,490,1518,SE,56008063,5600,8063,Sweden,Kullabygden,Kullabygden,Vets,Small animal,Sweden,Sweden,Vet FTE,BDQTY,2023,2.800,2.800,2.800,2.800,2.800,2.800,2.800,2.800,2.800,2.800,2.800,2.800
14,2023,490,1520,SE,56008065,5600,8065,Sweden,Södra Berget Veterinärpraktik,Södra Berget Veterin,Vets,Small animal,Sweden,Sweden,Locum Vet FTE,AQ,2023,0.750,0.330,0.330,0.530,0.070,0.530,0.490,0.290,0.610,0.490,0.000,0.000
14,2023,490,1520,SE,56008065,5600,8065,Sweden,Södra Berget Veterinärpraktik,Södra Berget Veterin,Vets,Small animal,Sweden,Sweden,Nurse FTE,AQ,2023,17.390,16.440,17.080,19.830,18.600,18.730,17.910,17.160,19.630,22.750,22.520,19.440
14,2023,490,1520,SE,56008065,5600,8065,Sweden,Södra Berget Veterinärpraktik,Södra Berget Veterin,Vets,Small animal,Sweden,Sweden,Nurse FTE,BDQTY,2023,18.190,18.190,18.190,20.190,20.190,20.190,20.190,20.190,21.440,22.010,21.280,20.190
14,2023,490,1520,SE,56008065,5600,8065,Sweden,Södra Berget Veterinärpraktik,Södra Berget Veterin,Vets,Small animal,Sweden,Sweden,Support FTE,AQ,2023,7.940,7.520,7.790,6.780,6.790,6.080,6.840,7.710,6.700,6.900,6.930,5.970
14,2023,490,1520,SE,56008065,5600,8065,Sweden,Södra Berget Veterinärpraktik,Södra Berget Veterin,Vets,Small animal,Sweden,Sweden,Support FTE,BDQTY,2023,8.940,8.940,8.940,8.940,8.940,8.940,8.940,8.940,8.940,8.940,8.940,8.940
14,2023,490,1520,SE,56008065,5600,8065,Sweden,Södra Berget Veterinärpraktik,Södra Berget Veterin,Vets,Small animal,Sweden,Sweden,Vet FTE,AQ,2023,9.800,9.460,9.550,8.800,9.050,8.780,8.870,9.440,10.440,10.940,10.920,11.290
14,2023,490,1520,SE,56008065,5600,8065,Sweden,Södra Berget Veterinärpraktik,Södra Berget Veterin,Vets,Small animal,Sweden,Sweden,Vet FTE,BDQTY,2023,10.300,10.300,10.300,10.300,10.300,10.300,10.300,10.300,10.300,11.000,11.000,10.300
14,2023,490,1521,SE,56008066,5600,8066,Sweden,Veterinärkliniken Malmö Eviden,Oresund Malmo Veter,Vets,Small animal,Sweden,Sweden,Locum Vet FTE,AQ,2023,0.230,0.000,0.000,0.330,0.320,0.000,0.590,0.000,0.230,0.260,0.000,0.000
14,2023,490,1521,SE,56008066,5600,8066,Sweden,Veterinärkliniken Malmö Eviden,Oresund Malmo Veter,Vets,Small animal,Sweden,Sweden,Nurse FTE,AQ,2023,3.850,3.770,3.530,3.730,3.460,4.210,4.120,4.090,3.990,5.010,5.800,5.400
14,2023,490,1521,SE,56008066,5600,8066,Sweden,Veterinärkliniken Malmö Eviden,Oresund Malmo Veter,Vets,Small animal,Sweden,Sweden,Nurse FTE,BDQTY,2023,4.350,4.350,4.350,4.350,4.350,4.350,4.350,4.600,5.100,5.100,4.600,4.600
14,2023,490,1521,SE,56008066,5600,8066,Sweden,Veterinärkliniken Malmö Eviden,Oresund Malmo Veter,Vets,Small animal,Sweden,Sweden,Support FTE,AQ,2023,2.800,2.750,2.740,2.800,3.000,2.970,2.890,2.900,2.930,2.670,2.930,3.000
14,2023,490,1521,SE,56008066,5600,8066,Sweden,Veterinärkliniken Malmö Eviden,Oresund Malmo Veter,Vets,Small animal,Sweden,Sweden,Support FTE,BDQTY,2023,1.000,1.000,1.000,1.000,1.000,1.000,1.000,1.000,1.000,1.000,1.000,1.000
14,2023,490,1521,SE,56008066,5600,8066,Sweden,Veterinärkliniken Malmö Eviden,Oresund Malmo Veter,Vets,Small animal,Sweden,Sweden,Vet FTE,AQ,2023,2.700,2.700,2.470,2.610,3.300,3.330,3.350,3.350,3.340,3.350,3.350,3.350
14,2023,490,1521,SE,56008066,5600,8066,Sweden,Veterinärkliniken Malmö Eviden,Oresund Malmo Veter,Vets,Small animal,Sweden,Sweden,Vet FTE,BDQTY,2023,2.900,2.900,2.900,2.900,2.900,2.900,2.900,2.900,2.900,2.900,2.900,2.900
14,2023,490,1522,SE,56008067,5600,8067,Sweden,Veterinärkliniken Limhamn Evid,Limhamn Veterinarpra,Vets,Small animal,Sweden,Sweden,Nurse FTE,AQ,2023,6.140,5.830,5.800,6.700,6.590,7.130,6.720,6.860,6.380,5.690,6.620,7.250
14,2023,490,1522,SE,56008067,5600,8067,Sweden,Veterinärkliniken Limhamn Evid,Limhamn Veterinarpra,Vets,Small animal,Sweden,Sweden,Nurse FTE,BDQTY,2023,6.050,6.050,6.050,6.050,6.050,6.050,6.050,6.050,6.840,7.070,7.000,6.050
14,2023,490,1522,SE,56008067,5600,8067,Sweden,Veterinärkliniken Limhamn Evid,Limhamn Veterinarpra,Vets,Small animal,Sweden,Sweden,Support FTE,AQ,2023,1.000,0.500,0.500,0.000,0.000,0.000,0.000,0.000,0.000,0.000,0.500,1.000
14,2023,490,1522,SE,56008067,5600,8067,Sweden,Veterinärkliniken Limhamn Evid,Limhamn Veterinarpra,Vets,Small animal,Sweden,Sweden,Support FTE,BDQTY,2023,0.000,0.000,0.000,0.000,0.000,0.000,0.000,0.000,0.090,0.680,0.100,0.000
14,2023,490,1522,SE,56008067,5600,8067,Sweden,Veterinärkliniken Limhamn Evid,Limhamn Veterinarpra,Vets,Small animal,Sweden,Sweden,Vet FTE,AQ,2023,1.800,1.780,1.730,2.880,2.880,2.750,2.790,3.120,2.880,2.900,3.600,3.950
14,2023,490,1522,SE,56008067,5600,8067,Sweden,Veterinärkliniken Limhamn Evid,Limhamn Veterinarpra,Vets,Small animal,Sweden,Sweden,Vet FTE,BDQTY,2023,3.000,3.000,3.000,4.000,4.000,4.000,4.000,4.000,4.000,4.000,4.000,4.000
14,2023,490,1523,SE,56008068,5600,8068,Sweden,Visby Veterinärpraktik,Visby Veterinarprakt,Vets,Small animal,Sweden,Sweden,Nurse FTE,AQ,2023,3.410,3.850,3.330,3.320,3.070,3.230,3.180,3.040,4.190,3.320,5.290,3.400
14,2023,490,1523,SE,56008068,5600,8068,Sweden,Visby Veterinärpraktik,Visby Veterinarprakt,Vets,Small animal,Sweden,Sweden,Nurse FTE,BDQTY,2023,3.200,3.200,3.200,3.200,3.200,3.200,3.200,3.200,3.200,3.200,3.200,3.200
14,2023,490,1523,SE,56008068,5600,8068,Sweden,Visby Veterinärpraktik,Visby Veterinarprakt,Vets,Small animal,Sweden,Sweden,Support FTE,AQ,2023,1.000,1.000,1.000,1.000,1.000,1.000,1.000,1.000,1.060,1.000,1.000,1.000
14,2023,490,1523,SE,56008068,5600,8068,Sweden,Visby Veterinärpraktik,Visby Veterinarprakt,Vets,Small animal,Sweden,Sweden,Support FTE,BDQTY,2023,1.000,1.000,1.000,1.000,1.000,1.000,1.000,1.000,1.000,1.000,1.000,1.000
14,2023,490,1523,SE,56008068,5600,8068,Sweden,Visby Veterinärpraktik,Visby Veterinarprakt,Vets,Small animal,Sweden,Sweden,Vet FTE,AQ,2023,3.400,2.280,2.400,2.400,2.470,2.400,2.400,2.330,2.080,2.140,2.010,2.050
14,2023,490,1523,SE,56008068,5600,8068,Sweden,Visby Veterinärpraktik,Visby Veterinarprakt,Vets,Small animal,Sweden,Sweden,Vet FTE,BDQTY,2023,3.500,3.500,3.500,3.500,3.500,3.900,3.900,3.900,3.900,3.900,3.900,3.900
14,2023,490,1526,SE,56008072,5600,8072,Sweden,Veterinärhuset Lidköping,Lidkoping,Vets,Small animal,Sweden,Sweden,Locum Vet FTE,AQ,2023,0.000,0.000,0.000,0.070,0.000,0.000,0.000,0.000,0.000,0.000,0.000,0.000
14,2023,490,1526,SE,56008072,5600,8072,Sweden,Veterinärhuset Lidköping,Lidkoping,Vets,Small animal,Sweden,Sweden,Nurse FTE,AQ,2023,5.540,5.280,5.340,6.040,5.720,5.870,6.020,5.780,6.400,6.690,6.740,6.590
14,2023,490,1526,SE,56008072,5600,8072,Sweden,Veterinärhuset Lidköping,Lidkoping,Vets,Small animal,Sweden,Sweden,Nurse FTE,BDQTY,2023,5.350,5.350,5.350,6.350,6.350,6.350,6.350,6.350,6.350,6.350,6.350,6.350
14,2023,490,1526,SE,56008072,5600,8072,Sweden,Veterinärhuset Lidköping,Lidkoping,Vets,Small animal,Sweden,Sweden,Support FTE,AQ,2023,1.000,1.000,1.000,1.000,1.000,1.000,1.000,1.000,1.000,1.000,1.000,1.000
14,2023,490,1526,SE,56008072,5600,8072,Sweden,Veterinärhuset Lidköping,Lidkoping,Vets,Small animal,Sweden,Sweden,Support FTE,BDQTY,2023,0.800,0.800,0.800,0.800,0.800,0.800,0.800,0.800,0.800,0.800,0.800,0.800
14,2023,490,1526,SE,56008072,5600,8072,Sweden,Veterinärhuset Lidköping,Lidkoping,Vets,Small animal,Sweden,Sweden,Vet FTE,AQ,2023,4.050,4.640,4.100,4.940,5.030,4.300,3.370,3.430,3.950,3.930,3.750,4.400
14,2023,490,1526,SE,56008072,5600,8072,Sweden,Veterinärhuset Lidköping,Lidkoping,Vets,Small animal,Sweden,Sweden,Vet FTE,BDQTY,2023,3.050,3.050,3.050,3.050,3.050,3.050,3.050,3.050,3.050,3.050,3.050,3.050
14,2023,490,1527,SE,56008073,5600,8073,Sweden,Ugglarp Gard Hast,Ugglarp Gard Hast,Vets,Equine,Sweden,Sweden,Locum Vet FTE,AQ,2023,0.340,0.210,0.210,0.300,0.370,0.060,0.530,0.250,0.290,0.530,0.000,0.000
14,2023,490,1527,SE,56008073,5600,8073,Sweden,Ugglarp Gard Hast,Ugglarp Gard Hast,Vets,Equine,Sweden,Sweden,Nurse FTE,AQ,2023,4.550,3.450,3.270,3.390,3.350,3.340,3.230,3.260,3.590,4.170,4.160,3.850
14,2023,490,1527,SE,56008073,5600,8073,Sweden,Ugglarp Gard Hast,Ugglarp Gard Hast,Vets,Equine,Sweden,Sweden,Nurse FTE,BDQTY,2023,3.400,3.400,3.400,3.400,3.400,3.400,3.400,3.400,4.200,4.200,3.400,3.400
14,2023,490,1527,SE,56008073,5600,8073,Sweden,Ugglarp Gard Hast,Ugglarp Gard Hast,Vets,Equine,Sweden,Sweden,Support FTE,AQ,2023,0.000,0.000,1.000,1.000,1.000,1.000,1.000,1.000,1.000,1.000,0.000,0.000
14,2023,490,1527,SE,56008073,5600,8073,Sweden,Ugglarp Gard Hast,Ugglarp Gard Hast,Vets,Equine,Sweden,Sweden,Support FTE,BDQTY,2023,0.150,0.150,0.150,0.150,0.150,0.150,0.150,0.150,0.150,0.150,0.150,0.150
14,2023,490,1527,SE,56008073,5600,8073,Sweden,Ugglarp Gard Hast,Ugglarp Gard Hast,Vets,Equine,Sweden,Sweden,Vet FTE,AQ,2023,3.000,2.990,2.640,3.000,3.000,3.000,2.980,2.930,3.000,3.000,3.000,3.000
14,2023,490,1527,SE,56008073,5600,8073,Sweden,Ugglarp Gard Hast,Ugglarp Gard Hast,Vets,Equine,Sweden,Sweden,Vet FTE,BDQTY,2023,2.200,2.200,2.200,2.200,2.200,2.200,3.000,3.000,3.000,3.000,3.000,3.000
14,2023,490,1528,SE,56008074,5600,8074,Sweden,Ugglarp Gard Smadjur,Ugglarp Gard Hast,Vets,Small animal,Sweden,Sweden,Nurse FTE,AQ,2023,6.820,5.600,5.600,6.410,6.000,5.020,5.570,4.000,2.930,3.000,2.000,2.000
14,2023,490,1528,SE,56008074,5600,8074,Sweden,Ugglarp Gard Smadjur,Ugglarp Gard Hast,Vets,Small animal,Sweden,Sweden,Nurse FTE,BDQTY,2023,4.600,4.600,5.100,4.600,4.600,4.600,4.600,4.600,7.100,7.100,7.100,4.600
14,2023,490,1528,SE,56008074,5600,8074,Sweden,Ugglarp Gard Smadjur,Ugglarp Gard Hast,Vets,Small animal,Sweden,Sweden,Support FTE,AQ,2023,1.020,0.990,-0.030,-0.030,0.000,0.400,0.400,0.000,0.000,0.000,0.000,0.000
14,2023,490,1528,SE,56008074,5600,8074,Sweden,Ugglarp Gard Smadjur,Ugglarp Gard Hast,Vets,Small animal,Sweden,Sweden,Support FTE,BDQTY,2023,0.850,0.850,0.850,0.850,0.850,0.850,1.250,1.250,1.250,1.250,1.250,1.250
14,2023,490,1528,SE,56008074,5600,8074,Sweden,Ugglarp Gard Smadjur,Ugglarp Gard Hast,Vets,Small animal,Sweden,Sweden,Vet FTE,AQ,2023,2.390,2.360,2.330,2.340,1.600,1.620,1.560,-0.210,-0.030,0.700,0.700,0.610
14,2023,490,1528,SE,56008074,5600,8074,Sweden,Ugglarp Gard Smadjur,Ugglarp Gard Hast,Vets,Small animal,Sweden,Sweden,Vet FTE,BDQTY,2023,2.400,2.400,2.400,2.400,2.400,2.400,2.400,2.400,2.400,2.400,2.400,2.400
14,2023,490,1529,SE,56008075,5600,8075,Sweden,On-line Vet,On-line Vet,Vets,Small animal,Sweden,Sweden,Locum Vet FTE,AQ,2023,0.000,0.090,0.090,0.000,0.000,0.000,0.030,0.000,0.000,0.000,0.000,0.000
14,2023,490,1529,SE,56008075,5600,8075,Sweden,On-line Vet,On-line Vet,Vets,Small animal,Sweden,Sweden,Support FTE,AQ,2023,1.000,1.000,0.920,0.990,0.900,1.000,0.920,1.000,0.850,1.000,1.120,1.300
14,2023,490,1529,SE,56008075,5600,8075,Sweden,On-line Vet,On-line Vet,Vets,Small animal,Sweden,Sweden,Support FTE,BDQTY,2023,2.000,2.000,2.000,2.000,2.000,2.000,2.000,2.000,2.000,2.000,2.000,2.000
14,2023,490,1529,SE,56008075,5600,8075,Sweden,On-line Vet,On-line Vet,Vets,Small animal,Sweden,Sweden,Vet FTE,AQ,2023,1.900,1.900,2.430,2.430,2.490,2.630,2.740,2.900,2.900,2.900,2.900,2.900
14,2023,490,1529,SE,56008075,5600,8075,Sweden,On-line Vet,On-line Vet,Vets,Small animal,Sweden,Sweden,Vet FTE,BDQTY,2023,3.450,3.450,3.900,3.700,3.700,4.200,4.700,4.700,5.230,5.230,4.430,4.230
14,2023,490,1531,SE,56008077,5600,8077,Sweden,Ecommerce,Ecommerce,E-commerce / pharmacy,E-commerce / pharmacy,Sweden,Sweden,Nurse FTE,AQ,2023,0.000,0.500,0.000,0.000,0.000,0.000,0.000,0.000,0.000,0.000,0.000,0.000
14,2023,490,1531,SE,56008077,5600,8077,Sweden,Ecommerce,Ecommerce,E-commerce / pharmacy,E-commerce / pharmacy,Sweden,Sweden,Support FTE,AQ,2023,3.000,2.910,0.000,0.000,0.000,0.000,0.000,0.000,0.000,0.000,0.000,0.000
14,2023,490,1532,SE,56008078,5600,8078,Sweden,Viken Smådjursklinik Evidensia,Viken Smådjursklinik,Vets,Small animal,Sweden,Sweden,Nurse FTE,BDQTY,2023,1.400,1.400,1.400,1.400,1.400,1.400,1.400,1.400,1.400,1.400,1.400,1.400
14,2023,490,1532,SE,56008078,5600,8078,Sweden,Viken Smådjursklinik Evidensia,Viken Smådjursklinik,Vets,Small animal,Sweden,Sweden,Vet FTE,BDQTY,2023,0.500,0.500,0.500,0.500,0.500,0.500,0.500,0.500,0.500,0.500,0.500,0.500
14,2023,490,1534,SE,56008080,5600,8080,Sweden,Lunds Djursjukhus,Lunds Djursjukhus AB,Vets,Small animal,Sweden,Sweden,Locum Vet FTE,AQ,2023,0.210,0.310,0.310,0.160,0.270,0.190,0.100,0.180,0.260,0.150,0.000,0.000
14,2023,490,1534,SE,56008080,5600,8080,Sweden,Lunds Djursjukhus,Lunds Djursjukhus AB,Vets,Small animal,Sweden,Sweden,Nurse FTE,AQ,2023,20.590,20.520,19.810,19.010,18.680,19.970,19.610,21.290,25.120,27.970,24.850,23.070
14,2023,490,1534,SE,56008080,5600,8080,Sweden,Lunds Djursjukhus,Lunds Djursjukhus AB,Vets,Small animal,Sweden,Sweden,Nurse FTE,BDQTY,2023,19.250,19.250,19.250,18.750,18.750,18.750,18.750,18.750,21.170,21.730,19.490,18.750
14,2023,490,1534,SE,56008080,5600,8080,Sweden,Lunds Djursjukhus,Lunds Djursjukhus AB,Vets,Small animal,Sweden,Sweden,Support FTE,AQ,2023,10.640,10.530,10.200,11.230,11.190,10.090,10.330,10.430,10.390,10.420,10.410,10.490
14,2023,490,1534,SE,56008080,5600,8080,Sweden,Lunds Djursjukhus,Lunds Djursjukhus AB,Vets,Small animal,Sweden,Sweden,Support FTE,BDQTY,2023,11.140,11.140,11.140,11.140,11.140,11.140,11.140,11.140,11.260,11.730,11.920,11.140
14,2023,490,1534,SE,56008080,5600,8080,Sweden,Lunds Djursjukhus,Lunds Djursjukhus AB,Vets,Small animal,Sweden,Sweden,Vet FTE,AQ,2023,18.090,17.640,16.330,16.600,18.750,18.460,17.360,18.250,16.230,16.750,15.370,15.900
14,2023,490,1534,SE,56008080,5600,8080,Sweden,Lunds Djursjukhus,Lunds Djursjukhus AB,Vets,Small animal,Sweden,Sweden,Vet FTE,BDQTY,2023,15.700,15.700,15.700,15.700,15.700,15.700,15.700,15.700,15.700,15.840,15.700,15.700
14,2023,490,1535,SE,56008081,5600,8081,Sweden,Kristinehamn Smadjursklinik,Djurkliniken Karlsko,Vets,Small animal,Sweden,Sweden,Nurse FTE,BDQTY,2023,1.300,1.300,1.300,1.300,1.300,1.300,1.300,1.300,1.300,1.300,1.300,1.300
14,2023,490,1535,SE,56008081,5600,8081,Sweden,Kristinehamn Smadjursklinik,Djurkliniken Karlsko,Vets,Small animal,Sweden,Sweden,Vet FTE,BDQTY,2023,1.000,1.000,1.000,1.000,1.000,1.000,1.000,1.000,1.000,1.000,1.000,1.000
14,2023,490,1536,SE,56008082,5600,8082,Sweden,Ulvsby Smådjursklinik AB,Ulvsby Smådjursklini,Vets,Small animal,Sweden,Sweden,Nurse FTE,AQ,2023,9.200,8.890,8.440,9.000,8.800,8.530,8.410,8.950,9.030,9.080,9.140,9.150
14,2023,490,1536,SE,56008082,5600,8082,Sweden,Ulvsby Smådjursklinik AB,Ulvsby Smådjursklini,Vets,Small animal,Sweden,Sweden,Nurse FTE,BDQTY,2023,9.000,9.000,9.000,9.000,9.000,9.000,9.000,9.000,9.240,9.590,9.000,9.000
14,2023,490,1536,SE,56008082,5600,8082,Sweden,Ulvsby Smådjursklinik AB,Ulvsby Smådjursklini,Vets,Small animal,Sweden,Sweden,Vet FTE,AQ,2023,4.900,4.370,4.450,4.410,3.730,4.150,4.140,4.130,4.200,4.180,3.980,4.200
14,2023,490,1536,SE,56008082,5600,8082,Sweden,Ulvsby Smådjursklinik AB,Ulvsby Smådjursklini,Vets,Small animal,Sweden,Sweden,Vet FTE,BDQTY,2023,4.350,4.350,4.350,4.350,4.350,4.350,4.350,4.350,4.350,4.350,4.350,4.350
14,2023,490,32634,SE,56008084,5600,8084,Sweden,HO,Lidingö,HO,HO,Sweden,Sweden,Locum Vet FTE,AQ,2023,0.420,0.640,0.640,0.170,-0.190,0.160,0.000,0.460,0.430,0.510,0.000,0.000
14,2023,490,32634,SE,56008084,5600,8084,Sweden,HO,Lidingö,HO,HO,Sweden,Sweden,Nurse FTE,AQ,2023,4.360,5.970,5.020,4.920,4.750,5.530,5.930,5.250,6.050,6.300,6.250,5.950
14,2023,490,32634,SE,56008084,5600,8084,Sweden,HO,Lidingö,HO,HO,Sweden,Sweden,Nurse FTE,BDQTY,2023,5.710,5.710,5.710,5.710,5.710,5.710,5.710,5.710,5.710,5.710,5.850,5.710
14,2023,490,32634,SE,56008084,5600,8084,Sweden,HO,Lidingö,HO,HO,Sweden,Sweden,Support FTE,AQ,2023,1.000,0.980,0.810,0.700,0.500,0.370,1.000,0.000,0.000,0.000,0.000,0.000
14,2023,490,32634,SE,56008084,5600,8084,Sweden,HO,Lidingö,HO,HO,Sweden,Sweden,Support FTE,BDQTY,2023,1.600,1.600,1.600,1.600,1.600,1.600,1.600,1.600,1.600,2.020,1.660,1.600
14,2023,490,32634,SE,56008084,5600,8084,Sweden,HO,Lidingö,HO,HO,Sweden,Sweden,Vet FTE,AQ,2023,3.800,4.560,3.590,3.640,3.110,3.360,3.350,3.300,2.990,3.050,2.240,1.800
14,2023,490,32634,SE,56008084,5600,8084,Sweden,HO,Lidingö,HO,HO,Sweden,Sweden,Vet FTE,BDQTY,2023,3.000,3.000,3.000,3.000,3.000,3.000,3.000,3.000,3.000,3.000,3.000,3.000
14,2023,490,37739,SE,56008086,5600,8086,Sweden,NA,Vasastans Veterinärk,NA,NA,NA,NA,Locum Vet FTE,AQ,2023,0.000,0.130,0.130,0.110,0.000,0.000,0.000,0.000,0.000,0.000,0.000,0.000
14,2023,490,37739,SE,56008086,5600,8086,Sweden,NA,Vasastans Veterinärk,NA,NA,NA,NA,Nurse FTE,AQ,2023,5.700,5.310,5.840,5.920,5.780,5.780,5.900,5.040,6.680,5.940,5.630,7.000
14,2023,490,37739,SE,56008086,5600,8086,Sweden,NA,Vasastans Veterinärk,NA,NA,NA,NA,Nurse FTE,BDQTY,2023,3.760,3.760,4.760,4.660,4.660,4.660,4.660,4.660,4.660,4.660,4.660,4.660
14,2023,490,37739,SE,56008086,5600,8086,Sweden,NA,Vasastans Veterinärk,NA,NA,NA,NA,Support FTE,AQ,2023,3.000,2.790,2.760,2.670,2.800,2.290,1.940,2.000,2.000,2.480,2.000,2.670
14,2023,490,37739,SE,56008086,5600,8086,Sweden,NA,Vasastans Veterinärk,NA,NA,NA,NA,Support FTE,BDQTY,2023,2.800,2.800,2.800,2.800,2.800,2.800,2.800,2.800,2.800,2.800,2.800,2.800
14,2023,490,37739,SE,56008086,5600,8086,Sweden,NA,Vasastans Veterinärk,NA,NA,NA,NA,Vet FTE,AQ,2023,2.200,2.190,2.060,2.010,1.890,3.270,3.890,3.950,3.420,3.940,3.110,3.200
14,2023,490,37739,SE,56008086,5600,8086,Sweden,NA,Vasastans Veterinärk,NA,NA,NA,NA,Vet FTE,BDQTY,2023,2.600,2.600,3.100,3.100,3.600,3.600,3.600,3.600,3.600,3.600,3.600,3.600
14,2023,490,37740,SE,56008089,5600,8089,Sweden,NA,Sävedalen,NA,NA,NA,NA,Nurse FTE,AQ,2023,6.410,6.070,5.740,6.290,6.270,6.450,5.800,5.620,6.220,5.440,5.330,6.100
14,2023,490,37740,SE,56008089,5600,8089,Sweden,NA,Sävedalen,NA,NA,NA,NA,Nurse FTE,BDQTY,2023,5.200,5.200,5.200,5.200,5.200,5.200,5.200,5.200,5.200,5.200,5.200,5.200
14,2023,490,37740,SE,56008089,5600,8089,Sweden,NA,Sävedalen,NA,NA,NA,NA,Support FTE,AQ,2023,0.800,0.800,0.740,0.770,0.570,0.660,0.700,0.700,0.470,0.700,0.700,0.700
14,2023,490,37740,SE,56008089,5600,8089,Sweden,NA,Sävedalen,NA,NA,NA,NA,Support FTE,BDQTY,2023,0.700,0.700,0.700,0.700,0.700,0.700,0.700,0.700,0.700,0.700,0.700,0.700
14,2023,490,37740,SE,56008089,5600,8089,Sweden,NA,Sävedalen,NA,NA,NA,NA,Vet FTE,AQ,2023,2.600,2.570,2.560,2.390,2.880,3.360,2.710,2.450,2.580,3.280,2.390,3.640
14,2023,490,37740,SE,56008089,5600,8089,Sweden,NA,Sävedalen,NA,NA,NA,NA,Vet FTE,BDQTY,2023,2.000,2.000,2.000,2.700,2.700,2.700,2.700,2.700,2.800,2.800,2.800,2.800
14,2023,490,38671,SE,56008090,5600,8090,Sweden,NA,Åmål,NA,NA,NA,NA,Nurse FTE,AQ,2023,8.300,8.000,7.620,7.740,7.600,7.770,8.060,7.920,8.320,9.220,8.200,8.600
14,2023,490,38671,SE,56008090,5600,8090,Sweden,NA,Åmål,NA,NA,NA,NA,Nurse FTE,BDQTY,2023,6.600,6.600,6.600,6.630,6.630,6.630,6.630,6.630,7.580,7.800,6.980,6.630
14,2023,490,38671,SE,56008090,5600,8090,Sweden,NA,Åmål,NA,NA,NA,NA,Support FTE,AQ,2023,0.380,0.380,0.380,1.330,1.380,1.380,1.000,1.000,0.950,1.000,1.000,1.000
14,2023,490,38671,SE,56008090,5600,8090,Sweden,NA,Åmål,NA,NA,NA,NA,Support FTE,BDQTY,2023,0.380,0.380,0.380,0.380,0.380,0.380,0.380,0.380,0.380,0.380,0.380,0.380
14,2023,490,38671,SE,56008090,5600,8090,Sweden,NA,Åmål,NA,NA,NA,NA,Vet FTE,AQ,2023,4.130,3.800,3.780,4.120,4.080,4.000,4.140,4.090,4.660,3.760,3.530,4.200
14,2023,490,38671,SE,56008090,5600,8090,Sweden,NA,Åmål,NA,NA,NA,NA,Vet FTE,BDQTY,2023,4.400,4.400,4.400,4.400,4.400,4.400,4.400,4.400,4.400,4.400,4.400,4.400
14,2023,490,37937,SE,56008092,5600,8092,Sweden,NA,Göteborgs Djursjukhu,NA,NA,NA,NA,Nurse FTE,AQ,2023,3.110,3.800,2.800,4.050,4.360,4.510,4.380,4.580,4.890,4.060,4.500,4.900
14,2023,490,37937,SE,56008092,5600,8092,Sweden,NA,Göteborgs Djursjukhu,NA,NA,NA,NA,Nurse FTE,BDQTY,2023,3.000,3.000,3.000,3.000,3.000,3.000,3.000,3.000,3.000,3.000,3.000,3.000
14,2023,490,37937,SE,56008092,5600,8092,Sweden,NA,Göteborgs Djursjukhu,NA,NA,NA,NA,Support FTE,AQ,2023,2.000,2.000,2.000,1.740,1.900,1.910,1.920,1.950,2.000,2.000,1.960,2.000
14,2023,490,37937,SE,56008092,5600,8092,Sweden,NA,Göteborgs Djursjukhu,NA,NA,NA,NA,Support FTE,BDQTY,2023,1.000,1.000,1.000,1.000,1.000,1.000,1.000,1.000,1.000,1.000,1.000,1.000
14,2023,490,37937,SE,56008092,5600,8092,Sweden,NA,Göteborgs Djursjukhu,NA,NA,NA,NA,Vet FTE,AQ,2023,1.000,1.000,1.000,1.890,2.800,2.710,2.630,2.750,2.300,2.300,2.390,2.800
14,2023,490,37937,SE,56008092,5600,8092,Sweden,NA,Göteborgs Djursjukhu,NA,NA,NA,NA,Vet FTE,BDQTY,2023,3.000,3.000,3.000,3.000,3.000,3.000,3.000,3.000,3.000,3.000,3.000,3.000
14,2023,490,38672,SE,56008093,5600,8093,Sweden,NA,Skånes Mitt,NA,NA,NA,NA,Locum Vet FTE,AQ,2023,0.180,0.000,0.000,0.040,0.000,0.000,0.000,0.050,0.000,0.000,0.000,0.000
14,2023,490,38672,SE,56008093,5600,8093,Sweden,NA,Skånes Mitt,NA,NA,NA,NA,Nurse FTE,AQ,2023,5.630,5.280,5.360,4.090,3.750,3.340,3.600,3.050,3.370,4.210,3.470,3.900
14,2023,490,38672,SE,56008093,5600,8093,Sweden,NA,Skånes Mitt,NA,NA,NA,NA,Nurse FTE,BDQTY,2023,4.500,4.100,4.100,4.130,4.130,4.130,4.130,4.130,5.080,5.300,4.480,4.130
14,2023,490,38672,SE,56008093,5600,8093,Sweden,NA,Skånes Mitt,NA,NA,NA,NA,Support FTE,AQ,2023,3.000,3.000,3.000,3.000,2.880,2.980,3.000,3.000,3.570,3.000,3.560,3.000
14,2023,490,38672,SE,56008093,5600,8093,Sweden,NA,Skånes Mitt,NA,NA,NA,NA,Support FTE,BDQTY,2023,2.000,2.000,2.000,2.000,2.000,2.000,2.000,2.000,2.000,2.000,2.000,2.000
14,2023,490,38672,SE,56008093,5600,8093,Sweden,NA,Skånes Mitt,NA,NA,NA,NA,Vet FTE,AQ,2023,3.800,3.720,3.580,3.800,3.000,3.400,3.290,3.370,3.360,3.330,3.400,3.400
14,2023,490,38672,SE,56008093,5600,8093,Sweden,NA,Skånes Mitt,NA,NA,NA,NA,Vet FTE,BDQTY,2023,3.800,3.800,3.800,3.800,3.800,3.800,3.800,3.800,3.800,3.800,3.800,3.800
14,2023,490,38509,SE,56008094,5600,8094,Sweden,NA,Solsidan,NA,NA,NA,NA,Nurse FTE,AQ,2023,4.480,4.350,4.180,4.240,4.160,4.440,4.380,4.350,4.470,4.940,5.410,4.480
14,2023,490,38509,SE,56008094,5600,8094,Sweden,NA,Solsidan,NA,NA,NA,NA,Nurse FTE,BDQTY,2023,2.500,3.100,3.100,3.100,3.100,3.100,3.100,3.100,3.100,3.100,3.100,3.100
14,2023,490,38509,SE,56008094,5600,8094,Sweden,NA,Solsidan,NA,NA,NA,NA,Support FTE,AQ,2023,1.000,1.000,1.000,1.000,0.900,0.910,1.000,0.900,0.800,1.000,0.910,1.000
14,2023,490,38509,SE,56008094,5600,8094,Sweden,NA,Solsidan,NA,NA,NA,NA,Vet FTE,AQ,2023,1.750,2.590,2.610,2.490,2.560,2.610,2.610,2.250,2.140,2.350,2.580,2.800
14,2023,490,38509,SE,56008094,5600,8094,Sweden,NA,Solsidan,NA,NA,NA,NA,Vet FTE,BDQTY,2023,3.660,3.660,3.660,3.660,3.660,3.660,3.660,3.660,3.660,3.660,3.660,3.660
14,2023,490,38673,SE,56008095,5600,8095,Sweden,NA,Tyresö Djurklinik AB,NA,NA,NA,NA,Locum Vet FTE,AQ,2023,0.590,1.730,1.730,0.970,0.580,1.360,1.390,0.450,0.000,0.320,0.000,0.000
14,2023,490,38673,SE,56008095,5600,8095,Sweden,NA,Tyresö Djurklinik AB,NA,NA,NA,NA,Nurse FTE,AQ,2023,4.650,4.530,4.550,4.650,4.580,4.580,4.400,4.650,4.650,4.650,4.600,4.650
14,2023,490,38673,SE,56008095,5600,8095,Sweden,NA,Tyresö Djurklinik AB,NA,NA,NA,NA,Nurse FTE,BDQTY,2023,4.050,5.050,5.050,5.050,5.050,5.050,5.050,5.050,5.050,5.050,5.050,5.050
14,2023,490,38673,SE,56008095,5600,8095,Sweden,NA,Tyresö Djurklinik AB,NA,NA,NA,NA,Support FTE,AQ,2023,3.000,2.970,2.930,3.000,2.890,3.000,3.000,3.000,3.000,2.710,2.900,3.000
14,2023,490,38673,SE,56008095,5600,8095,Sweden,NA,Tyresö Djurklinik AB,NA,NA,NA,NA,Support FTE,BDQTY,2023,2.750,1.750,1.750,1.780,1.780,1.780,1.780,1.780,2.730,2.950,2.130,1.780
14,2023,490,38673,SE,56008095,5600,8095,Sweden,NA,Tyresö Djurklinik AB,NA,NA,NA,NA,Vet FTE,AQ,2023,2.560,2.110,2.750,1.750,1.700,1.580,1.380,1.400,1.320,2.040,2.060,1.750
14,2023,490,38673,SE,56008095,5600,8095,Sweden,NA,Tyresö Djurklinik AB,NA,NA,NA,NA,Vet FTE,BDQTY,2023,1.750,1.750,1.750,1.750,1.750,1.750,1.750,1.750,1.750,1.750,1.750,1.750
14,2023,490,50633,SE,56008097,5600,8097,Sweden,NA,Mittnorrlands Djursj,NA,NA,NA,NA,Nurse FTE,AQ,2023,0.000,0.000,0.000,0.000,0.000,0.000,0.000,0.000,0.130,0.910,1.030,0.800
14,2023,490,50633,SE,56008097,5600,8097,Sweden,NA,Mittnorrlands Djursj,NA,NA,NA,NA,Nurse FTE,BDQTY,2023,0.960,0.960,0.960,0.960,0.960,0.960,0.960,0.960,0.960,0.960,0.960,0.960
14,2023,490,50633,SE,56008097,5600,8097,Sweden,NA,Mittnorrlands Djursj,NA,NA,NA,NA,Support FTE,BDQTY,2023,0.370,0.370,0.370,0.370,0.370,0.370,0.370,0.370,0.370,0.370,0.370,0.370
14,2023,490,50633,SE,56008097,5600,8097,Sweden,NA,Mittnorrlands Djursj,NA,NA,NA,NA,Vet FTE,AQ,2023,0.000,0.000,0.000,0.000,0.000,0.000,0.000,0.000,-0.060,0.630,0.630,0.630
14,2023,490,50633,SE,56008097,5600,8097,Sweden,NA,Mittnorrlands Djursj,NA,NA,NA,NA,Vet FTE,BDQTY,2023,0.340,0.340,0.340,0.340,0.340,0.340,0.340,0.340,0.340,0.340,0.340,0.340
14,2023,490,39561,SE,56008098,5600,8098,Sweden,NA,Mittnorrlands Djursj,NA,NA,NA,NA,Locum Vet FTE,AQ,2023,0.000,0.000,0.000,0.000,0.000,0.000,0.000,0.000,0.000,0.490,0.000,0.000
14,2023,490,39561,SE,56008098,5600,8098,Sweden,NA,Mittnorrlands Djursj,NA,NA,NA,NA,Nurse FTE,AQ,2023,0.000,0.000,0.000,0.000,0.000,0.000,0.000,0.000,2.690,40.910,38.600,34.850
14,2023,490,39561,SE,56008098,5600,8098,Sweden,NA,Mittnorrlands Djursj,NA,NA,NA,NA,Nurse FTE,BDQTY,2023,46.870,46.870,46.870,46.870,46.870,46.870,46.870,46.870,46.870,46.870,46.870,46.870
14,2023,490,39561,SE,56008098,5600,8098,Sweden,NA,Mittnorrlands Djursj,NA,NA,NA,NA,Support FTE,AQ,2023,0.000,0.000,0.000,0.000,0.000,0.000,0.000,0.000,0.260,16.700,14.300,11.670
14,2023,490,39561,SE,56008098,5600,8098,Sweden,NA,Mittnorrlands Djursj,NA,NA,NA,NA,Support FTE,BDQTY,2023,18.150,18.150,18.150,18.150,18.150,18.150,18.150,18.150,18.150,18.150,18.150,18.150
14,2023,490,39561,SE,56008098,5600,8098,Sweden,NA,Mittnorrlands Djursj,NA,NA,NA,NA,Vet FTE,AQ,2023,0.000,0.000,0.000,0.000,0.000,0.000,0.000,0.000,-1.130,17.780,17.470,17.770
14,2023,490,39561,SE,56008098,5600,8098,Sweden,NA,Mittnorrlands Djursj,NA,NA,NA,NA,Vet FTE,BDQTY,2023,16.730,16.730,16.730,16.730,16.730,16.730,16.730,16.730,16.730,16.730,16.730,16.730
14,2023,490,39806,SE,56008099,5600,8099,Sweden,NA,Mittnorrlands Djursj,NA,NA,NA,NA,Locum Vet FTE,AQ,2023,0.000,0.000,0.000,0.000,0.000,0.000,0.000,0.000,0.140,0.270,0.000,0.000
14,2023,490,39806,SE,56008099,5600,8099,Sweden,NA,Mittnorrlands Djursj,NA,NA,NA,NA,Nurse FTE,AQ,2023,0.000,0.000,0.000,0.000,0.000,0.000,0.000,0.000,1.150,32.020,30.330,24.770
14,2023,490,39806,SE,56008099,5600,8099,Sweden,NA,Mittnorrlands Djursj,NA,NA,NA,NA,Nurse FTE,BDQTY,2023,43.990,43.990,43.990,43.990,43.990,43.990,43.990,43.990,43.990,43.990,43.990,43.990
14,2023,490,39806,SE,56008099,5600,8099,Sweden,NA,Mittnorrlands Djursj,NA,NA,NA,NA,Support FTE,AQ,2023,0.000,0.000,0.000,0.000,0.000,0.000,0.000,0.000,0.120,15.060,15.310,13.800
14,2023,490,39806,SE,56008099,5600,8099,Sweden,NA,Mittnorrlands Djursj,NA,NA,NA,NA,Support FTE,BDQTY,2023,17.040,17.040,17.040,17.040,17.040,17.040,17.040,17.040,17.040,17.040,17.040,17.040
14,2023,490,39806,SE,56008099,5600,8099,Sweden,NA,Mittnorrlands Djursj,NA,NA,NA,NA,Vet FTE,AQ,2023,0.000,0.000,0.000,0.000,0.000,0.000,0.000,0.000,-0.300,13.950,15.310,14.180
14,2023,490,39806,SE,56008099,5600,8099,Sweden,NA,Mittnorrlands Djursj,NA,NA,NA,NA,Vet FTE,BDQTY,2023,15.700,15.700,15.700,15.700,15.700,15.700,15.700,15.700,15.700,15.700,15.700,15.700
14,2023,490,40570,SE,56008100,5600,8100,Sweden,NA,Mittnorrlands Djursj,NA,NA,NA,NA,Nurse FTE,AQ,2023,0.000,0.000,0.000,0.000,0.000,0.000,0.000,0.000,0.410,4.030,3.310,3.600
14,2023,490,40570,SE,56008100,5600,8100,Sweden,NA,Mittnorrlands Djursj,NA,NA,NA,NA,Nurse FTE,BDQTY,2023,4.030,4.030,4.030,4.030,4.030,4.030,4.030,4.030,4.030,4.030,4.030,4.030
14,2023,490,40570,SE,56008100,5600,8100,Sweden,NA,Mittnorrlands Djursj,NA,NA,NA,NA,Support FTE,BDQTY,2023,1.560,1.560,1.560,1.560,1.560,1.560,1.560,1.560,1.560,1.560,1.560,1.560
14,2023,490,40570,SE,56008100,5600,8100,Sweden,NA,Mittnorrlands Djursj,NA,NA,NA,NA,Vet FTE,AQ,2023,0.000,0.000,0.000,0.000,0.000,0.000,0.000,0.000,0.000,1.830,1.750,1.830
14,2023,490,40570,SE,56008100,5600,8100,Sweden,NA,Mittnorrlands Djursj,NA,NA,NA,NA,Vet FTE,BDQTY,2023,1.440,1.440,1.440,1.440,1.440,1.440,1.440,1.440,1.440,1.440,1.440,1.440
14,2023,490,50623,SE,56008101,5600,8101,Sweden,NA,Mittnorrlands Djursj,NA,NA,NA,NA,Nurse FTE,AQ,2023,0.000,0.000,0.000,0.000,0.000,0.000,0.000,0.000,-0.090,2.780,2.760,2.800
14,2023,490,50623,SE,56008101,5600,8101,Sweden,NA,Mittnorrlands Djursj,NA,NA,NA,NA,Support FTE,AQ,2023,0.000,0.000,0.000,0.000,0.000,0.000,0.000,0.000,0.000,1.600,1.650,2.000
14,2023,490,50623,SE,56008101,5600,8101,Sweden,NA,Mittnorrlands Djursj,NA,NA,NA,NA,Vet FTE,AQ,2023,0.000,0.000,0.000,0.000,0.000,0.000,0.000,0.000,0.000,0.800,0.800,0.800
14,2023,490,39771,SE,56008103,5600,8103,Sweden,NA,Alvik,NA,NA,NA,NA,Nurse FTE,AQ,2023,0.000,0.000,0.000,0.000,0.000,0.000,0.000,-1.000,-0.110,6.520,6.460,6.990
14,2023,490,39771,SE,56008103,5600,8103,Sweden,NA,Alvik,NA,NA,NA,NA,Nurse FTE,BDQTY,2023,5.400,5.400,5.400,5.400,5.400,5.400,5.400,5.400,5.400,5.400,5.400,5.400
14,2023,490,39771,SE,56008103,5600,8103,Sweden,NA,Alvik,NA,NA,NA,NA,Support FTE,AQ,2023,0.000,0.000,0.000,0.000,0.000,0.000,0.000,0.000,0.000,2.000,2.000,2.000
14,2023,490,39771,SE,56008103,5600,8103,Sweden,NA,Alvik,NA,NA,NA,NA,Support FTE,BDQTY,2023,3.300,3.300,3.300,3.300,3.300,3.300,3.300,3.300,3.300,3.300,3.300,3.300
14,2023,490,39771,SE,56008103,5600,8103,Sweden,NA,Alvik,NA,NA,NA,NA,Vet FTE,AQ,2023,0.000,0.000,0.000,0.000,0.000,0.000,0.000,0.000,0.190,4.180,5.930,5.000
14,2023,490,39771,SE,56008103,5600,8103,Sweden,NA,Alvik,NA,NA,NA,NA,Vet FTE,BDQTY,2023,4.900,4.900,4.900,4.900,4.900,4.900,4.900,4.900,4.900,4.900,4.900,4.900
14,2023,490,40502,SE,56008104,5600,8104,Sweden,NA,Viskadalens,NA,NA,NA,NA,Nurse FTE,AQ,2023,0.000,0.000,0.000,0.000,0.000,0.000,0.000,0.000,-1.040,7.390,7.800,9.370
14,2023,490,40502,SE,56008104,5600,8104,Sweden,NA,Viskadalens,NA,NA,NA,NA,Nurse FTE,BDQTY,2023,20.400,20.900,21.650,22.400,22.700,23.200,24.000,24.350,24.350,24.350,24.350,24.350
14,2023,490,40502,SE,56008104,5600,8104,Sweden,NA,Viskadalens,NA,NA,NA,NA,Support FTE,AQ,2023,0.000,0.000,0.000,0.000,0.000,0.000,0.000,0.000,0.000,2.000,2.000,2.000
14,2023,490,40502,SE,56008104,5600,8104,Sweden,NA,Viskadalens,NA,NA,NA,NA,Support FTE,BDQTY,2023,1.000,1.000,1.000,1.000,1.000,1.000,1.000,1.000,1.000,1.000,1.000,1.000
14,2023,490,40502,SE,56008104,5600,8104,Sweden,NA,Viskadalens,NA,NA,NA,NA,Vet FTE,AQ,2023,0.000,0.000,0.000,0.000,0.000,0.000,0.000,0.000,0.000,2.260,2.320,2.550
14,2023,490,40502,SE,56008104,5600,8104,Sweden,NA,Viskadalens,NA,NA,NA,NA,Vet FTE,BDQTY,2023,9.150,9.650,9.650,9.650,9.650,9.650,9.650,9.650,9.650,9.650,9.650,9.650
14,2023,490,50622,SE,56008105,5600,8105,Sweden,NA,Viskadalens,NA,NA,NA,NA,Nurse FTE,AQ,2023,0.000,0.000,0.000,0.000,0.000,0.000,0.000,-0.760,0.000,6.670,6.620,7.600
14,2023,490,50622,SE,56008105,5600,8105,Sweden,NA,Viskadalens,NA,NA,NA,NA,Vet FTE,AQ,2023,0.000,0.000,0.000,0.000,0.000,0.000,0.000,0.000,0.000,1.220,2.630,2.630
14,2023,490,50624,SE,56008106,5600,8106,Sweden,NA,Viskadalens,NA,NA,NA,NA,Locum Vet FTE,AQ,2023,0.000,0.000,0.000,0.000,0.000,0.000,0.000,0.000,0.530,0.870,0.000,0.000
14,2023,490,50624,SE,56008106,5600,8106,Sweden,NA,Viskadalens,NA,NA,NA,NA,Nurse FTE,AQ,2023,0.000,0.000,0.000,0.000,0.000,0.000,0.000,-1.200,-0.500,7.660,7.320,7.620
14,2023,490,50624,SE,56008106,5600,8106,Sweden,NA,Viskadalens,NA,NA,NA,NA,Vet FTE,AQ,2023,0.000,0.000,0.000,0.000,0.000,0.000,0.000,0.000,0.000,1.770,0.800,0.800
14,2023,490,50625,SE,56008107,5600,8107,Sweden,NA,Viskadalens,NA,NA,NA,NA,Nurse FTE,AQ,2023,0.000,0.000,0.000,0.000,0.000,0.000,0.000,-1.000,0.000,5.150,4.550,4.300
14,2023,490,50625,SE,56008107,5600,8107,Sweden,NA,Viskadalens,NA,NA,NA,NA,Support FTE,AQ,2023,0.000,0.000,0.000,0.000,0.000,0.000,0.000,0.000,0.000,1.000,1.000,1.000
14,2023,490,50625,SE,56008107,5600,8107,Sweden,NA,Viskadalens,NA,NA,NA,NA,Vet FTE,AQ,2023,0.000,0.000,0.000,0.000,0.000,0.000,0.000,0.000,0.000,3.880,3.720,4.000
14,2023,490,1541,SE,56009010,5600,9010,Sweden,HO,HQ,HO,HO,Sweden,Sweden,Head Office FTE,BDQTY,2023,8.000,9.000,9.000,9.000,9.000,10.000,10.000,10.000,10.000,10.000,10.000,10.000
14,2023,490,1541,SE,56009010,5600,9010,Sweden,HO,HQ,HO,HO,Sweden,Sweden,Support FTE,AQ,2023,3.000,3.000,3.000,3.320,4.000,4.000,3.910,4.000,4.000,3.000,0.000,0.000
14,2023,490,1545,SE,56009017,5600,9017,Sweden,HO,HQ,HO,HO,Sweden,Sweden,Head Office FTE,BDQTY,2023,3.250,3.250,3.250,3.250,3.250,3.250,3.250,3.250,3.250,3.250,3.250,3.250
14,2023,490,1545,SE,56009017,5600,9017,Sweden,HO,HQ,HO,HO,Sweden,Sweden,Support FTE,AQ,2023,4.000,3.850,3.980,3.880,4.000,3.040,2.940,2.950,3.000,3.000,0.000,0.000
14,2023,490,1548,SE,56009020,5600,9020,Sweden,HO,HQ,HO,HO,Sweden,Sweden,Head Office FTE,BDQTY,2023,6.000,6.000,7.000,7.000,7.000,7.000,7.000,7.000,7.000,7.000,7.000,7.000
14,2023,490,1548,SE,56009020,5600,9020,Sweden,HO,HQ,HO,HO,Sweden,Sweden,Support FTE,AQ,2023,5.000,4.860,4.990,4.890,3.940,3.850,4.000,4.000,3.940,3.000,0.000,0.000
14,2023,490,1552,SE,56009024,5600,9024,Sweden,HO,HQ,HO,HO,Sweden,Sweden,Head Office FTE,BDQTY,2023,3.800,3.800,3.800,3.800,3.800,3.800,3.800,3.800,3.800,3.800,3.800,3.800
14,2023,490,1552,SE,56009024,5600,9024,Sweden,HO,HQ,HO,HO,Sweden,Sweden,Support FTE,AQ,2023,4.000,4.000,3.380,3.950,4.000,3.800,4.000,3.890,3.830,4.000,0.000,0.000
14,2023,490,1553,SE,56009027,5600,9027,Sweden,HO,HQ,HO,HO,Sweden,Sweden,Head Office FTE,BDQTY,2023,2.600,2.600,2.600,2.600,2.600,2.600,2.600,2.600,2.600,2.600,2.600,2.600
14,2023,490,1555,SE,56009030,5600,9030,Sweden,HO,HQ,HO,HO,Sweden,Sweden,Head Office FTE,BDQTY,2023,5.000,5.000,5.000,5.000,5.000,5.000,5.000,5.000,5.000,5.000,5.000,5.000
14,2023,490,1555,SE,56009030,5600,9030,Sweden,HO,HQ,HO,HO,Sweden,Sweden,Support FTE,AQ,2023,6.000,4.930,5.000,5.000,5.000,4.950,4.720,5.000,4.750,4.870,0.000,0.000
14,2023,490,1559,SE,56009041,5600,9041,Sweden,HO,HQ,HO,HO,Sweden,Sweden,Support FTE,AQ,2023,1.000,1.000,1.000,1.000,1.000,1.000,1.000,1.000,1.000,1.000,0.000,0.000
14,2023,490,1560,SE,56009042,5600,9042,Sweden,HO,HQ,HO,HO,Sweden,Sweden,Support FTE,AQ,2023,0.000,0.570,0.840,1.000,1.000,0.900,1.000,1.000,1.000,1.000,0.000,0.000
14,2023,490,1562,SE,56009044,5600,9044,Sweden,HO,HQ,HO,HO,Sweden,Sweden,Support FTE,AQ,2023,1.480,1.000,1.000,1.000,1.000,1.000,1.000,1.000,1.000,1.000,0.000,0.000
14,2023,490,1566,SE,56009048,5600,9048,Sweden,HO,HQ,HO,HO,Sweden,Sweden,Head Office FTE,BDQTY,2023,6.000,6.000,6.000,6.000,6.000,6.000,6.000,6.000,6.000,6.000,6.000,6.000
14,2023,490,1566,SE,56009048,5600,9048,Sweden,HO,HQ,HO,HO,Sweden,Sweden,Support FTE,AQ,2023,1.000,1.000,1.000,1.000,1.000,1.000,1.000,1.000,1.000,1.000,0.000,0.000
14,2023,490,1570,SE,56009060,5600,9060,Sweden,HO,HQ,HO,HO,Sweden,Sweden,Head Office FTE,BDQTY,2023,8.750,8.750,8.750,8.750,9.000,9.000,9.000,10.000,10.000,10.000,10.000,10.000
14,2023,490,1570,SE,56009060,5600,9060,Sweden,HO,HQ,HO,HO,Sweden,Sweden,Support FTE,AQ,2023,7.810,7.820,8.000,8.000,9.000,8.930,9.000,8.950,8.940,9.000,0.000,0.000
14,2023,490,1571,SE,56009067,5600,9067,Sweden,HO,Group Support,HO,HO,Sweden,Sweden,Vet FTE,AQ,2023,0.000,1.000,1.000,1.000,1.000,1.000,1.000,0.000,1.000,1.000,0.000,0.000
14,2023,490,1572,SE,56009069,5600,9069,Sweden,HO,HQ,HO,HO,Sweden,Sweden,Head Office FTE,BDQTY,2023,4.000,4.000,4.000,4.000,4.000,4.000,4.000,4.000,4.000,4.000,4.000,4.000
14,2023,490,1572,SE,56009069,5600,9069,Sweden,HO,HQ,HO,HO,Sweden,Sweden,Support FTE,AQ,2023,3.600,3.600,4.080,3.640,3.150,2.600,3.600,2.600,2.600,2.600,0.000,0.000
14,2023,490,38106,SE,56009072,5600,9072,Sweden,NA,HQ,NA,NA,NA,NA,Head Office FTE,BDQTY,2023,7.000,7.000,7.000,7.000,7.000,7.000,7.000,7.000,7.000,7.000,7.000,7.000
14,2023,490,38496,SE,56009076,5600,9076,Sweden,NA,Group Support,NA,NA,NA,NA,Locum Vet FTE,AQ,2023,0.000,0.000,0.000,0.030,0.040,0.000,0.030,0.030,0.010,0.000,0.000,0.000
14,2023,490,38496,SE,56009076,5600,9076,Sweden,NA,Group Support,NA,NA,NA,NA,Nurse FTE,AQ,2023,0.000,0.000,0.000,0.000,0.000,0.250,0.000,0.000,0.000,0.000,0.000,0.000
14,2023,490,38496,SE,56009076,5600,9076,Sweden,NA,Group Support,NA,NA,NA,NA,Support FTE,AQ,2023,11.710,13.000,13.880,13.740,14.900,14.770,15.000,0.000,15.430,15.000,0.000,0.000
14,2023,490,33050,SE,56009082,5600,9082,Sweden,HO,HQ,HO,HO,Sweden,Sweden,Head Office FTE,BDQTY,2023,1.600,1.600,1.600,1.600,1.600,1.600,1.600,1.600,1.600,1.600,1.600,1.600
14,2023,490,1574,SE,56009110,5600,9110,Sweden,HO,HQ,HO,HO,Sweden,Sweden,Support FTE,AQ,2023,3.970,4.820,4.760,4.890,5.000,6.000,5.940,5.730,5.880,6.000,0.000,0.000
14,2023,490,1576,SE,56009140,5600,9140,Sweden,HO,HQ,HO,HO,Sweden,Sweden,Head Office FTE,BDQTY,2023,1.000,1.000,1.000,1.000,1.000,1.000,1.000,1.000,1.000,1.000,1.000,1.000
14,2023,490,1576,SE,56009140,5600,9140,Sweden,HO,HQ,HO,HO,Sweden,Sweden,Support FTE,AQ,2023,1.000,1.000,1.000,1.000,1.000,1.000,1.000,1.000,1.000,1.000,0.000,0.000
14,2023,491,1607,SE,56018038,5601,8038,Sweden,Hästkliniken Boden,Hästkliniken Boden,Vets,Small animal,Sweden,Sweden,Locum Vet FTE,AQ,2023,0.000,0.000,0.000,0.010,0.000,0.000,0.000,0.000,0.010,0.000,0.000,0.000
14,2023,491,1607,SE,56018038,5601,8038,Sweden,Hästkliniken Boden,Hästkliniken Boden,Vets,Small animal,Sweden,Sweden,Nurse FTE,AQ,2023,3.500,3.480,2.240,2.700,2.650,2.700,2.700,2.700,2.940,2.700,3.810,2.600
14,2023,491,1607,SE,56018038,5601,8038,Sweden,Hästkliniken Boden,Hästkliniken Boden,Vets,Small animal,Sweden,Sweden,Nurse FTE,BDQTY,2023,2.300,2.300,2.300,2.300,2.300,2.300,2.300,2.300,3.000,3.500,2.500,2.300
14,2023,491,1607,SE,56018038,5601,8038,Sweden,Hästkliniken Boden,Hästkliniken Boden,Vets,Small animal,Sweden,Sweden,Vet FTE,AQ,2023,2.000,2.000,1.900,2.000,2.000,2.000,2.000,2.000,2.000,2.000,2.000,2.000
14,2023,491,1607,SE,56018038,5601,8038,Sweden,Hästkliniken Boden,Hästkliniken Boden,Vets,Small animal,Sweden,Sweden,Vet FTE,BDQTY,2023,2.000,2.000,2.000,2.000,2.000,2.000,2.000,2.000,2.000,2.000,2.000,2.000
14,2023,491,1611,SE,56018042,5601,8042,Sweden,Hästkliniken Mantorp,Hästkliniken Mantorp,Vets,Small animal,Sweden,Sweden,Locum Vet FTE,AQ,2023,0.280,0.140,0.140,0.270,0.150,0.240,0.080,0.410,0.220,0.400,0.000,0.000
14,2023,491,1611,SE,56018042,5601,8042,Sweden,Hästkliniken Mantorp,Hästkliniken Mantorp,Vets,Small animal,Sweden,Sweden,Nurse FTE,AQ,2023,4.000,3.740,3.700,4.660,4.720,3.740,3.670,3.720,3.480,3.730,3.230,4.500
14,2023,491,1611,SE,56018042,5601,8042,Sweden,Hästkliniken Mantorp,Hästkliniken Mantorp,Vets,Small animal,Sweden,Sweden,Nurse FTE,BDQTY,2023,3.750,3.750,3.750,3.750,3.750,3.750,3.750,3.750,3.750,4.750,4.250,3.750
14,2023,491,1611,SE,56018042,5601,8042,Sweden,Hästkliniken Mantorp,Hästkliniken Mantorp,Vets,Small animal,Sweden,Sweden,Support FTE,AQ,2023,0.400,0.400,0.400,0.400,0.400,0.400,0.400,0.340,0.400,0.400,0.400,0.400
14,2023,491,1611,SE,56018042,5601,8042,Sweden,Hästkliniken Mantorp,Hästkliniken Mantorp,Vets,Small animal,Sweden,Sweden,Support FTE,BDQTY,2023,0.400,0.400,0.400,0.400,0.400,0.400,0.400,0.400,0.400,0.400,0.400,0.400
14,2023,491,1611,SE,56018042,5601,8042,Sweden,Hästkliniken Mantorp,Hästkliniken Mantorp,Vets,Small animal,Sweden,Sweden,Vet FTE,AQ,2023,3.000,1.930,2.000,3.000,2.830,3.000,1.920,2.000,2.000,2.000,1.960,3.000
14,2023,491,1611,SE,56018042,5601,8042,Sweden,Hästkliniken Mantorp,Hästkliniken Mantorp,Vets,Small animal,Sweden,Sweden,Vet FTE,BDQTY,2023,3.000,3.000,3.000,3.000,3.000,3.000,3.000,3.000,3.000,3.000,3.000,3.000
14,2023,491,1613,SE,56018044,5601,8044,Sweden,Hästsjukhuset Stav,Hästsjukhuset Stav,Vets,Small animal,Sweden,Sweden,Locum Vet FTE,AQ,2023,1.060,0.890,0.890,0.910,0.300,0.660,0.730,0.280,0.410,0.170,0.000,0.000
14,2023,491,1613,SE,56018044,5601,8044,Sweden,Hästsjukhuset Stav,Hästsjukhuset Stav,Vets,Small animal,Sweden,Sweden,Nurse FTE,AQ,2023,4.650,4.650,4.610,4.520,4.610,4.730,4.570,4.010,3.740,3.560,3.800,3.800
14,2023,491,1613,SE,56018044,5601,8044,Sweden,Hästsjukhuset Stav,Hästsjukhuset Stav,Vets,Small animal,Sweden,Sweden,Nurse FTE,BDQTY,2023,4.500,4.500,4.500,4.500,4.500,4.500,4.500,4.500,4.500,4.500,4.570,4.500
14,2023,491,1613,SE,56018044,5601,8044,Sweden,Hästsjukhuset Stav,Hästsjukhuset Stav,Vets,Small animal,Sweden,Sweden,Vet FTE,AQ,2023,4.190,3.610,3.660,3.660,3.190,2.790,2.750,2.750,2.620,2.250,2.250,2.750
14,2023,491,1613,SE,56018044,5601,8044,Sweden,Hästsjukhuset Stav,Hästsjukhuset Stav,Vets,Small animal,Sweden,Sweden,Vet FTE,BDQTY,2023,3.800,3.800,3.800,3.800,3.400,3.400,3.400,3.400,3.400,3.400,3.400,3.400
14,2023,491,1614,SE,56018045,5601,8045,Sweden,Specialisthästsjukhuset Ströms,Specialisthästsjukhu,Vets,Equine,Sweden,Sweden,Locum Vet FTE,AQ,2023,0.480,0.240,0.240,0.600,0.280,1.480,0.180,0.800,0.210,1.770,0.000,0.000
14,2023,491,1614,SE,56018045,5601,8045,Sweden,Specialisthästsjukhuset Ströms,Specialisthästsjukhu,Vets,Equine,Sweden,Sweden,Nurse FTE,AQ,2023,15.690,15.150,14.090,14.690,15.880,16.290,16.400,16.420,16.490,15.820,16.060,16.700
14,2023,491,1614,SE,56018045,5601,8045,Sweden,Specialisthästsjukhuset Ströms,Specialisthästsjukhu,Vets,Equine,Sweden,Sweden,Nurse FTE,BDQTY,2023,13.900,13.900,13.900,13.900,13.900,13.900,13.900,14.400,15.900,15.900,15.900,13.900
14,2023,491,1614,SE,56018045,5601,8045,Sweden,Specialisthästsjukhuset Ströms,Specialisthästsjukhu,Vets,Equine,Sweden,Sweden,Support FTE,AQ,2023,3.000,2.000,3.000,3.000,3.000,2.930,3.000,2.940,3.000,3.000,3.000,3.000
14,2023,491,1614,SE,56018045,5601,8045,Sweden,Specialisthästsjukhuset Ströms,Specialisthästsjukhu,Vets,Equine,Sweden,Sweden,Support FTE,BDQTY,2023,2.000,2.000,2.000,2.000,2.000,2.000,2.000,2.000,2.000,3.000,2.000,2.000
14,2023,491,1614,SE,56018045,5601,8045,Sweden,Specialisthästsjukhuset Ströms,Specialisthästsjukhu,Vets,Equine,Sweden,Sweden,Vet FTE,AQ,2023,7.200,8.130,6.730,7.220,7.870,8.040,8.800,8.830,8.830,8.020,8.460,8.900
14,2023,491,1614,SE,56018045,5601,8045,Sweden,Specialisthästsjukhuset Ströms,Specialisthästsjukhu,Vets,Equine,Sweden,Sweden,Vet FTE,BDQTY,2023,6.500,6.500,6.500,6.500,7.250,7.250,7.250,7.250,8.250,8.500,8.500,7.500
14,2023,491,1616,SE,56018047,5601,8047,Sweden,Hästkliniken Gävle,Hästkliniken Gävle,Vets,Small animal,Sweden,Sweden,Locum Vet FTE,AQ,2023,0.350,0.230,0.230,0.380,0.220,0.260,0.270,0.310,0.710,0.150,0.000,0.000
14,2023,491,1616,SE,56018047,5601,8047,Sweden,Hästkliniken Gävle,Hästkliniken Gävle,Vets,Small animal,Sweden,Sweden,Nurse FTE,AQ,2023,2.000,2.010,2.050,2.700,1.850,1.890,1.800,1.660,2.750,2.150,1.900,1.430
14,2023,491,1616,SE,56018047,5601,8047,Sweden,Hästkliniken Gävle,Hästkliniken Gävle,Vets,Small animal,Sweden,Sweden,Nurse FTE,BDQTY,2023,1.700,1.700,1.700,1.800,1.800,1.800,1.800,1.800,1.800,1.800,1.800,1.800
14,2023,491,1616,SE,56018047,5601,8047,Sweden,Hästkliniken Gävle,Hästkliniken Gävle,Vets,Small animal,Sweden,Sweden,Vet FTE,AQ,2023,3.000,3.000,3.000,3.000,3.000,3.000,3.000,3.000,3.000,2.880,3.000,3.000
14,2023,491,1616,SE,56018047,5601,8047,Sweden,Hästkliniken Gävle,Hästkliniken Gävle,Vets,Small animal,Sweden,Sweden,Vet FTE,BDQTY,2023,2.000,2.000,2.000,2.000,2.000,2.000,2.000,2.000,2.000,2.000,2.000,2.000
14,2023,491,1618,SE,56018049,5601,8049,Sweden,Specialisthästsjukhuset Helsin,Specialisthästsjukhu,Vets,Equine,Sweden,Sweden,Locum Vet FTE,AQ,2023,0.600,0.830,0.830,0.960,0.170,0.690,0.080,1.650,0.310,2.040,0.000,0.000
14,2023,491,1618,SE,56018049,5601,8049,Sweden,Specialisthästsjukhuset Helsin,Specialisthästsjukhu,Vets,Equine,Sweden,Sweden,Nurse FTE,AQ,2023,25.260,24.070,21.830,21.970,20.750,21.310,23.640,23.890,24.660,26.670,24.900,20.850
14,2023,491,1618,SE,56018049,5601,8049,Sweden,Specialisthästsjukhuset Helsin,Specialisthästsjukhu,Vets,Equine,Sweden,Sweden,Nurse FTE,BDQTY,2023,23.350,23.350,23.350,23.350,23.350,23.350,23.350,23.350,28.350,33.350,28.350,23.350
14,2023,491,1618,SE,56018049,5601,8049,Sweden,Specialisthästsjukhuset Helsin,Specialisthästsjukhu,Vets,Equine,Sweden,Sweden,Support FTE,AQ,2023,6.400,6.270,6.350,6.620,6.630,6.610,6.650,7.650,6.500,6.040,6.640,6.400
14,2023,491,1618,SE,56018049,5601,8049,Sweden,Specialisthästsjukhuset Helsin,Specialisthästsjukhu,Vets,Equine,Sweden,Sweden,Support FTE,BDQTY,2023,6.400,6.400,6.400,6.400,6.400,6.400,6.400,6.400,6.400,7.400,7.400,6.400
14,2023,491,1618,SE,56018049,5601,8049,Sweden,Specialisthästsjukhuset Helsin,Specialisthästsjukhu,Vets,Equine,Sweden,Sweden,Vet FTE,AQ,2023,16.390,16.050,15.860,14.990,15.600,14.930,16.900,16.260,17.480,17.170,18.990,18.740
14,2023,491,1618,SE,56018049,5601,8049,Sweden,Specialisthästsjukhuset Helsin,Specialisthästsjukhu,Vets,Equine,Sweden,Sweden,Vet FTE,BDQTY,2023,18.300,18.300,18.300,18.800,18.800,18.800,18.800,18.800,18.800,18.800,18.800,18.800
14,2023,499,2144,SE,56098076,5609,8076,Sweden,Ecommerce,Malmö VetApotek,E-commerce / pharmacy,E-commerce / pharmacy,Sweden,Sweden,Locum Vet FTE,AQ,2023,0.000,0.170,0.170,0.110,0.000,0.000,0.100,0.180,0.090,0.450,0.000,0.000
14,2023,499,2144,SE,56098076,5609,8076,Sweden,Ecommerce,Malmö VetApotek,E-commerce / pharmacy,E-commerce / pharmacy,Sweden,Sweden,Nurse FTE,AQ,2023,6.200,6.570,6.560,5.310,6.090,4.980,8.830,0.000,8.420,8.170,7.380,6.040
14,2023,499,2144,SE,56098076,5609,8076,Sweden,Ecommerce,Malmö VetApotek,E-commerce / pharmacy,E-commerce / pharmacy,Sweden,Sweden,Support FTE,AQ,2023,8.570,8.700,10.210,9.820,12.930,10.350,11.350,0.000,11.200,11.120,11.350,11.480
14,2023,499,2145,SE,56098077,5609,8077,Sweden,Ecommerce,Ecommerce,E-commerce / pharmacy,E-commerce / pharmacy,Sweden,Sweden,Locum Vet FTE,AQ,2023,0.000,0.000,0.000,0.050,0.000,0.200,0.150,0.150,0.180,0.170,0.000,0.000
14,2023,499,2145,SE,56098077,5609,8077,Sweden,Ecommerce,Ecommerce,E-commerce / pharmacy,E-commerce / pharmacy,Sweden,Sweden,Nurse FTE,AQ,2023,0.000,0.000,0.000,1.000,0.000,0.000,0.000,0.000,0.000,0.000,0.000,1.000
14,2023,499,2145,SE,56098077,5609,8077,Sweden,Ecommerce,Ecommerce,E-commerce / pharmacy,E-commerce / pharmacy,Sweden,Sweden,Support FTE,AQ,2023,0.000,0.000,2.980,3.000,3.000,3.000,3.000,2.890,3.000,2.950,2.510,3.000
14,2023,1061,39455,SE,56238097,5623,8097,Sweden,NA,Mittnorrlands Djursj,NA,NA,NA,NA,Nurse FTE,AQ,2023,0.800,0.800,0.940,1.030,0.900,0.860,0.950,0.840,0.800,0.000,0.000,0.000
14,2023,1061,39455,SE,56238097,5623,8097,Sweden,NA,Mittnorrlands Djursj,NA,NA,NA,NA,Nurse FTE,BDQTY,2023,0.000,0.000,0.000,0.000,0.000,0.000,0.000,0.000,0.000,0.000,0.000,0.000
14,2023,1061,39455,SE,56238097,5623,8097,Sweden,NA,Mittnorrlands Djursj,NA,NA,NA,NA,Support FTE,BDQTY,2023,0.000,0.000,0.000,0.000,0.000,0.000,0.000,0.000,0.000,0.000,0.000,0.000
14,2023,1061,39455,SE,56238097,5623,8097,Sweden,NA,Mittnorrlands Djursj,NA,NA,NA,NA,Vet FTE,AQ,2023,0.600,0.630,0.630,0.630,0.630,0.630,0.630,0.630,0.630,0.000,0.000,0.000
14,2023,1061,39455,SE,56238097,5623,8097,Sweden,NA,Mittnorrlands Djursj,NA,NA,NA,NA,Vet FTE,BDQTY,2023,0.000,0.000,0.000,0.000,0.000,0.000,0.000,0.000,0.000,0.000,0.000,0.000
14,2023,1061,39449,SE,56238098,5623,8098,Sweden,NA,Mittnorrlands Djursj,NA,NA,NA,NA,Locum Vet FTE,AQ,2023,0.180,1.190,1.190,0.240,0.520,0.110,0.050,0.000,0.220,0.000,0.000,0.000
14,2023,1061,39449,SE,56238098,5623,8098,Sweden,NA,Mittnorrlands Djursj,NA,NA,NA,NA,Nurse FTE,AQ,2023,34.410,33.220,34.390,27.530,25.920,28.080,29.760,31.290,32.190,0.000,0.000,0.000
14,2023,1061,39449,SE,56238098,5623,8098,Sweden,NA,Mittnorrlands Djursj,NA,NA,NA,NA,Nurse FTE,BDQTY,2023,0.000,0.000,0.000,0.000,0.000,0.000,0.000,0.000,0.000,0.000,0.000,0.000
14,2023,1061,39449,SE,56238098,5623,8098,Sweden,NA,Mittnorrlands Djursj,NA,NA,NA,NA,Support FTE,AQ,2023,12.360,13.230,14.810,12.530,11.640,10.840,11.800,13.160,14.420,0.000,0.000,0.000
14,2023,1061,39449,SE,56238098,5623,8098,Sweden,NA,Mittnorrlands Djursj,NA,NA,NA,NA,Support FTE,BDQTY,2023,0.000,0.000,0.000,0.000,0.000,0.000,0.000,0.000,0.000,0.000,0.000,0.000
14,2023,1061,39449,SE,56238098,5623,8098,Sweden,NA,Mittnorrlands Djursj,NA,NA,NA,NA,Vet FTE,AQ,2023,13.480,13.180,13.180,11.320,11.700,17.440,18.060,16.240,17.550,0.000,0.000,0.000
14,2023,1061,39449,SE,56238098,5623,8098,Sweden,NA,Mittnorrlands Djursj,NA,NA,NA,NA,Vet FTE,BDQTY,2023,0.000,0.000,0.000,0.000,0.000,0.000,0.000,0.000,0.000,0.000,0.000,0.000
14,2023,1061,39450,SE,56238099,5623,8099,Sweden,NA,Mittnorrlands Djursj,NA,NA,NA,NA,Locum Vet FTE,AQ,2023,0.670,1.760,1.760,1.800,0.900,0.470,1.020,1.240,0.530,0.000,0.000,0.000
14,2023,1061,39450,SE,56238099,5623,8099,Sweden,NA,Mittnorrlands Djursj,NA,NA,NA,NA,Nurse FTE,AQ,2023,31.280,31.280,29.300,26.070,26.900,25.800,25.480,27.460,28.000,0.000,0.000,0.000
14,2023,1061,39450,SE,56238099,5623,8099,Sweden,NA,Mittnorrlands Djursj,NA,NA,NA,NA,Nurse FTE,BDQTY,2023,0.000,0.000,0.000,0.000,0.000,0.000,0.000,0.000,0.000,0.000,0.000,0.000
14,2023,1061,39450,SE,56238099,5623,8099,Sweden,NA,Mittnorrlands Djursj,NA,NA,NA,NA,Support FTE,AQ,2023,16.450,16.450,15.940,14.760,14.160,14.010,13.530,14.720,13.800,0.000,0.000,0.000
14,2023,1061,39450,SE,56238099,5623,8099,Sweden,NA,Mittnorrlands Djursj,NA,NA,NA,NA,Support FTE,BDQTY,2023,0.000,0.000,0.000,0.000,0.000,0.000,0.000,0.000,0.000,0.000,0.000,0.000
14,2023,1061,39450,SE,56238099,5623,8099,Sweden,NA,Mittnorrlands Djursj,NA,NA,NA,NA,Vet FTE,AQ,2023,11.000,10.600,11.600,11.250,13.320,14.270,14.380,14.550,15.400,0.000,0.000,0.000
14,2023,1061,39450,SE,56238099,5623,8099,Sweden,NA,Mittnorrlands Djursj,NA,NA,NA,NA,Vet FTE,BDQTY,2023,0.000,0.000,0.000,0.000,0.000,0.000,0.000,0.000,0.000,0.000,0.000,0.000
14,2023,1061,39456,SE,56238100,5623,8100,Sweden,NA,Mittnorrlands Djursj,NA,NA,NA,NA,Locum Vet FTE,AQ,2023,0.000,0.000,0.000,0.000,0.000,0.000,0.010,0.000,0.000,0.000,0.000,0.000
14,2023,1061,39456,SE,56238100,5623,8100,Sweden,NA,Mittnorrlands Djursj,NA,NA,NA,NA,Nurse FTE,AQ,2023,3.600,3.600,3.600,3.330,3.500,3.530,3.540,3.600,3.600,0.000,0.000,0.000
14,2023,1061,39456,SE,56238100,5623,8100,Sweden,NA,Mittnorrlands Djursj,NA,NA,NA,NA,Nurse FTE,BDQTY,2023,0.000,0.000,0.000,0.000,0.000,0.000,0.000,0.000,0.000,0.000,0.000,0.000
14,2023,1061,39456,SE,56238100,5623,8100,Sweden,NA,Mittnorrlands Djursj,NA,NA,NA,NA,Support FTE,BDQTY,2023,0.000,0.000,0.000,0.000,0.000,0.000,0.000,0.000,0.000,0.000,0.000,0.000
14,2023,1061,39456,SE,56238100,5623,8100,Sweden,NA,Mittnorrlands Djursj,NA,NA,NA,NA,Vet FTE,AQ,2023,1.830,1.830,1.830,1.830,1.830,1.830,1.830,1.830,1.830,0.000,0.000,0.000
14,2023,1061,39456,SE,56238100,5623,8100,Sweden,NA,Mittnorrlands Djursj,NA,NA,NA,NA,Vet FTE,BDQTY,2023,0.000,0.000,0.000,0.000,0.000,0.000,0.000,0.000,0.000,0.000,0.000,0.000
14,2023,1061,39453,SE,56238101,5623,8101,Sweden,NA,Mittnorrlands Djursj,NA,NA,NA,NA,Nurse FTE,AQ,2023,2.800,2.800,2.800,2.310,2.430,2.440,1.940,2.580,2.800,0.000,0.000,0.000
14,2023,1061,39453,SE,56238101,5623,8101,Sweden,NA,Mittnorrlands Djursj,NA,NA,NA,NA,Support FTE,AQ,2023,0.400,1.000,1.000,1.220,1.970,1.840,1.610,1.940,2.000,0.000,0.000,0.000
14,2023,1061,39453,SE,56238101,5623,8101,Sweden,NA,Mittnorrlands Djursj,NA,NA,NA,NA,Vet FTE,AQ,2023,1.600,1.600,1.290,1.530,0.750,0.760,0.800,0.800,0.800,0.000,0.000,0.000
14,2023,1146,39772,SE,56248103,5624,8103,Sweden,NA,"Alvik ",NA,NA,NA,NA,Nurse FTE,AQ,2023,6.390,6.390,5.520,5.610,5.740,6.100,5.380,6.590,7.970,0.000,0.000,0.000
14,2023,1146,39772,SE,56248103,5624,8103,Sweden,NA,"Alvik ",NA,NA,NA,NA,Nurse FTE,BDQTY,2023,0.000,0.000,0.000,0.000,0.000,0.000,0.000,0.000,0.000,0.000,0.000,0.000
14,2023,1146,39772,SE,56248103,5624,8103,Sweden,NA,"Alvik ",NA,NA,NA,NA,Support FTE,AQ,2023,2.000,2.000,2.000,1.860,1.950,1.500,1.970,1.980,2.000,0.000,0.000,0.000
14,2023,1146,39772,SE,56248103,5624,8103,Sweden,NA,"Alvik ",NA,NA,NA,NA,Support FTE,BDQTY,2023,0.000,0.000,0.000,0.000,0.000,0.000,0.000,0.000,0.000,0.000,0.000,0.000
14,2023,1146,39772,SE,56248103,5624,8103,Sweden,NA,"Alvik ",NA,NA,NA,NA,Vet FTE,AQ,2023,3.030,4.000,4.040,4.000,3.690,3.960,3.750,3.900,4.000,0.000,0.000,0.000
14,2023,1146,39772,SE,56248103,5624,8103,Sweden,NA,"Alvik ",NA,NA,NA,NA,Vet FTE,BDQTY,2023,0.000,0.000,0.000,0.000,0.000,0.000,0.000,0.000,0.000,0.000,0.000,0.000
14,2023,1226,40549,SE,56258104,5625,8104,Sweden,NA,Viskadalens,NA,NA,NA,NA,Nurse FTE,AQ,2023,24.370,24.100,22.800,25.440,24.620,25.400,24.600,23.870,27.140,0.000,0.000,0.000
14,2023,1226,40549,SE,56258104,5625,8104,Sweden,NA,Viskadalens,NA,NA,NA,NA,Nurse FTE,BDQTY,2023,0.000,0.000,0.000,0.000,0.000,0.000,0.000,0.000,0.000,0.000,0.000,0.000
14,2023,1226,40549,SE,56258104,5625,8104,Sweden,NA,Viskadalens,NA,NA,NA,NA,Support FTE,AQ,2023,2.000,2.000,2.000,2.000,2.000,2.390,3.000,3.050,3.000,0.000,0.000,0.000
14,2023,1226,40549,SE,56258104,5625,8104,Sweden,NA,Viskadalens,NA,NA,NA,NA,Support FTE,BDQTY,2023,0.000,0.000,0.000,0.000,0.000,0.000,0.000,0.000,0.000,0.000,0.000,0.000
14,2023,1226,40549,SE,56258104,5625,8104,Sweden,NA,Viskadalens,NA,NA,NA,NA,Vet FTE,AQ,2023,9.280,9.410,8.480,7.690,9.320,9.740,10.080,10.510,9.850,0.000,0.000,0.000
14,2023,1226,40549,SE,56258104,5625,8104,Sweden,NA,Viskadalens,NA,NA,NA,NA,Vet FTE,BDQTY,2023,0.000,0.000,0.000,0.000,0.000,0.000,0.000,0.000,0.000,0.000,0.000,0.000
14,2023,1226,40571,SE,56258105,5625,8105,Sweden,NA,Viskadalens,NA,NA,NA,NA,Locum Vet FTE,AQ,2023,0.190,0.380,0.380,0.190,0.160,0.180,0.000,0.050,0.000,0.000,0.000,0.000
14,2023,1226,40572,SE,56258106,5625,8106,Sweden,NA,Viskadalens,NA,NA,NA,NA,Locum Vet FTE,AQ,2023,1.660,0.680,0.680,1.360,1.200,0.890,0.680,0.320,0.000,0.000,0.000,0.000
14,2023,1226,40573,SE,56258107,5625,8107,Sweden,NA,Viskadalens,NA,NA,NA,NA,Locum Vet FTE,AQ,2023,0.000,0.000,0.000,0.000,0.000,0.000,0.000,0.100,0.200,0.000,0.000,0.000
14,2023,1226,40573,SE,56258107,5625,8107,Sweden,NA,Viskadalens,NA,NA,NA,NA,Nurse FTE,AQ,2023,0.000,0.000,0.000,0.000,0.000,0.000,0.000,0.000,1.310,0.000,0.000,0.000
14,2024,332,5282,SE,46018083,4601,8083,Sweden,Cremit AB,Cremit AB,Crematoria,Crematoria,Sweden,Sweden,Nurse FTE,AQ,2024,3.850,3.850,3.370,3.720,3.580,3.680,3.770,3.950,3.940,3.370,3.600,3.950
14,2024,332,5282,SE,46018083,4601,8083,Sweden,Cremit AB,Cremit AB,Crematoria,Crematoria,Sweden,Sweden,Nurse FTE,BDQTY,2024,3.950,3.950,3.950,3.950,3.950,3.950,3.950,3.950,3.950,3.950,3.950,3.950
14,2024,332,5282,SE,46018083,4601,8083,Sweden,Cremit AB,Cremit AB,Crematoria,Crematoria,Sweden,Sweden,Support FTE,AQ,2024,0.800,0.800,0.800,0.800,0.800,0.800,0.800,0.800,0.800,0.800,0.800,0.800
14,2024,332,5282,SE,46018083,4601,8083,Sweden,Cremit AB,Cremit AB,Crematoria,Crematoria,Sweden,Sweden,Support FTE,BDQTY,2024,0.800,0.800,0.800,0.800,0.800,0.800,0.800,0.800,0.800,0.800,0.800,0.800
14,2024,332,52183,SE,46018085,4601,8085,Sweden,NA,Lekeberg,NA,NA,NA,NA,Nurse FTE,AQ,2024,0.000,0.000,0.000,0.000,3.560,4.000,4.730,4.000,4.620,4.880,4.600,4.000
14,2024,332,52183,SE,46018085,4601,8085,Sweden,NA,Lekeberg,NA,NA,NA,NA,Nurse FTE,BDQTY,2024,4.000,4.000,4.000,4.000,4.000,4.000,4.000,4.000,4.000,4.000,4.000,4.000
14,2024,332,52183,SE,46018085,4601,8085,Sweden,NA,Lekeberg,NA,NA,NA,NA,Support FTE,AQ,2024,0.000,0.000,0.000,0.000,2.000,2.000,2.000,2.000,2.000,2.000,2.000,2.000
14,2024,332,52183,SE,46018085,4601,8085,Sweden,NA,Lekeberg,NA,NA,NA,NA,Support FTE,BDQTY,2024,2.000,2.000,2.000,2.000,2.000,2.000,2.000,2.000,2.250,3.000,2.750,2.000
14,2024,614,32774,SE,46028085,4602,8085,Sweden,HO,Lekeberg,HO,HO,Sweden,Sweden,Nurse FTE,AQ,2024,3.430,3.430,3.610,4.000,0.000,0.000,0.000,0.000,0.000,0.000,0.000,0.000
14,2024,614,32774,SE,46028085,4602,8085,Sweden,HO,Lekeberg,HO,HO,Sweden,Sweden,Nurse FTE,BDQTY,2024,0.000,0.000,0.000,0.000,0.000,0.000,0.000,0.000,0.000,0.000,0.000,0.000
14,2024,614,32774,SE,46028085,4602,8085,Sweden,HO,Lekeberg,HO,HO,Sweden,Sweden,Support FTE,AQ,2024,2.000,2.000,2.000,1.470,0.000,0.000,0.000,0.000,0.000,0.000,0.000,0.000
14,2024,614,32774,SE,46028085,4602,8085,Sweden,HO,Lekeberg,HO,HO,Sweden,Sweden,Support FTE,BDQTY,2024,0.000,0.000,0.000,0.000,0.000,0.000,0.000,0.000,0.000,0.000,0.000,0.000
14,2024,336,38937,SE,50039029,5003,9029,Sweden,NA,HQ Grp Vet Costs,NA,NA,NA,NA,Support FTE,AQ,2024,1.000,1.000,1.000,1.000,1.000,1.000,1.000,1.000,1.000,1.000,1.000,1.000
14,2024,336,50567,SE,50039056,5003,9056,Sweden,NA,Group Support,NA,NA,NA,NA,Head Office FTE,BDQTY,2024,1.000,1.000,1.000,1.000,1.000,1.000,1.000,1.000,1.000,1.000,1.000,1.000
14,2024,336,50567,SE,50039056,5003,9056,Sweden,NA,Group Support,NA,NA,NA,NA,Support FTE,AQ,2024,1.000,1.000,1.000,1.000,1.000,0.000,0.000,0.000,0.000,0.000,0.000,0.000
14,2024,336,37569,SE,50039061,5003,9061,Sweden,NA,Group Support,NA,NA,NA,NA,Support FTE,AQ,2024,1.000,1.000,1.000,1.000,1.000,1.000,2.000,2.000,2.000,2.000,2.000,2.000
14,2024,336,48358,SE,50039066,5003,9066,Sweden,NA,Group Support,NA,NA,NA,NA,Head Office FTE,BDQTY,2024,1.000,1.000,1.000,1.000,1.000,1.000,1.000,1.000,1.000,1.000,1.000,1.000
14,2024,336,48358,SE,50039066,5003,9066,Sweden,NA,Group Support,NA,NA,NA,NA,Support FTE,AQ,2024,1.000,1.000,1.000,1.000,1.000,1.000,1.000,1.000,1.000,1.000,1.000,1.000
14,2024,336,581,SE,50039067,5003,9067,Sweden,HO,Group Support,HO,HO,Group,Group,Head Office FTE,BDQTY,2024,3.000,3.000,3.000,3.000,3.000,3.000,3.000,3.000,3.000,3.000,3.000,3.000
14,2024,336,581,SE,50039067,5003,9067,Sweden,HO,Group Support,HO,HO,Group,Group,Support FTE,AQ,2024,3.000,3.000,3.000,3.000,3.000,3.000,2.000,4.000,4.000,4.000,4.000,4.000
14,2024,336,583,SE,50039070,5003,9070,Sweden,HO,Group Support,HO,HO,Group,Group,Head Office FTE,BDQTY,2024,2.000,2.000,2.000,2.000,2.000,2.000,2.000,2.000,2.000,2.000,2.000,2.000
14,2024,336,583,SE,50039070,5003,9070,Sweden,HO,Group Support,HO,HO,Group,Group,Support FTE,AQ,2024,2.000,2.000,2.000,2.000,2.000,3.000,3.000,4.000,4.000,4.000,4.000,4.000
14,2024,336,32977,SE,50039077,5003,9077,Sweden,NA,Group Support,NA,NA,NA,NA,Head Office FTE,BDQTY,2024,2.000,2.000,2.000,2.000,2.000,2.000,2.000,2.000,2.000,2.000,2.000,2.000
14,2024,336,32977,SE,50039077,5003,9077,Sweden,NA,Group Support,NA,NA,NA,NA,Support FTE,AQ,2024,1.450,1.450,1.450,2.000,1.450,1.450,1.450,1.450,1.450,1.450,1.450,1.450
14,2024,336,32978,SE,50039078,5003,9078,Sweden,NA,Group Support,NA,NA,NA,NA,Head Office FTE,BDQTY,2024,1.000,1.000,1.000,2.000,2.000,2.000,2.000,2.000,2.000,2.000,2.000,2.000
14,2024,336,32978,SE,50039078,5003,9078,Sweden,NA,Group Support,NA,NA,NA,NA,Support FTE,AQ,2024,1.000,1.000,1.000,1.000,1.000,1.000,1.000,1.000,1.000,1.000,1.000,1.000
14,2024,336,32979,SE,50039079,5003,9079,Sweden,NA,Group Support,NA,NA,NA,NA,Head Office FTE,BDQTY,2024,6.000,11.000,11.000,11.000,11.000,11.000,11.000,11.000,11.000,11.000,11.000,11.000
14,2024,336,32979,SE,50039079,5003,9079,Sweden,NA,Group Support,NA,NA,NA,NA,Support FTE,AQ,2024,7.000,9.000,9.000,10.000,10.000,10.000,10.000,10.000,9.000,9.000,9.000,9.000
14,2024,336,51575,SE,50039113,5003,9113,Sweden,NA,HQ,NA,NA,NA,NA,Head Office FTE,BDQTY,2024,1.000,1.000,1.000,1.000,1.000,1.000,1.000,1.000,1.000,1.000,1.000,1.000
14,2024,336,51575,SE,50039113,5003,9113,Sweden,NA,HQ,NA,NA,NA,NA,Support FTE,AQ,2024,0.000,1.000,2.000,1.000,1.000,1.000,1.000,1.000,0.000,0.000,0.000,0.000
14,2024,336,38742,SE,50039190,5003,9190,Sweden,NA,Group Support,NA,NA,NA,NA,Head Office FTE,BDQTY,2024,7.000,7.000,7.000,7.000,7.000,7.000,7.000,7.000,7.000,7.000,7.000,7.000
14,2024,336,38742,SE,50039190,5003,9190,Sweden,NA,Group Support,NA,NA,NA,NA,Support FTE,AQ,2024,7.000,7.000,1.000,7.000,8.000,8.000,8.000,9.000,9.000,9.000,9.000,9.000
14,2024,336,38791,SE,50039191,5003,9191,Sweden,NA,Group Support,NA,NA,NA,NA,Head Office FTE,BDQTY,2024,5.690,5.690,5.690,5.690,5.690,5.690,5.690,5.690,5.690,5.690,5.690,5.690
14,2024,336,38791,SE,50039191,5003,9191,Sweden,NA,Group Support,NA,NA,NA,NA,Support FTE,AQ,2024,5.000,5.000,6.000,6.000,5.000,5.000,5.000,5.000,5.000,5.000,5.000,5.000
14,2024,336,38743,SE,50039192,5003,9192,Sweden,NA,Group Support,NA,NA,NA,NA,Head Office FTE,BDQTY,2024,3.280,3.280,3.280,3.280,3.280,3.280,3.280,3.280,3.280,3.280,3.280,3.280
14,2024,336,38743,SE,50039192,5003,9192,Sweden,NA,Group Support,NA,NA,NA,NA,Support FTE,AQ,2024,4.520,3.520,6.000,4.000,3.520,3.520,3.520,3.520,3.520,3.520,3.520,3.520
14,2024,336,38744,SE,50039195,5003,9195,Sweden,NA,Group Support,NA,NA,NA,NA,Head Office FTE,BDQTY,2024,2.000,2.000,2.000,2.000,2.000,2.000,2.000,2.000,2.000,2.000,2.000,2.000
14,2024,336,38744,SE,50039195,5003,9195,Sweden,NA,Group Support,NA,NA,NA,NA,Support FTE,AQ,2024,3.000,3.000,3.520,2.000,2.000,2.000,2.000,3.000,3.000,3.000,3.000,3.000
14,2024,336,33665,SE,50039468,5003,9468,Sweden,NA,Group Support,NA,NA,NA,NA,Support FTE,AQ,2024,0.000,0.000,0.000,0.000,0.000,0.000,1.000,1.000,1.000,1.000,1.000,1.000
14,2024,490,1455,SE,56008000,5600,8000,Sweden,Djursjukhus Gammelstad,Djursjukhus Gammelst,Vets,Small animal,Sweden,Sweden,Nurse FTE,AQ,2024,24.100,24.100,26.370,24.780,25.320,23.760,22.570,24.450,23.900,26.040,22.580,18.420
14,2024,490,1455,SE,56008000,5600,8000,Sweden,Djursjukhus Gammelstad,Djursjukhus Gammelst,Vets,Small animal,Sweden,Sweden,Nurse FTE,BDQTY,2024,24.800,24.800,24.800,19.200,19.200,18.200,19.000,20.000,21.500,25.000,23.500,19.000
14,2024,490,1455,SE,56008000,5600,8000,Sweden,Djursjukhus Gammelstad,Djursjukhus Gammelst,Vets,Small animal,Sweden,Sweden,Support FTE,AQ,2024,7.570,7.570,8.450,8.920,7.810,6.850,6.970,7.480,7.170,8.120,8.180,8.220
14,2024,490,1455,SE,56008000,5600,8000,Sweden,Djursjukhus Gammelstad,Djursjukhus Gammelst,Vets,Small animal,Sweden,Sweden,Support FTE,BDQTY,2024,8.280,8.280,8.280,8.280,8.280,8.280,8.280,8.280,8.280,8.280,8.280,8.280
14,2024,490,1455,SE,56008000,5600,8000,Sweden,Djursjukhus Gammelstad,Djursjukhus Gammelst,Vets,Small animal,Sweden,Sweden,Vet FTE,AQ,2024,17.630,17.630,15.120,15.770,15.900,15.360,14.050,12.400,13.250,12.180,12.250,12.210
14,2024,490,1455,SE,56008000,5600,8000,Sweden,Djursjukhus Gammelstad,Djursjukhus Gammelst,Vets,Small animal,Sweden,Sweden,Vet FTE,BDQTY,2024,17.550,17.550,17.550,17.550,17.550,17.550,18.550,18.550,18.550,18.550,18.550,18.550
14,2024,490,1456,SE,56008001,5600,8001,Sweden,Djurklinik Öjebyn,Djurklinik Öjebyn,Vets,Small animal,Sweden,Sweden,Nurse FTE,AQ,2024,8.300,8.300,7.940,8.230,8.400,7.800,6.430,6.360,8.230,8.950,7.100,6.540
14,2024,490,1456,SE,56008001,5600,8001,Sweden,Djurklinik Öjebyn,Djurklinik Öjebyn,Vets,Small animal,Sweden,Sweden,Nurse FTE,BDQTY,2024,7.550,7.550,7.550,7.550,7.550,7.550,7.550,7.550,7.550,7.550,7.550,7.550
14,2024,490,1456,SE,56008001,5600,8001,Sweden,Djurklinik Öjebyn,Djurklinik Öjebyn,Vets,Small animal,Sweden,Sweden,Support FTE,AQ,2024,2.000,2.000,2.000,2.000,1.930,2.000,2.000,1.930,2.000,2.000,2.000,1.990
14,2024,490,1456,SE,56008001,5600,8001,Sweden,Djurklinik Öjebyn,Djurklinik Öjebyn,Vets,Small animal,Sweden,Sweden,Support FTE,BDQTY,2024,2.000,2.000,2.000,2.000,2.000,2.000,2.000,2.000,2.000,2.000,2.000,2.000
14,2024,490,1456,SE,56008001,5600,8001,Sweden,Djurklinik Öjebyn,Djurklinik Öjebyn,Vets,Small animal,Sweden,Sweden,Vet FTE,AQ,2024,4.550,4.550,4.500,4.240,3.930,4.460,4.020,4.840,7.680,7.700,6.100,4.580
14,2024,490,1456,SE,56008001,5600,8001,Sweden,Djurklinik Öjebyn,Djurklinik Öjebyn,Vets,Small animal,Sweden,Sweden,Vet FTE,BDQTY,2024,5.050,5.050,5.050,3.150,4.750,4.750,4.750,4.750,4.450,4.450,4.450,5.050
14,2024,490,1457,SE,56008002,5600,8002,Sweden,Djurkliniken Arninge,Djurkliniken Arninge,Vets,Small animal,Sweden,Sweden,Nurse FTE,AQ,2024,15.360,15.360,15.480,15.510,16.670,16.560,16.340,15.950,17.260,17.140,18.760,17.320
14,2024,490,1457,SE,56008002,5600,8002,Sweden,Djurkliniken Arninge,Djurkliniken Arninge,Vets,Small animal,Sweden,Sweden,Nurse FTE,BDQTY,2024,16.100,16.100,16.100,16.100,16.100,16.100,16.100,16.100,17.090,18.840,18.630,16.100
14,2024,490,1457,SE,56008002,5600,8002,Sweden,Djurkliniken Arninge,Djurkliniken Arninge,Vets,Small animal,Sweden,Sweden,Support FTE,AQ,2024,4.800,4.800,4.650,4.790,4.740,4.840,4.840,4.840,4.890,4.310,4.690,4.890
14,2024,490,1457,SE,56008002,5600,8002,Sweden,Djurkliniken Arninge,Djurkliniken Arninge,Vets,Small animal,Sweden,Sweden,Support FTE,BDQTY,2024,5.800,5.800,5.800,5.800,5.800,5.800,5.800,5.800,5.800,5.800,5.800,5.800
14,2024,490,1457,SE,56008002,5600,8002,Sweden,Djurkliniken Arninge,Djurkliniken Arninge,Vets,Small animal,Sweden,Sweden,Vet FTE,AQ,2024,7.720,7.720,6.430,6.690,9.810,9.100,9.310,9.920,9.630,8.970,9.760,9.830
14,2024,490,1457,SE,56008002,5600,8002,Sweden,Djurkliniken Arninge,Djurkliniken Arninge,Vets,Small animal,Sweden,Sweden,Vet FTE,BDQTY,2024,13.530,13.130,11.130,11.130,11.130,11.130,11.130,11.130,11.130,11.130,11.130,11.130
14,2024,490,1458,SE,56008003,5600,8003,Sweden,Djurkliniken Farsta,Djurkliniken Farsta,Vets,Small animal,Sweden,Sweden,Nurse FTE,AQ,2024,7.570,7.570,8.450,8.610,7.900,7.930,6.890,7.050,7.100,7.100,7.670,7.000
14,2024,490,1458,SE,56008003,5600,8003,Sweden,Djurkliniken Farsta,Djurkliniken Farsta,Vets,Small animal,Sweden,Sweden,Nurse FTE,BDQTY,2024,7.900,7.900,7.900,10.400,10.400,10.400,10.400,10.400,11.400,14.730,12.870,10.400
14,2024,490,1458,SE,56008003,5600,8003,Sweden,Djurkliniken Farsta,Djurkliniken Farsta,Vets,Small animal,Sweden,Sweden,Support FTE,AQ,2024,1.910,1.910,0.890,0.810,0.800,0.800,0.900,1.000,2.570,2.670,2.670,2.180
14,2024,490,1458,SE,56008003,5600,8003,Sweden,Djurkliniken Farsta,Djurkliniken Farsta,Vets,Small animal,Sweden,Sweden,Support FTE,BDQTY,2024,0.600,0.600,0.600,2.600,2.600,3.000,3.000,3.000,3.000,3.000,3.000,3.000
14,2024,490,1458,SE,56008003,5600,8003,Sweden,Djurkliniken Farsta,Djurkliniken Farsta,Vets,Small animal,Sweden,Sweden,Vet FTE,AQ,2024,4.670,4.670,2.920,2.890,3.970,4.500,5.490,5.660,5.520,4.840,5.300,4.190
14,2024,490,1458,SE,56008003,5600,8003,Sweden,Djurkliniken Farsta,Djurkliniken Farsta,Vets,Small animal,Sweden,Sweden,Vet FTE,BDQTY,2024,5.750,5.750,5.750,7.750,8.000,8.000,8.000,8.000,8.000,8.000,8.000,8.000
14,2024,490,1459,SE,56008004,5600,8004,Sweden,Djurkliniken Gefle,Djurkliniken Gefle,Vets,Small animal,Sweden,Sweden,Nurse FTE,AQ,2024,12.930,12.930,12.170,11.330,12.200,12.480,13.260,14.970,14.670,15.080,14.780,13.560
14,2024,490,1459,SE,56008004,5600,8004,Sweden,Djurkliniken Gefle,Djurkliniken Gefle,Vets,Small animal,Sweden,Sweden,Nurse FTE,BDQTY,2024,7.950,7.950,7.950,7.950,7.950,7.950,7.950,7.950,9.840,10.830,9.400,7.950
14,2024,490,1459,SE,56008004,5600,8004,Sweden,Djurkliniken Gefle,Djurkliniken Gefle,Vets,Small animal,Sweden,Sweden,Support FTE,AQ,2024,4.210,4.210,4.360,4.150,4.100,3.750,3.800,3.800,3.800,3.800,3.800,4.090
14,2024,490,1459,SE,56008004,5600,8004,Sweden,Djurkliniken Gefle,Djurkliniken Gefle,Vets,Small animal,Sweden,Sweden,Support FTE,BDQTY,2024,2.300,2.300,2.300,2.300,2.300,2.300,2.300,2.300,2.300,2.300,2.300,2.300
14,2024,490,1459,SE,56008004,5600,8004,Sweden,Djurkliniken Gefle,Djurkliniken Gefle,Vets,Small animal,Sweden,Sweden,Vet FTE,AQ,2024,8.400,8.400,7.590,7.930,7.770,8.180,8.200,7.960,8.100,6.980,6.530,6.600
14,2024,490,1459,SE,56008004,5600,8004,Sweden,Djurkliniken Gefle,Djurkliniken Gefle,Vets,Small animal,Sweden,Sweden,Vet FTE,BDQTY,2024,5.650,5.650,5.650,5.650,5.650,5.650,5.650,5.650,5.650,5.650,5.650,5.650
14,2024,490,1460,SE,56008005,5600,8005,Sweden,Djurkliniken Nacka,Djurkliniken Nacka,Vets,Small animal,Sweden,Sweden,Nurse FTE,AQ,2024,17.050,17.050,16.460,16.900,16.000,16.280,15.450,15.380,16.760,15.460,15.060,16.430
14,2024,490,1460,SE,56008005,5600,8005,Sweden,Djurkliniken Nacka,Djurkliniken Nacka,Vets,Small animal,Sweden,Sweden,Nurse FTE,BDQTY,2024,15.350,15.350,15.350,15.350,15.350,15.350,15.350,15.350,17.450,18.790,16.420,15.350
14,2024,490,1460,SE,56008005,5600,8005,Sweden,Djurkliniken Nacka,Djurkliniken Nacka,Vets,Small animal,Sweden,Sweden,Support FTE,AQ,2024,6.070,6.070,5.120,5.210,4.830,4.730,5.620,5.850,5.030,3.590,4.000,4.310
14,2024,490,1460,SE,56008005,5600,8005,Sweden,Djurkliniken Nacka,Djurkliniken Nacka,Vets,Small animal,Sweden,Sweden,Support FTE,BDQTY,2024,4.900,4.900,4.900,5.250,5.250,5.250,5.250,5.250,5.250,5.250,5.250,5.250
14,2024,490,1460,SE,56008005,5600,8005,Sweden,Djurkliniken Nacka,Djurkliniken Nacka,Vets,Small animal,Sweden,Sweden,Vet FTE,AQ,2024,11.930,11.930,11.850,12.010,11.850,11.080,11.050,10.740,11.240,10.150,11.320,11.870
14,2024,490,1460,SE,56008005,5600,8005,Sweden,Djurkliniken Nacka,Djurkliniken Nacka,Vets,Small animal,Sweden,Sweden,Vet FTE,BDQTY,2024,12.660,11.660,11.660,11.660,12.910,12.910,12.910,12.910,12.910,12.910,12.910,12.910
14,2024,490,1461,SE,56008006,5600,8006,Sweden,Djurkliniken Nyköping,Djurkliniken Nyköpin,Vets,Small animal,Sweden,Sweden,Nurse FTE,AQ,2024,4.360,4.360,3.890,3.990,4.730,4.090,3.760,3.990,3.860,4.370,5.290,5.400
14,2024,490,1461,SE,56008006,5600,8006,Sweden,Djurkliniken Nyköping,Djurkliniken Nyköpin,Vets,Small animal,Sweden,Sweden,Nurse FTE,BDQTY,2024,5.300,5.300,5.300,5.300,5.300,5.300,4.300,4.300,5.300,6.300,5.300,4.300
14,2024,490,1461,SE,56008006,5600,8006,Sweden,Djurkliniken Nyköping,Djurkliniken Nyköpin,Vets,Small animal,Sweden,Sweden,Support FTE,AQ,2024,2.800,2.800,2.890,2.750,2.800,2.780,2.800,2.750,2.800,2.800,2.760,2.600
14,2024,490,1461,SE,56008006,5600,8006,Sweden,Djurkliniken Nyköping,Djurkliniken Nyköpin,Vets,Small animal,Sweden,Sweden,Support FTE,BDQTY,2024,2.800,2.800,2.800,2.800,2.800,2.800,2.800,2.800,2.800,2.800,2.800,2.800
14,2024,490,1461,SE,56008006,5600,8006,Sweden,Djurkliniken Nyköping,Djurkliniken Nyköpin,Vets,Small animal,Sweden,Sweden,Vet FTE,AQ,2024,2.200,2.200,2.200,2.210,2.920,1.870,2.160,2.180,2.170,1.870,2.200,2.000
14,2024,490,1461,SE,56008006,5600,8006,Sweden,Djurkliniken Nyköping,Djurkliniken Nyköpin,Vets,Small animal,Sweden,Sweden,Vet FTE,BDQTY,2024,2.250,2.250,2.250,2.250,2.250,3.250,3.250,3.250,3.250,3.250,3.250,3.250
14,2024,490,1462,SE,56008007,5600,8007,Sweden,Djurkliniken Roslagstull,Djurkliniken Roslags,Vets,Small animal,Sweden,Sweden,Nurse FTE,AQ,2024,10.080,10.080,9.180,9.390,8.660,8.650,8.450,6.750,6.660,6.430,6.080,4.870
14,2024,490,1462,SE,56008007,5600,8007,Sweden,Djurkliniken Roslagstull,Djurkliniken Roslags,Vets,Small animal,Sweden,Sweden,Nurse FTE,BDQTY,2024,10.600,10.600,10.600,10.600,10.600,10.600,10.600,10.600,11.250,11.340,11.160,10.600
14,2024,490,1462,SE,56008007,5600,8007,Sweden,Djurkliniken Roslagstull,Djurkliniken Roslags,Vets,Small animal,Sweden,Sweden,Vet FTE,AQ,2024,4.720,4.720,3.940,3.970,2.980,3.000,2.940,2.690,2.280,2.520,2.550,2.050
14,2024,490,1462,SE,56008007,5600,8007,Sweden,Djurkliniken Roslagstull,Djurkliniken Roslags,Vets,Small animal,Sweden,Sweden,Vet FTE,BDQTY,2024,6.000,6.000,6.000,6.000,6.000,6.000,6.000,6.000,6.000,6.000,6.000,6.000
14,2024,490,1463,SE,56008008,5600,8008,Sweden,Djurkliniken Sandviken,Djurkliniken Sandvik,Vets,Small animal,Sweden,Sweden,Nurse FTE,BDQTY,2024,5.200,5.200,5.200,4.200,4.200,4.200,4.200,4.200,4.200,4.200,4.200,4.200
14,2024,490,1463,SE,56008008,5600,8008,Sweden,Djurkliniken Sandviken,Djurkliniken Sandvik,Vets,Small animal,Sweden,Sweden,Support FTE,BDQTY,2024,2.300,2.300,2.300,2.300,2.300,2.300,2.300,2.300,2.300,2.300,2.300,2.300
14,2024,490,1463,SE,56008008,5600,8008,Sweden,Djurkliniken Sandviken,Djurkliniken Sandvik,Vets,Small animal,Sweden,Sweden,Vet FTE,BDQTY,2024,3.350,3.350,3.350,3.350,3.350,3.350,3.350,3.350,3.350,3.350,3.350,3.350
14,2024,490,1464,SE,56008009,5600,8009,Sweden,Djurkliniken Åkersberga,Djurkliniken Åkersbe,Vets,Small animal,Sweden,Sweden,Nurse FTE,AQ,2024,8.430,8.430,8.140,8.070,8.110,8.230,7.880,7.850,8.810,10.160,9.410,9.370
14,2024,490,1464,SE,56008009,5600,8009,Sweden,Djurkliniken Åkersberga,Djurkliniken Åkersbe,Vets,Small animal,Sweden,Sweden,Nurse FTE,BDQTY,2024,9.540,9.540,9.540,10.540,10.540,10.540,10.540,10.540,10.590,11.510,11.280,10.540
14,2024,490,1464,SE,56008009,5600,8009,Sweden,Djurkliniken Åkersberga,Djurkliniken Åkersbe,Vets,Small animal,Sweden,Sweden,Support FTE,AQ,2024,1.000,1.000,1.000,1.000,1.000,1.000,1.000,1.000,1.000,1.000,1.000,1.000
14,2024,490,1464,SE,56008009,5600,8009,Sweden,Djurkliniken Åkersberga,Djurkliniken Åkersbe,Vets,Small animal,Sweden,Sweden,Support FTE,BDQTY,2024,1.000,1.000,1.000,1.000,1.000,1.000,1.000,1.000,1.000,1.000,1.000,1.000
14,2024,490,1464,SE,56008009,5600,8009,Sweden,Djurkliniken Åkersberga,Djurkliniken Åkersbe,Vets,Small animal,Sweden,Sweden,Vet FTE,AQ,2024,3.050,3.050,3.330,3.140,3.520,3.660,4.340,3.900,3.020,2.520,2.340,2.450
14,2024,490,1464,SE,56008009,5600,8009,Sweden,Djurkliniken Åkersberga,Djurkliniken Åkersbe,Vets,Small animal,Sweden,Sweden,Vet FTE,BDQTY,2024,3.730,3.730,3.730,4.730,4.730,4.730,4.730,4.730,4.730,4.730,4.730,4.730
14,2024,490,1465,SE,56008010,5600,8010,Sweden,Djursjukhuset Södra,Djursjukhuset Södra,Vets,Small animal,Sweden,Sweden,Nurse FTE,AQ,2024,90.480,90.480,87.600,89.830,89.810,86.250,87.610,87.100,90.840,89.020,84.280,74.450
14,2024,490,1465,SE,56008010,5600,8010,Sweden,Djursjukhuset Södra,Djursjukhuset Södra,Vets,Small animal,Sweden,Sweden,Nurse FTE,BDQTY,2024,88.970,88.970,87.970,87.970,87.970,87.970,87.970,89.970,94.170,96.670,92.170,89.970
14,2024,490,1465,SE,56008010,5600,8010,Sweden,Djursjukhuset Södra,Djursjukhuset Södra,Vets,Small animal,Sweden,Sweden,Support FTE,AQ,2024,20.080,20.080,21.590,21.400,21.130,20.250,18.400,18.590,18.540,17.610,15.930,15.670
14,2024,490,1465,SE,56008010,5600,8010,Sweden,Djursjukhuset Södra,Djursjukhuset Södra,Vets,Small animal,Sweden,Sweden,Support FTE,BDQTY,2024,20.550,20.550,20.550,20.550,20.550,20.550,20.550,20.550,21.530,21.370,21.040,20.550
14,2024,490,1465,SE,56008010,5600,8010,Sweden,Djursjukhuset Södra,Djursjukhuset Södra,Vets,Small animal,Sweden,Sweden,Vet FTE,AQ,2024,81.000,81.000,77.170,77.870,80.130,79.540,81.310,78.600,76.430,73.800,72.780,73.080
14,2024,490,1465,SE,56008010,5600,8010,Sweden,Djursjukhuset Södra,Djursjukhuset Södra,Vets,Small animal,Sweden,Sweden,Vet FTE,BDQTY,2024,78.230,78.230,78.330,78.330,77.330,77.330,77.330,78.330,78.330,78.330,78.330,78.330
14,2024,490,1466,SE,56008011,5600,8011,Sweden,Djursjukhuset Västerort,Djursjukhuset Väster,Vets,Small animal,Sweden,Sweden,Nurse FTE,AQ,2024,10.800,10.800,10.170,10.290,10.440,10.560,10.470,10.750,11.470,12.300,11.420,10.670
14,2024,490,1466,SE,56008011,5600,8011,Sweden,Djursjukhuset Västerort,Djursjukhuset Väster,Vets,Small animal,Sweden,Sweden,Nurse FTE,BDQTY,2024,9.430,9.430,9.430,9.430,9.430,9.430,9.430,9.430,11.430,11.430,11.430,9.430
14,2024,490,1466,SE,56008011,5600,8011,Sweden,Djursjukhuset Västerort,Djursjukhuset Väster,Vets,Small animal,Sweden,Sweden,Support FTE,AQ,2024,3.480,3.480,3.520,3.420,3.340,3.350,2.950,2.860,3.000,2.780,2.570,2.360
14,2024,490,1466,SE,56008011,5600,8011,Sweden,Djursjukhuset Västerort,Djursjukhuset Väster,Vets,Small animal,Sweden,Sweden,Support FTE,BDQTY,2024,3.000,3.000,3.000,3.000,3.000,3.000,3.000,3.000,3.000,3.000,3.000,3.000
14,2024,490,1466,SE,56008011,5600,8011,Sweden,Djursjukhuset Västerort,Djursjukhuset Väster,Vets,Small animal,Sweden,Sweden,Vet FTE,AQ,2024,5.850,5.850,5.320,5.690,6.440,6.380,6.700,6.610,8.470,8.910,8.120,6.950
14,2024,490,1466,SE,56008011,5600,8011,Sweden,Djursjukhuset Västerort,Djursjukhuset Väster,Vets,Small animal,Sweden,Sweden,Vet FTE,BDQTY,2024,6.950,6.950,6.950,6.950,6.950,6.950,6.950,6.950,6.950,6.950,6.950,6.950
14,2024,490,1467,SE,56008012,5600,8012,Sweden,Djurdoktorn Mälardalen,Djurdoktorn Mälardal,Vets,Small animal,Sweden,Sweden,Nurse FTE,AQ,2024,4.350,4.350,5.210,4.520,5.570,5.460,5.550,5.310,4.770,5.550,5.560,4.680
14,2024,490,1467,SE,56008012,5600,8012,Sweden,Djurdoktorn Mälardalen,Djurdoktorn Mälardal,Vets,Small animal,Sweden,Sweden,Nurse FTE,BDQTY,2024,3.750,3.750,3.750,4.500,4.500,4.500,4.500,4.500,5.500,6.500,6.250,5.500
14,2024,490,1467,SE,56008012,5600,8012,Sweden,Djurdoktorn Mälardalen,Djurdoktorn Mälardal,Vets,Small animal,Sweden,Sweden,Support FTE,BDQTY,2024,1.000,1.000,1.000,1.000,1.000,1.000,1.000,1.000,1.000,1.000,1.000,1.000
14,2024,490,1467,SE,56008012,5600,8012,Sweden,Djurdoktorn Mälardalen,Djurdoktorn Mälardal,Vets,Small animal,Sweden,Sweden,Vet FTE,AQ,2024,1.560,1.560,1.560,1.530,1.610,1.610,1.610,1.610,1.610,1.610,1.420,1.610
14,2024,490,1467,SE,56008012,5600,8012,Sweden,Djurdoktorn Mälardalen,Djurdoktorn Mälardal,Vets,Small animal,Sweden,Sweden,Vet FTE,BDQTY,2024,1.900,1.900,1.700,2.200,2.500,2.500,2.500,2.500,2.500,2.500,2.500,2.500
14,2024,490,1468,SE,56008013,5600,8013,Sweden,Djurkliniken Eskilstuna,Djurkliniken Eskilst,Vets,Small animal,Sweden,Sweden,Nurse FTE,AQ,2024,8.200,8.200,6.920,6.460,7.640,7.470,7.880,7.670,8.170,9.380,9.670,8.920
14,2024,490,1468,SE,56008013,5600,8013,Sweden,Djurkliniken Eskilstuna,Djurkliniken Eskilst,Vets,Small animal,Sweden,Sweden,Nurse FTE,BDQTY,2024,7.650,7.650,7.650,7.650,7.650,7.650,7.650,7.650,8.920,10.650,9.150,7.650
14,2024,490,1468,SE,56008013,5600,8013,Sweden,Djurkliniken Eskilstuna,Djurkliniken Eskilst,Vets,Small animal,Sweden,Sweden,Support FTE,AQ,2024,1.140,1.140,1.450,1.500,1.440,1.460,1.450,1.500,0.860,0.700,0.700,0.700
14,2024,490,1468,SE,56008013,5600,8013,Sweden,Djurkliniken Eskilstuna,Djurkliniken Eskilst,Vets,Small animal,Sweden,Sweden,Support FTE,BDQTY,2024,1.500,1.500,1.500,1.500,1.500,1.500,1.500,1.500,1.500,1.500,1.500,1.500
14,2024,490,1468,SE,56008013,5600,8013,Sweden,Djurkliniken Eskilstuna,Djurkliniken Eskilst,Vets,Small animal,Sweden,Sweden,Vet FTE,AQ,2024,5.050,5.050,5.000,5.250,5.040,4.910,4.770,4.710,4.870,4.320,4.460,4.500
14,2024,490,1468,SE,56008013,5600,8013,Sweden,Djurkliniken Eskilstuna,Djurkliniken Eskilst,Vets,Small animal,Sweden,Sweden,Vet FTE,BDQTY,2024,4.850,4.850,4.850,4.850,4.850,4.850,4.850,4.850,4.850,5.050,4.850,4.850
14,2024,490,1469,SE,56008014,5600,8014,Sweden,Djurkliniken Köping,Djurkliniken Köping,Vets,Small animal,Sweden,Sweden,Nurse FTE,AQ,2024,3.750,3.750,4.100,3.770,4.050,4.030,4.030,3.710,4.100,4.100,4.100,4.100
14,2024,490,1469,SE,56008014,5600,8014,Sweden,Djurkliniken Köping,Djurkliniken Köping,Vets,Small animal,Sweden,Sweden,Nurse FTE,BDQTY,2024,4.100,4.100,4.100,4.100,4.100,4.100,4.100,4.100,4.600,4.600,4.100,4.100
14,2024,490,1469,SE,56008014,5600,8014,Sweden,Djurkliniken Köping,Djurkliniken Köping,Vets,Small animal,Sweden,Sweden,Support FTE,AQ,2024,0.000,0.000,0.000,0.000,0.000,0.000,1.000,1.000,1.000,1.000,1.000,1.000
14,2024,490,1469,SE,56008014,5600,8014,Sweden,Djurkliniken Köping,Djurkliniken Köping,Vets,Small animal,Sweden,Sweden,Support FTE,BDQTY,2024,0.400,0.400,0.400,0.400,0.400,0.400,0.400,0.400,0.400,0.400,0.400,0.400
14,2024,490,1469,SE,56008014,5600,8014,Sweden,Djurkliniken Köping,Djurkliniken Köping,Vets,Small animal,Sweden,Sweden,Vet FTE,AQ,2024,2.230,2.230,2.220,2.200,2.190,2.380,2.430,2.250,1.700,1.700,1.700,1.700
14,2024,490,1469,SE,56008014,5600,8014,Sweden,Djurkliniken Köping,Djurkliniken Köping,Vets,Small animal,Sweden,Sweden,Vet FTE,BDQTY,2024,2.300,2.300,2.500,2.500,2.700,2.700,2.700,2.700,2.700,2.700,2.700,2.700
14,2024,490,1470,SE,56008015,5600,8015,Sweden,Djurkliniken Västerås,Djurkliniken Västerå,Vets,Small animal,Sweden,Sweden,Nurse FTE,AQ,2024,8.450,8.450,8.480,9.190,9.560,9.320,9.300,9.360,10.150,10.500,7.950,8.400
14,2024,490,1470,SE,56008015,5600,8015,Sweden,Djurkliniken Västerås,Djurkliniken Västerå,Vets,Small animal,Sweden,Sweden,Nurse FTE,BDQTY,2024,8.900,9.400,9.900,9.700,9.700,9.700,9.700,9.700,11.250,12.940,11.690,9.700
14,2024,490,1470,SE,56008015,5600,8015,Sweden,Djurkliniken Västerås,Djurkliniken Västerå,Vets,Small animal,Sweden,Sweden,Support FTE,BDQTY,2024,0.050,0.050,0.050,0.050,0.050,0.050,0.050,0.050,0.050,0.050,0.050,0.050
14,2024,490,1470,SE,56008015,5600,8015,Sweden,Djurkliniken Västerås,Djurkliniken Västerå,Vets,Small animal,Sweden,Sweden,Vet FTE,AQ,2024,5.060,5.060,5.100,4.960,5.060,4.980,5.190,4.570,4.560,4.400,4.670,4.510
14,2024,490,1470,SE,56008015,5600,8015,Sweden,Djurkliniken Västerås,Djurkliniken Västerå,Vets,Small animal,Sweden,Sweden,Vet FTE,BDQTY,2024,5.600,5.600,5.600,5.600,5.600,5.600,5.600,5.600,5.600,5.600,5.600,5.600
14,2024,490,1471,SE,56008016,5600,8016,Sweden,Specialistdjursjukhuset Ströms,Specialistdjursjukhu,Vets,Small animal,Sweden,Sweden,Nurse FTE,AQ,2024,81.680,81.680,76.980,78.210,78.460,79.380,79.260,79.130,86.560,85.790,81.300,76.320
14,2024,490,1471,SE,56008016,5600,8016,Sweden,Specialistdjursjukhuset Ströms,Specialistdjursjukhu,Vets,Small animal,Sweden,Sweden,Nurse FTE,BDQTY,2024,78.580,79.880,79.880,79.880,80.180,80.180,80.180,79.780,86.580,87.580,85.580,79.580
14,2024,490,1471,SE,56008016,5600,8016,Sweden,Specialistdjursjukhuset Ströms,Specialistdjursjukhu,Vets,Small animal,Sweden,Sweden,Support FTE,AQ,2024,26.500,26.500,23.820,23.660,23.600,22.580,21.500,20.780,21.560,22.330,21.010,21.090
14,2024,490,1471,SE,56008016,5600,8016,Sweden,Specialistdjursjukhuset Ströms,Specialistdjursjukhu,Vets,Small animal,Sweden,Sweden,Support FTE,BDQTY,2024,27.050,27.050,25.050,23.050,23.050,23.050,23.050,23.050,26.550,27.550,25.050,24.050
14,2024,490,1471,SE,56008016,5600,8016,Sweden,Specialistdjursjukhuset Ströms,Specialistdjursjukhu,Vets,Small animal,Sweden,Sweden,Vet FTE,AQ,2024,51.650,51.650,48.240,49.140,46.880,47.770,46.510,46.460,49.220,47.890,48.350,47.060
14,2024,490,1471,SE,56008016,5600,8016,Sweden,Specialistdjursjukhuset Ströms,Specialistdjursjukhu,Vets,Small animal,Sweden,Sweden,Vet FTE,BDQTY,2024,48.040,48.540,48.540,48.840,48.840,48.840,48.840,48.840,50.340,50.840,50.340,48.840
14,2024,490,1472,SE,56008017,5600,8017,Sweden,Djurkliniken Karlskoga,Djurkliniken Karlsko,Vets,Small animal,Sweden,Sweden,Nurse FTE,AQ,2024,11.950,11.950,12.210,12.060,11.890,11.640,11.500,11.020,10.580,12.530,11.770,11.430
14,2024,490,1472,SE,56008017,5600,8017,Sweden,Djurkliniken Karlskoga,Djurkliniken Karlsko,Vets,Small animal,Sweden,Sweden,Nurse FTE,BDQTY,2024,12.890,12.890,12.890,12.890,12.890,12.890,11.890,11.890,12.590,12.890,12.790,11.890
14,2024,490,1472,SE,56008017,5600,8017,Sweden,Djurkliniken Karlskoga,Djurkliniken Karlsko,Vets,Small animal,Sweden,Sweden,Vet FTE,AQ,2024,7.940,7.940,7.830,8.150,7.950,7.520,7.970,7.630,6.930,7.180,7.740,6.650
14,2024,490,1472,SE,56008017,5600,8017,Sweden,Djurkliniken Karlskoga,Djurkliniken Karlsko,Vets,Small animal,Sweden,Sweden,Vet FTE,BDQTY,2024,5.490,5.490,5.490,5.490,5.490,6.090,6.090,6.090,6.090,6.090,6.090,6.090
14,2024,490,1473,SE,56008018,5600,8018,Sweden,Djursjukhuset Karlstad,Djursjukhuset Karlst,Vets,Small animal,Sweden,Sweden,Nurse FTE,AQ,2024,22.760,22.760,23.310,22.930,23.650,23.900,25.220,24.100,26.080,25.910,26.380,25.400
14,2024,490,1473,SE,56008018,5600,8018,Sweden,Djursjukhuset Karlstad,Djursjukhuset Karlst,Vets,Small animal,Sweden,Sweden,Nurse FTE,BDQTY,2024,22.800,23.800,23.800,24.850,24.850,25.850,26.850,26.850,29.850,29.850,29.850,26.850
14,2024,490,1473,SE,56008018,5600,8018,Sweden,Djursjukhuset Karlstad,Djursjukhuset Karlst,Vets,Small animal,Sweden,Sweden,Support FTE,AQ,2024,8.140,8.140,7.810,8.100,8.140,8.180,7.380,7.410,9.320,8.560,6.990,6.580
14,2024,490,1473,SE,56008018,5600,8018,Sweden,Djursjukhuset Karlstad,Djursjukhuset Karlst,Vets,Small animal,Sweden,Sweden,Support FTE,BDQTY,2024,9.250,9.250,9.250,9.250,9.250,9.250,9.250,9.250,10.250,10.250,10.250,9.250
14,2024,490,1473,SE,56008018,5600,8018,Sweden,Djursjukhuset Karlstad,Djursjukhuset Karlst,Vets,Small animal,Sweden,Sweden,Vet FTE,AQ,2024,16.520,16.520,16.020,15.840,15.160,15.780,16.060,17.060,17.910,17.500,17.070,14.500
14,2024,490,1473,SE,56008018,5600,8018,Sweden,Djursjukhuset Karlstad,Djursjukhuset Karlst,Vets,Small animal,Sweden,Sweden,Vet FTE,BDQTY,2024,16.800,16.800,17.000,17.200,17.700,17.700,18.700,19.700,20.700,21.700,20.700,19.700
14,2024,490,1474,SE,56008019,5600,8019,Sweden,Djurkliniken Norrköping,Djurkliniken Norrköp,Vets,Small animal,Sweden,Sweden,Nurse FTE,AQ,2024,9.630,9.630,10.040,10.370,12.390,12.030,11.550,12.050,13.110,11.970,9.880,9.230
14,2024,490,1474,SE,56008019,5600,8019,Sweden,Djurkliniken Norrköping,Djurkliniken Norrköp,Vets,Small animal,Sweden,Sweden,Nurse FTE,BDQTY,2024,13.000,12.700,12.700,12.700,11.700,12.700,12.700,12.700,15.450,16.460,15.280,12.700
14,2024,490,1474,SE,56008019,5600,8019,Sweden,Djurkliniken Norrköping,Djurkliniken Norrköp,Vets,Small animal,Sweden,Sweden,Support FTE,AQ,2024,2.000,2.000,2.000,2.000,2.000,1.670,1.000,1.000,1.000,1.000,2.000,1.000
14,2024,490,1474,SE,56008019,5600,8019,Sweden,Djurkliniken Norrköping,Djurkliniken Norrköp,Vets,Small animal,Sweden,Sweden,Support FTE,BDQTY,2024,0.750,0.750,0.750,0.750,0.750,0.750,0.750,0.750,0.750,0.750,0.750,0.750
14,2024,490,1474,SE,56008019,5600,8019,Sweden,Djurkliniken Norrköping,Djurkliniken Norrköp,Vets,Small animal,Sweden,Sweden,Vet FTE,AQ,2024,3.540,3.540,4.010,4.080,3.400,3.350,4.140,4.380,3.820,3.580,4.120,4.650
14,2024,490,1474,SE,56008019,5600,8019,Sweden,Djurkliniken Norrköping,Djurkliniken Norrköp,Vets,Small animal,Sweden,Sweden,Vet FTE,BDQTY,2024,5.300,5.300,5.300,5.300,5.300,6.300,6.300,6.300,6.300,6.300,6.300,6.300
14,2024,490,1475,SE,56008020,5600,8020,Sweden,"Djursjukhus Valla, Linköping","Djursjukhus Valla, L",Vets,Small animal,Sweden,Sweden,Nurse FTE,AQ,2024,36.920,36.920,37.050,36.480,41.060,42.930,43.760,41.710,49.120,51.440,44.570,42.380
14,2024,490,1475,SE,56008020,5600,8020,Sweden,"Djursjukhus Valla, Linköping","Djursjukhus Valla, L",Vets,Small animal,Sweden,Sweden,Nurse FTE,BDQTY,2024,34.550,34.650,34.650,34.650,35.150,35.150,35.150,35.150,41.370,45.890,42.240,35.500
14,2024,490,1475,SE,56008020,5600,8020,Sweden,"Djursjukhus Valla, Linköping","Djursjukhus Valla, L",Vets,Small animal,Sweden,Sweden,Support FTE,AQ,2024,15.980,15.980,15.990,16.140,14.900,14.080,16.090,17.220,17.460,17.040,17.240,17.210
14,2024,490,1475,SE,56008020,5600,8020,Sweden,"Djursjukhus Valla, Linköping","Djursjukhus Valla, L",Vets,Small animal,Sweden,Sweden,Support FTE,BDQTY,2024,16.750,16.750,16.750,16.750,16.750,16.750,16.750,16.750,16.750,16.750,16.750,16.750
14,2024,490,1475,SE,56008020,5600,8020,Sweden,"Djursjukhus Valla, Linköping","Djursjukhus Valla, L",Vets,Small animal,Sweden,Sweden,Vet FTE,AQ,2024,24.260,24.260,25.400,26.050,24.650,24.710,24.040,22.950,25.070,26.010,23.990,23.820
14,2024,490,1475,SE,56008020,5600,8020,Sweden,"Djursjukhus Valla, Linköping","Djursjukhus Valla, L",Vets,Small animal,Sweden,Sweden,Vet FTE,BDQTY,2024,22.530,22.850,22.850,22.850,22.850,22.850,22.850,22.850,23.250,23.250,23.250,23.250
14,2024,490,1476,SE,56008021,5600,8021,Sweden,Djurkliniken Frölunda,Djurkliniken Frölund,Vets,Small animal,Sweden,Sweden,Nurse FTE,AQ,2024,3.150,3.150,3.200,3.200,3.070,3.130,3.120,3.140,3.150,3.560,3.150,3.150
14,2024,490,1476,SE,56008021,5600,8021,Sweden,Djurkliniken Frölunda,Djurkliniken Frölund,Vets,Small animal,Sweden,Sweden,Nurse FTE,BDQTY,2024,2.950,2.950,2.950,2.950,2.950,2.950,2.950,2.950,3.170,3.750,3.950,2.950
14,2024,490,1476,SE,56008021,5600,8021,Sweden,Djurkliniken Frölunda,Djurkliniken Frölund,Vets,Small animal,Sweden,Sweden,Support FTE,AQ,2024,0.850,0.850,0.590,0.770,0.850,0.810,0.850,0.810,0.850,1.850,1.850,1.850
14,2024,490,1476,SE,56008021,5600,8021,Sweden,Djurkliniken Frölunda,Djurkliniken Frölund,Vets,Small animal,Sweden,Sweden,Support FTE,BDQTY,2024,0.830,0.830,0.830,0.830,0.830,0.830,0.830,0.830,0.830,0.830,0.830,0.830
14,2024,490,1476,SE,56008021,5600,8021,Sweden,Djurkliniken Frölunda,Djurkliniken Frölund,Vets,Small animal,Sweden,Sweden,Vet FTE,AQ,2024,3.400,3.400,3.200,3.470,3.120,3.340,3.490,3.530,3.560,2.560,2.560,2.510
14,2024,490,1476,SE,56008021,5600,8021,Sweden,Djurkliniken Frölunda,Djurkliniken Frölund,Vets,Small animal,Sweden,Sweden,Vet FTE,BDQTY,2024,2.500,2.500,2.500,2.500,2.500,2.500,2.500,2.500,2.500,2.500,2.500,2.500
14,2024,490,1477,SE,56008022,5600,8022,Sweden,Djurkliniken Kungälv,Djurkliniken Kungälv,Vets,Small animal,Sweden,Sweden,Nurse FTE,AQ,2024,6.460,6.460,6.530,7.200,6.330,6.420,6.300,6.630,7.420,8.280,8.050,7.750
14,2024,490,1477,SE,56008022,5600,8022,Sweden,Djurkliniken Kungälv,Djurkliniken Kungälv,Vets,Small animal,Sweden,Sweden,Nurse FTE,BDQTY,2024,6.500,6.500,6.500,6.500,6.500,6.500,6.500,6.500,7.800,8.000,7.900,6.500
14,2024,490,1477,SE,56008022,5600,8022,Sweden,Djurkliniken Kungälv,Djurkliniken Kungälv,Vets,Small animal,Sweden,Sweden,Support FTE,AQ,2024,3.930,3.930,3.990,4.000,3.940,4.000,3.950,4.000,4.780,5.000,4.550,4.000
14,2024,490,1477,SE,56008022,5600,8022,Sweden,Djurkliniken Kungälv,Djurkliniken Kungälv,Vets,Small animal,Sweden,Sweden,Support FTE,BDQTY,2024,3.900,3.900,3.900,3.900,3.900,3.900,3.900,3.900,3.900,3.900,3.900,3.900
14,2024,490,1477,SE,56008022,5600,8022,Sweden,Djurkliniken Kungälv,Djurkliniken Kungälv,Vets,Small animal,Sweden,Sweden,Vet FTE,AQ,2024,5.820,5.820,5.220,5.160,5.260,4.330,4.240,5.280,5.780,5.630,5.790,5.750
14,2024,490,1477,SE,56008022,5600,8022,Sweden,Djurkliniken Kungälv,Djurkliniken Kungälv,Vets,Small animal,Sweden,Sweden,Vet FTE,BDQTY,2024,5.700,5.700,5.700,5.700,5.500,5.500,6.300,6.300,6.300,6.300,6.300,6.300
14,2024,490,1478,SE,56008023,5600,8023,Sweden,Djurkliniken Kållered,Djurkliniken Kållere,Vets,Small animal,Sweden,Sweden,Nurse FTE,AQ,2024,4.980,4.980,4.860,5.900,4.400,4.430,3.110,4.400,5.140,5.050,4.500,3.440
14,2024,490,1478,SE,56008023,5600,8023,Sweden,Djurkliniken Kållered,Djurkliniken Kållere,Vets,Small animal,Sweden,Sweden,Nurse FTE,BDQTY,2024,4.680,4.680,4.680,4.680,4.680,4.680,4.680,4.680,5.010,5.600,5.550,4.680
14,2024,490,1478,SE,56008023,5600,8023,Sweden,Djurkliniken Kållered,Djurkliniken Kållere,Vets,Small animal,Sweden,Sweden,Support FTE,AQ,2024,1.000,1.000,1.000,1.000,1.000,1.000,1.000,1.000,1.000,1.000,1.000,1.000
14,2024,490,1478,SE,56008023,5600,8023,Sweden,Djurkliniken Kållered,Djurkliniken Kållere,Vets,Small animal,Sweden,Sweden,Support FTE,BDQTY,2024,1.000,1.000,1.000,1.000,1.000,1.000,1.000,1.000,1.000,1.000,1.000,1.000
14,2024,490,1478,SE,56008023,5600,8023,Sweden,Djurkliniken Kållered,Djurkliniken Kållere,Vets,Small animal,Sweden,Sweden,Vet FTE,AQ,2024,2.710,2.710,2.560,2.840,2.860,2.940,2.830,1.970,2.190,2.970,3.300,3.550
14,2024,490,1478,SE,56008023,5600,8023,Sweden,Djurkliniken Kållered,Djurkliniken Kållere,Vets,Small animal,Sweden,Sweden,Vet FTE,BDQTY,2024,2.850,2.850,2.850,2.850,2.850,2.850,2.850,2.850,2.850,2.850,2.940,2.850
14,2024,490,1479,SE,56008024,5600,8024,Sweden,Djurkliniken Mölndal,Djurkliniken Mölndal,Vets,Small animal,Sweden,Sweden,Nurse FTE,AQ,2024,4.730,4.730,4.510,4.950,3.860,3.780,3.840,4.170,4.000,4.880,4.820,4.880
14,2024,490,1479,SE,56008024,5600,8024,Sweden,Djurkliniken Mölndal,Djurkliniken Mölndal,Vets,Small animal,Sweden,Sweden,Nurse FTE,BDQTY,2024,3.750,3.750,3.750,3.750,3.750,3.750,3.750,4.550,4.550,4.550,4.550,4.550
14,2024,490,1479,SE,56008024,5600,8024,Sweden,Djurkliniken Mölndal,Djurkliniken Mölndal,Vets,Small animal,Sweden,Sweden,Support FTE,AQ,2024,0.390,0.390,0.390,0.460,0.500,0.320,0.300,0.000,0.000,0.000,0.450,0.500
14,2024,490,1479,SE,56008024,5600,8024,Sweden,Djurkliniken Mölndal,Djurkliniken Mölndal,Vets,Small animal,Sweden,Sweden,Support FTE,BDQTY,2024,1.500,1.500,1.500,1.500,1.400,1.400,1.400,0.500,0.500,0.500,0.500,0.500
14,2024,490,1479,SE,56008024,5600,8024,Sweden,Djurkliniken Mölndal,Djurkliniken Mölndal,Vets,Small animal,Sweden,Sweden,Vet FTE,AQ,2024,1.750,1.750,1.750,1.750,2.630,2.750,2.730,2.590,2.750,2.750,2.750,2.730
14,2024,490,1479,SE,56008024,5600,8024,Sweden,Djurkliniken Mölndal,Djurkliniken Mölndal,Vets,Small animal,Sweden,Sweden,Vet FTE,BDQTY,2024,3.250,3.250,3.250,3.150,3.150,3.150,3.150,3.150,3.150,3.150,3.150,3.150
14,2024,490,1481,SE,56008026,5600,8026,Sweden,Djursjukhuset Göteborg,Djursjukhuset Götebo,Vets,Small animal,Sweden,Sweden,Nurse FTE,AQ,2024,20.560,20.560,22.040,21.770,21.000,22.950,22.490,23.140,21.660,23.000,20.240,18.710
14,2024,490,1481,SE,56008026,5600,8026,Sweden,Djursjukhuset Göteborg,Djursjukhuset Götebo,Vets,Small animal,Sweden,Sweden,Nurse FTE,BDQTY,2024,20.750,20.750,20.750,20.250,20.250,20.250,20.250,20.250,22.860,24.960,23.750,21.050
14,2024,490,1481,SE,56008026,5600,8026,Sweden,Djursjukhuset Göteborg,Djursjukhuset Götebo,Vets,Small animal,Sweden,Sweden,Support FTE,AQ,2024,12.000,12.000,14.650,14.050,13.840,13.300,13.700,12.480,12.800,11.730,13.160,13.030
14,2024,490,1481,SE,56008026,5600,8026,Sweden,Djursjukhuset Göteborg,Djursjukhuset Götebo,Vets,Small animal,Sweden,Sweden,Support FTE,BDQTY,2024,14.400,14.400,14.400,14.400,14.400,14.400,14.400,14.400,16.060,16.170,15.960,13.600
14,2024,490,1481,SE,56008026,5600,8026,Sweden,Djursjukhuset Göteborg,Djursjukhuset Götebo,Vets,Small animal,Sweden,Sweden,Vet FTE,AQ,2024,19.510,19.510,19.200,19.150,19.040,19.460,18.910,18.640,17.750,18.820,19.360,18.510
14,2024,490,1481,SE,56008026,5600,8026,Sweden,Djursjukhuset Göteborg,Djursjukhuset Götebo,Vets,Small animal,Sweden,Sweden,Vet FTE,BDQTY,2024,17.600,17.600,17.600,17.600,17.600,17.600,18.600,18.600,18.600,18.600,18.600,18.600
14,2024,490,1482,SE,56008027,5600,8027,Sweden,Djursjukhuset Norra Halland,Djursjukhuset Norra,Vets,Small animal,Sweden,Sweden,Nurse FTE,AQ,2024,9.880,9.880,10.040,9.840,9.530,9.170,9.040,9.360,9.930,10.950,9.720,9.640
14,2024,490,1482,SE,56008027,5600,8027,Sweden,Djursjukhuset Norra Halland,Djursjukhuset Norra,Vets,Small animal,Sweden,Sweden,Nurse FTE,BDQTY,2024,10.600,10.600,10.600,10.100,10.100,10.100,10.100,10.100,10.500,11.100,10.000,9.600
14,2024,490,1482,SE,56008027,5600,8027,Sweden,Djursjukhuset Norra Halland,Djursjukhuset Norra,Vets,Small animal,Sweden,Sweden,Support FTE,AQ,2024,4.030,4.030,3.650,3.700,3.660,3.630,3.630,3.680,3.220,3.020,3.120,3.320
14,2024,490,1482,SE,56008027,5600,8027,Sweden,Djursjukhuset Norra Halland,Djursjukhuset Norra,Vets,Small animal,Sweden,Sweden,Support FTE,BDQTY,2024,4.400,4.400,4.400,4.400,4.400,4.400,4.400,4.400,4.400,4.400,4.400,4.400
14,2024,490,1482,SE,56008027,5600,8027,Sweden,Djursjukhuset Norra Halland,Djursjukhuset Norra,Vets,Small animal,Sweden,Sweden,Vet FTE,AQ,2024,6.520,6.520,6.470,6.340,6.420,6.480,6.350,6.920,6.100,5.970,6.100,6.100
14,2024,490,1482,SE,56008027,5600,8027,Sweden,Djursjukhuset Norra Halland,Djursjukhuset Norra,Vets,Small animal,Sweden,Sweden,Vet FTE,BDQTY,2024,5.400,5.400,5.400,5.400,5.400,5.400,5.500,5.500,5.500,5.500,5.500,5.500
14,2024,490,1483,SE,56008028,5600,8028,Sweden,Djurkliniken Kristianstad,Djurkliniken Kristia,Vets,Small animal,Sweden,Sweden,Nurse FTE,AQ,2024,6.850,6.850,7.600,7.060,6.920,7.910,8.340,7.830,7.870,7.140,8.060,8.030
14,2024,490,1483,SE,56008028,5600,8028,Sweden,Djurkliniken Kristianstad,Djurkliniken Kristia,Vets,Small animal,Sweden,Sweden,Nurse FTE,BDQTY,2024,6.750,6.750,6.750,6.750,6.750,6.750,6.750,6.750,6.750,6.750,6.750,6.750
14,2024,490,1483,SE,56008028,5600,8028,Sweden,Djurkliniken Kristianstad,Djurkliniken Kristia,Vets,Small animal,Sweden,Sweden,Support FTE,AQ,2024,2.850,2.850,2.780,2.730,2.920,2.950,2.000,1.880,2.000,2.000,2.000,2.000
14,2024,490,1483,SE,56008028,5600,8028,Sweden,Djurkliniken Kristianstad,Djurkliniken Kristia,Vets,Small animal,Sweden,Sweden,Support FTE,BDQTY,2024,2.000,2.000,2.000,2.000,2.000,2.000,2.000,2.000,2.000,2.000,2.000,2.000
14,2024,490,1483,SE,56008028,5600,8028,Sweden,Djurkliniken Kristianstad,Djurkliniken Kristia,Vets,Small animal,Sweden,Sweden,Vet FTE,AQ,2024,5.700,5.700,5.660,5.560,5.720,5.650,5.610,5.850,5.640,6.080,5.730,5.390
14,2024,490,1483,SE,56008028,5600,8028,Sweden,Djurkliniken Kristianstad,Djurkliniken Kristia,Vets,Small animal,Sweden,Sweden,Vet FTE,BDQTY,2024,4.000,4.000,4.000,5.000,5.000,5.000,5.000,5.000,5.200,5.500,5.500,5.000
14,2024,490,1484,SE,56008029,5600,8029,Sweden,Djurkliniken Åhus,Djurkliniken Åhus,Vets,Small animal,Sweden,Sweden,Nurse FTE,BDQTY,2024,1.400,1.400,1.400,1.400,1.400,1.400,1.400,1.400,1.400,1.400,1.400,1.400
14,2024,490,1484,SE,56008029,5600,8029,Sweden,Djurkliniken Åhus,Djurkliniken Åhus,Vets,Small animal,Sweden,Sweden,Vet FTE,BDQTY,2024,0.600,0.600,0.600,0.600,0.600,0.600,0.600,0.600,0.600,0.600,0.600,0.600
14,2024,490,1485,SE,56008030,5600,8030,Sweden,Djursjukhuset Växjö,Djursjukhuset Växjö,Vets,Small animal,Sweden,Sweden,Nurse FTE,AQ,2024,18.100,18.100,17.750,17.410,16.400,16.680,17.660,17.870,20.900,22.340,19.890,16.770
14,2024,490,1485,SE,56008030,5600,8030,Sweden,Djursjukhuset Växjö,Djursjukhuset Växjö,Vets,Small animal,Sweden,Sweden,Nurse FTE,BDQTY,2024,17.800,17.800,17.800,17.800,17.800,17.800,17.800,17.800,19.640,20.740,19.780,17.600
14,2024,490,1485,SE,56008030,5600,8030,Sweden,Djursjukhuset Växjö,Djursjukhuset Växjö,Vets,Small animal,Sweden,Sweden,Support FTE,AQ,2024,6.750,6.750,6.740,7.480,6.720,7.410,6.900,6.900,7.340,9.030,7.240,7.530
14,2024,490,1485,SE,56008030,5600,8030,Sweden,Djursjukhuset Växjö,Djursjukhuset Växjö,Vets,Small animal,Sweden,Sweden,Support FTE,BDQTY,2024,6.900,6.900,6.900,6.900,6.900,6.900,6.900,6.900,9.040,11.240,10.160,6.900
14,2024,490,1485,SE,56008030,5600,8030,Sweden,Djursjukhuset Växjö,Djursjukhuset Växjö,Vets,Small animal,Sweden,Sweden,Vet FTE,AQ,2024,9.370,9.370,8.520,8.650,8.750,8.810,8.860,8.390,9.360,7.960,7.460,8.740
14,2024,490,1485,SE,56008030,5600,8030,Sweden,Djursjukhuset Växjö,Djursjukhuset Växjö,Vets,Small animal,Sweden,Sweden,Vet FTE,BDQTY,2024,10.300,10.300,10.300,10.300,10.300,10.300,10.300,10.800,11.100,11.100,11.100,11.100
14,2024,490,1486,SE,56008031,5600,8031,Sweden,HBG Specialistdjursjukhuset He,Specialistdjursjukhu,Vets,Small animal,Sweden,Sweden,Nurse FTE,AQ,2024,45.450,45.450,48.360,49.230,46.500,45.170,44.670,43.600,53.900,52.510,45.290,40.400
14,2024,490,1486,SE,56008031,5600,8031,Sweden,HBG Specialistdjursjukhuset He,Specialistdjursjukhu,Vets,Small animal,Sweden,Sweden,Nurse FTE,BDQTY,2024,50.500,50.500,50.500,50.250,50.400,50.050,50.600,50.600,58.900,58.900,58.900,50.900
14,2024,490,1486,SE,56008031,5600,8031,Sweden,HBG Specialistdjursjukhuset He,Specialistdjursjukhu,Vets,Small animal,Sweden,Sweden,Support FTE,AQ,2024,24.050,24.050,22.840,22.690,21.970,21.150,20.360,20.310,21.110,22.930,21.390,20.710
14,2024,490,1486,SE,56008031,5600,8031,Sweden,HBG Specialistdjursjukhuset He,Specialistdjursjukhu,Vets,Small animal,Sweden,Sweden,Support FTE,BDQTY,2024,24.000,23.000,23.000,23.000,23.000,23.000,23.000,23.000,26.500,26.500,26.500,23.000
14,2024,490,1486,SE,56008031,5600,8031,Sweden,HBG Specialistdjursjukhuset He,Specialistdjursjukhu,Vets,Small animal,Sweden,Sweden,Vet FTE,AQ,2024,31.830,31.830,29.600,29.690,29.090,29.080,29.230,29.060,29.010,26.310,23.430,25.690
14,2024,490,1486,SE,56008031,5600,8031,Sweden,HBG Specialistdjursjukhuset He,Specialistdjursjukhu,Vets,Small animal,Sweden,Sweden,Vet FTE,BDQTY,2024,31.310,31.310,31.310,31.310,32.110,32.110,32.110,32.110,32.110,32.110,32.110,32.110
14,2024,490,1487,SE,56008032,5600,8032,Sweden,Djurkliniken Höllviken,Djurkliniken Höllvik,Vets,Small animal,Sweden,Sweden,Nurse FTE,AQ,2024,3.400,3.400,3.300,3.510,4.270,4.530,4.540,3.510,3.960,3.910,3.880,3.550
14,2024,490,1487,SE,56008032,5600,8032,Sweden,Djurkliniken Höllviken,Djurkliniken Höllvik,Vets,Small animal,Sweden,Sweden,Nurse FTE,BDQTY,2024,3.600,3.600,3.600,3.600,3.600,3.600,3.600,3.600,3.600,4.350,4.350,3.600
14,2024,490,1487,SE,56008032,5600,8032,Sweden,Djurkliniken Höllviken,Djurkliniken Höllvik,Vets,Small animal,Sweden,Sweden,Support FTE,AQ,2024,1.000,1.000,1.000,1.000,1.000,1.000,1.000,1.000,1.000,1.000,1.000,1.000
14,2024,490,1487,SE,56008032,5600,8032,Sweden,Djurkliniken Höllviken,Djurkliniken Höllvik,Vets,Small animal,Sweden,Sweden,Support FTE,BDQTY,2024,1.000,1.000,1.000,1.000,1.000,1.000,1.000,1.000,1.000,2.000,2.000,1.000
14,2024,490,1487,SE,56008032,5600,8032,Sweden,Djurkliniken Höllviken,Djurkliniken Höllvik,Vets,Small animal,Sweden,Sweden,Vet FTE,AQ,2024,1.880,1.880,1.930,1.910,1.920,1.810,1.830,1.810,1.830,1.740,1.760,1.810
14,2024,490,1487,SE,56008032,5600,8032,Sweden,Djurkliniken Höllviken,Djurkliniken Höllvik,Vets,Small animal,Sweden,Sweden,Vet FTE,BDQTY,2024,2.000,2.000,2.000,2.000,2.000,2.000,2.000,2.000,2.000,2.000,2.000,2.000
14,2024,490,1488,SE,56008033,5600,8033,Sweden,Djurkliniken Trelleborg,Djurkliniken Trelleb,Vets,Small animal,Sweden,Sweden,Nurse FTE,AQ,2024,4.870,4.870,4.570,4.580,4.050,3.730,4.290,4.590,5.390,5.800,5.410,4.280
14,2024,490,1488,SE,56008033,5600,8033,Sweden,Djurkliniken Trelleborg,Djurkliniken Trelleb,Vets,Small animal,Sweden,Sweden,Nurse FTE,BDQTY,2024,4.800,4.800,4.800,4.800,4.800,4.800,4.800,4.800,5.600,5.600,5.600,4.800
14,2024,490,1488,SE,56008033,5600,8033,Sweden,Djurkliniken Trelleborg,Djurkliniken Trelleb,Vets,Small animal,Sweden,Sweden,Vet FTE,AQ,2024,1.800,1.800,1.330,1.800,1.800,1.800,1.800,1.800,1.800,1.000,1.000,1.000
14,2024,490,1488,SE,56008033,5600,8033,Sweden,Djurkliniken Trelleborg,Djurkliniken Trelleb,Vets,Small animal,Sweden,Sweden,Vet FTE,BDQTY,2024,1.800,1.800,1.800,1.800,1.800,1.800,1.800,1.800,1.800,2.600,1.800,1.800
14,2024,490,1489,SE,56008034,5600,8034,Sweden,Djurkliniken Ystad,Djurkliniken Ystad,Vets,Small animal,Sweden,Sweden,Nurse FTE,AQ,2024,6.970,6.970,5.670,4.970,5.130,5.450,5.310,5.210,6.150,7.770,6.920,5.080
14,2024,490,1489,SE,56008034,5600,8034,Sweden,Djurkliniken Ystad,Djurkliniken Ystad,Vets,Small animal,Sweden,Sweden,Nurse FTE,BDQTY,2024,6.150,6.150,6.150,6.150,6.150,6.150,6.150,6.150,6.450,6.890,6.790,6.150
14,2024,490,1489,SE,56008034,5600,8034,Sweden,Djurkliniken Ystad,Djurkliniken Ystad,Vets,Small animal,Sweden,Sweden,Support FTE,AQ,2024,1.000,1.000,0.710,0.920,1.020,1.000,1.130,1.290,1.000,1.620,1.490,0.570
14,2024,490,1489,SE,56008034,5600,8034,Sweden,Djurkliniken Ystad,Djurkliniken Ystad,Vets,Small animal,Sweden,Sweden,Support FTE,BDQTY,2024,1.000,1.000,1.000,1.000,1.000,1.000,1.000,1.000,1.430,2.310,1.740,1.000
14,2024,490,1489,SE,56008034,5600,8034,Sweden,Djurkliniken Ystad,Djurkliniken Ystad,Vets,Small animal,Sweden,Sweden,Vet FTE,AQ,2024,4.760,4.760,4.180,4.770,4.550,4.380,4.200,4.480,5.060,5.040,5.000,4.100
14,2024,490,1489,SE,56008034,5600,8034,Sweden,Djurkliniken Ystad,Djurkliniken Ystad,Vets,Small animal,Sweden,Sweden,Vet FTE,BDQTY,2024,5.000,5.000,5.000,5.000,5.000,5.000,5.000,5.000,5.400,5.900,5.220,5.000
14,2024,490,1490,SE,56008035,5600,8035,Sweden,Djurkliniken Staffanstorp,Djurkliniken Staffan,Vets,Small animal,Sweden,Sweden,Nurse FTE,AQ,2024,3.140,3.140,3.900,3.580,3.210,3.200,3.600,3.720,4.030,4.030,4.030,4.030
14,2024,490,1490,SE,56008035,5600,8035,Sweden,Djurkliniken Staffanstorp,Djurkliniken Staffan,Vets,Small animal,Sweden,Sweden,Nurse FTE,BDQTY,2024,3.100,3.100,3.100,3.100,3.100,3.100,3.100,3.100,3.100,3.100,3.100,3.100
14,2024,490,1490,SE,56008035,5600,8035,Sweden,Djurkliniken Staffanstorp,Djurkliniken Staffan,Vets,Small animal,Sweden,Sweden,Support FTE,AQ,2024,0.000,0.000,0.000,0.000,0.000,0.000,0.000,0.060,0.150,0.120,0.190,0.000
14,2024,490,1490,SE,56008035,5600,8035,Sweden,Djurkliniken Staffanstorp,Djurkliniken Staffan,Vets,Small animal,Sweden,Sweden,Support FTE,BDQTY,2024,0.770,0.770,0.770,0.770,0.770,0.770,0.770,0.770,0.770,0.770,0.770,0.770
14,2024,490,1490,SE,56008035,5600,8035,Sweden,Djurkliniken Staffanstorp,Djurkliniken Staffan,Vets,Small animal,Sweden,Sweden,Vet FTE,AQ,2024,1.610,1.610,2.480,2.460,1.830,1.550,1.500,1.540,1.600,1.600,1.600,1.500
14,2024,490,1490,SE,56008035,5600,8035,Sweden,Djurkliniken Staffanstorp,Djurkliniken Staffan,Vets,Small animal,Sweden,Sweden,Vet FTE,BDQTY,2024,2.300,2.300,2.300,2.300,2.300,2.300,2.300,2.300,2.300,2.300,2.300,2.300
14,2024,490,1491,SE,56008036,5600,8036,Sweden,Djursjukhuset Malmö,Djursjukhuset Malmö,Vets,Small animal,Sweden,Sweden,Nurse FTE,AQ,2024,47.400,47.400,43.210,46.770,50.040,47.430,49.390,48.500,57.370,53.220,50.650,44.890
14,2024,490,1491,SE,56008036,5600,8036,Sweden,Djursjukhuset Malmö,Djursjukhuset Malmö,Vets,Small animal,Sweden,Sweden,Nurse FTE,BDQTY,2024,47.780,47.780,47.780,47.780,47.780,47.780,47.780,47.780,52.780,57.780,57.780,47.780
14,2024,490,1491,SE,56008036,5600,8036,Sweden,Djursjukhuset Malmö,Djursjukhuset Malmö,Vets,Small animal,Sweden,Sweden,Support FTE,AQ,2024,27.180,27.180,25.610,25.380,23.290,23.900,23.740,23.250,24.600,25.200,24.050,23.610
14,2024,490,1491,SE,56008036,5600,8036,Sweden,Djursjukhuset Malmö,Djursjukhuset Malmö,Vets,Small animal,Sweden,Sweden,Support FTE,BDQTY,2024,23.160,23.190,23.170,23.170,23.170,23.170,23.170,23.170,26.170,26.170,26.170,23.170
14,2024,490,1491,SE,56008036,5600,8036,Sweden,Djursjukhuset Malmö,Djursjukhuset Malmö,Vets,Small animal,Sweden,Sweden,Vet FTE,AQ,2024,31.560,31.560,26.240,25.510,27.330,28.030,27.570,27.630,29.020,29.500,28.470,27.060
14,2024,490,1491,SE,56008036,5600,8036,Sweden,Djursjukhuset Malmö,Djursjukhuset Malmö,Vets,Small animal,Sweden,Sweden,Vet FTE,BDQTY,2024,30.950,30.950,30.950,30.950,30.950,30.950,30.950,30.950,31.450,31.950,31.950,30.950
14,2024,490,1493,SE,56008038,5600,8038,Sweden,Hästkliniken Boden,Hästkliniken Boden,Vets,Small animal,Sweden,Sweden,Nurse FTE,AQ,2024,0.000,0.000,0.000,0.000,2.410,2.530,2.560,2.550,2.430,2.380,1.670,1.760
14,2024,490,1493,SE,56008038,5600,8038,Sweden,Hästkliniken Boden,Hästkliniken Boden,Vets,Small animal,Sweden,Sweden,Nurse FTE,BDQTY,2024,2.600,2.600,2.600,2.600,2.600,2.600,2.600,2.600,2.800,3.170,3.030,2.600
14,2024,490,1493,SE,56008038,5600,8038,Sweden,Hästkliniken Boden,Hästkliniken Boden,Vets,Small animal,Sweden,Sweden,Vet FTE,AQ,2024,0.000,0.000,0.000,0.000,1.550,1.480,1.550,1.800,1.280,1.440,1.450,1.110
14,2024,490,1493,SE,56008038,5600,8038,Sweden,Hästkliniken Boden,Hästkliniken Boden,Vets,Small animal,Sweden,Sweden,Vet FTE,BDQTY,2024,1.900,1.900,1.900,1.900,1.900,1.900,1.900,1.900,1.900,1.900,1.900,1.900
14,2024,490,1497,SE,56008042,5600,8042,Sweden,Hästkliniken Mantorp,Hästkliniken Mantorp,Vets,Small animal,Sweden,Sweden,Nurse FTE,AQ,2024,0.000,0.000,0.000,0.000,3.050,3.130,3.170,2.950,3.400,4.490,3.210,2.330
14,2024,490,1497,SE,56008042,5600,8042,Sweden,Hästkliniken Mantorp,Hästkliniken Mantorp,Vets,Small animal,Sweden,Sweden,Nurse FTE,BDQTY,2024,3.000,3.000,3.000,3.000,3.000,3.000,3.000,3.000,3.500,4.000,3.500,3.000
14,2024,490,1497,SE,56008042,5600,8042,Sweden,Hästkliniken Mantorp,Hästkliniken Mantorp,Vets,Small animal,Sweden,Sweden,Support FTE,AQ,2024,0.000,0.000,0.000,0.000,0.400,0.400,0.400,0.400,0.400,0.400,0.400,0.400
14,2024,490,1497,SE,56008042,5600,8042,Sweden,Hästkliniken Mantorp,Hästkliniken Mantorp,Vets,Small animal,Sweden,Sweden,Support FTE,BDQTY,2024,0.400,0.400,0.400,0.400,0.400,0.400,0.400,0.400,0.400,0.400,0.400,0.400
14,2024,490,1497,SE,56008042,5600,8042,Sweden,Hästkliniken Mantorp,Hästkliniken Mantorp,Vets,Small animal,Sweden,Sweden,Vet FTE,AQ,2024,0.000,0.000,0.000,0.000,3.000,3.000,3.000,3.000,3.000,3.000,3.000,3.000
14,2024,490,1497,SE,56008042,5600,8042,Sweden,Hästkliniken Mantorp,Hästkliniken Mantorp,Vets,Small animal,Sweden,Sweden,Vet FTE,BDQTY,2024,3.000,3.000,3.000,3.000,3.000,3.000,3.000,3.000,3.000,3.000,3.000,3.000
14,2024,490,1499,SE,56008044,5600,8044,Sweden,Hästsjukhuset Stav,Hästsjukhuset Stav,Vets,Small animal,Sweden,Sweden,Nurse FTE,AQ,2024,0.000,0.000,0.000,0.000,3.990,3.860,3.740,3.820,3.830,3.600,3.820,4.840
14,2024,490,1499,SE,56008044,5600,8044,Sweden,Hästsjukhuset Stav,Hästsjukhuset Stav,Vets,Small animal,Sweden,Sweden,Nurse FTE,BDQTY,2024,3.800,3.800,3.800,3.800,3.800,3.800,3.800,4.610,4.670,5.230,4.900,4.610
14,2024,490,1499,SE,56008044,5600,8044,Sweden,Hästsjukhuset Stav,Hästsjukhuset Stav,Vets,Small animal,Sweden,Sweden,Vet FTE,AQ,2024,0.000,0.000,0.000,0.000,3.090,2.750,2.750,2.750,2.750,2.750,2.750,3.560
14,2024,490,1499,SE,56008044,5600,8044,Sweden,Hästsjukhuset Stav,Hästsjukhuset Stav,Vets,Small animal,Sweden,Sweden,Vet FTE,BDQTY,2024,2.790,2.790,2.790,3.790,3.790,3.790,3.790,3.790,3.790,3.790,3.790,3.790
14,2024,490,1500,SE,56008045,5600,8045,Sweden,Specialisthästsjukhuset Ströms,Specialisthästsjukhu,Vets,Equine,Sweden,Sweden,Nurse FTE,AQ,2024,0.000,0.000,0.000,0.000,12.670,12.670,12.500,13.810,15.120,13.440,13.080,13.080
14,2024,490,1500,SE,56008045,5600,8045,Sweden,Specialisthästsjukhuset Ströms,Specialisthästsjukhu,Vets,Equine,Sweden,Sweden,Nurse FTE,BDQTY,2024,12.300,12.300,12.300,12.300,12.300,12.300,14.050,14.300,14.300,14.300,13.800,12.300
14,2024,490,1500,SE,56008045,5600,8045,Sweden,Specialisthästsjukhuset Ströms,Specialisthästsjukhu,Vets,Equine,Sweden,Sweden,Support FTE,AQ,2024,0.000,0.000,0.000,0.000,2.800,2.780,2.800,2.800,2.800,2.800,2.800,2.800
14,2024,490,1500,SE,56008045,5600,8045,Sweden,Specialisthästsjukhuset Ströms,Specialisthästsjukhu,Vets,Equine,Sweden,Sweden,Support FTE,BDQTY,2024,2.750,2.750,2.750,2.750,2.750,2.750,2.750,2.750,2.750,2.750,2.750,2.750
14,2024,490,1500,SE,56008045,5600,8045,Sweden,Specialisthästsjukhuset Ströms,Specialisthästsjukhu,Vets,Equine,Sweden,Sweden,Vet FTE,AQ,2024,0.000,0.000,0.000,0.000,7.970,8.760,8.400,8.060,7.910,6.800,6.800,6.150
14,2024,490,1500,SE,56008045,5600,8045,Sweden,Specialisthästsjukhuset Ströms,Specialisthästsjukhu,Vets,Equine,Sweden,Sweden,Vet FTE,BDQTY,2024,8.900,8.900,8.900,8.900,8.900,8.900,8.900,9.400,9.900,9.900,9.900,8.900
14,2024,490,1502,SE,56008047,5600,8047,Sweden,Hästkliniken Gävle,Hästkliniken Gävle,Vets,Small animal,Sweden,Sweden,Nurse FTE,AQ,2024,0.000,0.000,0.000,0.000,2.000,1.980,1.960,1.950,2.000,1.650,2.090,1.950
14,2024,490,1502,SE,56008047,5600,8047,Sweden,Hästkliniken Gävle,Hästkliniken Gävle,Vets,Small animal,Sweden,Sweden,Nurse FTE,BDQTY,2024,2.000,2.000,2.000,2.000,2.000,2.000,2.000,2.000,2.500,2.500,2.000,2.000
14,2024,490,1502,SE,56008047,5600,8047,Sweden,Hästkliniken Gävle,Hästkliniken Gävle,Vets,Small animal,Sweden,Sweden,Vet FTE,AQ,2024,0.000,0.000,0.000,0.000,2.900,2.980,2.930,3.000,3.000,3.000,2.900,2.900
14,2024,490,1502,SE,56008047,5600,8047,Sweden,Hästkliniken Gävle,Hästkliniken Gävle,Vets,Small animal,Sweden,Sweden,Vet FTE,BDQTY,2024,3.000,3.000,3.000,3.000,2.000,3.000,3.000,3.000,3.000,3.000,3.000,3.000
14,2024,490,1504,SE,56008049,5600,8049,Sweden,Specialisthästsjukhuset Helsin,Specialisthästsjukhu,Vets,Equine,Sweden,Sweden,Nurse FTE,AQ,2024,0.000,0.000,0.000,0.000,20.790,20.360,20.090,22.680,24.550,26.110,22.490,20.320
14,2024,490,1504,SE,56008049,5600,8049,Sweden,Specialisthästsjukhuset Helsin,Specialisthästsjukhu,Vets,Equine,Sweden,Sweden,Nurse FTE,BDQTY,2024,21.450,21.450,21.450,21.450,21.450,21.450,21.850,21.850,29.120,31.760,29.000,21.450
14,2024,490,1504,SE,56008049,5600,8049,Sweden,Specialisthästsjukhuset Helsin,Specialisthästsjukhu,Vets,Equine,Sweden,Sweden,Support FTE,AQ,2024,0.000,0.000,0.000,0.000,4.850,4.720,4.900,5.000,5.000,5.000,5.000,5.000
14,2024,490,1504,SE,56008049,5600,8049,Sweden,Specialisthästsjukhuset Helsin,Specialisthästsjukhu,Vets,Equine,Sweden,Sweden,Support FTE,BDQTY,2024,6.650,6.650,6.650,6.650,6.650,6.650,6.650,6.650,6.650,6.650,6.650,6.650
14,2024,490,1504,SE,56008049,5600,8049,Sweden,Specialisthästsjukhuset Helsin,Specialisthästsjukhu,Vets,Equine,Sweden,Sweden,Vet FTE,AQ,2024,0.000,0.000,0.000,0.000,15.950,16.700,17.350,17.080,15.760,16.230,18.290,19.750
14,2024,490,1504,SE,56008049,5600,8049,Sweden,Specialisthästsjukhuset Helsin,Specialisthästsjukhu,Vets,Equine,Sweden,Sweden,Vet FTE,BDQTY,2024,18.550,18.550,18.550,19.550,20.550,20.550,20.550,20.550,20.550,20.550,20.550,20.550
14,2024,490,1505,SE,56008050,5600,8050,Sweden,Evidensia Smådjurskliniken Jön,Evidensia Smådjurskl,Vets,Small animal,Sweden,Sweden,Nurse FTE,AQ,2024,12.110,12.110,12.070,12.270,12.930,11.920,12.150,12.210,12.250,14.230,14.160,13.810
14,2024,490,1505,SE,56008050,5600,8050,Sweden,Evidensia Smådjurskliniken Jön,Evidensia Smådjurskl,Vets,Small animal,Sweden,Sweden,Nurse FTE,BDQTY,2024,11.580,11.580,11.580,11.580,11.580,11.580,11.580,11.580,13.370,14.620,11.580,11.580
14,2024,490,1505,SE,56008050,5600,8050,Sweden,Evidensia Smådjurskliniken Jön,Evidensia Smådjurskl,Vets,Small animal,Sweden,Sweden,Support FTE,AQ,2024,7.400,7.400,6.990,6.960,7.820,7.510,7.900,6.970,8.720,8.690,8.930,8.000
14,2024,490,1505,SE,56008050,5600,8050,Sweden,Evidensia Smådjurskliniken Jön,Evidensia Smådjurskl,Vets,Small animal,Sweden,Sweden,Support FTE,BDQTY,2024,7.000,7.000,7.000,7.000,7.000,7.000,7.000,7.000,9.000,9.000,7.000,7.000
14,2024,490,1505,SE,56008050,5600,8050,Sweden,Evidensia Smådjurskliniken Jön,Evidensia Smådjurskl,Vets,Small animal,Sweden,Sweden,Vet FTE,AQ,2024,10.690,10.690,9.320,9.410,8.630,8.140,7.380,7.900,7.490,7.170,8.010,8.000
14,2024,490,1505,SE,56008050,5600,8050,Sweden,Evidensia Smådjurskliniken Jön,Evidensia Smådjurskl,Vets,Small animal,Sweden,Sweden,Vet FTE,BDQTY,2024,9.600,9.600,9.600,9.600,9.600,9.600,9.600,9.600,9.600,9.600,9.600,9.600
14,2024,490,1506,SE,56008051,5600,8051,Sweden,Djursjukhuset Analysen Örebro,Djursjukhuset Analys,Vets,Small animal,Sweden,Sweden,Nurse FTE,AQ,2024,8.060,8.060,9.620,9.300,8.650,8.480,8.620,8.930,8.970,10.620,8.350,9.160
14,2024,490,1506,SE,56008051,5600,8051,Sweden,Djursjukhuset Analysen Örebro,Djursjukhuset Analys,Vets,Small animal,Sweden,Sweden,Nurse FTE,BDQTY,2024,8.600,8.600,8.600,8.600,8.600,8.600,8.600,8.600,9.600,10.600,9.600,8.600
14,2024,490,1506,SE,56008051,5600,8051,Sweden,Djursjukhuset Analysen Örebro,Djursjukhuset Analys,Vets,Small animal,Sweden,Sweden,Support FTE,AQ,2024,1.850,1.850,1.850,1.850,1.850,1.750,1.830,1.730,1.850,1.850,1.850,1.850
14,2024,490,1506,SE,56008051,5600,8051,Sweden,Djursjukhuset Analysen Örebro,Djursjukhuset Analys,Vets,Small animal,Sweden,Sweden,Support FTE,BDQTY,2024,1.850,1.850,1.850,1.850,1.850,1.850,1.850,1.850,1.850,1.850,1.850,1.850
14,2024,490,1506,SE,56008051,5600,8051,Sweden,Djursjukhuset Analysen Örebro,Djursjukhuset Analys,Vets,Small animal,Sweden,Sweden,Vet FTE,AQ,2024,5.870,5.870,6.000,5.560,6.170,6.230,6.950,6.780,6.040,6.830,6.250,6.560
14,2024,490,1506,SE,56008051,5600,8051,Sweden,Djursjukhuset Analysen Örebro,Djursjukhuset Analys,Vets,Small animal,Sweden,Sweden,Vet FTE,BDQTY,2024,5.780,5.780,5.780,5.780,5.780,5.780,5.780,5.780,6.280,6.780,6.530,5.780
14,2024,490,1507,SE,56008052,5600,8052,Sweden,Mälarhöjdens Veterinärpraktik,Mälarhöjdens Veterin,Vets,Small animal,Sweden,Sweden,Nurse FTE,AQ,2024,4.100,4.100,4.710,4.430,5.570,4.650,3.850,4.710,4.460,5.000,5.000,5.000
14,2024,490,1507,SE,56008052,5600,8052,Sweden,Mälarhöjdens Veterinärpraktik,Mälarhöjdens Veterin,Vets,Small animal,Sweden,Sweden,Nurse FTE,BDQTY,2024,4.000,4.000,4.000,4.000,4.000,4.000,4.000,4.000,4.190,5.010,4.680,4.000
14,2024,490,1507,SE,56008052,5600,8052,Sweden,Mälarhöjdens Veterinärpraktik,Mälarhöjdens Veterin,Vets,Small animal,Sweden,Sweden,Support FTE,AQ,2024,1.000,1.000,1.000,1.000,1.000,1.000,1.000,1.000,1.000,1.000,1.000,1.000
14,2024,490,1507,SE,56008052,5600,8052,Sweden,Mälarhöjdens Veterinärpraktik,Mälarhöjdens Veterin,Vets,Small animal,Sweden,Sweden,Support FTE,BDQTY,2024,1.000,1.000,1.000,1.000,1.000,1.000,1.000,1.000,1.000,1.000,1.000,1.000
14,2024,490,1507,SE,56008052,5600,8052,Sweden,Mälarhöjdens Veterinärpraktik,Mälarhöjdens Veterin,Vets,Small animal,Sweden,Sweden,Vet FTE,AQ,2024,2.000,2.000,2.760,2.000,3.000,2.950,2.900,2.810,3.000,3.000,3.000,3.000
14,2024,490,1507,SE,56008052,5600,8052,Sweden,Mälarhöjdens Veterinärpraktik,Mälarhöjdens Veterin,Vets,Small animal,Sweden,Sweden,Vet FTE,BDQTY,2024,2.000,2.000,2.000,2.000,2.000,2.000,2.000,2.000,2.000,2.000,2.000,2.000
14,2024,490,1518,SE,56008063,5600,8063,Sweden,Kullabygden,Kullabygden,Vets,Small animal,Sweden,Sweden,Nurse FTE,AQ,2024,4.530,4.530,3.420,2.960,3.790,4.050,3.290,3.670,3.190,2.280,3.030,2.320
14,2024,490,1518,SE,56008063,5600,8063,Sweden,Kullabygden,Kullabygden,Vets,Small animal,Sweden,Sweden,Nurse FTE,BDQTY,2024,3.500,3.500,3.500,3.500,3.500,3.500,3.500,3.500,3.750,3.930,4.410,3.500
14,2024,490,1518,SE,56008063,5600,8063,Sweden,Kullabygden,Kullabygden,Vets,Small animal,Sweden,Sweden,Support FTE,AQ,2024,1.700,1.700,1.700,1.700,1.670,1.700,1.700,1.700,1.700,1.700,1.700,1.700
14,2024,490,1518,SE,56008063,5600,8063,Sweden,Kullabygden,Kullabygden,Vets,Small animal,Sweden,Sweden,Support FTE,BDQTY,2024,1.700,1.700,1.700,1.600,1.600,1.600,1.600,1.600,1.600,1.600,1.600,1.600
14,2024,490,1518,SE,56008063,5600,8063,Sweden,Kullabygden,Kullabygden,Vets,Small animal,Sweden,Sweden,Vet FTE,AQ,2024,2.170,2.170,2.180,2.490,1.480,1.530,1.560,1.580,3.600,3.600,3.600,3.600
14,2024,490,1518,SE,56008063,5600,8063,Sweden,Kullabygden,Kullabygden,Vets,Small animal,Sweden,Sweden,Vet FTE,BDQTY,2024,2.500,2.500,2.500,2.500,2.500,2.500,2.500,2.500,2.500,2.500,2.500,2.500
14,2024,490,1520,SE,56008065,5600,8065,Sweden,Södra Berget Veterinärpraktik,Södra Berget Veterin,Vets,Small animal,Sweden,Sweden,Nurse FTE,AQ,2024,19.350,19.350,16.790,17.120,18.300,17.980,17.130,15.680,18.360,18.490,17.450,15.920
14,2024,490,1520,SE,56008065,5600,8065,Sweden,Södra Berget Veterinärpraktik,Södra Berget Veterin,Vets,Small animal,Sweden,Sweden,Nurse FTE,BDQTY,2024,16.490,16.490,16.490,16.490,16.490,17.490,17.490,17.490,20.070,20.150,19.840,17.490
14,2024,490,1520,SE,56008065,5600,8065,Sweden,Södra Berget Veterinärpraktik,Södra Berget Veterin,Vets,Small animal,Sweden,Sweden,Support FTE,AQ,2024,5.810,5.810,4.150,5.410,5.260,5.440,5.080,5.500,7.770,7.770,6.860,7.100
14,2024,490,1520,SE,56008065,5600,8065,Sweden,Södra Berget Veterinärpraktik,Södra Berget Veterin,Vets,Small animal,Sweden,Sweden,Support FTE,BDQTY,2024,6.470,6.470,6.470,7.270,7.270,7.270,7.270,7.270,7.270,7.270,7.270,7.270
14,2024,490,1520,SE,56008065,5600,8065,Sweden,Södra Berget Veterinärpraktik,Södra Berget Veterin,Vets,Small animal,Sweden,Sweden,Vet FTE,AQ,2024,10.560,10.560,10.330,10.090,10.300,10.420,10.670,10.230,9.570,9.430,9.580,9.010
14,2024,490,1520,SE,56008065,5600,8065,Sweden,Södra Berget Veterinärpraktik,Södra Berget Veterin,Vets,Small animal,Sweden,Sweden,Vet FTE,BDQTY,2024,10.190,10.190,10.190,10.190,10.190,10.190,10.190,10.990,11.790,12.990,11.900,10.990
14,2024,490,1521,SE,56008066,5600,8066,Sweden,Veterinärkliniken Malmö Eviden,Oresund Malmo Veter,Vets,Small animal,Sweden,Sweden,Nurse FTE,AQ,2024,4.060,4.060,3.890,3.780,3.520,3.630,3.630,3.670,3.770,4.740,4.220,3.000
14,2024,490,1521,SE,56008066,5600,8066,Sweden,Veterinärkliniken Malmö Eviden,Oresund Malmo Veter,Vets,Small animal,Sweden,Sweden,Nurse FTE,BDQTY,2024,3.900,3.900,3.900,3.900,3.900,3.900,3.900,3.900,3.900,3.900,3.900,3.900
14,2024,490,1521,SE,56008066,5600,8066,Sweden,Veterinärkliniken Malmö Eviden,Oresund Malmo Veter,Vets,Small animal,Sweden,Sweden,Support FTE,AQ,2024,2.940,2.940,1.840,2.000,2.000,2.000,2.000,1.860,2.000,2.000,1.750,2.000
14,2024,490,1521,SE,56008066,5600,8066,Sweden,Veterinärkliniken Malmö Eviden,Oresund Malmo Veter,Vets,Small animal,Sweden,Sweden,Support FTE,BDQTY,2024,1.800,1.800,1.800,1.800,1.800,1.800,1.800,1.800,1.800,1.800,1.800,1.800
14,2024,490,1521,SE,56008066,5600,8066,Sweden,Veterinärkliniken Malmö Eviden,Oresund Malmo Veter,Vets,Small animal,Sweden,Sweden,Vet FTE,AQ,2024,3.200,3.200,1.900,1.860,1.880,1.740,1.880,1.470,1.030,0.950,0.960,0.950
14,2024,490,1521,SE,56008066,5600,8066,Sweden,Veterinärkliniken Malmö Eviden,Oresund Malmo Veter,Vets,Small animal,Sweden,Sweden,Vet FTE,BDQTY,2024,2.300,2.300,2.300,2.300,2.300,2.300,2.300,2.300,2.300,2.300,2.300,2.300
14,2024,490,1522,SE,56008067,5600,8067,Sweden,Veterinärkliniken Limhamn Evid,Limhamn Veterinarpra,Vets,Small animal,Sweden,Sweden,Nurse FTE,AQ,2024,5.490,5.490,5.570,5.820,5.640,5.610,5.360,6.300,5.370,4.800,4.800,4.800
14,2024,490,1522,SE,56008067,5600,8067,Sweden,Veterinärkliniken Limhamn Evid,Limhamn Veterinarpra,Vets,Small animal,Sweden,Sweden,Nurse FTE,BDQTY,2024,3.750,3.750,3.750,4.550,4.550,4.550,4.550,4.550,4.550,4.550,4.550,4.550
14,2024,490,1522,SE,56008067,5600,8067,Sweden,Veterinärkliniken Limhamn Evid,Limhamn Veterinarpra,Vets,Small animal,Sweden,Sweden,Support FTE,AQ,2024,0.500,0.500,0.000,0.270,0.750,0.750,0.130,0.000,0.000,0.000,0.000,0.000
14,2024,490,1522,SE,56008067,5600,8067,Sweden,Veterinärkliniken Limhamn Evid,Limhamn Veterinarpra,Vets,Small animal,Sweden,Sweden,Support FTE,BDQTY,2024,1.000,1.000,1.000,1.000,1.750,1.750,1.750,1.750,1.750,1.750,1.750,1.750
14,2024,490,1522,SE,56008067,5600,8067,Sweden,Veterinärkliniken Limhamn Evid,Limhamn Veterinarpra,Vets,Small animal,Sweden,Sweden,Vet FTE,AQ,2024,2.000,2.000,2.080,1.270,2.500,2.100,2.080,2.090,1.980,2.130,2.190,1.730
14,2024,490,1522,SE,56008067,5600,8067,Sweden,Veterinärkliniken Limhamn Evid,Limhamn Veterinarpra,Vets,Small animal,Sweden,Sweden,Vet FTE,BDQTY,2024,2.850,2.850,2.350,2.350,2.350,2.350,2.350,2.350,2.350,2.350,2.350,2.350
14,2024,490,1523,SE,56008068,5600,8068,Sweden,Visby Veterinärpraktik,Visby Veterinarprakt,Vets,Small animal,Sweden,Sweden,Nurse FTE,AQ,2024,3.460,3.460,3.300,3.580,4.610,4.360,2.600,2.120,3.520,3.640,2.850,1.880
14,2024,490,1523,SE,56008068,5600,8068,Sweden,Visby Veterinärpraktik,Visby Veterinarprakt,Vets,Small animal,Sweden,Sweden,Nurse FTE,BDQTY,2024,3.700,3.700,3.700,3.700,3.700,3.700,3.700,3.700,4.370,4.720,4.500,3.700
14,2024,490,1523,SE,56008068,5600,8068,Sweden,Visby Veterinärpraktik,Visby Veterinarprakt,Vets,Small animal,Sweden,Sweden,Support FTE,AQ,2024,1.000,1.000,1.140,0.930,0.690,0.430,0.690,0.460,0.420,0.510,0.060,0.000
14,2024,490,1523,SE,56008068,5600,8068,Sweden,Visby Veterinärpraktik,Visby Veterinarprakt,Vets,Small animal,Sweden,Sweden,Support FTE,BDQTY,2024,1.000,1.000,1.000,1.000,1.000,1.000,1.000,1.000,1.000,1.000,1.000,1.000
14,2024,490,1523,SE,56008068,5600,8068,Sweden,Visby Veterinärpraktik,Visby Veterinarprakt,Vets,Small animal,Sweden,Sweden,Vet FTE,AQ,2024,4.110,4.110,3.370,3.020,2.650,1.480,3.430,2.330,4.390,2.970,1.960,1.160
14,2024,490,1523,SE,56008068,5600,8068,Sweden,Visby Veterinärpraktik,Visby Veterinarprakt,Vets,Small animal,Sweden,Sweden,Vet FTE,BDQTY,2024,2.400,2.400,2.400,2.400,2.400,2.400,2.400,2.400,2.400,2.400,2.400,2.400
14,2024,490,1526,SE,56008072,5600,8072,Sweden,Veterinärhuset Lidköping,Lidkoping,Vets,Small animal,Sweden,Sweden,Nurse FTE,AQ,2024,6.430,6.430,5.660,6.020,6.540,6.640,6.920,6.800,7.100,5.860,5.400,5.700
14,2024,490,1526,SE,56008072,5600,8072,Sweden,Veterinärhuset Lidköping,Lidkoping,Vets,Small animal,Sweden,Sweden,Nurse FTE,BDQTY,2024,6.350,6.350,6.350,6.350,6.350,6.350,6.350,6.350,6.630,7.250,7.000,6.350
14,2024,490,1526,SE,56008072,5600,8072,Sweden,Veterinärhuset Lidköping,Lidkoping,Vets,Small animal,Sweden,Sweden,Support FTE,AQ,2024,1.000,1.000,1.000,1.000,1.000,1.000,1.000,1.000,1.000,1.000,1.000,1.000
14,2024,490,1526,SE,56008072,5600,8072,Sweden,Veterinärhuset Lidköping,Lidkoping,Vets,Small animal,Sweden,Sweden,Support FTE,BDQTY,2024,1.000,1.000,1.000,1.000,1.000,1.000,1.000,1.000,1.000,1.000,1.000,1.000
14,2024,490,1526,SE,56008072,5600,8072,Sweden,Veterinärhuset Lidköping,Lidkoping,Vets,Small animal,Sweden,Sweden,Vet FTE,AQ,2024,4.080,4.080,3.840,4.130,4.000,3.900,3.760,3.900,3.680,3.400,3.400,3.350
14,2024,490,1526,SE,56008072,5600,8072,Sweden,Veterinärhuset Lidköping,Lidkoping,Vets,Small animal,Sweden,Sweden,Vet FTE,BDQTY,2024,3.400,3.400,3.400,3.400,3.400,3.400,3.400,3.400,3.400,3.400,3.400,3.400
14,2024,490,1527,SE,56008073,5600,8073,Sweden,Ugglarp Gard Hast,Ugglarp Gard Hast,Vets,Equine,Sweden,Sweden,Nurse FTE,AQ,2024,3.750,3.750,3.760,3.980,4.350,3.340,2.880,2.930,2.930,2.030,3.100,3.060
14,2024,490,1527,SE,56008073,5600,8073,Sweden,Ugglarp Gard Hast,Ugglarp Gard Hast,Vets,Equine,Sweden,Sweden,Nurse FTE,BDQTY,2024,3.400,3.400,3.400,3.400,3.400,3.400,3.400,3.400,3.400,4.400,4.400,3.400
14,2024,490,1527,SE,56008073,5600,8073,Sweden,Ugglarp Gard Hast,Ugglarp Gard Hast,Vets,Equine,Sweden,Sweden,Vet FTE,AQ,2024,3.000,3.000,1.920,1.710,3.000,2.070,2.170,1.690,1.200,2.310,2.270,0.800
14,2024,490,1527,SE,56008073,5600,8073,Sweden,Ugglarp Gard Hast,Ugglarp Gard Hast,Vets,Equine,Sweden,Sweden,Vet FTE,BDQTY,2024,3.000,3.000,3.000,3.000,3.000,3.000,3.000,3.000,3.000,3.000,3.000,3.000
14,2024,490,1528,SE,56008074,5600,8074,Sweden,Ugglarp Gard Smadjur,Ugglarp Gard Hast,Vets,Small animal,Sweden,Sweden,Nurse FTE,AQ,2024,2.000,2.000,0.000,0.000,0.000,0.000,0.000,0.000,0.000,0.000,0.000,0.000
14,2024,490,1528,SE,56008074,5600,8074,Sweden,Ugglarp Gard Smadjur,Ugglarp Gard Hast,Vets,Small animal,Sweden,Sweden,Nurse FTE,BDQTY,2024,0.000,0.000,0.000,0.000,0.000,0.000,0.000,0.000,0.000,0.000,0.000,0.000
14,2024,490,1528,SE,56008074,5600,8074,Sweden,Ugglarp Gard Smadjur,Ugglarp Gard Hast,Vets,Small animal,Sweden,Sweden,Support FTE,BDQTY,2024,0.000,0.000,0.000,0.000,0.000,0.000,0.000,0.000,0.000,0.000,0.000,0.000
14,2024,490,1528,SE,56008074,5600,8074,Sweden,Ugglarp Gard Smadjur,Ugglarp Gard Hast,Vets,Small animal,Sweden,Sweden,Vet FTE,AQ,2024,0.700,0.700,0.000,0.000,0.000,0.000,0.000,0.000,0.000,0.000,0.000,0.000
14,2024,490,1528,SE,56008074,5600,8074,Sweden,Ugglarp Gard Smadjur,Ugglarp Gard Hast,Vets,Small animal,Sweden,Sweden,Vet FTE,BDQTY,2024,0.000,0.000,0.000,0.000,0.000,0.000,0.000,0.000,0.000,0.000,0.000,0.000
14,2024,490,1529,SE,56008075,5600,8075,Sweden,On-line Vet,On-line Vet,Vets,Small animal,Sweden,Sweden,Support FTE,AQ,2024,1.000,1.000,1.000,0.880,1.000,0.880,0.880,0.880,1.000,1.000,1.000,1.000
14,2024,490,1529,SE,56008075,5600,8075,Sweden,On-line Vet,On-line Vet,Vets,Small animal,Sweden,Sweden,Support FTE,BDQTY,2024,1.400,1.400,1.400,1.400,1.400,1.400,1.400,1.400,1.400,1.400,1.400,1.400
14,2024,490,1529,SE,56008075,5600,8075,Sweden,On-line Vet,On-line Vet,Vets,Small animal,Sweden,Sweden,Vet FTE,AQ,2024,2.850,2.850,2.840,2.900,2.900,3.020,3.230,3.880,2.900,2.900,2.680,2.900
14,2024,490,1529,SE,56008075,5600,8075,Sweden,On-line Vet,On-line Vet,Vets,Small animal,Sweden,Sweden,Vet FTE,BDQTY,2024,3.100,3.100,3.100,3.100,3.100,3.100,7.100,7.100,7.100,3.100,3.100,3.100
14,2024,490,1532,SE,56008078,5600,8078,Sweden,Viken Smådjursklinik Evidensia,Viken Smådjursklinik,Vets,Small animal,Sweden,Sweden,Nurse FTE,BDQTY,2024,1.000,1.000,1.000,1.000,1.000,1.000,1.000,1.000,1.000,1.000,1.000,1.000
14,2024,490,1532,SE,56008078,5600,8078,Sweden,Viken Smådjursklinik Evidensia,Viken Smådjursklinik,Vets,Small animal,Sweden,Sweden,Vet FTE,BDQTY,2024,0.800,0.800,0.800,0.800,0.800,0.800,0.800,0.800,0.800,0.800,0.800,0.800
14,2024,490,1534,SE,56008080,5600,8080,Sweden,Lunds Djursjukhus,Lunds Djursjukhus AB,Vets,Small animal,Sweden,Sweden,Nurse FTE,AQ,2024,20.140,20.140,18.880,17.700,19.470,18.990,19.880,19.070,22.840,23.500,21.120,18.730
14,2024,490,1534,SE,56008080,5600,8080,Sweden,Lunds Djursjukhus,Lunds Djursjukhus AB,Vets,Small animal,Sweden,Sweden,Nurse FTE,BDQTY,2024,18.600,18.600,18.850,18.850,18.600,18.600,18.600,18.600,22.690,24.840,22.550,18.600
14,2024,490,1534,SE,56008080,5600,8080,Sweden,Lunds Djursjukhus,Lunds Djursjukhus AB,Vets,Small animal,Sweden,Sweden,Support FTE,AQ,2024,11.080,11.080,11.800,12.080,11.050,11.090,11.120,11.170,11.360,12.240,11.530,11.500
14,2024,490,1534,SE,56008080,5600,8080,Sweden,Lunds Djursjukhus,Lunds Djursjukhus AB,Vets,Small animal,Sweden,Sweden,Support FTE,BDQTY,2024,10.440,10.440,10.440,10.440,10.440,10.440,10.440,10.440,10.440,11.440,11.440,10.440
14,2024,490,1534,SE,56008080,5600,8080,Sweden,Lunds Djursjukhus,Lunds Djursjukhus AB,Vets,Small animal,Sweden,Sweden,Vet FTE,AQ,2024,14.660,14.660,15.850,15.050,15.930,17.130,16.890,16.900,16.790,17.310,17.350,16.460
14,2024,490,1534,SE,56008080,5600,8080,Sweden,Lunds Djursjukhus,Lunds Djursjukhus AB,Vets,Small animal,Sweden,Sweden,Vet FTE,BDQTY,2024,17.650,17.650,17.650,17.650,17.650,18.400,18.900,19.450,19.580,21.230,21.420,19.450
14,2024,490,1535,SE,56008081,5600,8081,Sweden,Kristinehamn Smadjursklinik,Djurkliniken Karlsko,Vets,Small animal,Sweden,Sweden,Nurse FTE,BDQTY,2024,1.600,1.600,1.600,1.600,1.600,1.600,1.600,1.600,1.600,1.600,1.600,1.600
14,2024,490,1535,SE,56008081,5600,8081,Sweden,Kristinehamn Smadjursklinik,Djurkliniken Karlsko,Vets,Small animal,Sweden,Sweden,Vet FTE,BDQTY,2024,0.800,0.800,0.800,0.800,0.800,0.800,0.800,0.800,0.800,0.800,0.800,0.800
14,2024,490,1536,SE,56008082,5600,8082,Sweden,Ulvsby Smådjursklinik AB,Ulvsby Smådjursklini,Vets,Small animal,Sweden,Sweden,Nurse FTE,AQ,2024,8.740,8.740,8.680,8.410,8.040,8.000,7.890,7.640,8.080,7.650,7.160,7.190
14,2024,490,1536,SE,56008082,5600,8082,Sweden,Ulvsby Smådjursklinik AB,Ulvsby Smådjursklini,Vets,Small animal,Sweden,Sweden,Nurse FTE,BDQTY,2024,9.350,9.350,9.350,9.350,9.350,9.350,9.350,9.350,9.350,9.780,9.590,9.350
14,2024,490,1536,SE,56008082,5600,8082,Sweden,Ulvsby Smådjursklinik AB,Ulvsby Smådjursklini,Vets,Small animal,Sweden,Sweden,Support FTE,AQ,2024,0.000,0.000,0.000,0.000,0.530,0.600,0.600,0.600,0.600,0.600,0.600,0.600
14,2024,490,1536,SE,56008082,5600,8082,Sweden,Ulvsby Smådjursklinik AB,Ulvsby Smådjursklini,Vets,Small animal,Sweden,Sweden,Vet FTE,AQ,2024,4.250,4.250,4.220,4.160,3.950,4.230,4.040,3.830,3.680,3.670,3.150,3.150
14,2024,490,1536,SE,56008082,5600,8082,Sweden,Ulvsby Smådjursklinik AB,Ulvsby Smådjursklini,Vets,Small animal,Sweden,Sweden,Vet FTE,BDQTY,2024,4.300,4.300,4.300,4.300,4.300,4.300,4.300,4.300,4.300,4.300,4.300,4.300
14,2024,490,32634,SE,56008084,5600,8084,Sweden,HO,Lidingö,HO,HO,Sweden,Sweden,Nurse FTE,AQ,2024,4.860,4.860,3.830,3.130,5.310,5.420,5.400,6.440,6.940,6.550,6.630,6.560
14,2024,490,32634,SE,56008084,5600,8084,Sweden,HO,Lidingö,HO,HO,Sweden,Sweden,Nurse FTE,BDQTY,2024,5.600,5.600,5.600,6.600,6.600,6.600,6.600,6.600,7.760,7.830,7.640,6.600
14,2024,490,32634,SE,56008084,5600,8084,Sweden,HO,Lidingö,HO,HO,Sweden,Sweden,Support FTE,BDQTY,2024,1.000,1.000,1.000,1.000,1.000,1.000,1.000,1.000,1.000,1.000,1.000,1.000
14,2024,490,32634,SE,56008084,5600,8084,Sweden,HO,Lidingö,HO,HO,Sweden,Sweden,Vet FTE,AQ,2024,0.800,0.800,1.050,1.390,1.600,1.560,2.560,2.100,2.370,2.660,2.250,3.700
14,2024,490,32634,SE,56008084,5600,8084,Sweden,HO,Lidingö,HO,HO,Sweden,Sweden,Vet FTE,BDQTY,2024,3.800,3.800,3.800,3.800,3.800,3.800,3.800,3.800,3.800,3.800,3.800,3.800
14,2024,490,37739,SE,56008086,5600,8086,Sweden,NA,Vasastans Veterinärk,NA,NA,NA,NA,Nurse FTE,AQ,2024,4.760,4.760,5.960,5.830,4.940,5.750,5.850,5.690,4.990,5.180,5.250,5.300
14,2024,490,37739,SE,56008086,5600,8086,Sweden,NA,Vasastans Veterinärk,NA,NA,NA,NA,Nurse FTE,BDQTY,2024,5.000,5.000,5.000,5.000,5.000,5.000,5.000,5.500,6.000,6.000,6.000,5.000
14,2024,490,37739,SE,56008086,5600,8086,Sweden,NA,Vasastans Veterinärk,NA,NA,NA,NA,Support FTE,AQ,2024,2.000,2.000,2.000,1.770,1.800,2.440,2.940,2.860,2.940,3.000,3.000,3.000
14,2024,490,37739,SE,56008086,5600,8086,Sweden,NA,Vasastans Veterinärk,NA,NA,NA,NA,Support FTE,BDQTY,2024,2.000,2.000,2.000,2.000,2.000,2.900,2.900,2.900,2.000,2.000,2.000,2.000
14,2024,490,37739,SE,56008086,5600,8086,Sweden,NA,Vasastans Veterinärk,NA,NA,NA,NA,Vet FTE,AQ,2024,3.120,3.120,2.940,2.990,2.840,2.200,2.100,2.080,3.150,2.980,3.070,3.200
14,2024,490,37739,SE,56008086,5600,8086,Sweden,NA,Vasastans Veterinärk,NA,NA,NA,NA,Vet FTE,BDQTY,2024,3.900,3.900,3.300,3.300,3.300,3.300,3.200,3.200,3.200,3.200,3.200,3.200
14,2024,490,48118,SE,56008088,5600,8088,Sweden,NA,Uppsala,NA,NA,NA,NA,Nurse FTE,AQ,2024,16.240,16.240,16.900,16.970,17.250,16.430,-2.580,16.930,17.270,18.400,16.660,18.630
14,2024,490,48118,SE,56008088,5600,8088,Sweden,NA,Uppsala,NA,NA,NA,NA,Nurse FTE,BDQTY,2024,11.600,14.100,15.600,16.400,16.400,16.400,16.400,16.400,15.400,15.400,16.400,16.400
14,2024,490,48118,SE,56008088,5600,8088,Sweden,NA,Uppsala,NA,NA,NA,NA,Support FTE,AQ,2024,17.730,17.730,1.790,2.000,1.000,1.000,0.000,1.930,1.000,1.000,1.000,1.000
14,2024,490,48118,SE,56008088,5600,8088,Sweden,NA,Uppsala,NA,NA,NA,NA,Support FTE,BDQTY,2024,1.000,3.500,6.000,6.500,7.500,7.500,8.500,8.500,8.500,8.500,8.500,8.500
14,2024,490,48118,SE,56008088,5600,8088,Sweden,NA,Uppsala,NA,NA,NA,NA,Vet FTE,AQ,2024,15.340,15.340,16.200,15.630,17.370,17.260,-1.690,16.030,16.860,16.810,16.310,17.730
14,2024,490,48118,SE,56008088,5600,8088,Sweden,NA,Uppsala,NA,NA,NA,NA,Vet FTE,BDQTY,2024,7.450,8.400,10.400,11.400,12.600,12.600,12.600,12.600,9.200,8.000,8.600,12.600
14,2024,490,37740,SE,56008089,5600,8089,Sweden,NA,Sävedalen,NA,NA,NA,NA,Nurse FTE,AQ,2024,5.930,5.930,5.820,5.870,6.430,5.990,6.030,5.840,6.100,5.980,6.140,6.500
14,2024,490,37740,SE,56008089,5600,8089,Sweden,NA,Sävedalen,NA,NA,NA,NA,Nurse FTE,BDQTY,2024,5.900,5.900,5.900,5.900,5.900,5.900,5.900,5.900,5.900,5.900,5.900,5.900
14,2024,490,37740,SE,56008089,5600,8089,Sweden,NA,Sävedalen,NA,NA,NA,NA,Support FTE,AQ,2024,0.700,0.700,0.630,0.700,0.750,0.780,0.780,0.780,0.590,0.160,0.390,0.400
14,2024,490,37740,SE,56008089,5600,8089,Sweden,NA,Sävedalen,NA,NA,NA,NA,Support FTE,BDQTY,2024,0.700,0.700,0.700,0.700,0.700,0.700,0.700,0.700,0.700,0.700,0.700,0.700
14,2024,490,37740,SE,56008089,5600,8089,Sweden,NA,Sävedalen,NA,NA,NA,NA,Vet FTE,AQ,2024,2.630,2.630,2.560,2.670,3.960,3.570,2.870,2.140,1.820,2.370,2.040,2.550
14,2024,490,37740,SE,56008089,5600,8089,Sweden,NA,Sävedalen,NA,NA,NA,NA,Vet FTE,BDQTY,2024,2.700,2.900,2.900,2.900,2.900,2.900,2.900,2.900,2.900,2.900,2.900,2.900
14,2024,490,38671,SE,56008090,5600,8090,Sweden,NA,Åmål,NA,NA,NA,NA,Nurse FTE,AQ,2024,8.040,8.040,7.990,8.310,8.120,7.940,7.980,8.120,8.100,8.580,7.700,7.960
14,2024,490,38671,SE,56008090,5600,8090,Sweden,NA,Åmål,NA,NA,NA,NA,Nurse FTE,BDQTY,2024,7.900,7.900,7.900,8.150,8.150,8.150,8.150,8.150,8.150,9.150,9.150,8.150
14,2024,490,38671,SE,56008090,5600,8090,Sweden,NA,Åmål,NA,NA,NA,NA,Support FTE,AQ,2024,1.000,1.000,1.000,1.000,1.000,1.000,1.000,1.000,1.000,1.000,1.000,1.000
14,2024,490,38671,SE,56008090,5600,8090,Sweden,NA,Åmål,NA,NA,NA,NA,Support FTE,BDQTY,2024,1.000,1.000,1.000,1.000,1.000,1.000,1.000,1.000,1.000,1.000,1.000,1.000
14,2024,490,38671,SE,56008090,5600,8090,Sweden,NA,Åmål,NA,NA,NA,NA,Vet FTE,AQ,2024,3.650,3.650,3.500,3.600,3.930,4.100,4.760,4.070,4.630,3.390,3.110,4.730
14,2024,490,38671,SE,56008090,5600,8090,Sweden,NA,Åmål,NA,NA,NA,NA,Vet FTE,BDQTY,2024,4.200,4.200,4.200,4.200,4.200,4.200,4.200,3.600,4.200,4.200,4.200,5.200
14,2024,490,37937,SE,56008092,5600,8092,Sweden,NA,Göteborgs Djursjukhu,NA,NA,NA,NA,Nurse FTE,AQ,2024,4.340,4.340,4.620,4.450,4.750,3.930,4.090,3.320,3.550,3.800,3.840,3.800
14,2024,490,37937,SE,56008092,5600,8092,Sweden,NA,Göteborgs Djursjukhu,NA,NA,NA,NA,Nurse FTE,BDQTY,2024,3.700,3.700,3.700,3.700,3.700,3.700,3.700,3.700,3.700,5.200,4.200,3.700
14,2024,490,37937,SE,56008092,5600,8092,Sweden,NA,Göteborgs Djursjukhu,NA,NA,NA,NA,Support FTE,AQ,2024,1.660,1.660,1.750,1.720,1.700,1.880,1.880,1.800,1.220,1.010,1.000,1.000
14,2024,490,37937,SE,56008092,5600,8092,Sweden,NA,Göteborgs Djursjukhu,NA,NA,NA,NA,Support FTE,BDQTY,2024,2.000,2.000,2.000,2.000,2.000,2.000,2.000,2.000,2.000,2.000,2.000,2.000
14,2024,490,37937,SE,56008092,5600,8092,Sweden,NA,Göteborgs Djursjukhu,NA,NA,NA,NA,Vet FTE,AQ,2024,2.680,2.680,2.590,1.930,2.080,3.000,2.900,2.890,2.940,2.960,3.000,3.000
14,2024,490,37937,SE,56008092,5600,8092,Sweden,NA,Göteborgs Djursjukhu,NA,NA,NA,NA,Vet FTE,BDQTY,2024,2.200,2.200,2.200,2.200,2.200,2.200,2.200,2.200,2.200,2.200,2.200,2.200
14,2024,490,38672,SE,56008093,5600,8093,Sweden,NA,Skånes Mitt,NA,NA,NA,NA,Nurse FTE,AQ,2024,3.770,3.770,4.300,4.990,5.000,5.140,5.140,5.130,5.070,5.450,5.820,5.960
14,2024,490,38672,SE,56008093,5600,8093,Sweden,NA,Skånes Mitt,NA,NA,NA,NA,Nurse FTE,BDQTY,2024,3.050,3.050,3.050,3.650,3.650,3.650,4.150,4.150,4.450,5.050,4.850,4.150
14,2024,490,38672,SE,56008093,5600,8093,Sweden,NA,Skånes Mitt,NA,NA,NA,NA,Support FTE,AQ,2024,2.780,2.780,2.850,2.930,3.000,2.980,2.930,3.430,3.170,3.180,3.000,3.000
14,2024,490,38672,SE,56008093,5600,8093,Sweden,NA,Skånes Mitt,NA,NA,NA,NA,Support FTE,BDQTY,2024,2.000,2.000,2.000,2.000,2.000,2.000,2.000,2.000,2.660,2.760,2.000,2.000
14,2024,490,38672,SE,56008093,5600,8093,Sweden,NA,Skånes Mitt,NA,NA,NA,NA,Vet FTE,AQ,2024,3.400,3.400,3.210,3.280,2.540,2.450,2.260,2.530,2.750,2.600,2.520,2.610
14,2024,490,38672,SE,56008093,5600,8093,Sweden,NA,Skånes Mitt,NA,NA,NA,NA,Vet FTE,BDQTY,2024,4.400,4.400,4.400,4.400,4.400,4.400,4.400,4.400,4.400,4.400,4.400,4.400
14,2024,490,38509,SE,56008094,5600,8094,Sweden,NA,Solsidan,NA,NA,NA,NA,Nurse FTE,AQ,2024,3.790,3.790,3.980,3.500,4.500,4.260,4.310,4.010,3.700,2.840,2.810,1.980
14,2024,490,38509,SE,56008094,5600,8094,Sweden,NA,Solsidan,NA,NA,NA,NA,Nurse FTE,BDQTY,2024,4.480,4.480,4.480,4.480,4.480,4.480,4.480,4.480,5.280,5.280,5.280,4.480
14,2024,490,38509,SE,56008094,5600,8094,Sweden,NA,Solsidan,NA,NA,NA,NA,Support FTE,AQ,2024,0.910,0.910,1.000,1.000,0.900,1.000,1.000,1.000,1.000,0.780,0.770,1.000
14,2024,490,38509,SE,56008094,5600,8094,Sweden,NA,Solsidan,NA,NA,NA,NA,Support FTE,BDQTY,2024,1.000,1.000,1.000,1.000,1.000,1.000,1.000,1.000,1.000,1.000,1.000,1.000
14,2024,490,38509,SE,56008094,5600,8094,Sweden,NA,Solsidan,NA,NA,NA,NA,Vet FTE,AQ,2024,2.770,2.770,2.660,2.780,2.790,2.740,2.790,2.800,2.770,2.800,2.620,2.500
14,2024,490,38509,SE,56008094,5600,8094,Sweden,NA,Solsidan,NA,NA,NA,NA,Vet FTE,BDQTY,2024,2.750,2.750,2.750,2.750,2.750,2.750,2.750,2.750,2.750,2.750,2.750,2.750
14,2024,490,38673,SE,56008095,5600,8095,Sweden,NA,Tyresö Djurklinik AB,NA,NA,NA,NA,Nurse FTE,AQ,2024,4.650,4.650,4.150,4.140,4.150,4.170,4.170,4.470,4.430,3.600,3.650,5.620
14,2024,490,38673,SE,56008095,5600,8095,Sweden,NA,Tyresö Djurklinik AB,NA,NA,NA,NA,Nurse FTE,BDQTY,2024,4.650,4.650,4.650,4.650,4.650,4.650,4.650,4.650,4.650,4.650,4.650,4.650
14,2024,490,38673,SE,56008095,5600,8095,Sweden,NA,Tyresö Djurklinik AB,NA,NA,NA,NA,Support FTE,AQ,2024,3.000,3.000,3.000,2.900,2.960,3.000,3.000,3.000,3.000,4.000,4.000,3.000
14,2024,490,38673,SE,56008095,5600,8095,Sweden,NA,Tyresö Djurklinik AB,NA,NA,NA,NA,Support FTE,BDQTY,2024,3.000,3.000,3.000,3.000,3.000,3.000,3.000,3.000,3.000,3.000,3.000,3.000
14,2024,490,38673,SE,56008095,5600,8095,Sweden,NA,Tyresö Djurklinik AB,NA,NA,NA,NA,Vet FTE,AQ,2024,1.390,1.390,1.500,1.560,1.570,1.470,1.570,1.540,1.390,1.400,1.620,1.750
14,2024,490,38673,SE,56008095,5600,8095,Sweden,NA,Tyresö Djurklinik AB,NA,NA,NA,NA,Vet FTE,BDQTY,2024,2.610,2.610,2.610,2.610,2.610,2.610,2.610,2.610,2.610,2.610,2.610,2.610
14,2024,490,50633,SE,56008097,5600,8097,Sweden,NA,Mittnorrlands Djursj,NA,NA,NA,NA,Nurse FTE,AQ,2024,0.800,0.800,0.750,0.800,0.780,0.800,0.800,0.800,0.800,0.800,0.750,0.800
14,2024,490,50633,SE,56008097,5600,8097,Sweden,NA,Mittnorrlands Djursj,NA,NA,NA,NA,Nurse FTE,BDQTY,2024,0.800,0.800,0.800,0.800,0.800,0.800,0.800,0.800,0.800,0.800,0.800,0.800
14,2024,490,50633,SE,56008097,5600,8097,Sweden,NA,Mittnorrlands Djursj,NA,NA,NA,NA,Vet FTE,AQ,2024,0.630,0.630,0.630,0.630,0.630,0.630,0.630,0.630,0.630,0.630,0.820,1.430
14,2024,490,50633,SE,56008097,5600,8097,Sweden,NA,Mittnorrlands Djursj,NA,NA,NA,NA,Vet FTE,BDQTY,2024,0.630,0.630,0.630,0.630,0.630,0.630,0.630,0.630,0.630,0.630,0.630,0.630
14,2024,490,39561,SE,56008098,5600,8098,Sweden,NA,Mittnorrlands Djursj,NA,NA,NA,NA,Nurse FTE,AQ,2024,35.340,35.340,34.510,33.780,27.870,27.380,27.360,25.130,28.330,30.270,31.530,30.320
14,2024,490,39561,SE,56008098,5600,8098,Sweden,NA,Mittnorrlands Djursj,NA,NA,NA,NA,Nurse FTE,BDQTY,2024,31.200,30.200,30.200,30.200,30.200,30.200,30.200,30.200,38.350,38.350,38.350,38.350
14,2024,490,39561,SE,56008098,5600,8098,Sweden,NA,Mittnorrlands Djursj,NA,NA,NA,NA,Support FTE,AQ,2024,10.600,10.600,11.060,10.500,10.610,10.710,9.370,7.160,9.500,9.040,9.650,8.390
14,2024,490,39561,SE,56008098,5600,8098,Sweden,NA,Mittnorrlands Djursj,NA,NA,NA,NA,Support FTE,BDQTY,2024,15.680,15.680,15.680,15.680,14.680,14.680,14.680,14.680,19.280,19.280,19.280,19.280
14,2024,490,39561,SE,56008098,5600,8098,Sweden,NA,Mittnorrlands Djursj,NA,NA,NA,NA,Vet FTE,AQ,2024,18.020,18.020,16.390,15.050,15.180,14.350,13.290,13.310,13.410,14.710,13.620,14.620
14,2024,490,39561,SE,56008098,5600,8098,Sweden,NA,Mittnorrlands Djursj,NA,NA,NA,NA,Vet FTE,BDQTY,2024,16.800,15.800,15.000,15.200,15.950,15.950,15.950,15.950,16.950,16.950,16.950,16.950
14,2024,490,39806,SE,56008099,5600,8099,Sweden,NA,Mittnorrlands Djursj,NA,NA,NA,NA,Nurse FTE,AQ,2024,24.500,24.500,22.830,23.720,20.150,20.280,19.650,22.470,26.510,28.300,25.570,25.000
14,2024,490,39806,SE,56008099,5600,8099,Sweden,NA,Mittnorrlands Djursj,NA,NA,NA,NA,Nurse FTE,BDQTY,2024,20.300,20.300,20.300,20.300,20.300,20.300,20.300,20.300,26.300,26.300,26.300,25.300
14,2024,490,39806,SE,56008099,5600,8099,Sweden,NA,Mittnorrlands Djursj,NA,NA,NA,NA,Support FTE,AQ,2024,13.250,13.250,12.970,13.700,11.840,11.780,11.880,11.550,12.470,13.120,12.390,10.510
14,2024,490,39806,SE,56008099,5600,8099,Sweden,NA,Mittnorrlands Djursj,NA,NA,NA,NA,Support FTE,BDQTY,2024,16.150,16.150,16.150,16.150,16.150,16.150,16.150,16.150,18.150,18.150,18.150,18.150
14,2024,490,39806,SE,56008099,5600,8099,Sweden,NA,Mittnorrlands Djursj,NA,NA,NA,NA,Vet FTE,AQ,2024,14.520,14.520,13.450,13.420,13.580,13.530,13.040,12.230,12.410,12.350,12.750,12.480
14,2024,490,39806,SE,56008099,5600,8099,Sweden,NA,Mittnorrlands Djursj,NA,NA,NA,NA,Vet FTE,BDQTY,2024,12.050,11.050,11.050,11.050,11.050,11.050,11.050,11.050,12.050,12.050,12.050,12.050
14,2024,490,40570,SE,56008100,5600,8100,Sweden,NA,Mittnorrlands Djursj,NA,NA,NA,NA,Nurse FTE,AQ,2024,3.480,3.480,3.570,3.410,3.470,3.600,3.550,3.600,3.600,3.600,3.600,3.600
14,2024,490,40570,SE,56008100,5600,8100,Sweden,NA,Mittnorrlands Djursj,NA,NA,NA,NA,Nurse FTE,BDQTY,2024,3.600,3.600,3.600,3.600,3.600,3.600,3.600,3.600,3.600,3.600,3.600,3.600
14,2024,490,40570,SE,56008100,5600,8100,Sweden,NA,Mittnorrlands Djursj,NA,NA,NA,NA,Vet FTE,AQ,2024,1.830,1.830,1.780,1.830,1.830,1.830,0.880,0.840,1.000,1.000,1.700,1.930
14,2024,490,40570,SE,56008100,5600,8100,Sweden,NA,Mittnorrlands Djursj,NA,NA,NA,NA,Vet FTE,BDQTY,2024,2.230,2.230,2.230,2.230,2.230,1.400,1.400,1.400,1.400,1.400,1.400,1.400
14,2024,490,50623,SE,56008101,5600,8101,Sweden,NA,Mittnorrlands Djursj,NA,NA,NA,NA,Nurse FTE,AQ,2024,2.530,2.530,2.100,2.240,2.350,2.240,3.090,3.440,3.100,3.140,2.800,2.750
14,2024,490,50623,SE,56008101,5600,8101,Sweden,NA,Mittnorrlands Djursj,NA,NA,NA,NA,Nurse FTE,BDQTY,2024,2.800,2.800,2.800,2.800,2.800,2.800,2.800,2.800,2.800,2.800,2.800,2.800
14,2024,490,50623,SE,56008101,5600,8101,Sweden,NA,Mittnorrlands Djursj,NA,NA,NA,NA,Support FTE,AQ,2024,1.610,1.610,1.550,1.500,2.530,2.510,1.510,2.910,2.920,1.120,1.040,1.010
14,2024,490,50623,SE,56008101,5600,8101,Sweden,NA,Mittnorrlands Djursj,NA,NA,NA,NA,Support FTE,BDQTY,2024,2.000,2.000,2.000,2.000,2.000,2.000,2.000,2.000,2.000,2.000,2.000,2.000
14,2024,490,50623,SE,56008101,5600,8101,Sweden,NA,Mittnorrlands Djursj,NA,NA,NA,NA,Vet FTE,AQ,2024,0.800,0.800,0.800,0.800,0.700,0.800,0.800,0.780,0.800,0.800,0.800,0.800
14,2024,490,50623,SE,56008101,5600,8101,Sweden,NA,Mittnorrlands Djursj,NA,NA,NA,NA,Vet FTE,BDQTY,2024,0.800,0.800,0.800,0.800,0.800,0.800,0.800,0.800,0.800,0.800,0.800,0.800
14,2024,490,39771,SE,56008103,5600,8103,Sweden,NA,Alvik,NA,NA,NA,NA,Nurse FTE,AQ,2024,6.940,6.940,6.820,6.850,7.000,6.860,6.810,6.570,6.360,6.450,6.480,5.770
14,2024,490,39771,SE,56008103,5600,8103,Sweden,NA,Alvik,NA,NA,NA,NA,Nurse FTE,BDQTY,2024,7.330,7.330,7.330,7.330,7.330,7.330,7.330,7.330,7.830,8.330,8.330,7.330
14,2024,490,39771,SE,56008103,5600,8103,Sweden,NA,Alvik,NA,NA,NA,NA,Support FTE,AQ,2024,2.000,2.000,1.870,2.000,1.950,1.730,2.000,2.000,2.000,1.000,0.910,0.480
14,2024,490,39771,SE,56008103,5600,8103,Sweden,NA,Alvik,NA,NA,NA,NA,Support FTE,BDQTY,2024,2.000,2.000,2.000,2.000,2.000,2.000,2.000,2.000,2.000,2.000,2.000,2.000
14,2024,490,39771,SE,56008103,5600,8103,Sweden,NA,Alvik,NA,NA,NA,NA,Vet FTE,AQ,2024,4.820,4.820,4.780,4.750,4.980,4.900,4.900,4.590,4.740,5.000,4.830,4.560
14,2024,490,39771,SE,56008103,5600,8103,Sweden,NA,Alvik,NA,NA,NA,NA,Vet FTE,BDQTY,2024,4.000,4.000,4.000,4.000,4.000,4.000,4.000,4.000,4.000,4.000,4.000,4.000
14,2024,490,40502,SE,56008104,5600,8104,Sweden,NA,Viskadalens,NA,NA,NA,NA,Nurse FTE,AQ,2024,8.800,8.800,8.620,8.990,8.790,8.820,8.950,9.060,8.960,9.660,8.720,9.250
14,2024,490,40502,SE,56008104,5600,8104,Sweden,NA,Viskadalens,NA,NA,NA,NA,Nurse FTE,BDQTY,2024,7.460,7.460,7.460,7.460,7.460,7.460,7.460,7.460,7.460,7.460,7.460,7.460
14,2024,490,40502,SE,56008104,5600,8104,Sweden,NA,Viskadalens,NA,NA,NA,NA,Support FTE,AQ,2024,2.000,2.000,2.000,2.000,2.000,2.000,2.000,2.000,2.000,2.000,2.000,2.000
14,2024,490,40502,SE,56008104,5600,8104,Sweden,NA,Viskadalens,NA,NA,NA,NA,Support FTE,BDQTY,2024,0.870,0.870,0.870,0.870,0.870,0.870,0.870,0.870,0.870,0.870,0.870,0.870
14,2024,490,40502,SE,56008104,5600,8104,Sweden,NA,Viskadalens,NA,NA,NA,NA,Vet FTE,AQ,2024,2.430,2.430,2.550,2.280,2.550,2.550,2.480,2.460,2.550,2.270,2.480,2.550
14,2024,490,40502,SE,56008104,5600,8104,Sweden,NA,Viskadalens,NA,NA,NA,NA,Vet FTE,BDQTY,2024,3.890,3.890,3.890,3.890,3.890,3.890,3.890,3.890,3.890,3.890,3.890,3.890
14,2024,490,50622,SE,56008105,5600,8105,Sweden,NA,Viskadalens,NA,NA,NA,NA,Nurse FTE,AQ,2024,6.850,6.850,7.110,6.530,6.740,6.380,6.410,6.420,7.280,7.720,6.050,6.940
14,2024,490,50622,SE,56008105,5600,8105,Sweden,NA,Viskadalens,NA,NA,NA,NA,Nurse FTE,BDQTY,2024,6.120,6.120,6.120,6.120,6.120,6.120,6.120,6.120,6.120,6.120,6.120,6.120
14,2024,490,50622,SE,56008105,5600,8105,Sweden,NA,Viskadalens,NA,NA,NA,NA,Support FTE,BDQTY,2024,0.710,0.710,0.710,0.710,0.710,0.710,0.710,0.710,0.710,0.710,0.710,0.710
14,2024,490,50622,SE,56008105,5600,8105,Sweden,NA,Viskadalens,NA,NA,NA,NA,Vet FTE,AQ,2024,2.500,2.500,2.450,2.440,2.520,2.550,2.560,2.530,2.630,2.630,2.630,2.580
14,2024,490,50622,SE,56008105,5600,8105,Sweden,NA,Viskadalens,NA,NA,NA,NA,Vet FTE,BDQTY,2024,3.190,3.190,3.190,3.190,3.190,3.190,3.190,3.190,3.190,3.190,3.190,3.190
14,2024,490,50624,SE,56008106,5600,8106,Sweden,NA,Viskadalens,NA,NA,NA,NA,Nurse FTE,AQ,2024,7.070,7.070,7.430,6.150,6.830,7.200,7.550,7.660,7.230,7.930,8.280,8.520
14,2024,490,50624,SE,56008106,5600,8106,Sweden,NA,Viskadalens,NA,NA,NA,NA,Nurse FTE,BDQTY,2024,6.890,6.890,6.890,6.890,6.890,6.890,6.890,6.890,6.890,6.890,6.890,6.890
14,2024,490,50624,SE,56008106,5600,8106,Sweden,NA,Viskadalens,NA,NA,NA,NA,Support FTE,BDQTY,2024,0.800,0.800,0.800,0.800,0.800,0.800,0.800,0.800,0.800,0.800,0.800,0.800
14,2024,490,50624,SE,56008106,5600,8106,Sweden,NA,Viskadalens,NA,NA,NA,NA,Vet FTE,AQ,2024,0.440,0.440,0.670,0.700,0.690,0.700,0.800,0.780,0.800,0.800,0.750,0.800
14,2024,490,50624,SE,56008106,5600,8106,Sweden,NA,Viskadalens,NA,NA,NA,NA,Vet FTE,BDQTY,2024,3.590,3.590,3.590,3.590,3.590,3.590,3.590,3.590,3.590,3.590,3.590,3.590
14,2024,490,50625,SE,56008107,5600,8107,Sweden,NA,Viskadalens,NA,NA,NA,NA,Nurse FTE,AQ,2024,4.100,4.100,4.250,4.190,4.590,4.800,5.320,5.770,5.800,6.600,4.950,4.900
14,2024,490,50625,SE,56008107,5600,8107,Sweden,NA,Viskadalens,NA,NA,NA,NA,Nurse FTE,BDQTY,2024,6.310,6.310,6.310,6.310,6.310,6.310,6.310,6.310,6.310,6.310,6.310,6.310
14,2024,490,50625,SE,56008107,5600,8107,Sweden,NA,Viskadalens,NA,NA,NA,NA,Support FTE,AQ,2024,1.000,1.000,0.920,0.910,0.000,0.000,0.000,0.000,0.000,0.000,0.000,0.000
14,2024,490,50625,SE,56008107,5600,8107,Sweden,NA,Viskadalens,NA,NA,NA,NA,Support FTE,BDQTY,2024,0.740,0.740,0.740,0.740,0.740,0.740,0.740,0.740,0.740,0.740,0.740,0.740
14,2024,490,50625,SE,56008107,5600,8107,Sweden,NA,Viskadalens,NA,NA,NA,NA,Vet FTE,AQ,2024,3.510,3.510,3.110,3.210,2.430,2.990,3.530,3.600,4.300,3.350,3.760,2.000
14,2024,490,50625,SE,56008107,5600,8107,Sweden,NA,Viskadalens,NA,NA,NA,NA,Vet FTE,BDQTY,2024,3.290,3.290,3.290,3.290,3.290,3.290,3.290,3.290,3.290,3.290,3.290,3.290
14,2024,490,52810,SE,56008112,5600,8112,Sweden,NA,Norrtälje Djurklinik,NA,NA,NA,NA,Nurse FTE,AQ,2024,0.000,0.000,0.000,0.000,0.000,0.000,0.000,0.000,0.000,0.000,1.870,2.000
14,2024,490,1541,SE,56009010,5600,9010,Sweden,HO,HQ,HO,HO,Sweden,Sweden,Head Office FTE,BDQTY,2024,10.000,11.000,11.000,11.000,11.000,11.000,11.000,11.000,11.000,11.000,11.000,11.000
14,2024,490,1541,SE,56009010,5600,9010,Sweden,HO,HQ,HO,HO,Sweden,Sweden,Support FTE,AQ,2024,4.000,4.000,5.000,6.000,4.000,8.530,3.880,2.860,19.450,19.970,19.400,21.240
14,2024,490,1545,SE,56009017,5600,9017,Sweden,HO,HQ,HO,HO,Sweden,Sweden,Head Office FTE,BDQTY,2024,3.000,3.000,3.000,4.000,4.000,4.000,4.000,4.000,4.000,4.000,4.000,4.000
14,2024,490,1545,SE,56009017,5600,9017,Sweden,HO,HQ,HO,HO,Sweden,Sweden,Support FTE,AQ,2024,3.000,3.000,3.000,2.870,2.970,3.000,3.510,4.000,0.000,0.000,0.000,0.000
14,2024,490,1548,SE,56009020,5600,9020,Sweden,HO,HQ,HO,HO,Sweden,Sweden,Head Office FTE,BDQTY,2024,4.000,4.000,4.000,4.000,4.000,4.000,4.000,4.000,4.000,4.000,4.000,4.000
14,2024,490,1548,SE,56009020,5600,9020,Sweden,HO,HQ,HO,HO,Sweden,Sweden,Support FTE,AQ,2024,4.000,4.000,4.000,3.840,3.950,3.890,3.890,3.840,5.000,5.000,4.840,4.950
14,2024,490,1550,SE,56009022,5600,9022,Sweden,HO,HQ Grp Vet Costs,HO,HO,Sweden,Sweden,Nurse FTE,AQ,2024,0.000,0.000,0.000,0.000,0.000,0.000,-0.130,0.000,0.000,0.000,0.000,0.000
14,2024,490,1552,SE,56009024,5600,9024,Sweden,HO,HQ,HO,HO,Sweden,Sweden,Head Office FTE,BDQTY,2024,4.300,4.300,4.300,4.300,4.300,4.300,4.300,4.300,4.300,4.300,4.300,4.300
14,2024,490,1552,SE,56009024,5600,9024,Sweden,HO,HQ,HO,HO,Sweden,Sweden,Support FTE,AQ,2024,4.000,4.000,3.820,3.900,3.480,3.800,3.800,3.800,3.800,3.230,4.700,4.800
14,2024,490,1553,SE,56009027,5600,9027,Sweden,HO,HQ,HO,HO,Sweden,Sweden,Head Office FTE,BDQTY,2024,2.700,2.700,2.700,2.700,2.700,2.700,2.700,2.700,2.700,2.700,2.700,2.700
14,2024,490,1555,SE,56009030,5600,9030,Sweden,HO,HQ,HO,HO,Sweden,Sweden,Head Office FTE,BDQTY,2024,5.000,5.000,5.000,5.000,5.000,5.000,5.000,5.000,5.000,5.000,5.000,5.000
14,2024,490,1555,SE,56009030,5600,9030,Sweden,HO,HQ,HO,HO,Sweden,Sweden,Support FTE,AQ,2024,5.000,5.000,5.000,4.690,5.000,5.000,5.000,5.000,0.000,0.000,0.000,0.000
14,2024,490,1558,SE,56009040,5600,9040,Sweden,HO,HQ,HO,HO,Sweden,Sweden,Head Office FTE,BDQTY,2024,1.000,1.000,1.000,1.000,1.000,1.000,1.000,1.000,1.000,1.000,1.000,1.000
14,2024,490,1558,SE,56009040,5600,9040,Sweden,HO,HQ,HO,HO,Sweden,Sweden,Support FTE,AQ,2024,0.000,0.000,0.000,0.000,0.000,0.000,0.000,0.000,2.000,2.000,2.000,2.000
14,2024,490,1559,SE,56009041,5600,9041,Sweden,HO,HQ,HO,HO,Sweden,Sweden,Head Office FTE,BDQTY,2024,1.000,1.000,1.000,1.000,1.000,1.000,1.000,1.000,1.000,1.000,1.000,1.000
14,2024,490,1559,SE,56009041,5600,9041,Sweden,HO,HQ,HO,HO,Sweden,Sweden,Support FTE,AQ,2024,1.000,1.000,1.000,1.000,1.000,1.000,1.000,1.000,1.000,1.000,1.000,1.000
14,2024,490,1560,SE,56009042,5600,9042,Sweden,HO,HQ,HO,HO,Sweden,Sweden,Head Office FTE,BDQTY,2024,1.000,1.000,1.000,1.000,1.000,1.000,1.000,1.000,1.000,1.000,1.000,1.000
14,2024,490,1560,SE,56009042,5600,9042,Sweden,HO,HQ,HO,HO,Sweden,Sweden,Support FTE,AQ,2024,1.000,1.000,1.000,1.000,1.000,1.000,2.000,2.000,0.000,0.000,0.000,0.000
14,2024,490,1561,SE,56009043,5600,9043,Sweden,HO,HQ,HO,HO,Sweden,Sweden,Head Office FTE,BDQTY,2024,0.000,0.950,1.000,1.000,1.000,1.000,1.000,1.000,1.000,1.000,1.000,1.000
14,2024,490,1561,SE,56009043,5600,9043,Sweden,HO,HQ,HO,HO,Sweden,Sweden,Support FTE,AQ,2024,0.000,0.000,0.000,0.000,0.000,0.000,0.000,0.000,1.000,1.000,0.640,0.000
14,2024,490,1562,SE,56009044,5600,9044,Sweden,HO,HQ,HO,HO,Sweden,Sweden,Head Office FTE,BDQTY,2024,0.500,0.500,0.500,0.500,0.500,0.500,0.500,0.500,0.500,0.500,0.500,0.500
14,2024,490,1562,SE,56009044,5600,9044,Sweden,HO,HQ,HO,HO,Sweden,Sweden,Support FTE,AQ,2024,2.000,2.000,3.000,2.820,2.000,2.000,0.290,0.200,0.200,1.000,1.000,1.000
14,2024,490,1566,SE,56009048,5600,9048,Sweden,HO,HQ,HO,HO,Sweden,Sweden,Head Office FTE,BDQTY,2024,5.500,6.000,6.000,6.000,6.000,6.000,6.000,6.000,7.000,7.000,7.000,7.000
14,2024,490,1566,SE,56009048,5600,9048,Sweden,HO,HQ,HO,HO,Sweden,Sweden,Support FTE,AQ,2024,1.000,1.000,1.000,1.000,1.000,1.000,1.000,1.000,1.000,1.000,1.000,1.000
14,2024,490,1570,SE,56009060,5600,9060,Sweden,HO,HQ,HO,HO,Sweden,Sweden,Head Office FTE,BDQTY,2024,7.000,7.000,7.000,7.000,7.000,7.000,7.000,7.000,7.000,7.000,7.000,7.000
14,2024,490,1570,SE,56009060,5600,9060,Sweden,HO,HQ,HO,HO,Sweden,Sweden,Support FTE,AQ,2024,9.000,9.000,8.850,9.000,11.000,10.880,8.000,7.000,7.000,6.360,6.350,4.980
14,2024,490,1571,SE,56009067,5600,9067,Sweden,HO,Group Support,HO,HO,Sweden,Sweden,Vet FTE,AQ,2024,1.000,1.000,1.000,1.000,1.000,1.000,1.000,1.000,0.000,0.000,0.000,0.000
14,2024,490,1572,SE,56009069,5600,9069,Sweden,HO,HQ,HO,HO,Sweden,Sweden,Head Office FTE,BDQTY,2024,2.400,2.400,2.400,3.400,3.400,3.400,3.400,3.400,3.400,3.400,3.400,3.400
14,2024,490,1572,SE,56009069,5600,9069,Sweden,HO,HQ,HO,HO,Sweden,Sweden,Support FTE,AQ,2024,4.930,4.930,4.600,4.600,4.600,0.000,4.600,4.600,4.600,4.600,4.340,4.600
14,2024,490,38106,SE,56009072,5600,9072,Sweden,NA,HQ,NA,NA,NA,NA,Head Office FTE,BDQTY,2024,7.600,7.600,7.600,7.600,7.600,7.600,7.600,7.600,7.600,7.600,7.600,7.600
14,2024,490,38106,SE,56009072,5600,9072,Sweden,NA,HQ,NA,NA,NA,NA,Support FTE,AQ,2024,0.000,0.000,15.790,15.740,17.710,18.400,17.900,18.600,19.900,19.660,20.030,21.140
14,2024,490,33050,SE,56009082,5600,9082,Sweden,HO,HQ,HO,HO,Sweden,Sweden,Head Office FTE,BDQTY,2024,1.600,1.600,1.600,1.600,1.600,1.600,1.600,1.600,1.600,1.600,1.600,1.600
14,2024,490,33050,SE,56009082,5600,9082,Sweden,HO,HQ,HO,HO,Sweden,Sweden,Support FTE,AQ,2024,0.000,0.000,0.000,0.000,0.000,0.000,0.000,0.000,0.000,0.000,0.280,0.840
14,2024,490,1574,SE,56009110,5600,9110,Sweden,HO,HQ,HO,HO,Sweden,Sweden,Support FTE,AQ,2024,7.030,7.030,6.730,6.750,6.880,6.690,6.490,6.790,0.000,0.000,0.000,0.000
14,2024,490,1576,SE,56009140,5600,9140,Sweden,HO,HQ,HO,HO,Sweden,Sweden,Head Office FTE,BDQTY,2024,3.000,3.000,3.000,2.000,2.000,2.000,2.000,2.000,2.000,2.000,2.000,2.000
14,2024,490,1576,SE,56009140,5600,9140,Sweden,HO,HQ,HO,HO,Sweden,Sweden,Nurse FTE,AQ,2024,0.000,0.000,0.000,0.000,0.000,0.000,19.400,0.000,0.000,0.000,0.000,0.000
14,2024,490,1576,SE,56009140,5600,9140,Sweden,HO,HQ,HO,HO,Sweden,Sweden,Support FTE,AQ,2024,1.000,1.000,0.000,-15.720,2.000,2.000,4.000,2.000,0.000,0.000,0.000,0.000
14,2024,490,1576,SE,56009140,5600,9140,Sweden,HO,HQ,HO,HO,Sweden,Sweden,Vet FTE,AQ,2024,0.000,0.000,0.000,0.000,0.000,0.000,18.500,0.000,0.000,0.000,0.000,0.000
14,2024,490,43687,SE,56009192,5600,9192,Sweden,NA,Group Support,NA,NA,NA,NA,Head Office FTE,BDQTY,2024,0.500,0.500,0.500,0.500,0.500,0.500,0.500,0.500,0.500,0.500,0.500,1.440
14,2024,490,36059,SE,56009468,5600,9468,Sweden,NA,Group Support,NA,NA,NA,NA,Head Office FTE,BDQTY,2024,1.000,1.000,1.000,1.000,1.000,1.000,1.000,1.000,1.000,1.000,1.000,1.000
14,2024,491,1607,SE,56018038,5601,8038,Sweden,Hästkliniken Boden,Hästkliniken Boden,Vets,Small animal,Sweden,Sweden,Nurse FTE,AQ,2024,2.600,2.600,2.470,2.600,0.000,0.000,0.000,0.000,0.000,0.000,0.000,0.000
14,2024,491,1607,SE,56018038,5601,8038,Sweden,Hästkliniken Boden,Hästkliniken Boden,Vets,Small animal,Sweden,Sweden,Nurse FTE,BDQTY,2024,0.000,0.000,0.000,0.000,0.000,0.000,0.000,0.000,0.000,0.000,0.000,0.000
14,2024,491,1607,SE,56018038,5601,8038,Sweden,Hästkliniken Boden,Hästkliniken Boden,Vets,Small animal,Sweden,Sweden,Vet FTE,AQ,2024,1.910,1.910,2.000,2.000,0.000,0.000,0.000,0.000,0.000,0.000,0.000,0.000
14,2024,491,1607,SE,56018038,5601,8038,Sweden,Hästkliniken Boden,Hästkliniken Boden,Vets,Small animal,Sweden,Sweden,Vet FTE,BDQTY,2024,0.000,0.000,0.000,0.000,0.000,0.000,0.000,0.000,0.000,0.000,0.000,0.000
14,2024,491,1611,SE,56018042,5601,8042,Sweden,Hästkliniken Mantorp,Hästkliniken Mantorp,Vets,Small animal,Sweden,Sweden,Nurse FTE,AQ,2024,4.310,4.310,2.400,4.880,0.000,0.000,0.000,0.000,0.000,0.000,0.000,0.000
14,2024,491,1611,SE,56018042,5601,8042,Sweden,Hästkliniken Mantorp,Hästkliniken Mantorp,Vets,Small animal,Sweden,Sweden,Nurse FTE,BDQTY,2024,0.000,0.000,0.000,0.000,0.000,0.000,0.000,0.000,0.000,0.000,0.000,0.000
14,2024,491,1611,SE,56018042,5601,8042,Sweden,Hästkliniken Mantorp,Hästkliniken Mantorp,Vets,Small animal,Sweden,Sweden,Support FTE,AQ,2024,0.400,0.400,0.400,0.400,0.000,0.000,0.000,0.000,0.000,0.000,0.000,0.000
14,2024,491,1611,SE,56018042,5601,8042,Sweden,Hästkliniken Mantorp,Hästkliniken Mantorp,Vets,Small animal,Sweden,Sweden,Support FTE,BDQTY,2024,0.000,0.000,0.000,0.000,0.000,0.000,0.000,0.000,0.000,0.000,0.000,0.000
14,2024,491,1611,SE,56018042,5601,8042,Sweden,Hästkliniken Mantorp,Hästkliniken Mantorp,Vets,Small animal,Sweden,Sweden,Vet FTE,AQ,2024,3.000,3.000,3.000,3.000,0.000,0.000,0.000,0.000,0.000,0.000,0.000,0.000
14,2024,491,1611,SE,56018042,5601,8042,Sweden,Hästkliniken Mantorp,Hästkliniken Mantorp,Vets,Small animal,Sweden,Sweden,Vet FTE,BDQTY,2024,0.000,0.000,0.000,0.000,0.000,0.000,0.000,0.000,0.000,0.000,0.000,0.000
14,2024,491,1613,SE,56018044,5601,8044,Sweden,Hästsjukhuset Stav,Hästsjukhuset Stav,Vets,Small animal,Sweden,Sweden,Nurse FTE,AQ,2024,3.850,3.850,3.860,4.800,0.000,0.000,0.000,0.000,0.000,0.000,0.000,0.000
14,2024,491,1613,SE,56018044,5601,8044,Sweden,Hästsjukhuset Stav,Hästsjukhuset Stav,Vets,Small animal,Sweden,Sweden,Nurse FTE,BDQTY,2024,0.000,0.000,0.000,0.000,0.000,0.000,0.000,0.000,0.000,0.000,0.000,0.000
14,2024,491,1613,SE,56018044,5601,8044,Sweden,Hästsjukhuset Stav,Hästsjukhuset Stav,Vets,Small animal,Sweden,Sweden,Support FTE,AQ,2024,0.000,0.000,1.000,1.000,0.000,0.000,0.000,0.000,0.000,0.000,0.000,0.000
14,2024,491,1613,SE,56018044,5601,8044,Sweden,Hästsjukhuset Stav,Hästsjukhuset Stav,Vets,Small animal,Sweden,Sweden,Vet FTE,AQ,2024,2.610,2.610,2.580,3.750,0.000,0.000,0.000,0.000,0.000,0.000,0.000,0.000
14,2024,491,1613,SE,56018044,5601,8044,Sweden,Hästsjukhuset Stav,Hästsjukhuset Stav,Vets,Small animal,Sweden,Sweden,Vet FTE,BDQTY,2024,0.000,0.000,0.000,0.000,0.000,0.000,0.000,0.000,0.000,0.000,0.000,0.000
14,2024,491,1614,SE,56018045,5601,8045,Sweden,Specialisthästsjukhuset Ströms,Specialisthästsjukhu,Vets,Equine,Sweden,Sweden,Nurse FTE,AQ,2024,13.440,13.440,13.620,14.270,0.000,0.000,0.000,0.000,0.000,0.000,0.000,0.000
14,2024,491,1614,SE,56018045,5601,8045,Sweden,Specialisthästsjukhuset Ströms,Specialisthästsjukhu,Vets,Equine,Sweden,Sweden,Nurse FTE,BDQTY,2024,0.000,0.000,0.000,0.000,0.000,0.000,0.000,0.000,0.000,0.000,0.000,0.000
14,2024,491,1614,SE,56018045,5601,8045,Sweden,Specialisthästsjukhuset Ströms,Specialisthästsjukhu,Vets,Equine,Sweden,Sweden,Support FTE,AQ,2024,2.950,2.950,2.720,2.800,0.000,0.000,0.000,0.000,0.000,0.000,0.000,0.000
14,2024,491,1614,SE,56018045,5601,8045,Sweden,Specialisthästsjukhuset Ströms,Specialisthästsjukhu,Vets,Equine,Sweden,Sweden,Support FTE,BDQTY,2024,0.000,0.000,0.000,0.000,0.000,0.000,0.000,0.000,0.000,0.000,0.000,0.000
14,2024,491,1614,SE,56018045,5601,8045,Sweden,Specialisthästsjukhuset Ströms,Specialisthästsjukhu,Vets,Equine,Sweden,Sweden,Vet FTE,AQ,2024,8.650,8.650,8.470,10.100,0.000,0.000,0.000,0.000,0.000,0.000,0.000,0.000
14,2024,491,1614,SE,56018045,5601,8045,Sweden,Specialisthästsjukhuset Ströms,Specialisthästsjukhu,Vets,Equine,Sweden,Sweden,Vet FTE,BDQTY,2024,0.000,0.000,0.000,0.000,0.000,0.000,0.000,0.000,0.000,0.000,0.000,0.000
14,2024,491,1616,SE,56018047,5601,8047,Sweden,Hästkliniken Gävle,Hästkliniken Gävle,Vets,Small animal,Sweden,Sweden,Nurse FTE,AQ,2024,2.000,2.000,1.840,2.000,0.000,0.000,0.000,0.000,0.000,0.000,0.000,0.000
14,2024,491,1616,SE,56018047,5601,8047,Sweden,Hästkliniken Gävle,Hästkliniken Gävle,Vets,Small animal,Sweden,Sweden,Nurse FTE,BDQTY,2024,0.000,0.000,0.000,0.000,0.000,0.000,0.000,0.000,0.000,0.000,0.000,0.000
14,2024,491,1616,SE,56018047,5601,8047,Sweden,Hästkliniken Gävle,Hästkliniken Gävle,Vets,Small animal,Sweden,Sweden,Vet FTE,AQ,2024,3.000,3.000,2.950,3.000,0.000,0.000,0.000,0.000,0.000,0.000,0.000,0.000
14,2024,491,1616,SE,56018047,5601,8047,Sweden,Hästkliniken Gävle,Hästkliniken Gävle,Vets,Small animal,Sweden,Sweden,Vet FTE,BDQTY,2024,0.000,0.000,0.000,0.000,0.000,0.000,0.000,0.000,0.000,0.000,0.000,0.000
14,2024,491,1618,SE,56018049,5601,8049,Sweden,Specialisthästsjukhuset Helsin,Specialisthästsjukhu,Vets,Equine,Sweden,Sweden,Nurse FTE,AQ,2024,23.100,23.100,22.790,22.700,0.000,0.000,0.000,0.000,0.000,0.000,0.000,0.000
14,2024,491,1618,SE,56018049,5601,8049,Sweden,Specialisthästsjukhuset Helsin,Specialisthästsjukhu,Vets,Equine,Sweden,Sweden,Nurse FTE,BDQTY,2024,0.000,0.000,0.000,0.000,0.000,0.000,0.000,0.000,0.000,0.000,0.000,0.000
14,2024,491,1618,SE,56018049,5601,8049,Sweden,Specialisthästsjukhuset Helsin,Specialisthästsjukhu,Vets,Equine,Sweden,Sweden,Support FTE,AQ,2024,6.260,6.260,5.390,6.600,0.000,0.000,0.000,0.000,0.000,0.000,0.000,0.000
14,2024,491,1618,SE,56018049,5601,8049,Sweden,Specialisthästsjukhuset Helsin,Specialisthästsjukhu,Vets,Equine,Sweden,Sweden,Support FTE,BDQTY,2024,0.000,0.000,0.000,0.000,0.000,0.000,0.000,0.000,0.000,0.000,0.000,0.000
14,2024,491,1618,SE,56018049,5601,8049,Sweden,Specialisthästsjukhuset Helsin,Specialisthästsjukhu,Vets,Equine,Sweden,Sweden,Vet FTE,AQ,2024,16.790,16.790,15.500,18.750,0.000,0.000,0.000,0.000,0.000,0.000,0.000,0.000
14,2024,491,1618,SE,56018049,5601,8049,Sweden,Specialisthästsjukhuset Helsin,Specialisthästsjukhu,Vets,Equine,Sweden,Sweden,Vet FTE,BDQTY,2024,0.000,0.000,0.000,0.000,0.000,0.000,0.000,0.000,0.000,0.000,0.000,0.000
14,2024,499,2144,SE,56098076,5609,8076,Sweden,Ecommerce,Malmö VetApotek,E-commerce / pharmacy,E-commerce / pharmacy,Sweden,Sweden,Nurse FTE,AQ,2024,9.160,9.160,7.630,7.240,9.760,9.910,9.200,8.690,0.000,0.000,0.000,0.000
14,2024,499,2144,SE,56098076,5609,8076,Sweden,Ecommerce,Malmö VetApotek,E-commerce / pharmacy,E-commerce / pharmacy,Sweden,Sweden,Support FTE,AQ,2024,10.900,10.900,13.150,12.240,15.250,15.930,18.130,18.540,0.000,0.000,0.000,0.000
14,2024,499,2145,SE,56098077,5609,8077,Sweden,Ecommerce,Ecommerce,E-commerce / pharmacy,E-commerce / pharmacy,Sweden,Sweden,Nurse FTE,AQ,2024,0.000,0.000,0.440,0.590,-0.130,0.000,0.000,-0.130,8.470,10.290,10.550,7.250
14,2024,499,2145,SE,56098077,5609,8077,Sweden,Ecommerce,Ecommerce,E-commerce / pharmacy,E-commerce / pharmacy,Sweden,Sweden,Support FTE,AQ,2024,3.000,3.000,2.910,2.000,2.000,1.890,0.000,0.000,18.120,18.040,18.200,18.380
14,2024,1261,51568,SE,56268109,5626,8109,Sweden,NA,Järfälla Djurklinik,NA,NA,NA,NA,Nurse FTE,AQ,2024,5.000,5.000,4.240,4.480,6.080,5.680,4.900,5.760,6.640,7.000,6.740,6.000
14,2024,1261,51568,SE,56268109,5626,8109,Sweden,NA,Järfälla Djurklinik,NA,NA,NA,NA,Nurse FTE,BDQTY,2024,5.000,5.000,5.000,5.000,5.000,5.000,5.000,5.000,5.000,5.000,5.000,5.000
14,2024,1261,51568,SE,56268109,5626,8109,Sweden,NA,Järfälla Djurklinik,NA,NA,NA,NA,Support FTE,AQ,2024,2.000,2.000,1.880,1.850,2.000,2.000,2.000,2.000,2.000,2.000,2.000,2.000
14,2024,1261,51568,SE,56268109,5626,8109,Sweden,NA,Järfälla Djurklinik,NA,NA,NA,NA,Support FTE,BDQTY,2024,3.000,3.000,3.000,3.000,3.000,3.000,3.000,3.000,3.000,3.000,3.000,3.000
14,2024,1261,51568,SE,56268109,5626,8109,Sweden,NA,Järfälla Djurklinik,NA,NA,NA,NA,Vet FTE,AQ,2024,1.940,1.940,2.110,2.110,4.460,4.290,4.110,5.030,5.150,5.140,4.700,4.760
14,2024,1261,51568,SE,56268109,5626,8109,Sweden,NA,Järfälla Djurklinik,NA,NA,NA,NA,Vet FTE,BDQTY,2024,1.950,1.950,2.950,3.750,3.750,3.750,3.750,3.750,3.750,3.750,3.750,3.750
14,2024,1291,52208,SE,56278111,5627,8111,Sweden,NA,Bjorkstadens Djurkli,NA,NA,NA,NA,Nurse FTE,AQ,2024,0.000,0.000,0.000,0.000,0.000,0.000,0.000,0.000,5.670,5.580,5.400,5.450
14,2024,1291,52208,SE,56278111,5627,8111,Sweden,NA,Bjorkstadens Djurkli,NA,NA,NA,NA,Nurse FTE,BDQTY,2024,0.000,0.000,0.000,0.000,0.000,5.630,5.630,5.630,5.630,5.630,5.630,5.630
14,2024,1291,52208,SE,56278111,5627,8111,Sweden,NA,Bjorkstadens Djurkli,NA,NA,NA,NA,Support FTE,AQ,2024,0.000,0.000,0.000,0.000,0.000,0.000,0.000,0.000,1.800,1.180,0.800,0.780
14,2024,1291,52208,SE,56278111,5627,8111,Sweden,NA,Bjorkstadens Djurkli,NA,NA,NA,NA,Vet FTE,AQ,2024,0.000,0.000,0.000,0.000,0.000,0.000,0.000,0.000,1.790,1.640,1.910,1.730
14,2024,1291,52208,SE,56278111,5627,8111,Sweden,NA,Bjorkstadens Djurkli,NA,NA,NA,NA,Vet FTE,BDQTY,2024,0.000,0.000,0.000,0.000,0.000,3.700,3.700,3.700,3.700,3.700,3.700,3.700
14,2025,332,5282,SE,46018083,4601,8083,Sweden,Cremit AB,Cremit AB,Crematoria,Crematoria,Sweden,Sweden,Nurse FTE,AQ,2025,4.740,4.700,4.210,4.290,4.650,4.150,3.800,4.150,0.000,0.000,0.000,0.000
14,2025,332,5282,SE,46018083,4601,8083,Sweden,Cremit AB,Cremit AB,Crematoria,Crematoria,Sweden,Sweden,Nurse FTE,BDQTY,2025,4.400,4.400,4.400,4.400,4.400,4.400,4.400,4.400,4.400,4.400,4.400,4.400
14,2025,332,5282,SE,46018083,4601,8083,Sweden,Cremit AB,Cremit AB,Crematoria,Crematoria,Sweden,Sweden,Support FTE,AQ,2025,0.710,0.400,0.800,0.090,0.350,0.600,0.610,0.600,0.000,0.000,0.000,0.000
14,2025,332,5282,SE,46018083,4601,8083,Sweden,Cremit AB,Cremit AB,Crematoria,Crematoria,Sweden,Sweden,Support FTE,BDQTY,2025,0.500,0.500,0.500,0.500,0.500,0.500,0.500,0.500,0.500,0.500,0.500,0.500
14,2025,332,52183,SE,46018085,4601,8085,Sweden,NA,Lekeberg,NA,NA,NA,NA,Nurse FTE,AQ,2025,3.570,3.790,4.000,3.940,3.920,3.760,3.970,3.760,0.000,0.000,0.000,0.000
14,2025,332,52183,SE,46018085,4601,8085,Sweden,NA,Lekeberg,NA,NA,NA,NA,Nurse FTE,BDQTY,2025,4.450,4.450,4.450,4.450,4.450,4.450,4.450,4.450,4.900,5.350,5.150,4.450
14,2025,332,52183,SE,46018085,4601,8085,Sweden,NA,Lekeberg,NA,NA,NA,NA,Support FTE,AQ,2025,2.000,2.000,2.000,2.000,2.000,2.000,1.980,2.000,0.000,0.000,0.000,0.000
14,2025,332,52183,SE,46018085,4601,8085,Sweden,NA,Lekeberg,NA,NA,NA,NA,Support FTE,BDQTY,2025,2.000,2.000,2.000,2.000,2.000,2.000,2.000,2.000,2.000,2.000,2.000,2.000
14,2025,336,38937,SE,50039029,5003,9029,Sweden,NA,HQ Grp Vet Costs,NA,NA,NA,NA,Head Office FTE,BDQTY,2025,1.000,1.000,1.000,0.000,0.000,0.000,0.000,0.000,0.000,0.000,0.000,0.000
14,2025,336,38937,SE,50039029,5003,9029,Sweden,NA,HQ Grp Vet Costs,NA,NA,NA,NA,Support FTE,AQ,2025,1.000,1.000,1.000,1.000,1.000,1.000,1.000,1.000,0.000,0.000,0.000,0.000
14,2025,336,580,SE,50039060,5003,9060,Sweden,HO,HQ,HO,HO,Group,Group,Support FTE,AQ,2025,0.000,0.000,0.000,2.000,0.000,0.000,0.000,0.000,0.000,0.000,0.000,0.000
14,2025,336,37569,SE,50039061,5003,9061,Sweden,NA,Group Support,NA,NA,NA,NA,Support FTE,AQ,2025,2.000,3.000,3.000,3.000,5.000,3.000,4.000,4.000,3.000,0.000,0.000,0.000
14,2025,336,48358,SE,50039066,5003,9066,Sweden,NA,Group Support,NA,NA,NA,NA,Head Office FTE,BDQTY,2025,1.000,1.000,1.000,1.000,1.000,1.000,1.000,1.000,1.000,1.000,1.000,1.000
14,2025,336,48358,SE,50039066,5003,9066,Sweden,NA,Group Support,NA,NA,NA,NA,Support FTE,AQ,2025,1.000,1.000,1.000,1.000,1.000,1.000,1.000,1.000,1.000,0.000,0.000,0.000
14,2025,336,581,SE,50039067,5003,9067,Sweden,HO,Group Support,HO,HO,Group,Group,Head Office FTE,BDQTY,2025,7.000,7.000,7.000,7.000,7.000,7.000,7.000,7.000,7.000,7.000,7.000,7.000
14,2025,336,581,SE,50039067,5003,9067,Sweden,HO,Group Support,HO,HO,Group,Group,Support FTE,AQ,2025,4.000,4.000,4.000,5.000,5.000,5.000,5.000,5.000,5.000,0.000,0.000,0.000
14,2025,336,583,SE,50039070,5003,9070,Sweden,HO,Group Support,HO,HO,Group,Group,Head Office FTE,BDQTY,2025,1.000,1.000,1.000,1.000,1.000,1.000,1.000,1.000,1.000,1.000,1.000,1.000
14,2025,336,583,SE,50039070,5003,9070,Sweden,HO,Group Support,HO,HO,Group,Group,Support FTE,AQ,2025,3.000,2.000,2.000,2.000,2.000,0.000,0.000,0.000,0.000,0.000,0.000,0.000
14,2025,336,32977,SE,50039077,5003,9077,Sweden,NA,Group Support,NA,NA,NA,NA,Head Office FTE,BDQTY,2025,2.000,2.000,2.000,2.000,2.000,2.000,2.000,2.000,2.000,2.000,2.000,2.000
14,2025,336,32977,SE,50039077,5003,9077,Sweden,NA,Group Support,NA,NA,NA,NA,Support FTE,AQ,2025,1.450,1.450,1.450,1.950,1.950,1.950,0.000,0.000,0.000,0.000,0.000,0.000
14,2025,336,32978,SE,50039078,5003,9078,Sweden,NA,Group Support,NA,NA,NA,NA,Head Office FTE,BDQTY,2025,1.000,1.000,1.000,1.000,1.000,1.000,1.000,1.000,1.000,1.000,1.000,1.000
14,2025,336,32978,SE,50039078,5003,9078,Sweden,NA,Group Support,NA,NA,NA,NA,Support FTE,AQ,2025,1.000,1.000,1.000,1.000,1.000,1.000,1.000,1.000,1.000,0.000,0.000,0.000
14,2025,336,32979,SE,50039079,5003,9079,Sweden,NA,Group Support,NA,NA,NA,NA,Head Office FTE,BDQTY,2025,10.000,9.000,9.000,9.000,9.000,9.000,9.000,9.000,9.000,9.000,9.000,9.000
14,2025,336,32979,SE,50039079,5003,9079,Sweden,NA,Group Support,NA,NA,NA,NA,Support FTE,AQ,2025,9.000,8.000,8.000,8.000,8.000,8.000,8.000,8.000,8.000,0.000,0.000,0.000
14,2025,336,38742,SE,50039190,5003,9190,Sweden,NA,Group Support,NA,NA,NA,NA,Head Office FTE,BDQTY,2025,11.000,11.000,11.000,11.000,11.000,11.000,11.000,11.000,11.000,11.000,11.000,11.000
14,2025,336,38742,SE,50039190,5003,9190,Sweden,NA,Group Support,NA,NA,NA,NA,Support FTE,AQ,2025,9.000,9.000,10.000,10.000,9.000,9.000,9.000,9.000,9.000,0.000,0.000,0.000
14,2025,336,38791,SE,50039191,5003,9191,Sweden,NA,Group Support,NA,NA,NA,NA,Head Office FTE,BDQTY,2025,4.000,4.000,4.000,4.000,4.000,4.000,4.000,4.000,4.000,4.000,4.000,4.000
14,2025,336,38791,SE,50039191,5003,9191,Sweden,NA,Group Support,NA,NA,NA,NA,Support FTE,AQ,2025,5.000,5.000,4.000,4.000,4.000,5.000,5.000,5.000,5.000,0.000,0.000,0.000
14,2025,336,38743,SE,50039192,5003,9192,Sweden,NA,Group Support,NA,NA,NA,NA,Head Office FTE,BDQTY,2025,3.000,3.000,3.000,3.000,3.000,3.000,3.000,3.000,3.000,3.000,3.000,3.000
14,2025,336,38743,SE,50039192,5003,9192,Sweden,NA,Group Support,NA,NA,NA,NA,Support FTE,AQ,2025,3.520,3.520,3.520,2.520,2.520,1.520,1.520,1.520,1.520,0.000,0.000,0.000
14,2025,336,47618,SE,50039193,5003,9193,Sweden,NA,Group Support,NA,NA,NA,NA,Head Office FTE,BDQTY,2025,2.000,2.000,2.000,2.000,2.000,2.000,2.000,2.000,2.000,2.000,2.000,2.000
14,2025,336,47618,SE,50039193,5003,9193,Sweden,NA,Group Support,NA,NA,NA,NA,Support FTE,AQ,2025,0.000,0.000,3.000,3.000,3.000,2.000,2.000,2.000,2.000,0.000,0.000,0.000
14,2025,336,38744,SE,50039195,5003,9195,Sweden,NA,Group Support,NA,NA,NA,NA,Support FTE,AQ,2025,3.000,3.000,0.000,0.000,0.000,0.000,0.000,0.000,0.000,0.000,0.000,0.000
14,2025,336,53829,SE,50039306,5003,9306,Sweden,NA,HQ,NA,NA,NA,NA,Head Office FTE,BDQTY,2025,4.000,4.000,4.000,4.000,4.000,4.000,4.000,4.000,4.000,4.000,4.000,4.000
14,2025,336,54605,SE,50039320,5003,9320,Sweden,NA,HQ,NA,NA,NA,NA,Support FTE,AQ,2025,0.000,1.000,1.000,1.000,1.000,4.000,4.800,4.800,4.800,0.000,0.000,0.000
14,2025,336,33665,SE,50039468,5003,9468,Sweden,NA,Group Support,NA,NA,NA,NA,Support FTE,AQ,2025,1.000,1.000,1.000,1.000,1.000,1.000,1.000,1.000,1.000,0.000,0.000,0.000
14,2025,336,55237,SE,50039502,5003,9502,Sweden,NA,Group Support,NA,NA,NA,NA,Support FTE,AQ,2025,0.000,0.000,0.000,0.000,0.000,0.000,1.950,1.950,1.750,0.000,0.000,0.000
14,2025,490,1455,SE,56008000,5600,8000,Sweden,Djursjukhus Gammelstad,Djursjukhus Gammelst,Vets,Small animal,Sweden,Sweden,Nurse FTE,AQ,2025,17.250,17.570,18.650,15.350,16.600,20.380,21.040,20.690,0.000,0.000,0.000,0.000
14,2025,490,1455,SE,56008000,5600,8000,Sweden,Djursjukhus Gammelstad,Djursjukhus Gammelst,Vets,Small animal,Sweden,Sweden,Nurse FTE,BDQTY,2025,21.700,21.700,21.700,21.700,21.700,21.700,21.700,21.700,23.700,27.430,24.940,21.700
14,2025,490,1455,SE,56008000,5600,8000,Sweden,Djursjukhus Gammelstad,Djursjukhus Gammelst,Vets,Small animal,Sweden,Sweden,Support FTE,AQ,2025,7.890,7.780,7.970,6.550,7.330,6.700,6.330,6.700,0.000,0.000,0.000,0.000
14,2025,490,1455,SE,56008000,5600,8000,Sweden,Djursjukhus Gammelstad,Djursjukhus Gammelst,Vets,Small animal,Sweden,Sweden,Support FTE,BDQTY,2025,7.180,7.180,7.180,7.180,7.180,7.180,7.180,7.180,7.180,7.180,7.180,7.180
14,2025,490,1455,SE,56008000,5600,8000,Sweden,Djursjukhus Gammelstad,Djursjukhus Gammelst,Vets,Small animal,Sweden,Sweden,Vet FTE,AQ,2025,10.550,10.410,10.800,11.560,11.910,13.450,13.850,13.450,0.000,0.000,0.000,0.000
14,2025,490,1455,SE,56008000,5600,8000,Sweden,Djursjukhus Gammelstad,Djursjukhus Gammelst,Vets,Small animal,Sweden,Sweden,Vet FTE,BDQTY,2025,11.150,11.150,11.150,11.150,11.950,11.950,11.950,11.950,11.950,11.950,12.150,11.950
14,2025,490,1456,SE,56008001,5600,8001,Sweden,Djurklinik Öjebyn,Djurklinik Öjebyn,Vets,Small animal,Sweden,Sweden,Nurse FTE,AQ,2025,6.310,6.460,7.000,6.100,6.500,6.400,6.490,6.400,0.000,0.000,0.000,0.000
14,2025,490,1456,SE,56008001,5600,8001,Sweden,Djurklinik Öjebyn,Djurklinik Öjebyn,Vets,Small animal,Sweden,Sweden,Nurse FTE,BDQTY,2025,6.600,6.600,6.600,6.600,6.600,6.600,6.600,6.600,7.100,7.600,7.100,6.600
14,2025,490,1456,SE,56008001,5600,8001,Sweden,Djurklinik Öjebyn,Djurklinik Öjebyn,Vets,Small animal,Sweden,Sweden,Support FTE,AQ,2025,1.000,1.000,1.000,0.380,0.000,0.000,0.000,0.000,0.000,0.000,0.000,0.000
14,2025,490,1456,SE,56008001,5600,8001,Sweden,Djurklinik Öjebyn,Djurklinik Öjebyn,Vets,Small animal,Sweden,Sweden,Support FTE,BDQTY,2025,2.000,2.000,2.000,2.000,2.000,2.000,2.000,2.000,2.000,2.000,2.000,2.000
14,2025,490,1456,SE,56008001,5600,8001,Sweden,Djurklinik Öjebyn,Djurklinik Öjebyn,Vets,Small animal,Sweden,Sweden,Vet FTE,AQ,2025,3.700,3.610,3.850,2.830,3.300,3.460,3.370,3.460,0.000,0.000,0.000,0.000
14,2025,490,1456,SE,56008001,5600,8001,Sweden,Djurklinik Öjebyn,Djurklinik Öjebyn,Vets,Small animal,Sweden,Sweden,Vet FTE,BDQTY,2025,2.850,2.850,2.850,2.850,2.850,2.850,2.850,2.850,3.350,3.850,3.350,2.850
14,2025,490,1457,SE,56008002,5600,8002,Sweden,Djurkliniken Arninge,Djurkliniken Arninge,Vets,Small animal,Sweden,Sweden,Nurse FTE,AQ,2025,16.340,16.250,16.300,17.260,16.070,15.300,16.350,15.400,0.000,0.000,0.000,0.000
14,2025,490,1457,SE,56008002,5600,8002,Sweden,Djurkliniken Arninge,Djurkliniken Arninge,Vets,Small animal,Sweden,Sweden,Nurse FTE,BDQTY,2025,14.300,14.300,14.300,14.300,14.300,15.110,15.110,15.110,15.390,15.230,15.290,15.110
14,2025,490,1457,SE,56008002,5600,8002,Sweden,Djurkliniken Arninge,Djurkliniken Arninge,Vets,Small animal,Sweden,Sweden,Support FTE,AQ,2025,4.890,4.890,4.890,2.830,3.840,4.890,4.790,4.890,0.000,0.000,0.000,0.000
14,2025,490,1457,SE,56008002,5600,8002,Sweden,Djurkliniken Arninge,Djurkliniken Arninge,Vets,Small animal,Sweden,Sweden,Support FTE,BDQTY,2025,5.890,5.890,5.890,5.890,5.890,5.890,5.890,5.890,5.890,5.890,5.890,5.890
14,2025,490,1457,SE,56008002,5600,8002,Sweden,Djurkliniken Arninge,Djurkliniken Arninge,Vets,Small animal,Sweden,Sweden,Vet FTE,AQ,2025,9.740,9.620,10.110,9.200,8.550,8.780,8.090,8.780,0.000,0.000,0.000,0.000
14,2025,490,1457,SE,56008002,5600,8002,Sweden,Djurkliniken Arninge,Djurkliniken Arninge,Vets,Small animal,Sweden,Sweden,Vet FTE,BDQTY,2025,10.760,10.760,10.760,10.760,10.760,10.760,10.760,10.760,10.760,10.760,10.760,10.760
14,2025,490,1458,SE,56008003,5600,8003,Sweden,Djurkliniken Farsta,Djurkliniken Farsta,Vets,Small animal,Sweden,Sweden,Nurse FTE,AQ,2025,6.680,6.650,6.900,6.780,6.750,6.300,7.400,6.300,0.000,0.000,0.000,0.000
14,2025,490,1458,SE,56008003,5600,8003,Sweden,Djurkliniken Farsta,Djurkliniken Farsta,Vets,Small animal,Sweden,Sweden,Nurse FTE,BDQTY,2025,7.400,7.400,7.400,8.400,9.400,9.400,9.400,9.400,10.590,11.890,10.550,9.400
14,2025,490,1458,SE,56008003,5600,8003,Sweden,Djurkliniken Farsta,Djurkliniken Farsta,Vets,Small animal,Sweden,Sweden,Support FTE,AQ,2025,1.800,1.800,1.800,1.800,1.800,1.800,1.800,1.800,0.000,0.000,0.000,0.000
14,2025,490,1458,SE,56008003,5600,8003,Sweden,Djurkliniken Farsta,Djurkliniken Farsta,Vets,Small animal,Sweden,Sweden,Support FTE,BDQTY,2025,1.870,1.870,1.870,1.870,1.870,1.870,1.870,1.870,1.870,1.870,1.870,1.870
14,2025,490,1458,SE,56008003,5600,8003,Sweden,Djurkliniken Farsta,Djurkliniken Farsta,Vets,Small animal,Sweden,Sweden,Vet FTE,AQ,2025,4.740,3.760,4.000,4.900,5.990,5.800,6.590,5.860,0.000,0.000,0.000,0.000
14,2025,490,1458,SE,56008003,5600,8003,Sweden,Djurkliniken Farsta,Djurkliniken Farsta,Vets,Small animal,Sweden,Sweden,Vet FTE,BDQTY,2025,5.400,5.400,5.400,5.400,6.400,6.400,6.400,6.400,6.400,6.400,6.400,6.400
14,2025,490,1459,SE,56008004,5600,8004,Sweden,Djurkliniken Gefle,Djurkliniken Gefle,Vets,Small animal,Sweden,Sweden,Nurse FTE,AQ,2025,13.450,12.380,12.280,12.550,11.910,10.990,11.040,10.990,0.000,0.000,0.000,0.000
14,2025,490,1459,SE,56008004,5600,8004,Sweden,Djurkliniken Gefle,Djurkliniken Gefle,Vets,Small animal,Sweden,Sweden,Nurse FTE,BDQTY,2025,5.150,5.150,5.150,5.150,5.150,5.150,5.150,5.150,4.350,4.350,4.350,4.350
14,2025,490,1459,SE,56008004,5600,8004,Sweden,Djurkliniken Gefle,Djurkliniken Gefle,Vets,Small animal,Sweden,Sweden,Support FTE,AQ,2025,4.050,4.140,4.100,4.120,4.100,4.100,3.900,4.100,0.000,0.000,0.000,0.000
14,2025,490,1459,SE,56008004,5600,8004,Sweden,Djurkliniken Gefle,Djurkliniken Gefle,Vets,Small animal,Sweden,Sweden,Support FTE,BDQTY,2025,2.000,2.000,2.000,2.000,2.000,2.000,2.000,2.000,2.800,2.800,2.800,2.800
14,2025,490,1459,SE,56008004,5600,8004,Sweden,Djurkliniken Gefle,Djurkliniken Gefle,Vets,Small animal,Sweden,Sweden,Vet FTE,AQ,2025,7.600,7.600,7.600,7.440,7.400,7.400,6.700,7.400,0.000,0.000,0.000,0.000
14,2025,490,1459,SE,56008004,5600,8004,Sweden,Djurkliniken Gefle,Djurkliniken Gefle,Vets,Small animal,Sweden,Sweden,Vet FTE,BDQTY,2025,4.900,4.900,4.900,4.900,4.900,4.900,4.900,4.900,4.900,4.900,4.900,4.900
14,2025,490,1460,SE,56008005,5600,8005,Sweden,Djurkliniken Nacka,Djurkliniken Nacka,Vets,Small animal,Sweden,Sweden,Nurse FTE,AQ,2025,16.240,16.150,16.850,14.070,14.690,15.490,15.540,15.490,0.000,0.000,0.000,0.000
14,2025,490,1460,SE,56008005,5600,8005,Sweden,Djurkliniken Nacka,Djurkliniken Nacka,Vets,Small animal,Sweden,Sweden,Nurse FTE,BDQTY,2025,16.500,16.500,16.500,16.500,16.500,16.500,16.500,16.500,16.500,18.430,16.980,16.500
14,2025,490,1460,SE,56008005,5600,8005,Sweden,Djurkliniken Nacka,Djurkliniken Nacka,Vets,Small animal,Sweden,Sweden,Support FTE,AQ,2025,4.700,4.650,4.700,4.530,4.880,4.900,4.700,4.900,0.000,0.000,0.000,0.000
14,2025,490,1460,SE,56008005,5600,8005,Sweden,Djurkliniken Nacka,Djurkliniken Nacka,Vets,Small animal,Sweden,Sweden,Support FTE,BDQTY,2025,4.600,4.600,4.600,4.600,4.600,4.600,4.600,4.600,4.000,4.000,4.000,4.600
14,2025,490,1460,SE,56008005,5600,8005,Sweden,Djurkliniken Nacka,Djurkliniken Nacka,Vets,Small animal,Sweden,Sweden,Vet FTE,AQ,2025,11.530,11.390,11.610,10.180,11.200,11.860,10.620,11.860,0.000,0.000,0.000,0.000
14,2025,490,1460,SE,56008005,5600,8005,Sweden,Djurkliniken Nacka,Djurkliniken Nacka,Vets,Small animal,Sweden,Sweden,Vet FTE,BDQTY,2025,11.710,11.710,11.710,11.710,11.710,11.710,12.310,12.310,12.310,12.310,12.310,12.310
14,2025,490,1461,SE,56008006,5600,8006,Sweden,Djurkliniken Nyköping,Djurkliniken Nyköpin,Vets,Small animal,Sweden,Sweden,Nurse FTE,AQ,2025,3.800,3.750,3.800,3.770,3.750,3.750,3.900,3.750,0.000,0.000,0.000,0.000
14,2025,490,1461,SE,56008006,5600,8006,Sweden,Djurkliniken Nyköping,Djurkliniken Nyköpin,Vets,Small animal,Sweden,Sweden,Nurse FTE,BDQTY,2025,5.400,5.400,5.400,5.200,5.200,5.200,5.200,5.200,5.200,5.200,4.600,4.600
14,2025,490,1461,SE,56008006,5600,8006,Sweden,Djurkliniken Nyköping,Djurkliniken Nyköpin,Vets,Small animal,Sweden,Sweden,Support FTE,AQ,2025,2.470,2.550,2.600,2.600,2.600,2.600,2.280,2.600,0.000,0.000,0.000,0.000
14,2025,490,1461,SE,56008006,5600,8006,Sweden,Djurkliniken Nyköping,Djurkliniken Nyköpin,Vets,Small animal,Sweden,Sweden,Support FTE,BDQTY,2025,2.600,2.600,2.600,2.600,2.600,2.600,2.600,2.600,2.600,2.600,2.600,2.600
14,2025,490,1461,SE,56008006,5600,8006,Sweden,Djurkliniken Nyköping,Djurkliniken Nyköpin,Vets,Small animal,Sweden,Sweden,Vet FTE,AQ,2025,2.000,1.250,1.250,1.250,3.200,2.770,3.160,2.770,0.000,0.000,0.000,0.000
14,2025,490,1461,SE,56008006,5600,8006,Sweden,Djurkliniken Nyköping,Djurkliniken Nyköpin,Vets,Small animal,Sweden,Sweden,Vet FTE,BDQTY,2025,2.670,2.670,2.670,2.670,2.670,2.670,2.670,2.670,2.920,3.670,2.840,2.670
14,2025,490,1462,SE,56008007,5600,8007,Sweden,Djurkliniken Roslagstull,Djurkliniken Roslags,Vets,Small animal,Sweden,Sweden,Nurse FTE,AQ,2025,3.960,5.100,4.000,5.160,4.000,4.130,4.050,4.130,0.000,0.000,0.000,0.000
14,2025,490,1462,SE,56008007,5600,8007,Sweden,Djurkliniken Roslagstull,Djurkliniken Roslags,Vets,Small animal,Sweden,Sweden,Nurse FTE,BDQTY,2025,4.000,4.000,4.000,4.000,4.000,4.000,4.000,4.000,4.000,4.000,4.000,4.000
14,2025,490,1462,SE,56008007,5600,8007,Sweden,Djurkliniken Roslagstull,Djurkliniken Roslags,Vets,Small animal,Sweden,Sweden,Vet FTE,AQ,2025,2.120,1.990,2.000,2.470,2.800,2.800,2.600,2.800,0.000,0.000,0.000,0.000
14,2025,490,1462,SE,56008007,5600,8007,Sweden,Djurkliniken Roslagstull,Djurkliniken Roslags,Vets,Small animal,Sweden,Sweden,Vet FTE,BDQTY,2025,2.000,2.000,2.000,2.000,2.000,2.000,2.000,2.000,2.000,2.000,2.000,2.000
14,2025,490,1463,SE,56008008,5600,8008,Sweden,Djurkliniken Sandviken,Djurkliniken Sandvik,Vets,Small animal,Sweden,Sweden,Nurse FTE,BDQTY,2025,6.500,6.500,6.500,6.500,6.500,6.500,6.500,6.500,6.500,6.500,6.500,6.500
14,2025,490,1463,SE,56008008,5600,8008,Sweden,Djurkliniken Sandviken,Djurkliniken Sandvik,Vets,Small animal,Sweden,Sweden,Support FTE,BDQTY,2025,2.800,2.800,2.800,2.800,2.800,2.800,2.800,2.800,2.800,2.800,2.800,2.800
14,2025,490,1463,SE,56008008,5600,8008,Sweden,Djurkliniken Sandviken,Djurkliniken Sandvik,Vets,Small animal,Sweden,Sweden,Vet FTE,BDQTY,2025,3.600,3.600,3.600,3.600,3.600,3.600,3.600,3.600,3.600,3.600,3.600,3.600
14,2025,490,1464,SE,56008009,5600,8009,Sweden,Djurkliniken Åkersberga,Djurkliniken Åkersbe,Vets,Small animal,Sweden,Sweden,Nurse FTE,AQ,2025,8.760,9.110,9.140,8.890,9.140,9.140,8.540,9.140,0.000,0.000,0.000,0.000
14,2025,490,1464,SE,56008009,5600,8009,Sweden,Djurkliniken Åkersberga,Djurkliniken Åkersbe,Vets,Small animal,Sweden,Sweden,Nurse FTE,BDQTY,2025,8.480,8.480,8.480,8.480,8.480,8.480,8.480,8.480,9.230,9.230,9.230,8.480
14,2025,490,1464,SE,56008009,5600,8009,Sweden,Djurkliniken Åkersberga,Djurkliniken Åkersbe,Vets,Small animal,Sweden,Sweden,Support FTE,BDQTY,2025,1.000,1.000,1.000,1.000,1.000,1.000,1.000,1.000,1.000,1.000,1.000,1.000
14,2025,490,1464,SE,56008009,5600,8009,Sweden,Djurkliniken Åkersberga,Djurkliniken Åkersbe,Vets,Small animal,Sweden,Sweden,Vet FTE,AQ,2025,2.460,2.730,3.590,1.610,2.480,2.440,2.540,2.440,0.000,0.000,0.000,0.000
14,2025,490,1464,SE,56008009,5600,8009,Sweden,Djurkliniken Åkersberga,Djurkliniken Åkersbe,Vets,Small animal,Sweden,Sweden,Vet FTE,BDQTY,2025,3.780,3.780,3.780,3.780,4.780,4.780,4.780,4.780,5.780,5.780,5.780,4.780
14,2025,490,1465,SE,56008010,5600,8010,Sweden,Djursjukhuset Södra,Djursjukhuset Södra,Vets,Small animal,Sweden,Sweden,Nurse FTE,AQ,2025,70.160,69.460,75.710,59.660,67.870,66.370,68.700,66.370,0.000,0.000,0.000,0.000
14,2025,490,1465,SE,56008010,5600,8010,Sweden,Djursjukhuset Södra,Djursjukhuset Södra,Vets,Small animal,Sweden,Sweden,Nurse FTE,BDQTY,2025,70.430,69.470,70.360,70.350,70.350,70.350,70.350,70.350,70.350,70.350,70.350,70.350
14,2025,490,1465,SE,56008010,5600,8010,Sweden,Djursjukhuset Södra,Djursjukhuset Södra,Vets,Small animal,Sweden,Sweden,Support FTE,AQ,2025,13.010,14.080,12.900,11.000,12.380,12.640,11.180,12.670,0.000,0.000,0.000,0.000
14,2025,490,1465,SE,56008010,5600,8010,Sweden,Djursjukhuset Södra,Djursjukhuset Södra,Vets,Small animal,Sweden,Sweden,Support FTE,BDQTY,2025,7.940,7.940,7.940,7.940,7.940,7.940,7.940,7.940,7.940,7.940,7.940,7.940
14,2025,490,1465,SE,56008010,5600,8010,Sweden,Djursjukhuset Södra,Djursjukhuset Södra,Vets,Small animal,Sweden,Sweden,Vet FTE,AQ,2025,63.980,64.960,70.870,60.390,61.200,60.890,59.940,60.860,0.000,0.000,0.000,0.000
14,2025,490,1465,SE,56008010,5600,8010,Sweden,Djursjukhuset Södra,Djursjukhuset Södra,Vets,Small animal,Sweden,Sweden,Vet FTE,BDQTY,2025,60.470,60.470,60.490,60.200,60.410,60.410,60.410,60.410,58.610,58.610,59.410,59.410
14,2025,490,1466,SE,56008011,5600,8011,Sweden,Djursjukhuset Västerort,Djursjukhuset Väster,Vets,Small animal,Sweden,Sweden,Nurse FTE,AQ,2025,10.370,10.010,11.220,8.970,9.560,10.250,10.490,10.250,0.000,0.000,0.000,0.000
14,2025,490,1466,SE,56008011,5600,8011,Sweden,Djursjukhuset Västerort,Djursjukhuset Väster,Vets,Small animal,Sweden,Sweden,Nurse FTE,BDQTY,2025,10.430,10.430,10.430,10.430,10.430,10.430,10.430,10.430,11.430,11.430,11.430,10.430
14,2025,490,1466,SE,56008011,5600,8011,Sweden,Djursjukhuset Västerort,Djursjukhuset Väster,Vets,Small animal,Sweden,Sweden,Support FTE,AQ,2025,2.480,2.440,3.000,1.030,2.000,2.000,2.000,2.000,0.000,0.000,0.000,0.000
14,2025,490,1466,SE,56008011,5600,8011,Sweden,Djursjukhuset Västerort,Djursjukhuset Väster,Vets,Small animal,Sweden,Sweden,Support FTE,BDQTY,2025,3.000,3.000,3.000,3.000,3.000,3.000,3.000,3.000,3.000,3.000,3.000,3.000
14,2025,490,1466,SE,56008011,5600,8011,Sweden,Djursjukhuset Västerort,Djursjukhuset Väster,Vets,Small animal,Sweden,Sweden,Vet FTE,AQ,2025,6.540,6.600,7.000,6.330,6.530,7.620,6.700,7.620,0.000,0.000,0.000,0.000
14,2025,490,1466,SE,56008011,5600,8011,Sweden,Djursjukhuset Västerort,Djursjukhuset Väster,Vets,Small animal,Sweden,Sweden,Vet FTE,BDQTY,2025,7.150,7.150,7.150,7.150,7.150,7.150,7.150,7.150,8.150,8.150,8.150,7.150
14,2025,490,1467,SE,56008012,5600,8012,Sweden,Djurdoktorn Mälardalen,Djurdoktorn Mälardal,Vets,Small animal,Sweden,Sweden,Nurse FTE,AQ,2025,4.520,4.550,4.940,4.510,4.550,4.550,4.110,4.550,0.000,0.000,0.000,0.000
14,2025,490,1467,SE,56008012,5600,8012,Sweden,Djurdoktorn Mälardalen,Djurdoktorn Mälardal,Vets,Small animal,Sweden,Sweden,Nurse FTE,BDQTY,2025,4.550,4.550,4.550,4.550,4.550,4.550,4.550,4.550,5.100,4.690,4.550,4.550
14,2025,490,1467,SE,56008012,5600,8012,Sweden,Djurdoktorn Mälardalen,Djurdoktorn Mälardal,Vets,Small animal,Sweden,Sweden,Support FTE,BDQTY,2025,0.080,0.080,0.080,0.080,0.080,0.080,0.080,0.080,0.080,0.080,0.080,0.080
14,2025,490,1467,SE,56008012,5600,8012,Sweden,Djurdoktorn Mälardalen,Djurdoktorn Mälardal,Vets,Small animal,Sweden,Sweden,Vet FTE,AQ,2025,1.610,1.610,1.610,1.570,2.610,2.610,2.030,2.610,0.000,0.000,0.000,0.000
14,2025,490,1467,SE,56008012,5600,8012,Sweden,Djurdoktorn Mälardalen,Djurdoktorn Mälardal,Vets,Small animal,Sweden,Sweden,Vet FTE,BDQTY,2025,1.650,1.650,1.650,1.650,1.650,1.650,1.650,1.650,2.080,1.980,1.740,1.650
14,2025,490,1468,SE,56008013,5600,8013,Sweden,Djurkliniken Eskilstuna,Djurkliniken Eskilst,Vets,Small animal,Sweden,Sweden,Nurse FTE,AQ,2025,7.430,6.320,7.790,7.230,7.250,7.240,6.480,7.240,0.000,0.000,0.000,0.000
14,2025,490,1468,SE,56008013,5600,8013,Sweden,Djurkliniken Eskilstuna,Djurkliniken Eskilst,Vets,Small animal,Sweden,Sweden,Nurse FTE,BDQTY,2025,7.650,7.650,7.650,7.650,7.650,7.650,7.650,7.650,8.590,9.450,8.340,7.650
14,2025,490,1468,SE,56008013,5600,8013,Sweden,Djurkliniken Eskilstuna,Djurkliniken Eskilst,Vets,Small animal,Sweden,Sweden,Support FTE,AQ,2025,0.700,0.700,0.700,0.700,0.700,0.700,0.700,0.700,0.000,0.000,0.000,0.000
14,2025,490,1468,SE,56008013,5600,8013,Sweden,Djurkliniken Eskilstuna,Djurkliniken Eskilst,Vets,Small animal,Sweden,Sweden,Support FTE,BDQTY,2025,0.780,0.780,0.780,0.780,0.780,0.780,0.780,0.780,0.780,0.780,0.780,0.780
14,2025,490,1468,SE,56008013,5600,8013,Sweden,Djurkliniken Eskilstuna,Djurkliniken Eskilst,Vets,Small animal,Sweden,Sweden,Vet FTE,AQ,2025,5.300,4.490,4.300,3.920,4.300,4.450,3.420,4.450,0.000,0.000,0.000,0.000
14,2025,490,1468,SE,56008013,5600,8013,Sweden,Djurkliniken Eskilstuna,Djurkliniken Eskilst,Vets,Small animal,Sweden,Sweden,Vet FTE,BDQTY,2025,4.300,4.300,4.300,4.300,4.300,4.300,4.300,4.300,4.300,4.300,4.300,4.300
14,2025,490,1469,SE,56008014,5600,8014,Sweden,Djurkliniken Köping,Djurkliniken Köping,Vets,Small animal,Sweden,Sweden,Nurse FTE,AQ,2025,3.100,3.100,3.100,2.610,2.300,2.900,2.900,2.900,0.000,0.000,0.000,0.000
14,2025,490,1469,SE,56008014,5600,8014,Sweden,Djurkliniken Köping,Djurkliniken Köping,Vets,Small animal,Sweden,Sweden,Nurse FTE,BDQTY,2025,3.100,3.100,3.100,3.100,3.100,3.100,3.100,3.100,3.100,3.100,3.100,3.100
14,2025,490,1469,SE,56008014,5600,8014,Sweden,Djurkliniken Köping,Djurkliniken Köping,Vets,Small animal,Sweden,Sweden,Support FTE,AQ,2025,1.000,1.000,1.000,1.000,1.000,1.000,1.000,1.000,0.000,0.000,0.000,0.000
14,2025,490,1469,SE,56008014,5600,8014,Sweden,Djurkliniken Köping,Djurkliniken Köping,Vets,Small animal,Sweden,Sweden,Support FTE,BDQTY,2025,1.080,1.080,1.080,1.080,1.080,1.080,1.080,1.080,1.080,1.080,1.080,1.080
14,2025,490,1469,SE,56008014,5600,8014,Sweden,Djurkliniken Köping,Djurkliniken Köping,Vets,Small animal,Sweden,Sweden,Vet FTE,AQ,2025,1.610,1.600,1.700,1.420,1.630,1.600,1.500,1.600,0.000,0.000,0.000,0.000
14,2025,490,1469,SE,56008014,5600,8014,Sweden,Djurkliniken Köping,Djurkliniken Köping,Vets,Small animal,Sweden,Sweden,Vet FTE,BDQTY,2025,2.100,2.100,2.100,2.100,2.100,2.100,2.100,2.100,2.100,2.100,2.100,2.100
14,2025,490,1470,SE,56008015,5600,8015,Sweden,Djurkliniken Västerås,Djurkliniken Västerå,Vets,Small animal,Sweden,Sweden,Nurse FTE,AQ,2025,8.500,8.710,8.520,8.790,8.520,8.350,8.200,8.350,0.000,0.000,0.000,0.000
14,2025,490,1470,SE,56008015,5600,8015,Sweden,Djurkliniken Västerås,Djurkliniken Västerå,Vets,Small animal,Sweden,Sweden,Nurse FTE,BDQTY,2025,9.100,9.100,9.100,9.100,9.100,9.100,9.100,9.100,10.270,11.050,10.400,9.100
14,2025,490,1470,SE,56008015,5600,8015,Sweden,Djurkliniken Västerås,Djurkliniken Västerå,Vets,Small animal,Sweden,Sweden,Support FTE,BDQTY,2025,0.080,0.080,0.080,0.080,0.080,0.080,0.080,0.080,0.080,0.080,0.080,0.080
14,2025,490,1470,SE,56008015,5600,8015,Sweden,Djurkliniken Västerås,Djurkliniken Västerå,Vets,Small animal,Sweden,Sweden,Vet FTE,AQ,2025,3.990,4.230,5.150,3.420,4.650,4.590,3.980,4.590,0.000,0.000,0.000,0.000
14,2025,490,1470,SE,56008015,5600,8015,Sweden,Djurkliniken Västerås,Djurkliniken Västerå,Vets,Small animal,Sweden,Sweden,Vet FTE,BDQTY,2025,4.750,4.750,4.750,4.750,4.750,4.750,4.750,4.750,4.750,4.950,4.950,4.950
14,2025,490,1471,SE,56008016,5600,8016,Sweden,Specialistdjursjukhuset Ströms,Specialistdjursjukhu,Vets,Small animal,Sweden,Sweden,Nurse FTE,AQ,2025,68.610,68.150,67.510,67.270,66.200,64.540,63.570,64.540,0.000,0.000,0.000,0.000
14,2025,490,1471,SE,56008016,5600,8016,Sweden,Specialistdjursjukhuset Ströms,Specialistdjursjukhu,Vets,Small animal,Sweden,Sweden,Nurse FTE,BDQTY,2025,66.260,66.260,66.260,66.260,66.260,66.260,66.260,66.260,72.260,74.260,71.260,67.260
14,2025,490,1471,SE,56008016,5600,8016,Sweden,Specialistdjursjukhuset Ströms,Specialistdjursjukhu,Vets,Small animal,Sweden,Sweden,Support FTE,AQ,2025,18.020,18.780,17.900,16.650,16.670,17.750,17.950,17.750,0.000,0.000,0.000,0.000
14,2025,490,1471,SE,56008016,5600,8016,Sweden,Specialistdjursjukhuset Ströms,Specialistdjursjukhu,Vets,Small animal,Sweden,Sweden,Support FTE,BDQTY,2025,19.350,19.350,19.550,19.550,19.550,19.550,19.550,19.550,22.550,23.550,21.550,19.550
14,2025,490,1471,SE,56008016,5600,8016,Sweden,Specialistdjursjukhuset Ströms,Specialistdjursjukhu,Vets,Small animal,Sweden,Sweden,Vet FTE,AQ,2025,43.740,44.320,45.220,38.360,41.330,40.770,40.850,40.920,0.000,0.000,0.000,0.000
14,2025,490,1471,SE,56008016,5600,8016,Sweden,Specialistdjursjukhuset Ströms,Specialistdjursjukhu,Vets,Small animal,Sweden,Sweden,Vet FTE,BDQTY,2025,39.550,39.550,39.550,39.550,39.550,39.550,39.550,39.550,40.050,40.550,40.050,39.550
14,2025,490,1472,SE,56008017,5600,8017,Sweden,Djurkliniken Karlskoga,Djurkliniken Karlsko,Vets,Small animal,Sweden,Sweden,Nurse FTE,AQ,2025,11.490,11.720,11.600,11.330,10.450,11.330,10.300,11.330,0.000,0.000,0.000,0.000
14,2025,490,1472,SE,56008017,5600,8017,Sweden,Djurkliniken Karlskoga,Djurkliniken Karlsko,Vets,Small animal,Sweden,Sweden,Nurse FTE,BDQTY,2025,11.100,11.100,11.100,11.100,11.100,11.350,11.350,11.350,11.350,11.350,11.350,11.350
14,2025,490,1472,SE,56008017,5600,8017,Sweden,Djurkliniken Karlskoga,Djurkliniken Karlsko,Vets,Small animal,Sweden,Sweden,Vet FTE,AQ,2025,6.100,6.430,7.290,5.850,6.520,6.640,5.900,6.640,0.000,0.000,0.000,0.000
14,2025,490,1472,SE,56008017,5600,8017,Sweden,Djurkliniken Karlskoga,Djurkliniken Karlsko,Vets,Small animal,Sweden,Sweden,Vet FTE,BDQTY,2025,6.290,6.290,6.290,6.290,6.290,6.290,6.290,6.290,6.290,6.290,6.290,6.290
14,2025,490,1473,SE,56008018,5600,8018,Sweden,Djursjukhuset Karlstad,Djursjukhuset Karlst,Vets,Small animal,Sweden,Sweden,Nurse FTE,AQ,2025,22.650,22.480,21.430,20.070,21.410,22.400,22.060,22.400,0.000,0.000,0.000,0.000
14,2025,490,1473,SE,56008018,5600,8018,Sweden,Djursjukhuset Karlstad,Djursjukhuset Karlst,Vets,Small animal,Sweden,Sweden,Nurse FTE,BDQTY,2025,22.750,22.750,22.750,22.750,22.750,22.750,22.750,22.750,23.250,24.750,23.250,22.750
14,2025,490,1473,SE,56008018,5600,8018,Sweden,Djursjukhuset Karlstad,Djursjukhuset Karlst,Vets,Small animal,Sweden,Sweden,Support FTE,AQ,2025,4.910,4.950,4.970,4.960,5.000,4.950,4.950,4.950,0.000,0.000,0.000,0.000
14,2025,490,1473,SE,56008018,5600,8018,Sweden,Djursjukhuset Karlstad,Djursjukhuset Karlst,Vets,Small animal,Sweden,Sweden,Support FTE,BDQTY,2025,6.250,6.250,6.250,5.750,5.750,5.750,6.750,6.750,7.250,7.750,7.250,6.750
14,2025,490,1473,SE,56008018,5600,8018,Sweden,Djursjukhuset Karlstad,Djursjukhuset Karlst,Vets,Small animal,Sweden,Sweden,Vet FTE,AQ,2025,13.500,13.170,14.400,12.060,14.210,14.870,13.730,14.820,0.000,0.000,0.000,0.000
14,2025,490,1473,SE,56008018,5600,8018,Sweden,Djursjukhuset Karlstad,Djursjukhuset Karlst,Vets,Small animal,Sweden,Sweden,Vet FTE,BDQTY,2025,13.500,13.500,13.500,15.100,14.600,14.600,14.600,14.600,15.100,16.600,16.900,16.400
14,2025,490,1474,SE,56008019,5600,8019,Sweden,Djurkliniken Norrköping,Djurkliniken Norrköp,Vets,Small animal,Sweden,Sweden,Nurse FTE,AQ,2025,9.280,8.930,9.200,8.030,7.520,7.690,7.920,7.690,0.000,0.000,0.000,0.000
14,2025,490,1474,SE,56008019,5600,8019,Sweden,Djurkliniken Norrköping,Djurkliniken Norrköp,Vets,Small animal,Sweden,Sweden,Nurse FTE,BDQTY,2025,7.950,7.950,7.950,7.950,7.950,7.950,7.950,7.950,9.740,10.330,9.500,7.950
14,2025,490,1474,SE,56008019,5600,8019,Sweden,Djurkliniken Norrköping,Djurkliniken Norrköp,Vets,Small animal,Sweden,Sweden,Support FTE,AQ,2025,1.000,1.000,1.000,1.000,1.000,1.000,1.000,1.000,0.000,0.000,0.000,0.000
14,2025,490,1474,SE,56008019,5600,8019,Sweden,Djurkliniken Norrköping,Djurkliniken Norrköp,Vets,Small animal,Sweden,Sweden,Support FTE,BDQTY,2025,1.400,1.400,1.400,1.400,1.400,1.400,1.400,1.400,1.400,1.400,1.400,1.400
14,2025,490,1474,SE,56008019,5600,8019,Sweden,Djurkliniken Norrköping,Djurkliniken Norrköp,Vets,Small animal,Sweden,Sweden,Vet FTE,AQ,2025,4.220,3.530,3.800,2.590,4.280,4.300,3.910,4.300,0.000,0.000,0.000,0.000
14,2025,490,1474,SE,56008019,5600,8019,Sweden,Djurkliniken Norrköping,Djurkliniken Norrköp,Vets,Small animal,Sweden,Sweden,Vet FTE,BDQTY,2025,4.970,4.970,4.970,4.970,4.970,4.970,4.970,4.970,4.970,4.970,4.970,4.970
14,2025,490,1475,SE,56008020,5600,8020,Sweden,"Djursjukhus Valla, Linköping","Djursjukhus Valla, L",Vets,Small animal,Sweden,Sweden,Nurse FTE,AQ,2025,37.920,37.900,37.060,41.390,38.670,39.550,41.530,40.050,0.000,0.000,0.000,0.000
14,2025,490,1475,SE,56008020,5600,8020,Sweden,"Djursjukhus Valla, Linköping","Djursjukhus Valla, L",Vets,Small animal,Sweden,Sweden,Nurse FTE,BDQTY,2025,37.220,37.220,37.220,36.220,37.220,37.220,37.220,37.220,42.720,48.220,42.720,37.220
14,2025,490,1475,SE,56008020,5600,8020,Sweden,"Djursjukhus Valla, Linköping","Djursjukhus Valla, L",Vets,Small animal,Sweden,Sweden,Support FTE,AQ,2025,17.230,18.400,18.350,17.380,18.350,17.990,18.000,17.990,0.000,0.000,0.000,0.000
14,2025,490,1475,SE,56008020,5600,8020,Sweden,"Djursjukhus Valla, Linköping","Djursjukhus Valla, L",Vets,Small animal,Sweden,Sweden,Support FTE,BDQTY,2025,16.050,16.050,16.050,16.050,16.050,16.050,16.050,16.050,16.050,16.050,16.050,16.050
14,2025,490,1475,SE,56008020,5600,8020,Sweden,"Djursjukhus Valla, Linköping","Djursjukhus Valla, L",Vets,Small animal,Sweden,Sweden,Vet FTE,AQ,2025,22.820,22.000,22.700,19.930,21.390,21.800,23.000,21.800,0.000,0.000,0.000,0.000
14,2025,490,1475,SE,56008020,5600,8020,Sweden,"Djursjukhus Valla, Linköping","Djursjukhus Valla, L",Vets,Small animal,Sweden,Sweden,Vet FTE,BDQTY,2025,20.300,20.300,20.300,19.500,20.200,20.300,20.300,20.300,20.300,20.300,20.300,20.300
14,2025,490,1476,SE,56008021,5600,8021,Sweden,Djurkliniken Frölunda,Djurkliniken Frölund,Vets,Small animal,Sweden,Sweden,Nurse FTE,AQ,2025,2.760,2.800,2.800,4.270,2.920,3.230,2.600,2.800,0.000,0.000,0.000,0.000
14,2025,490,1476,SE,56008021,5600,8021,Sweden,Djurkliniken Frölunda,Djurkliniken Frölund,Vets,Small animal,Sweden,Sweden,Nurse FTE,BDQTY,2025,2.950,2.950,2.950,2.950,2.950,2.950,2.950,2.950,2.950,3.750,3.440,2.950
14,2025,490,1476,SE,56008021,5600,8021,Sweden,Djurkliniken Frölunda,Djurkliniken Frölund,Vets,Small animal,Sweden,Sweden,Support FTE,AQ,2025,1.810,1.850,1.850,-0.290,0.850,0.570,0.700,0.570,0.000,0.000,0.000,0.000
14,2025,490,1476,SE,56008021,5600,8021,Sweden,Djurkliniken Frölunda,Djurkliniken Frölund,Vets,Small animal,Sweden,Sweden,Support FTE,BDQTY,2025,0.830,0.830,0.830,0.830,0.830,0.830,0.830,0.830,0.830,0.830,0.830,0.830
14,2025,490,1476,SE,56008021,5600,8021,Sweden,Djurkliniken Frölunda,Djurkliniken Frölund,Vets,Small animal,Sweden,Sweden,Vet FTE,AQ,2025,2.570,2.350,2.750,4.600,3.700,3.660,3.720,3.660,0.000,0.000,0.000,0.000
14,2025,490,1476,SE,56008021,5600,8021,Sweden,Djurkliniken Frölunda,Djurkliniken Frölund,Vets,Small animal,Sweden,Sweden,Vet FTE,BDQTY,2025,2.650,2.650,2.650,2.650,2.650,2.650,2.650,2.650,2.650,2.650,2.650,2.650
14,2025,490,1477,SE,56008022,5600,8022,Sweden,Djurkliniken Kungälv,Djurkliniken Kungälv,Vets,Small animal,Sweden,Sweden,Nurse FTE,AQ,2025,7.870,7.990,7.700,8.220,7.890,7.750,6.250,7.750,0.000,0.000,0.000,0.000
14,2025,490,1477,SE,56008022,5600,8022,Sweden,Djurkliniken Kungälv,Djurkliniken Kungälv,Vets,Small animal,Sweden,Sweden,Nurse FTE,BDQTY,2025,7.050,7.050,7.050,7.050,7.050,7.050,7.050,7.050,7.050,7.050,7.050,7.050
14,2025,490,1477,SE,56008022,5600,8022,Sweden,Djurkliniken Kungälv,Djurkliniken Kungälv,Vets,Small animal,Sweden,Sweden,Support FTE,AQ,2025,4.000,4.000,4.000,3.940,3.950,4.000,4.000,4.000,0.000,0.000,0.000,0.000
14,2025,490,1477,SE,56008022,5600,8022,Sweden,Djurkliniken Kungälv,Djurkliniken Kungälv,Vets,Small animal,Sweden,Sweden,Support FTE,BDQTY,2025,4.000,4.000,4.000,4.000,4.000,4.000,4.000,4.000,4.000,4.000,4.000,4.000
14,2025,490,1477,SE,56008022,5600,8022,Sweden,Djurkliniken Kungälv,Djurkliniken Kungälv,Vets,Small animal,Sweden,Sweden,Vet FTE,AQ,2025,6.430,6.370,6.500,6.110,5.700,5.360,4.130,5.360,0.000,0.000,0.000,0.000
14,2025,490,1477,SE,56008022,5600,8022,Sweden,Djurkliniken Kungälv,Djurkliniken Kungälv,Vets,Small animal,Sweden,Sweden,Vet FTE,BDQTY,2025,6.050,6.050,6.050,6.050,6.050,6.050,6.320,6.180,6.050,6.050,6.050,6.050
14,2025,490,1478,SE,56008023,5600,8023,Sweden,Djurkliniken Kållered,Djurkliniken Kållere,Vets,Small animal,Sweden,Sweden,Nurse FTE,AQ,2025,4.620,4.880,5.670,2.750,4.340,4.370,4.280,4.750,0.000,0.000,0.000,0.000
14,2025,490,1478,SE,56008023,5600,8023,Sweden,Djurkliniken Kållered,Djurkliniken Kållere,Vets,Small animal,Sweden,Sweden,Nurse FTE,BDQTY,2025,4.280,4.280,4.280,4.280,4.280,4.280,4.280,4.280,4.420,5.280,5.180,4.280
14,2025,490,1478,SE,56008023,5600,8023,Sweden,Djurkliniken Kållered,Djurkliniken Kållere,Vets,Small animal,Sweden,Sweden,Support FTE,AQ,2025,1.000,1.000,1.000,1.000,1.000,1.000,1.000,1.000,0.000,0.000,0.000,0.000
14,2025,490,1478,SE,56008023,5600,8023,Sweden,Djurkliniken Kållered,Djurkliniken Kållere,Vets,Small animal,Sweden,Sweden,Support FTE,BDQTY,2025,1.000,1.000,1.000,1.000,1.000,1.000,1.000,1.000,1.000,1.000,1.000,1.000
14,2025,490,1478,SE,56008023,5600,8023,Sweden,Djurkliniken Kållered,Djurkliniken Kållere,Vets,Small animal,Sweden,Sweden,Vet FTE,AQ,2025,2.890,3.200,3.250,2.850,3.250,3.250,2.900,3.250,0.000,0.000,0.000,0.000
14,2025,490,1478,SE,56008023,5600,8023,Sweden,Djurkliniken Kållered,Djurkliniken Kållere,Vets,Small animal,Sweden,Sweden,Vet FTE,BDQTY,2025,3.050,3.050,3.050,3.050,3.050,3.050,3.050,3.050,3.050,3.050,3.050,3.050
14,2025,490,1479,SE,56008024,5600,8024,Sweden,Djurkliniken Mölndal,Djurkliniken Mölndal,Vets,Small animal,Sweden,Sweden,Nurse FTE,AQ,2025,4.700,4.780,4.800,3.760,4.000,4.000,4.000,4.000,0.000,0.000,0.000,0.000
14,2025,490,1479,SE,56008024,5600,8024,Sweden,Djurkliniken Mölndal,Djurkliniken Mölndal,Vets,Small animal,Sweden,Sweden,Nurse FTE,BDQTY,2025,4.880,4.880,4.880,4.880,4.880,4.880,4.880,4.880,4.880,4.880,4.880,4.880
14,2025,490,1479,SE,56008024,5600,8024,Sweden,Djurkliniken Mölndal,Djurkliniken Mölndal,Vets,Small animal,Sweden,Sweden,Support FTE,AQ,2025,0.280,0.380,0.500,0.430,0.460,0.500,0.500,0.500,0.000,0.000,0.000,0.000
14,2025,490,1479,SE,56008024,5600,8024,Sweden,Djurkliniken Mölndal,Djurkliniken Mölndal,Vets,Small animal,Sweden,Sweden,Vet FTE,AQ,2025,3.150,3.250,3.250,3.140,3.450,3.450,3.150,3.450,0.000,0.000,0.000,0.000
14,2025,490,1479,SE,56008024,5600,8024,Sweden,Djurkliniken Mölndal,Djurkliniken Mölndal,Vets,Small animal,Sweden,Sweden,Vet FTE,BDQTY,2025,3.150,3.150,3.150,3.150,3.150,3.150,3.150,3.150,3.150,3.150,3.150,3.150
14,2025,490,1481,SE,56008026,5600,8026,Sweden,Djursjukhuset Göteborg,Djursjukhuset Götebo,Vets,Small animal,Sweden,Sweden,Nurse FTE,AQ,2025,18.690,21.150,20.450,18.470,20.190,20.270,20.020,20.370,0.000,0.000,0.000,0.000
14,2025,490,1481,SE,56008026,5600,8026,Sweden,Djursjukhuset Göteborg,Djursjukhuset Götebo,Vets,Small animal,Sweden,Sweden,Nurse FTE,BDQTY,2025,21.750,21.750,21.750,21.750,21.750,20.550,19.550,19.550,22.550,22.550,22.150,18.550
14,2025,490,1481,SE,56008026,5600,8026,Sweden,Djursjukhuset Göteborg,Djursjukhuset Götebo,Vets,Small animal,Sweden,Sweden,Support FTE,AQ,2025,11.820,11.780,11.200,12.630,11.040,12.020,12.260,12.020,0.000,0.000,0.000,0.000
14,2025,490,1481,SE,56008026,5600,8026,Sweden,Djursjukhuset Göteborg,Djursjukhuset Götebo,Vets,Small animal,Sweden,Sweden,Support FTE,BDQTY,2025,10.600,10.600,10.600,10.600,10.600,10.100,10.100,10.100,10.100,10.100,10.100,10.100
14,2025,490,1481,SE,56008026,5600,8026,Sweden,Djursjukhuset Göteborg,Djursjukhuset Götebo,Vets,Small animal,Sweden,Sweden,Vet FTE,AQ,2025,17.320,18.050,17.600,15.560,16.240,17.470,16.170,17.430,0.000,0.000,0.000,0.000
14,2025,490,1481,SE,56008026,5600,8026,Sweden,Djursjukhuset Göteborg,Djursjukhuset Götebo,Vets,Small animal,Sweden,Sweden,Vet FTE,BDQTY,2025,16.700,16.650,16.600,16.600,16.600,17.600,17.100,17.900,17.900,16.900,17.900,17.900
14,2025,490,1482,SE,56008027,5600,8027,Sweden,Djursjukhuset Norra Halland,Djursjukhuset Norra,Vets,Small animal,Sweden,Sweden,Nurse FTE,AQ,2025,8.300,8.410,9.150,7.530,8.320,8.400,8.090,8.400,0.000,0.000,0.000,0.000
14,2025,490,1482,SE,56008027,5600,8027,Sweden,Djursjukhuset Norra Halland,Djursjukhuset Norra,Vets,Small animal,Sweden,Sweden,Nurse FTE,BDQTY,2025,8.850,8.850,8.850,8.850,8.850,8.850,8.850,8.850,8.850,8.850,8.850,8.850
14,2025,490,1482,SE,56008027,5600,8027,Sweden,Djursjukhuset Norra Halland,Djursjukhuset Norra,Vets,Small animal,Sweden,Sweden,Support FTE,AQ,2025,2.410,2.320,2.800,1.980,2.400,2.350,2.430,2.350,0.000,0.000,0.000,0.000
14,2025,490,1482,SE,56008027,5600,8027,Sweden,Djursjukhuset Norra Halland,Djursjukhuset Norra,Vets,Small animal,Sweden,Sweden,Support FTE,BDQTY,2025,3.600,3.600,3.600,3.600,3.600,3.600,3.600,3.600,3.600,3.600,3.600,3.600
14,2025,490,1482,SE,56008027,5600,8027,Sweden,Djursjukhuset Norra Halland,Djursjukhuset Norra,Vets,Small animal,Sweden,Sweden,Vet FTE,AQ,2025,6.990,6.270,6.300,6.150,5.300,5.300,4.900,5.300,0.000,0.000,0.000,0.000
14,2025,490,1482,SE,56008027,5600,8027,Sweden,Djursjukhuset Norra Halland,Djursjukhuset Norra,Vets,Small animal,Sweden,Sweden,Vet FTE,BDQTY,2025,5.700,5.700,5.700,5.700,5.700,5.700,5.970,5.830,5.700,5.700,5.700,5.700
14,2025,490,1483,SE,56008028,5600,8028,Sweden,Djurkliniken Kristianstad,Djurkliniken Kristia,Vets,Small animal,Sweden,Sweden,Nurse FTE,AQ,2025,6.900,7.040,6.200,6.930,7.140,7.200,6.850,7.200,0.000,0.000,0.000,0.000
14,2025,490,1483,SE,56008028,5600,8028,Sweden,Djurkliniken Kristianstad,Djurkliniken Kristia,Vets,Small animal,Sweden,Sweden,Nurse FTE,BDQTY,2025,6.400,6.400,6.400,6.400,6.400,6.400,6.400,6.400,6.400,6.400,6.400,6.400
14,2025,490,1483,SE,56008028,5600,8028,Sweden,Djurkliniken Kristianstad,Djurkliniken Kristia,Vets,Small animal,Sweden,Sweden,Support FTE,AQ,2025,1.000,1.000,1.000,1.000,1.000,1.000,1.000,1.000,0.000,0.000,0.000,0.000
14,2025,490,1483,SE,56008028,5600,8028,Sweden,Djurkliniken Kristianstad,Djurkliniken Kristia,Vets,Small animal,Sweden,Sweden,Support FTE,BDQTY,2025,1.000,1.000,1.000,1.000,1.000,1.000,1.000,1.000,1.000,1.000,1.000,1.000
14,2025,490,1483,SE,56008028,5600,8028,Sweden,Djurkliniken Kristianstad,Djurkliniken Kristia,Vets,Small animal,Sweden,Sweden,Vet FTE,AQ,2025,5.650,5.540,6.250,5.490,6.130,6.210,5.890,6.210,0.000,0.000,0.000,0.000
14,2025,490,1483,SE,56008028,5600,8028,Sweden,Djurkliniken Kristianstad,Djurkliniken Kristia,Vets,Small animal,Sweden,Sweden,Vet FTE,BDQTY,2025,4.950,4.950,4.950,4.950,4.950,4.950,4.950,4.950,4.950,4.950,4.950,4.950
14,2025,490,1484,SE,56008029,5600,8029,Sweden,Djurkliniken Åhus,Djurkliniken Åhus,Vets,Small animal,Sweden,Sweden,Nurse FTE,BDQTY,2025,0.600,0.600,0.600,0.600,0.600,0.600,0.800,0.800,0.800,0.800,0.800,0.800
14,2025,490,1484,SE,56008029,5600,8029,Sweden,Djurkliniken Åhus,Djurkliniken Åhus,Vets,Small animal,Sweden,Sweden,Vet FTE,BDQTY,2025,0.800,0.800,0.800,0.800,0.800,0.800,0.800,0.800,0.800,0.800,0.800,0.800
14,2025,490,1485,SE,56008030,5600,8030,Sweden,Djursjukhuset Växjö,Djursjukhuset Växjö,Vets,Small animal,Sweden,Sweden,Nurse FTE,AQ,2025,15.740,15.670,14.300,15.440,16.390,15.640,14.710,15.640,0.000,0.000,0.000,0.000
14,2025,490,1485,SE,56008030,5600,8030,Sweden,Djursjukhuset Växjö,Djursjukhuset Växjö,Vets,Small animal,Sweden,Sweden,Nurse FTE,BDQTY,2025,14.250,14.250,14.250,14.250,14.250,15.250,15.250,15.250,16.050,17.050,17.050,15.250
14,2025,490,1485,SE,56008030,5600,8030,Sweden,Djursjukhuset Växjö,Djursjukhuset Växjö,Vets,Small animal,Sweden,Sweden,Support FTE,AQ,2025,7.450,7.580,6.900,8.450,7.650,7.470,7.700,7.470,0.000,0.000,0.000,0.000
14,2025,490,1485,SE,56008030,5600,8030,Sweden,Djursjukhuset Växjö,Djursjukhuset Växjö,Vets,Small animal,Sweden,Sweden,Support FTE,BDQTY,2025,6.900,6.900,6.900,6.900,6.900,6.900,6.900,6.900,7.700,7.900,7.380,6.900
14,2025,490,1485,SE,56008030,5600,8030,Sweden,Djursjukhuset Växjö,Djursjukhuset Växjö,Vets,Small animal,Sweden,Sweden,Vet FTE,AQ,2025,9.620,9.020,10.000,7.650,8.140,7.990,7.700,7.990,0.000,0.000,0.000,0.000
14,2025,490,1485,SE,56008030,5600,8030,Sweden,Djursjukhuset Växjö,Djursjukhuset Växjö,Vets,Small animal,Sweden,Sweden,Vet FTE,BDQTY,2025,9.800,9.800,9.800,9.800,9.800,9.800,9.800,9.800,9.800,9.800,9.800,9.800
14,2025,490,1486,SE,56008031,5600,8031,Sweden,HBG Specialistdjursjukhuset He,Specialistdjursjukhu,Vets,Small animal,Sweden,Sweden,Nurse FTE,AQ,2025,40.770,41.560,43.050,45.920,43.090,41.450,41.970,41.450,0.000,0.000,0.000,0.000
14,2025,490,1486,SE,56008031,5600,8031,Sweden,HBG Specialistdjursjukhuset He,Specialistdjursjukhu,Vets,Small animal,Sweden,Sweden,Nurse FTE,BDQTY,2025,43.080,43.080,43.280,44.880,44.880,45.880,45.880,45.880,52.880,55.880,52.880,45.880
14,2025,490,1486,SE,56008031,5600,8031,Sweden,HBG Specialistdjursjukhuset He,Specialistdjursjukhu,Vets,Small animal,Sweden,Sweden,Support FTE,AQ,2025,19.120,20.310,19.940,19.890,19.510,19.930,20.650,19.930,0.000,0.000,0.000,0.000
14,2025,490,1486,SE,56008031,5600,8031,Sweden,HBG Specialistdjursjukhuset He,Specialistdjursjukhu,Vets,Small animal,Sweden,Sweden,Support FTE,BDQTY,2025,20.550,20.550,20.550,20.550,20.550,20.550,20.550,20.550,21.550,22.550,21.550,20.550
14,2025,490,1486,SE,56008031,5600,8031,Sweden,HBG Specialistdjursjukhuset He,Specialistdjursjukhu,Vets,Small animal,Sweden,Sweden,Vet FTE,AQ,2025,25.220,24.690,25.660,24.060,25.540,26.060,26.490,26.060,0.000,0.000,0.000,0.000
14,2025,490,1486,SE,56008031,5600,8031,Sweden,HBG Specialistdjursjukhuset He,Specialistdjursjukhu,Vets,Small animal,Sweden,Sweden,Vet FTE,BDQTY,2025,24.410,24.410,24.410,24.810,24.810,24.910,24.910,24.910,24.910,24.910,24.910,24.370
14,2025,490,1487,SE,56008032,5600,8032,Sweden,Djurkliniken Höllviken,Djurkliniken Höllvik,Vets,Small animal,Sweden,Sweden,Nurse FTE,AQ,2025,3.600,3.600,3.600,3.580,4.880,3.300,4.530,3.300,0.000,0.000,0.000,0.000
14,2025,490,1487,SE,56008032,5600,8032,Sweden,Djurkliniken Höllviken,Djurkliniken Höllvik,Vets,Small animal,Sweden,Sweden,Nurse FTE,BDQTY,2025,3.600,3.600,3.600,3.600,3.600,3.600,3.800,3.800,4.300,4.800,4.300,3.800
14,2025,490,1487,SE,56008032,5600,8032,Sweden,Djurkliniken Höllviken,Djurkliniken Höllvik,Vets,Small animal,Sweden,Sweden,Support FTE,AQ,2025,1.000,1.000,1.000,1.000,1.000,1.000,1.000,1.000,0.000,0.000,0.000,0.000
14,2025,490,1487,SE,56008032,5600,8032,Sweden,Djurkliniken Höllviken,Djurkliniken Höllvik,Vets,Small animal,Sweden,Sweden,Support FTE,BDQTY,2025,1.000,1.000,1.000,1.000,1.000,1.000,1.000,1.000,1.000,1.000,1.000,1.000
14,2025,490,1487,SE,56008032,5600,8032,Sweden,Djurkliniken Höllviken,Djurkliniken Höllvik,Vets,Small animal,Sweden,Sweden,Vet FTE,AQ,2025,1.850,1.960,2.000,1.830,1.940,1.950,1.960,1.950,0.000,0.000,0.000,0.000
14,2025,490,1487,SE,56008032,5600,8032,Sweden,Djurkliniken Höllviken,Djurkliniken Höllvik,Vets,Small animal,Sweden,Sweden,Vet FTE,BDQTY,2025,2.100,2.100,2.100,2.100,2.100,2.100,2.100,2.100,2.100,2.100,2.100,2.100
14,2025,490,1488,SE,56008033,5600,8033,Sweden,Djurkliniken Trelleborg,Djurkliniken Trelleb,Vets,Small animal,Sweden,Sweden,Nurse FTE,AQ,2025,5.800,4.620,4.600,4.600,4.600,4.600,4.430,4.600,0.000,0.000,0.000,0.000
14,2025,490,1488,SE,56008033,5600,8033,Sweden,Djurkliniken Trelleborg,Djurkliniken Trelleb,Vets,Small animal,Sweden,Sweden,Nurse FTE,BDQTY,2025,4.800,4.800,5.300,4.800,4.800,4.800,4.800,4.800,5.600,5.600,5.600,4.800
14,2025,490,1488,SE,56008033,5600,8033,Sweden,Djurkliniken Trelleborg,Djurkliniken Trelleb,Vets,Small animal,Sweden,Sweden,Vet FTE,AQ,2025,1.000,1.000,1.000,0.940,1.000,1.000,1.000,1.000,0.000,0.000,0.000,0.000
14,2025,490,1488,SE,56008033,5600,8033,Sweden,Djurkliniken Trelleborg,Djurkliniken Trelleb,Vets,Small animal,Sweden,Sweden,Vet FTE,BDQTY,2025,1.800,1.800,1.800,1.800,1.800,1.800,1.800,1.800,1.800,1.800,1.800,1.800
14,2025,490,1489,SE,56008034,5600,8034,Sweden,Djurkliniken Ystad,Djurkliniken Ystad,Vets,Small animal,Sweden,Sweden,Nurse FTE,AQ,2025,5.010,4.960,4.950,5.060,5.380,5.370,5.300,5.370,0.000,0.000,0.000,0.000
14,2025,490,1489,SE,56008034,5600,8034,Sweden,Djurkliniken Ystad,Djurkliniken Ystad,Vets,Small animal,Sweden,Sweden,Nurse FTE,BDQTY,2025,5.450,5.450,5.450,5.450,5.450,5.450,5.450,5.450,5.450,6.950,6.950,5.450
14,2025,490,1489,SE,56008034,5600,8034,Sweden,Djurkliniken Ystad,Djurkliniken Ystad,Vets,Small animal,Sweden,Sweden,Support FTE,AQ,2025,0.080,0.180,1.000,-0.390,0.360,0.710,0.680,0.710,0.000,0.000,0.000,0.000
14,2025,490,1489,SE,56008034,5600,8034,Sweden,Djurkliniken Ystad,Djurkliniken Ystad,Vets,Small animal,Sweden,Sweden,Support FTE,BDQTY,2025,1.000,1.000,1.000,1.000,1.000,1.000,1.000,1.000,1.000,1.750,1.750,1.000
14,2025,490,1489,SE,56008034,5600,8034,Sweden,Djurkliniken Ystad,Djurkliniken Ystad,Vets,Small animal,Sweden,Sweden,Vet FTE,AQ,2025,2.900,3.250,3.800,3.430,3.950,3.950,3.610,3.210,0.000,0.000,0.000,0.000
14,2025,490,1489,SE,56008034,5600,8034,Sweden,Djurkliniken Ystad,Djurkliniken Ystad,Vets,Small animal,Sweden,Sweden,Vet FTE,BDQTY,2025,4.800,4.800,4.800,4.800,4.800,4.800,4.800,4.800,4.800,4.800,4.800,4.800
14,2025,490,1490,SE,56008035,5600,8035,Sweden,Djurkliniken Staffanstorp,Djurkliniken Staffan,Vets,Small animal,Sweden,Sweden,Nurse FTE,AQ,2025,3.980,4.030,4.030,3.980,3.400,3.340,3.350,3.340,0.000,0.000,0.000,0.000
14,2025,490,1490,SE,56008035,5600,8035,Sweden,Djurkliniken Staffanstorp,Djurkliniken Staffan,Vets,Small animal,Sweden,Sweden,Nurse FTE,BDQTY,2025,3.050,3.050,3.050,3.050,3.050,3.050,3.050,3.050,3.550,4.200,3.550,3.050
14,2025,490,1490,SE,56008035,5600,8035,Sweden,Djurkliniken Staffanstorp,Djurkliniken Staffan,Vets,Small animal,Sweden,Sweden,Support FTE,BDQTY,2025,0.570,0.570,0.570,0.570,0.570,0.570,0.570,0.570,0.570,0.570,0.570,0.570
14,2025,490,1490,SE,56008035,5600,8035,Sweden,Djurkliniken Staffanstorp,Djurkliniken Staffan,Vets,Small animal,Sweden,Sweden,Vet FTE,AQ,2025,1.500,1.500,1.500,1.500,1.500,1.500,1.000,1.500,0.000,0.000,0.000,0.000
14,2025,490,1490,SE,56008035,5600,8035,Sweden,Djurkliniken Staffanstorp,Djurkliniken Staffan,Vets,Small animal,Sweden,Sweden,Vet FTE,BDQTY,2025,1.400,1.400,1.400,1.400,1.400,1.400,1.400,1.400,1.600,2.000,1.400,1.400
14,2025,490,1491,SE,56008036,5600,8036,Sweden,Djursjukhuset Malmö,Djursjukhuset Malmö,Vets,Small animal,Sweden,Sweden,Nurse FTE,AQ,2025,45.350,44.690,46.180,44.460,44.080,44.860,43.910,44.910,0.000,0.000,0.000,0.000
14,2025,490,1491,SE,56008036,5600,8036,Sweden,Djursjukhuset Malmö,Djursjukhuset Malmö,Vets,Small animal,Sweden,Sweden,Nurse FTE,BDQTY,2025,40.480,41.480,41.480,41.480,41.480,41.480,42.480,42.480,44.480,47.480,44.480,43.480
14,2025,490,1491,SE,56008036,5600,8036,Sweden,Djursjukhuset Malmö,Djursjukhuset Malmö,Vets,Small animal,Sweden,Sweden,Support FTE,AQ,2025,20.510,19.980,18.860,21.270,18.950,18.330,19.240,18.290,0.000,0.000,0.000,0.000
14,2025,490,1491,SE,56008036,5600,8036,Sweden,Djursjukhuset Malmö,Djursjukhuset Malmö,Vets,Small animal,Sweden,Sweden,Support FTE,BDQTY,2025,23.430,23.410,23.420,23.430,23.430,23.430,23.430,23.430,24.430,25.430,24.430,23.430
14,2025,490,1491,SE,56008036,5600,8036,Sweden,Djursjukhuset Malmö,Djursjukhuset Malmö,Vets,Small animal,Sweden,Sweden,Vet FTE,AQ,2025,26.400,25.190,26.800,24.470,26.140,26.250,27.600,26.250,0.000,0.000,0.000,0.000
14,2025,490,1491,SE,56008036,5600,8036,Sweden,Djursjukhuset Malmö,Djursjukhuset Malmö,Vets,Small animal,Sweden,Sweden,Vet FTE,BDQTY,2025,26.100,26.100,26.100,26.100,26.100,26.100,26.100,26.100,26.100,26.100,26.100,26.100
14,2025,490,1493,SE,56008038,5600,8038,Sweden,Hästkliniken Boden,Hästkliniken Boden,Vets,Small animal,Sweden,Sweden,Nurse FTE,AQ,2025,1.700,1.250,0.700,2.420,2.450,2.450,2.450,2.450,0.000,0.000,0.000,0.000
14,2025,490,1493,SE,56008038,5600,8038,Sweden,Hästkliniken Boden,Hästkliniken Boden,Vets,Small animal,Sweden,Sweden,Nurse FTE,BDQTY,2025,1.450,2.450,2.450,2.450,2.450,2.450,2.450,2.450,2.700,3.400,2.750,2.450
14,2025,490,1493,SE,56008038,5600,8038,Sweden,Hästkliniken Boden,Hästkliniken Boden,Vets,Small animal,Sweden,Sweden,Vet FTE,AQ,2025,1.000,1.470,1.900,0.990,1.900,1.900,1.800,1.900,0.000,0.000,0.000,0.000
14,2025,490,1493,SE,56008038,5600,8038,Sweden,Hästkliniken Boden,Hästkliniken Boden,Vets,Small animal,Sweden,Sweden,Vet FTE,BDQTY,2025,1.250,1.250,1.250,1.500,1.500,1.750,1.900,1.900,1.900,1.900,1.900,1.900
14,2025,490,1497,SE,56008042,5600,8042,Sweden,Hästkliniken Mantorp,Hästkliniken Mantorp,Vets,Small animal,Sweden,Sweden,Nurse FTE,AQ,2025,2.630,3.350,3.630,2.690,3.420,3.420,3.460,3.420,0.000,0.000,0.000,0.000
14,2025,490,1497,SE,56008042,5600,8042,Sweden,Hästkliniken Mantorp,Hästkliniken Mantorp,Vets,Small animal,Sweden,Sweden,Nurse FTE,BDQTY,2025,4.130,4.100,4.100,4.100,4.100,4.100,4.100,4.100,4.100,5.100,4.100,4.100
14,2025,490,1497,SE,56008042,5600,8042,Sweden,Hästkliniken Mantorp,Hästkliniken Mantorp,Vets,Small animal,Sweden,Sweden,Support FTE,AQ,2025,0.000,-0.600,-0.600,-0.600,-1.000,-1.000,-1.000,-1.000,0.000,0.000,0.000,0.000
14,2025,490,1497,SE,56008042,5600,8042,Sweden,Hästkliniken Mantorp,Hästkliniken Mantorp,Vets,Small animal,Sweden,Sweden,Support FTE,BDQTY,2025,0.400,0.400,0.400,0.400,0.400,0.400,0.400,0.400,0.400,0.400,0.400,0.400
14,2025,490,1497,SE,56008042,5600,8042,Sweden,Hästkliniken Mantorp,Hästkliniken Mantorp,Vets,Small animal,Sweden,Sweden,Vet FTE,AQ,2025,2.900,2.000,2.000,2.000,2.000,2.000,2.480,2.000,0.000,0.000,0.000,0.000
14,2025,490,1497,SE,56008042,5600,8042,Sweden,Hästkliniken Mantorp,Hästkliniken Mantorp,Vets,Small animal,Sweden,Sweden,Vet FTE,BDQTY,2025,2.000,2.000,2.000,2.000,2.000,2.000,3.000,3.000,3.000,3.000,3.000,3.000
14,2025,490,1499,SE,56008044,5600,8044,Sweden,Hästsjukhuset Stav,Hästsjukhuset Stav,Vets,Small animal,Sweden,Sweden,Nurse FTE,AQ,2025,4.190,4.470,4.460,4.390,4.580,4.500,3.900,4.500,0.000,0.000,0.000,0.000
14,2025,490,1499,SE,56008044,5600,8044,Sweden,Hästsjukhuset Stav,Hästsjukhuset Stav,Vets,Small animal,Sweden,Sweden,Nurse FTE,BDQTY,2025,4.600,4.600,4.600,4.600,4.600,4.600,4.600,4.600,4.600,4.600,4.600,4.600
14,2025,490,1499,SE,56008044,5600,8044,Sweden,Hästsjukhuset Stav,Hästsjukhuset Stav,Vets,Small animal,Sweden,Sweden,Vet FTE,AQ,2025,3.490,3.490,3.500,3.290,3.150,2.840,2.730,2.840,0.000,0.000,0.000,0.000
14,2025,490,1499,SE,56008044,5600,8044,Sweden,Hästsjukhuset Stav,Hästsjukhuset Stav,Vets,Small animal,Sweden,Sweden,Vet FTE,BDQTY,2025,3.500,3.500,3.500,3.500,3.500,3.500,3.500,3.500,3.500,3.500,3.500,3.500
14,2025,490,1500,SE,56008045,5600,8045,Sweden,Specialisthästsjukhuset Ströms,Specialisthästsjukhu,Vets,Equine,Sweden,Sweden,Nurse FTE,AQ,2025,13.010,13.160,13.400,12.390,11.310,11.020,11.800,11.020,0.000,0.000,0.000,0.000
14,2025,490,1500,SE,56008045,5600,8045,Sweden,Specialisthästsjukhuset Ströms,Specialisthästsjukhu,Vets,Equine,Sweden,Sweden,Nurse FTE,BDQTY,2025,12.900,12.900,12.900,12.900,12.900,13.400,13.900,13.900,14.830,14.600,14.600,13.600
14,2025,490,1500,SE,56008045,5600,8045,Sweden,Specialisthästsjukhuset Ströms,Specialisthästsjukhu,Vets,Equine,Sweden,Sweden,Support FTE,AQ,2025,2.800,2.800,2.800,2.800,2.800,2.800,2.240,2.800,0.000,0.000,0.000,0.000
14,2025,490,1500,SE,56008045,5600,8045,Sweden,Specialisthästsjukhuset Ströms,Specialisthästsjukhu,Vets,Equine,Sweden,Sweden,Support FTE,BDQTY,2025,2.800,2.800,2.800,2.800,2.800,2.800,2.800,2.800,2.800,2.800,2.800,2.800
14,2025,490,1500,SE,56008045,5600,8045,Sweden,Specialisthästsjukhuset Ströms,Specialisthästsjukhu,Vets,Equine,Sweden,Sweden,Vet FTE,AQ,2025,6.830,8.330,8.190,7.050,7.040,7.690,6.840,7.690,0.000,0.000,0.000,0.000
14,2025,490,1500,SE,56008045,5600,8045,Sweden,Specialisthästsjukhuset Ströms,Specialisthästsjukhu,Vets,Equine,Sweden,Sweden,Vet FTE,BDQTY,2025,6.050,5.550,6.350,6.650,7.650,7.650,7.650,7.650,8.350,8.350,8.350,7.350
14,2025,490,1502,SE,56008047,5600,8047,Sweden,Hästkliniken Gävle,Hästkliniken Gävle,Vets,Small animal,Sweden,Sweden,Nurse FTE,AQ,2025,1.960,2.000,2.000,1.890,2.000,2.000,2.000,2.000,0.000,0.000,0.000,0.000
14,2025,490,1502,SE,56008047,5600,8047,Sweden,Hästkliniken Gävle,Hästkliniken Gävle,Vets,Small animal,Sweden,Sweden,Nurse FTE,BDQTY,2025,2.000,2.000,2.000,2.000,2.000,2.000,2.000,2.000,2.000,2.290,2.390,2.000
14,2025,490,1502,SE,56008047,5600,8047,Sweden,Hästkliniken Gävle,Hästkliniken Gävle,Vets,Small animal,Sweden,Sweden,Vet FTE,AQ,2025,2.900,2.900,2.900,2.900,2.900,2.900,2.830,2.900,0.000,0.000,0.000,0.000
14,2025,490,1502,SE,56008047,5600,8047,Sweden,Hästkliniken Gävle,Hästkliniken Gävle,Vets,Small animal,Sweden,Sweden,Vet FTE,BDQTY,2025,3.000,3.000,3.000,3.000,3.000,3.000,3.000,3.000,3.000,3.000,3.000,3.000
14,2025,490,1504,SE,56008049,5600,8049,Sweden,Specialisthästsjukhuset Helsin,Specialisthästsjukhu,Vets,Equine,Sweden,Sweden,Nurse FTE,AQ,2025,20.760,19.670,17.650,21.020,20.250,20.390,20.810,20.680,0.000,0.000,0.000,0.000
14,2025,490,1504,SE,56008049,5600,8049,Sweden,Specialisthästsjukhuset Helsin,Specialisthästsjukhu,Vets,Equine,Sweden,Sweden,Nurse FTE,BDQTY,2025,19.400,19.400,19.400,19.400,19.400,19.400,19.400,19.400,23.250,24.790,23.190,19.400
14,2025,490,1504,SE,56008049,5600,8049,Sweden,Specialisthästsjukhuset Helsin,Specialisthästsjukhu,Vets,Equine,Sweden,Sweden,Support FTE,AQ,2025,5.000,5.200,5.000,4.540,5.000,5.000,5.000,5.000,0.000,0.000,0.000,0.000
14,2025,490,1504,SE,56008049,5600,8049,Sweden,Specialisthästsjukhuset Helsin,Specialisthästsjukhu,Vets,Equine,Sweden,Sweden,Support FTE,BDQTY,2025,5.000,5.000,5.000,5.000,5.000,5.000,5.000,5.000,5.000,5.000,5.000,5.000
14,2025,490,1504,SE,56008049,5600,8049,Sweden,Specialisthästsjukhuset Helsin,Specialisthästsjukhu,Vets,Equine,Sweden,Sweden,Vet FTE,AQ,2025,19.710,19.700,19.080,18.320,17.840,17.050,15.750,17.050,0.000,0.000,0.000,0.000
14,2025,490,1504,SE,56008049,5600,8049,Sweden,Specialisthästsjukhuset Helsin,Specialisthästsjukhu,Vets,Equine,Sweden,Sweden,Vet FTE,BDQTY,2025,18.500,17.500,17.500,17.500,17.500,17.500,17.500,17.500,16.950,16.950,16.950,16.600
14,2025,490,1505,SE,56008050,5600,8050,Sweden,Evidensia Smådjurskliniken Jön,Evidensia Smådjurskl,Vets,Small animal,Sweden,Sweden,Nurse FTE,AQ,2025,11.980,12.050,12.100,12.000,12.250,12.300,11.160,12.300,0.000,0.000,0.000,0.000
14,2025,490,1505,SE,56008050,5600,8050,Sweden,Evidensia Smådjurskliniken Jön,Evidensia Smådjurskl,Vets,Small animal,Sweden,Sweden,Nurse FTE,BDQTY,2025,11.750,11.750,12.150,12.150,12.150,12.150,12.150,12.150,15.650,17.150,16.150,12.150
14,2025,490,1505,SE,56008050,5600,8050,Sweden,Evidensia Smådjurskliniken Jön,Evidensia Smådjurskl,Vets,Small animal,Sweden,Sweden,Support FTE,AQ,2025,8.000,8.600,8.000,7.810,7.670,7.900,7.100,7.900,0.000,0.000,0.000,0.000
14,2025,490,1505,SE,56008050,5600,8050,Sweden,Evidensia Smådjurskliniken Jön,Evidensia Smådjurskl,Vets,Small animal,Sweden,Sweden,Support FTE,BDQTY,2025,7.000,7.000,7.000,6.500,7.000,7.000,7.000,7.000,7.000,7.000,7.000,7.000
14,2025,490,1505,SE,56008050,5600,8050,Sweden,Evidensia Smådjurskliniken Jön,Evidensia Smådjurskl,Vets,Small animal,Sweden,Sweden,Vet FTE,AQ,2025,8.720,8.600,9.100,7.850,8.860,8.720,6.490,8.720,0.000,0.000,0.000,0.000
14,2025,490,1505,SE,56008050,5600,8050,Sweden,Evidensia Smådjurskliniken Jön,Evidensia Smådjurskl,Vets,Small animal,Sweden,Sweden,Vet FTE,BDQTY,2025,8.600,8.800,8.800,8.800,8.800,8.800,8.800,8.800,9.000,8.100,9.000,9.000
14,2025,490,1506,SE,56008051,5600,8051,Sweden,Djursjukhuset Analysen Örebro,Djursjukhuset Analys,Vets,Small animal,Sweden,Sweden,Nurse FTE,AQ,2025,7.980,7.970,8.100,7.740,7.460,7.500,7.740,7.500,0.000,0.000,0.000,0.000
14,2025,490,1506,SE,56008051,5600,8051,Sweden,Djursjukhuset Analysen Örebro,Djursjukhuset Analys,Vets,Small animal,Sweden,Sweden,Nurse FTE,BDQTY,2025,8.050,8.050,8.050,8.050,8.050,8.050,8.050,8.050,9.050,9.550,9.050,8.050
14,2025,490,1506,SE,56008051,5600,8051,Sweden,Djursjukhuset Analysen Örebro,Djursjukhuset Analys,Vets,Small animal,Sweden,Sweden,Support FTE,AQ,2025,1.000,1.000,1.000,0.670,0.610,0.970,1.000,0.970,0.000,0.000,0.000,0.000
14,2025,490,1506,SE,56008051,5600,8051,Sweden,Djursjukhuset Analysen Örebro,Djursjukhuset Analys,Vets,Small animal,Sweden,Sweden,Support FTE,BDQTY,2025,2.000,2.000,2.000,2.000,2.000,2.000,2.000,2.000,2.000,2.000,2.000,2.000
14,2025,490,1506,SE,56008051,5600,8051,Sweden,Djursjukhuset Analysen Örebro,Djursjukhuset Analys,Vets,Small animal,Sweden,Sweden,Vet FTE,AQ,2025,5.560,5.510,5.610,5.230,5.260,5.410,5.780,5.410,0.000,0.000,0.000,0.000
14,2025,490,1506,SE,56008051,5600,8051,Sweden,Djursjukhuset Analysen Örebro,Djursjukhuset Analys,Vets,Small animal,Sweden,Sweden,Vet FTE,BDQTY,2025,6.460,6.460,6.460,6.460,6.460,6.460,6.460,6.460,6.960,7.460,6.460,6.460
14,2025,490,1507,SE,56008052,5600,8052,Sweden,Mälarhöjdens Veterinärpraktik,Mälarhöjdens Veterin,Vets,Small animal,Sweden,Sweden,Nurse FTE,AQ,2025,4.960,4.950,5.000,4.700,5.000,5.910,6.600,5.000,0.000,0.000,0.000,0.000
14,2025,490,1507,SE,56008052,5600,8052,Sweden,Mälarhöjdens Veterinärpraktik,Mälarhöjdens Veterin,Vets,Small animal,Sweden,Sweden,Nurse FTE,BDQTY,2025,5.000,5.000,5.000,5.000,5.000,5.000,5.000,5.000,5.250,5.950,5.000,5.000
14,2025,490,1507,SE,56008052,5600,8052,Sweden,Mälarhöjdens Veterinärpraktik,Mälarhöjdens Veterin,Vets,Small animal,Sweden,Sweden,Support FTE,AQ,2025,1.000,1.000,1.000,0.940,1.000,1.000,1.000,1.000,0.000,0.000,0.000,0.000
14,2025,490,1507,SE,56008052,5600,8052,Sweden,Mälarhöjdens Veterinärpraktik,Mälarhöjdens Veterin,Vets,Small animal,Sweden,Sweden,Support FTE,BDQTY,2025,1.000,1.000,1.000,1.000,1.000,1.000,1.000,1.000,1.000,1.000,1.000,1.000
14,2025,490,1507,SE,56008052,5600,8052,Sweden,Mälarhöjdens Veterinärpraktik,Mälarhöjdens Veterin,Vets,Small animal,Sweden,Sweden,Vet FTE,AQ,2025,3.000,3.000,3.000,2.890,3.000,3.000,3.000,3.000,0.000,0.000,0.000,0.000
14,2025,490,1507,SE,56008052,5600,8052,Sweden,Mälarhöjdens Veterinärpraktik,Mälarhöjdens Veterin,Vets,Small animal,Sweden,Sweden,Vet FTE,BDQTY,2025,3.000,3.000,3.000,3.000,3.000,3.000,3.000,3.000,3.000,3.000,3.000,3.000
14,2025,490,1518,SE,56008063,5600,8063,Sweden,Kullabygden,Kullabygden,Vets,Small animal,Sweden,Sweden,Nurse FTE,AQ,2025,3.360,3.730,3.050,3.980,3.580,3.760,3.090,3.760,0.000,0.000,0.000,0.000
14,2025,490,1518,SE,56008063,5600,8063,Sweden,Kullabygden,Kullabygden,Vets,Small animal,Sweden,Sweden,Nurse FTE,BDQTY,2025,3.050,3.050,3.050,3.050,3.050,3.050,3.050,3.050,3.050,3.850,3.850,3.050
14,2025,490,1518,SE,56008063,5600,8063,Sweden,Kullabygden,Kullabygden,Vets,Small animal,Sweden,Sweden,Support FTE,AQ,2025,1.700,1.700,1.700,1.700,1.700,1.700,1.700,1.700,0.000,0.000,0.000,0.000
14,2025,490,1518,SE,56008063,5600,8063,Sweden,Kullabygden,Kullabygden,Vets,Small animal,Sweden,Sweden,Support FTE,BDQTY,2025,1.700,1.700,1.700,1.700,1.700,1.700,1.700,1.700,1.700,1.700,1.700,1.700
14,2025,490,1518,SE,56008063,5600,8063,Sweden,Kullabygden,Kullabygden,Vets,Small animal,Sweden,Sweden,Vet FTE,AQ,2025,3.560,3.550,3.600,3.440,3.600,3.600,3.550,3.600,0.000,0.000,0.000,0.000
14,2025,490,1518,SE,56008063,5600,8063,Sweden,Kullabygden,Kullabygden,Vets,Small animal,Sweden,Sweden,Vet FTE,BDQTY,2025,3.200,3.200,3.200,3.200,3.200,3.200,3.200,3.200,3.200,3.200,3.200,3.200
14,2025,490,1520,SE,56008065,5600,8065,Sweden,Södra Berget Veterinärpraktik,Södra Berget Veterin,Vets,Small animal,Sweden,Sweden,Nurse FTE,AQ,2025,15.260,14.670,16.540,13.480,16.130,14.710,16.370,15.690,0.000,0.000,0.000,0.000
14,2025,490,1520,SE,56008065,5600,8065,Sweden,Södra Berget Veterinärpraktik,Södra Berget Veterin,Vets,Small animal,Sweden,Sweden,Nurse FTE,BDQTY,2025,12.790,12.790,12.790,12.790,12.790,12.790,12.790,12.790,14.680,16.260,15.730,12.790
14,2025,490,1520,SE,56008065,5600,8065,Sweden,Södra Berget Veterinärpraktik,Södra Berget Veterin,Vets,Small animal,Sweden,Sweden,Support FTE,AQ,2025,6.480,5.870,6.870,6.370,5.720,5.610,5.560,4.610,0.000,0.000,0.000,0.000
14,2025,490,1520,SE,56008065,5600,8065,Sweden,Södra Berget Veterinärpraktik,Södra Berget Veterin,Vets,Small animal,Sweden,Sweden,Support FTE,BDQTY,2025,6.770,6.770,6.770,6.770,6.770,6.770,6.770,6.770,6.770,6.770,6.770,6.770
14,2025,490,1520,SE,56008065,5600,8065,Sweden,Södra Berget Veterinärpraktik,Södra Berget Veterin,Vets,Small animal,Sweden,Sweden,Vet FTE,AQ,2025,8.280,8.780,9.170,8.060,8.780,7.500,8.250,7.500,0.000,0.000,0.000,0.000
14,2025,490,1520,SE,56008065,5600,8065,Sweden,Södra Berget Veterinärpraktik,Södra Berget Veterin,Vets,Small animal,Sweden,Sweden,Vet FTE,BDQTY,2025,9.340,9.340,9.340,9.340,9.340,9.340,9.340,9.340,9.840,10.340,10.340,10.140
14,2025,490,1521,SE,56008066,5600,8066,Sweden,Veterinärkliniken Malmö Eviden,Oresund Malmo Veter,Vets,Small animal,Sweden,Sweden,Nurse FTE,AQ,2025,2.730,2.740,2.800,3.060,2.420,2.330,2.190,2.330,0.000,0.000,0.000,0.000
14,2025,490,1521,SE,56008066,5600,8066,Sweden,Veterinärkliniken Malmö Eviden,Oresund Malmo Veter,Vets,Small animal,Sweden,Sweden,Nurse FTE,BDQTY,2025,2.900,2.900,2.900,2.900,2.900,2.900,2.900,2.900,2.900,2.900,2.900,2.900
14,2025,490,1521,SE,56008066,5600,8066,Sweden,Veterinärkliniken Malmö Eviden,Oresund Malmo Veter,Vets,Small animal,Sweden,Sweden,Support FTE,AQ,2025,1.960,1.880,2.000,1.920,2.000,2.000,2.000,2.000,0.000,0.000,0.000,0.000
14,2025,490,1521,SE,56008066,5600,8066,Sweden,Veterinärkliniken Malmö Eviden,Oresund Malmo Veter,Vets,Small animal,Sweden,Sweden,Support FTE,BDQTY,2025,2.000,1.800,1.800,1.800,1.800,1.800,1.800,2.000,2.000,2.000,2.000,2.000
14,2025,490,1521,SE,56008066,5600,8066,Sweden,Veterinärkliniken Malmö Eviden,Oresund Malmo Veter,Vets,Small animal,Sweden,Sweden,Vet FTE,AQ,2025,1.950,1.950,1.950,1.840,1.950,1.900,1.850,1.900,0.000,0.000,0.000,0.000
14,2025,490,1521,SE,56008066,5600,8066,Sweden,Veterinärkliniken Malmö Eviden,Oresund Malmo Veter,Vets,Small animal,Sweden,Sweden,Vet FTE,BDQTY,2025,1.550,1.550,1.550,1.550,1.550,1.550,1.550,1.550,1.550,1.550,1.550,1.550
14,2025,490,1522,SE,56008067,5600,8067,Sweden,Veterinärkliniken Limhamn Evid,Limhamn Veterinarpra,Vets,Small animal,Sweden,Sweden,Nurse FTE,AQ,2025,4.760,4.800,4.800,4.660,5.070,4.300,4.000,4.300,0.000,0.000,0.000,0.000
14,2025,490,1522,SE,56008067,5600,8067,Sweden,Veterinärkliniken Limhamn Evid,Limhamn Veterinarpra,Vets,Small animal,Sweden,Sweden,Nurse FTE,BDQTY,2025,3.800,3.800,3.800,3.800,3.800,3.800,3.800,3.800,4.000,4.000,4.000,3.800
14,2025,490,1522,SE,56008067,5600,8067,Sweden,Veterinärkliniken Limhamn Evid,Limhamn Veterinarpra,Vets,Small animal,Sweden,Sweden,Support FTE,BDQTY,2025,1.000,1.000,1.000,1.000,1.000,1.000,1.000,1.000,1.000,1.000,1.000,1.000
14,2025,490,1522,SE,56008067,5600,8067,Sweden,Veterinärkliniken Limhamn Evid,Limhamn Veterinarpra,Vets,Small animal,Sweden,Sweden,Vet FTE,AQ,2025,2.750,3.020,3.500,3.070,3.420,3.410,2.820,3.410,0.000,0.000,0.000,0.000
14,2025,490,1522,SE,56008067,5600,8067,Sweden,Veterinärkliniken Limhamn Evid,Limhamn Veterinarpra,Vets,Small animal,Sweden,Sweden,Vet FTE,BDQTY,2025,2.450,2.450,2.450,2.450,2.450,2.450,2.450,3.200,3.200,3.200,3.200,3.200
14,2025,490,1523,SE,56008068,5600,8068,Sweden,Visby Veterinärpraktik,Visby Veterinarprakt,Vets,Small animal,Sweden,Sweden,Nurse FTE,AQ,2025,0.500,0.500,1.460,0.500,1.700,0.700,1.500,0.700,0.000,0.000,0.000,0.000
14,2025,490,1523,SE,56008068,5600,8068,Sweden,Visby Veterinärpraktik,Visby Veterinarprakt,Vets,Small animal,Sweden,Sweden,Nurse FTE,BDQTY,2025,3.620,3.620,3.620,3.620,3.620,3.620,3.620,3.620,5.620,5.620,5.620,3.620
14,2025,490,1523,SE,56008068,5600,8068,Sweden,Visby Veterinärpraktik,Visby Veterinarprakt,Vets,Small animal,Sweden,Sweden,Vet FTE,AQ,2025,1.440,1.760,2.300,2.670,2.500,3.330,2.100,3.250,0.000,0.000,0.000,0.000
14,2025,490,1523,SE,56008068,5600,8068,Sweden,Visby Veterinärpraktik,Visby Veterinarprakt,Vets,Small animal,Sweden,Sweden,Vet FTE,BDQTY,2025,1.800,1.800,1.800,1.800,2.600,3.600,3.600,3.600,5.600,5.600,5.600,3.600
14,2025,490,1526,SE,56008072,5600,8072,Sweden,Veterinärhuset Lidköping,Lidkoping,Vets,Small animal,Sweden,Sweden,Nurse FTE,AQ,2025,5.690,6.670,7.350,5.530,6.710,6.540,6.330,6.540,0.000,0.000,0.000,0.000
14,2025,490,1526,SE,56008072,5600,8072,Sweden,Veterinärhuset Lidköping,Lidkoping,Vets,Small animal,Sweden,Sweden,Nurse FTE,BDQTY,2025,6.050,6.050,6.050,6.050,6.050,6.050,6.050,6.050,5.600,5.450,5.450,5.450
14,2025,490,1526,SE,56008072,5600,8072,Sweden,Veterinärhuset Lidköping,Lidkoping,Vets,Small animal,Sweden,Sweden,Support FTE,AQ,2025,1.000,1.000,1.000,1.000,1.000,1.000,1.000,1.000,0.000,0.000,0.000,0.000
14,2025,490,1526,SE,56008072,5600,8072,Sweden,Veterinärhuset Lidköping,Lidkoping,Vets,Small animal,Sweden,Sweden,Support FTE,BDQTY,2025,1.000,1.000,1.000,1.000,1.000,1.000,1.000,1.000,1.000,1.000,1.000,1.000
14,2025,490,1526,SE,56008072,5600,8072,Sweden,Veterinärhuset Lidköping,Lidkoping,Vets,Small animal,Sweden,Sweden,Vet FTE,AQ,2025,3.360,3.160,4.400,1.520,3.000,3.000,2.450,3.000,0.000,0.000,0.000,0.000
14,2025,490,1526,SE,56008072,5600,8072,Sweden,Veterinärhuset Lidköping,Lidkoping,Vets,Small animal,Sweden,Sweden,Vet FTE,BDQTY,2025,3.400,3.400,2.500,2.500,2.500,2.500,2.770,2.630,2.500,2.500,2.500,2.500
14,2025,490,1527,SE,56008073,5600,8073,Sweden,Ugglarp Gard Hast,Ugglarp Gard Hast,Vets,Equine,Sweden,Sweden,Nurse FTE,AQ,2025,2.980,2.980,1.900,3.680,2.910,2.910,2.470,2.910,0.000,0.000,0.000,0.000
14,2025,490,1527,SE,56008073,5600,8073,Sweden,Ugglarp Gard Hast,Ugglarp Gard Hast,Vets,Equine,Sweden,Sweden,Nurse FTE,BDQTY,2025,2.800,2.800,2.800,2.800,2.800,2.800,3.200,3.200,3.490,4.120,3.990,3.200
14,2025,490,1527,SE,56008073,5600,8073,Sweden,Ugglarp Gard Hast,Ugglarp Gard Hast,Vets,Equine,Sweden,Sweden,Vet FTE,AQ,2025,0.800,0.870,0.800,0.950,2.000,2.310,2.660,3.000,0.000,0.000,0.000,0.000
14,2025,490,1527,SE,56008073,5600,8073,Sweden,Ugglarp Gard Hast,Ugglarp Gard Hast,Vets,Equine,Sweden,Sweden,Vet FTE,BDQTY,2025,2.200,2.200,2.200,2.200,2.200,2.200,2.600,2.600,2.600,2.600,2.600,2.600
14,2025,490,1529,SE,56008075,5600,8075,Sweden,On-line Vet,On-line Vet,Vets,Small animal,Sweden,Sweden,Support FTE,AQ,2025,1.070,1.140,2.000,-0.100,1.000,1.000,1.000,1.000,0.000,0.000,0.000,0.000
14,2025,490,1529,SE,56008075,5600,8075,Sweden,On-line Vet,On-line Vet,Vets,Small animal,Sweden,Sweden,Support FTE,BDQTY,2025,1.950,2.000,2.000,2.000,2.000,2.000,2.000,2.000,2.000,2.000,2.000,2.000
14,2025,490,1529,SE,56008075,5600,8075,Sweden,On-line Vet,On-line Vet,Vets,Small animal,Sweden,Sweden,Vet FTE,AQ,2025,3.000,3.000,3.000,3.000,3.000,3.000,3.000,3.000,0.000,0.000,0.000,0.000
14,2025,490,1529,SE,56008075,5600,8075,Sweden,On-line Vet,On-line Vet,Vets,Small animal,Sweden,Sweden,Vet FTE,BDQTY,2025,2.900,2.900,2.900,2.900,2.900,2.900,2.900,2.900,2.900,2.900,2.900,2.900
14,2025,490,1532,SE,56008078,5600,8078,Sweden,Viken Smådjursklinik Evidensia,Viken Smådjursklinik,Vets,Small animal,Sweden,Sweden,Nurse FTE,BDQTY,2025,0.200,0.200,0.200,0.200,0.200,0.200,0.200,0.200,0.200,0.200,0.200,0.200
14,2025,490,1532,SE,56008078,5600,8078,Sweden,Viken Smådjursklinik Evidensia,Viken Smådjursklinik,Vets,Small animal,Sweden,Sweden,Support FTE,BDQTY,2025,0.400,0.400,0.400,0.400,0.400,0.400,0.400,0.400,0.400,0.400,0.400,0.400
14,2025,490,1532,SE,56008078,5600,8078,Sweden,Viken Smådjursklinik Evidensia,Viken Smådjursklinik,Vets,Small animal,Sweden,Sweden,Vet FTE,BDQTY,2025,0.600,0.600,0.600,0.600,0.600,0.600,0.600,0.600,0.600,0.600,0.600,0.600
14,2025,490,1534,SE,56008080,5600,8080,Sweden,Lunds Djursjukhus,Lunds Djursjukhus AB,Vets,Small animal,Sweden,Sweden,Nurse FTE,AQ,2025,20.980,18.890,16.490,19.090,16.050,17.040,17.670,18.040,0.000,0.000,0.000,0.000
14,2025,490,1534,SE,56008080,5600,8080,Sweden,Lunds Djursjukhus,Lunds Djursjukhus AB,Vets,Small animal,Sweden,Sweden,Nurse FTE,BDQTY,2025,19.950,19.950,20.150,20.000,20.000,20.000,20.200,21.000,24.800,27.000,24.500,22.000
14,2025,490,1534,SE,56008080,5600,8080,Sweden,Lunds Djursjukhus,Lunds Djursjukhus AB,Vets,Small animal,Sweden,Sweden,Support FTE,AQ,2025,11.360,10.860,11.240,11.000,11.550,12.070,12.480,12.070,0.000,0.000,0.000,0.000
14,2025,490,1534,SE,56008080,5600,8080,Sweden,Lunds Djursjukhus,Lunds Djursjukhus AB,Vets,Small animal,Sweden,Sweden,Support FTE,BDQTY,2025,11.240,11.240,11.240,11.240,11.240,11.240,11.240,11.240,11.240,11.240,11.240,11.240
14,2025,490,1534,SE,56008080,5600,8080,Sweden,Lunds Djursjukhus,Lunds Djursjukhus AB,Vets,Small animal,Sweden,Sweden,Vet FTE,AQ,2025,14.640,14.800,14.650,14.250,14.620,15.380,15.150,15.380,0.000,0.000,0.000,0.000
14,2025,490,1534,SE,56008080,5600,8080,Sweden,Lunds Djursjukhus,Lunds Djursjukhus AB,Vets,Small animal,Sweden,Sweden,Vet FTE,BDQTY,2025,14.300,14.300,14.300,15.100,14.600,14.100,14.100,14.100,14.100,14.100,14.100,14.100
14,2025,490,1535,SE,56008081,5600,8081,Sweden,Kristinehamn Smadjursklinik,Djurkliniken Karlsko,Vets,Small animal,Sweden,Sweden,Nurse FTE,BDQTY,2025,1.000,1.000,1.000,1.000,1.000,1.000,1.000,1.000,1.000,1.000,1.000,1.000
14,2025,490,1535,SE,56008081,5600,8081,Sweden,Kristinehamn Smadjursklinik,Djurkliniken Karlsko,Vets,Small animal,Sweden,Sweden,Vet FTE,BDQTY,2025,0.800,0.800,0.800,0.800,0.800,0.800,0.800,0.800,0.800,0.800,0.800,0.800
14,2025,490,1536,SE,56008082,5600,8082,Sweden,Ulvsby Smådjursklinik AB,Ulvsby Smådjursklini,Vets,Small animal,Sweden,Sweden,Nurse FTE,AQ,2025,6.350,6.350,6.270,5.680,5.100,3.880,3.330,3.880,0.000,0.000,0.000,0.000
14,2025,490,1536,SE,56008082,5600,8082,Sweden,Ulvsby Smådjursklinik AB,Ulvsby Smådjursklini,Vets,Small animal,Sweden,Sweden,Nurse FTE,BDQTY,2025,7.100,7.100,7.100,7.100,7.100,7.100,7.100,7.100,7.100,7.900,7.900,7.900
14,2025,490,1536,SE,56008082,5600,8082,Sweden,Ulvsby Smådjursklinik AB,Ulvsby Smådjursklini,Vets,Small animal,Sweden,Sweden,Support FTE,AQ,2025,0.600,0.600,0.600,0.500,0.800,0.800,0.800,0.800,0.000,0.000,0.000,0.000
14,2025,490,1536,SE,56008082,5600,8082,Sweden,Ulvsby Smådjursklinik AB,Ulvsby Smådjursklini,Vets,Small animal,Sweden,Sweden,Support FTE,BDQTY,2025,0.600,0.600,0.600,0.600,0.600,0.600,0.600,0.600,0.600,0.600,0.600,0.600
14,2025,490,1536,SE,56008082,5600,8082,Sweden,Ulvsby Smådjursklinik AB,Ulvsby Smådjursklini,Vets,Small animal,Sweden,Sweden,Vet FTE,AQ,2025,3.280,3.220,2.650,2.250,2.180,2.270,2.250,2.270,0.000,0.000,0.000,0.000
14,2025,490,1536,SE,56008082,5600,8082,Sweden,Ulvsby Smådjursklinik AB,Ulvsby Smådjursklini,Vets,Small animal,Sweden,Sweden,Vet FTE,BDQTY,2025,3.150,3.150,3.150,3.150,3.150,3.850,3.850,3.850,3.850,3.850,3.850,3.850
14,2025,490,32634,SE,56008084,5600,8084,Sweden,HO,Lidingö,HO,HO,Sweden,Sweden,Nurse FTE,AQ,2025,6.580,6.610,5.800,5.180,5.750,5.800,5.270,5.800,0.000,0.000,0.000,0.000
14,2025,490,32634,SE,56008084,5600,8084,Sweden,HO,Lidingö,HO,HO,Sweden,Sweden,Nurse FTE,BDQTY,2025,6.360,6.360,6.360,6.360,6.360,6.360,6.360,6.360,6.360,6.400,6.400,6.400
14,2025,490,32634,SE,56008084,5600,8084,Sweden,HO,Lidingö,HO,HO,Sweden,Sweden,Vet FTE,AQ,2025,3.530,3.700,2.700,2.640,1.850,1.900,1.900,1.900,0.000,0.000,0.000,0.000
14,2025,490,32634,SE,56008084,5600,8084,Sweden,HO,Lidingö,HO,HO,Sweden,Sweden,Vet FTE,BDQTY,2025,3.250,3.250,3.250,3.250,3.250,3.250,3.250,3.250,3.250,3.250,3.250,3.250
14,2025,490,37739,SE,56008086,5600,8086,Sweden,NA,Vasastans Veterinärk,NA,NA,NA,NA,Nurse FTE,AQ,2025,5.590,5.340,4.750,6.850,5.480,5.140,4.590,5.140,0.000,0.000,0.000,0.000
14,2025,490,37739,SE,56008086,5600,8086,Sweden,NA,Vasastans Veterinärk,NA,NA,NA,NA,Nurse FTE,BDQTY,2025,4.700,4.700,4.700,4.700,4.700,4.700,4.700,4.700,4.700,4.700,4.700,4.700
14,2025,490,37739,SE,56008086,5600,8086,Sweden,NA,Vasastans Veterinärk,NA,NA,NA,NA,Support FTE,AQ,2025,2.000,1.950,2.000,2.000,2.000,1.520,1.500,1.770,0.000,0.000,0.000,0.000
14,2025,490,37739,SE,56008086,5600,8086,Sweden,NA,Vasastans Veterinärk,NA,NA,NA,NA,Support FTE,BDQTY,2025,2.000,2.000,2.000,1.800,1.800,1.800,1.800,1.800,1.800,1.800,1.800,1.800
14,2025,490,37739,SE,56008086,5600,8086,Sweden,NA,Vasastans Veterinärk,NA,NA,NA,NA,Vet FTE,AQ,2025,3.160,3.200,3.200,3.420,2.660,2.200,3.100,2.200,0.000,0.000,0.000,0.000
14,2025,490,37739,SE,56008086,5600,8086,Sweden,NA,Vasastans Veterinärk,NA,NA,NA,NA,Vet FTE,BDQTY,2025,2.950,2.950,2.950,2.950,3.450,3.750,3.750,3.750,3.750,3.750,3.750,3.750
14,2025,490,48118,SE,56008088,5600,8088,Sweden,NA,Uppsala,NA,NA,NA,NA,Nurse FTE,AQ,2025,17.690,17.600,20.200,14.860,18.160,19.050,18.950,19.050,0.000,0.000,0.000,0.000
14,2025,490,48118,SE,56008088,5600,8088,Sweden,NA,Uppsala,NA,NA,NA,NA,Nurse FTE,BDQTY,2025,17.200,17.200,17.200,16.200,15.600,15.600,15.600,15.600,15.400,15.150,15.400,15.600
14,2025,490,48118,SE,56008088,5600,8088,Sweden,NA,Uppsala,NA,NA,NA,NA,Support FTE,AQ,2025,1.000,1.000,1.000,1.000,1.000,1.000,1.000,1.000,0.000,0.000,0.000,0.000
14,2025,490,48118,SE,56008088,5600,8088,Sweden,NA,Uppsala,NA,NA,NA,NA,Support FTE,BDQTY,2025,1.700,1.700,1.700,1.700,1.700,1.700,1.700,1.700,1.700,1.700,1.700,1.700
14,2025,490,48118,SE,56008088,5600,8088,Sweden,NA,Uppsala,NA,NA,NA,NA,Vet FTE,AQ,2025,17.580,16.800,18.450,15.840,16.550,17.780,17.740,17.780,0.000,0.000,0.000,0.000
14,2025,490,48118,SE,56008088,5600,8088,Sweden,NA,Uppsala,NA,NA,NA,NA,Vet FTE,BDQTY,2025,12.650,12.650,11.900,12.150,11.750,12.500,12.200,11.900,10.550,10.450,11.200,12.350
14,2025,490,37740,SE,56008089,5600,8089,Sweden,NA,Sävedalen,NA,NA,NA,NA,Nurse FTE,AQ,2025,6.240,6.390,6.540,5.850,6.490,6.520,6.250,6.520,0.000,0.000,0.000,0.000
14,2025,490,37740,SE,56008089,5600,8089,Sweden,NA,Sävedalen,NA,NA,NA,NA,Nurse FTE,BDQTY,2025,5.600,5.600,5.600,5.600,5.600,4.700,4.700,4.700,4.700,4.700,4.700,4.700
14,2025,490,37740,SE,56008089,5600,8089,Sweden,NA,Sävedalen,NA,NA,NA,NA,Support FTE,AQ,2025,0.000,0.000,0.800,-0.630,0.110,0.040,0.160,0.040,0.000,0.000,0.000,0.000
14,2025,490,37740,SE,56008089,5600,8089,Sweden,NA,Sävedalen,NA,NA,NA,NA,Vet FTE,AQ,2025,2.550,2.760,3.600,2.380,3.390,3.400,3.000,3.400,0.000,0.000,0.000,0.000
14,2025,490,37740,SE,56008089,5600,8089,Sweden,NA,Sävedalen,NA,NA,NA,NA,Vet FTE,BDQTY,2025,2.800,2.800,2.800,2.800,2.800,2.800,2.800,2.800,2.800,2.800,2.800,2.800
14,2025,490,38671,SE,56008090,5600,8090,Sweden,NA,Åmål,NA,NA,NA,NA,Nurse FTE,AQ,2025,6.210,6.460,8.100,6.010,6.950,7.050,7.100,7.050,0.000,0.000,0.000,0.000
14,2025,490,38671,SE,56008090,5600,8090,Sweden,NA,Åmål,NA,NA,NA,NA,Nurse FTE,BDQTY,2025,7.450,7.450,7.450,7.450,7.450,7.450,7.450,7.450,7.450,7.450,7.450,7.450
14,2025,490,38671,SE,56008090,5600,8090,Sweden,NA,Åmål,NA,NA,NA,NA,Support FTE,AQ,2025,1.000,1.000,1.000,2.000,1.760,1.000,1.000,1.000,0.000,0.000,0.000,0.000
14,2025,490,38671,SE,56008090,5600,8090,Sweden,NA,Åmål,NA,NA,NA,NA,Support FTE,BDQTY,2025,1.000,1.000,1.000,1.000,1.000,1.000,1.000,1.000,1.000,1.000,1.000,1.000
14,2025,490,38671,SE,56008090,5600,8090,Sweden,NA,Åmål,NA,NA,NA,NA,Vet FTE,AQ,2025,4.510,4.480,4.550,3.810,4.510,4.800,4.560,4.800,0.000,0.000,0.000,0.000
14,2025,490,38671,SE,56008090,5600,8090,Sweden,NA,Åmål,NA,NA,NA,NA,Vet FTE,BDQTY,2025,3.500,3.500,3.500,3.500,3.500,3.500,3.500,2.900,3.500,3.500,3.500,3.500
14,2025,490,37937,SE,56008092,5600,8092,Sweden,NA,Göteborgs Djursjukhu,NA,NA,NA,NA,Nurse FTE,AQ,2025,3.800,3.950,4.000,4.410,3.930,4.620,4.420,4.620,0.000,0.000,0.000,0.000
14,2025,490,37937,SE,56008092,5600,8092,Sweden,NA,Göteborgs Djursjukhu,NA,NA,NA,NA,Nurse FTE,BDQTY,2025,3.800,3.800,3.800,3.800,3.800,3.800,3.800,3.800,3.800,3.800,3.800,3.800
14,2025,490,37937,SE,56008092,5600,8092,Sweden,NA,Göteborgs Djursjukhu,NA,NA,NA,NA,Support FTE,AQ,2025,1.000,1.000,2.000,0.000,1.000,1.000,1.000,1.000,0.000,0.000,0.000,0.000
14,2025,490,37937,SE,56008092,5600,8092,Sweden,NA,Göteborgs Djursjukhu,NA,NA,NA,NA,Support FTE,BDQTY,2025,2.000,2.000,1.800,1.800,1.800,1.800,1.800,1.800,1.800,1.800,1.800,1.800
14,2025,490,37937,SE,56008092,5600,8092,Sweden,NA,Göteborgs Djursjukhu,NA,NA,NA,NA,Vet FTE,AQ,2025,3.000,2.950,3.000,2.410,2.800,2.800,2.750,2.800,0.000,0.000,0.000,0.000
14,2025,490,37937,SE,56008092,5600,8092,Sweden,NA,Göteborgs Djursjukhu,NA,NA,NA,NA,Vet FTE,BDQTY,2025,2.000,2.000,2.000,2.000,2.000,2.000,2.000,2.000,2.000,2.000,2.000,2.000
14,2025,490,38672,SE,56008093,5600,8093,Sweden,NA,Skånes Mitt,NA,NA,NA,NA,Nurse FTE,AQ,2025,5.030,5.420,5.450,4.930,4.810,4.880,4.720,4.880,0.000,0.000,0.000,0.000
14,2025,490,38672,SE,56008093,5600,8093,Sweden,NA,Skånes Mitt,NA,NA,NA,NA,Nurse FTE,BDQTY,2025,4.250,4.250,4.250,4.250,4.250,4.250,4.250,4.250,4.250,4.250,4.250,4.250
14,2025,490,38672,SE,56008093,5600,8093,Sweden,NA,Skånes Mitt,NA,NA,NA,NA,Support FTE,AQ,2025,3.000,3.000,3.000,2.370,2.130,2.540,2.840,2.540,0.000,0.000,0.000,0.000
14,2025,490,38672,SE,56008093,5600,8093,Sweden,NA,Skånes Mitt,NA,NA,NA,NA,Support FTE,BDQTY,2025,2.000,2.000,2.000,2.000,2.000,2.000,2.000,2.000,2.000,3.000,3.000,2.000
14,2025,490,38672,SE,56008093,5600,8093,Sweden,NA,Skånes Mitt,NA,NA,NA,NA,Vet FTE,AQ,2025,2.570,2.550,2.400,2.690,2.800,2.800,2.090,2.800,0.000,0.000,0.000,0.000
14,2025,490,38672,SE,56008093,5600,8093,Sweden,NA,Skånes Mitt,NA,NA,NA,NA,Vet FTE,BDQTY,2025,4.200,4.200,4.200,4.200,4.200,4.200,4.200,4.200,4.200,4.200,4.200,4.200
14,2025,490,38509,SE,56008094,5600,8094,Sweden,NA,Solsidan,NA,NA,NA,NA,Nurse FTE,AQ,2025,1.870,1.870,1.880,1.940,1.880,1.990,1.990,1.990,0.000,0.000,0.000,0.000
14,2025,490,38509,SE,56008094,5600,8094,Sweden,NA,Solsidan,NA,NA,NA,NA,Nurse FTE,BDQTY,2025,1.880,1.880,1.880,1.880,1.880,1.880,1.880,1.880,1.880,1.880,1.880,1.880
14,2025,490,38509,SE,56008094,5600,8094,Sweden,NA,Solsidan,NA,NA,NA,NA,Support FTE,AQ,2025,0.960,1.000,1.000,0.900,1.000,0.860,1.000,0.860,0.000,0.000,0.000,0.000
14,2025,490,38509,SE,56008094,5600,8094,Sweden,NA,Solsidan,NA,NA,NA,NA,Support FTE,BDQTY,2025,1.000,1.000,1.000,1.000,1.000,1.000,1.000,1.000,1.000,1.000,1.000,1.000
14,2025,490,38509,SE,56008094,5600,8094,Sweden,NA,Solsidan,NA,NA,NA,NA,Vet FTE,AQ,2025,0.930,0.930,0.940,0.830,1.880,0.930,0.850,0.930,0.000,0.000,0.000,0.000
14,2025,490,38509,SE,56008094,5600,8094,Sweden,NA,Solsidan,NA,NA,NA,NA,Vet FTE,BDQTY,2025,1.940,1.940,1.940,1.940,1.940,1.940,1.940,1.940,1.940,1.940,1.940,1.940
14,2025,490,38673,SE,56008095,5600,8095,Sweden,NA,Tyresö Djurklinik AB,NA,NA,NA,NA,Nurse FTE,AQ,2025,5.650,5.650,5.650,3.590,4.650,3.550,2.530,3.550,0.000,0.000,0.000,0.000
14,2025,490,38673,SE,56008095,5600,8095,Sweden,NA,Tyresö Djurklinik AB,NA,NA,NA,NA,Nurse FTE,BDQTY,2025,4.400,4.400,4.400,4.400,4.400,4.400,4.400,4.400,4.400,4.400,4.400,4.400
14,2025,490,38673,SE,56008095,5600,8095,Sweden,NA,Tyresö Djurklinik AB,NA,NA,NA,NA,Support FTE,AQ,2025,2.160,2.800,3.000,4.980,4.000,4.000,4.000,4.000,0.000,0.000,0.000,0.000
14,2025,490,38673,SE,56008095,5600,8095,Sweden,NA,Tyresö Djurklinik AB,NA,NA,NA,NA,Support FTE,BDQTY,2025,3.000,3.000,3.000,3.000,3.000,3.000,3.000,3.000,3.000,3.000,3.000,3.000
14,2025,490,38673,SE,56008095,5600,8095,Sweden,NA,Tyresö Djurklinik AB,NA,NA,NA,NA,Vet FTE,AQ,2025,1.120,1.800,2.300,2.300,2.640,2.770,2.430,2.770,0.000,0.000,0.000,0.000
14,2025,490,38673,SE,56008095,5600,8095,Sweden,NA,Tyresö Djurklinik AB,NA,NA,NA,NA,Vet FTE,BDQTY,2025,2.080,2.080,2.080,2.080,2.080,2.080,2.080,2.080,2.080,2.080,2.080,2.080
14,2025,490,50633,SE,56008097,5600,8097,Sweden,NA,Mittnorrlands Djursj,NA,NA,NA,NA,Nurse FTE,AQ,2025,0.800,0.800,0.800,0.800,0.800,0.800,0.800,0.800,0.000,0.000,0.000,0.000
14,2025,490,50633,SE,56008097,5600,8097,Sweden,NA,Mittnorrlands Djursj,NA,NA,NA,NA,Nurse FTE,BDQTY,2025,0.800,0.800,0.800,1.100,1.100,1.100,1.100,1.100,1.230,1.280,1.310,1.100
14,2025,490,50633,SE,56008097,5600,8097,Sweden,NA,Mittnorrlands Djursj,NA,NA,NA,NA,Vet FTE,AQ,2025,1.430,1.430,1.430,1.430,1.430,1.430,1.430,1.430,0.000,0.000,0.000,0.000
14,2025,490,50633,SE,56008097,5600,8097,Sweden,NA,Mittnorrlands Djursj,NA,NA,NA,NA,Vet FTE,BDQTY,2025,0.630,0.630,0.630,1.130,1.130,1.130,1.130,1.130,1.130,1.130,1.130,1.130
14,2025,490,39561,SE,56008098,5600,8098,Sweden,NA,Mittnorrlands Djursj,NA,NA,NA,NA,Nurse FTE,AQ,2025,27.680,26.270,27.400,25.180,27.630,28.560,26.680,28.810,0.000,0.000,0.000,0.000
14,2025,490,39561,SE,56008098,5600,8098,Sweden,NA,Mittnorrlands Djursj,NA,NA,NA,NA,Nurse FTE,BDQTY,2025,26.500,27.500,27.500,27.500,27.500,27.500,27.500,27.500,27.500,27.500,27.500,27.500
14,2025,490,39561,SE,56008098,5600,8098,Sweden,NA,Mittnorrlands Djursj,NA,NA,NA,NA,Support FTE,AQ,2025,8.450,8.600,9.610,7.710,6.470,5.510,7.430,5.510,0.000,0.000,0.000,0.000
14,2025,490,39561,SE,56008098,5600,8098,Sweden,NA,Mittnorrlands Djursj,NA,NA,NA,NA,Support FTE,BDQTY,2025,7.050,7.050,7.050,7.050,7.050,7.050,7.050,7.050,8.050,8.050,8.050,7.050
14,2025,490,39561,SE,56008098,5600,8098,Sweden,NA,Mittnorrlands Djursj,NA,NA,NA,NA,Vet FTE,AQ,2025,13.120,13.490,13.660,13.180,13.680,13.330,13.090,13.330,0.000,0.000,0.000,0.000
14,2025,490,39561,SE,56008098,5600,8098,Sweden,NA,Mittnorrlands Djursj,NA,NA,NA,NA,Vet FTE,BDQTY,2025,13.700,13.700,13.700,13.700,13.700,13.700,13.700,14.550,15.550,15.550,15.550,15.550
14,2025,490,39806,SE,56008099,5600,8099,Sweden,NA,Mittnorrlands Djursj,NA,NA,NA,NA,Nurse FTE,AQ,2025,21.770,22.110,24.070,21.570,24.100,24.490,23.540,23.640,0.000,0.000,0.000,0.000
14,2025,490,39806,SE,56008099,5600,8099,Sweden,NA,Mittnorrlands Djursj,NA,NA,NA,NA,Nurse FTE,BDQTY,2025,21.550,21.550,21.550,21.550,21.550,22.350,22.350,22.350,26.850,27.850,26.350,22.350
14,2025,490,39806,SE,56008099,5600,8099,Sweden,NA,Mittnorrlands Djursj,NA,NA,NA,NA,Support FTE,AQ,2025,11.220,10.760,12.000,8.670,10.250,10.210,9.810,10.210,0.000,0.000,0.000,0.000
14,2025,490,39806,SE,56008099,5600,8099,Sweden,NA,Mittnorrlands Djursj,NA,NA,NA,NA,Support FTE,BDQTY,2025,14.800,14.800,14.800,14.800,13.800,13.800,13.800,13.800,13.800,13.800,13.800,13.800
14,2025,490,39806,SE,56008099,5600,8099,Sweden,NA,Mittnorrlands Djursj,NA,NA,NA,NA,Vet FTE,AQ,2025,10.230,9.800,10.100,9.820,9.230,9.250,10.200,9.250,0.000,0.000,0.000,0.000
14,2025,490,39806,SE,56008099,5600,8099,Sweden,NA,Mittnorrlands Djursj,NA,NA,NA,NA,Vet FTE,BDQTY,2025,14.300,14.300,14.300,14.300,14.300,14.300,14.300,14.300,14.300,14.300,14.300,14.300
14,2025,490,40570,SE,56008100,5600,8100,Sweden,NA,Mittnorrlands Djursj,NA,NA,NA,NA,Nurse FTE,AQ,2025,3.600,3.600,3.600,3.500,3.550,3.600,3.430,3.600,0.000,0.000,0.000,0.000
14,2025,490,40570,SE,56008100,5600,8100,Sweden,NA,Mittnorrlands Djursj,NA,NA,NA,NA,Nurse FTE,BDQTY,2025,2.600,2.600,2.600,2.600,2.600,2.600,2.600,2.600,3.400,3.400,2.400,2.600
14,2025,490,40570,SE,56008100,5600,8100,Sweden,NA,Mittnorrlands Djursj,NA,NA,NA,NA,Vet FTE,AQ,2025,1.180,0.930,1.000,0.950,1.800,1.800,1.800,1.800,0.000,0.000,0.000,0.000
14,2025,490,40570,SE,56008100,5600,8100,Sweden,NA,Mittnorrlands Djursj,NA,NA,NA,NA,Vet FTE,BDQTY,2025,2.000,2.000,2.000,2.000,2.000,2.000,2.000,2.000,2.800,2.800,2.800,1.800
14,2025,490,50623,SE,56008101,5600,8101,Sweden,NA,Mittnorrlands Djursj,NA,NA,NA,NA,Nurse FTE,AQ,2025,2.800,3.900,3.900,3.460,3.800,3.690,3.600,3.690,0.000,0.000,0.000,0.000
14,2025,490,50623,SE,56008101,5600,8101,Sweden,NA,Mittnorrlands Djursj,NA,NA,NA,NA,Nurse FTE,BDQTY,2025,3.700,3.700,3.700,3.700,3.700,3.700,3.700,3.700,3.700,3.700,3.700,3.700
14,2025,490,50623,SE,56008101,5600,8101,Sweden,NA,Mittnorrlands Djursj,NA,NA,NA,NA,Support FTE,AQ,2025,1.070,1.060,2.570,-0.550,1.370,1.200,1.200,1.200,0.000,0.000,0.000,0.000
14,2025,490,50623,SE,56008101,5600,8101,Sweden,NA,Mittnorrlands Djursj,NA,NA,NA,NA,Support FTE,BDQTY,2025,3.250,3.250,3.250,3.250,3.250,3.250,3.250,3.250,3.250,3.250,3.250,3.250
14,2025,490,50623,SE,56008101,5600,8101,Sweden,NA,Mittnorrlands Djursj,NA,NA,NA,NA,Vet FTE,AQ,2025,0.800,0.800,0.800,0.800,0.800,0.460,0.000,0.460,0.000,0.000,0.000,0.000
14,2025,490,50623,SE,56008101,5600,8101,Sweden,NA,Mittnorrlands Djursj,NA,NA,NA,NA,Vet FTE,BDQTY,2025,0.800,0.800,0.800,0.800,0.800,0.800,0.800,0.800,0.800,0.800,0.800,0.800
14,2025,490,39771,SE,56008103,5600,8103,Sweden,NA,Alvik,NA,NA,NA,NA,Nurse FTE,AQ,2025,7.100,7.330,8.630,6.520,6.540,6.750,6.500,6.750,0.000,0.000,0.000,0.000
14,2025,490,39771,SE,56008103,5600,8103,Sweden,NA,Alvik,NA,NA,NA,NA,Nurse FTE,BDQTY,2025,6.750,6.750,6.750,6.750,6.750,6.750,6.750,6.750,6.750,6.750,6.750,6.750
14,2025,490,39771,SE,56008103,5600,8103,Sweden,NA,Alvik,NA,NA,NA,NA,Support FTE,AQ,2025,0.000,0.000,0.000,0.000,0.000,0.520,1.000,0.520,0.000,0.000,0.000,0.000
14,2025,490,39771,SE,56008103,5600,8103,Sweden,NA,Alvik,NA,NA,NA,NA,Support FTE,BDQTY,2025,1.200,1.200,1.200,1.500,1.500,1.500,1.500,1.500,1.500,1.500,1.500,2.000
14,2025,490,39771,SE,56008103,5600,8103,Sweden,NA,Alvik,NA,NA,NA,NA,Vet FTE,AQ,2025,4.760,4.700,4.800,4.740,4.700,4.410,3.800,4.410,0.000,0.000,0.000,0.000
14,2025,490,39771,SE,56008103,5600,8103,Sweden,NA,Alvik,NA,NA,NA,NA,Vet FTE,BDQTY,2025,4.800,4.800,4.800,5.000,5.000,5.000,5.000,5.000,5.000,5.000,5.000,5.000
14,2025,490,40502,SE,56008104,5600,8104,Sweden,NA,Viskadalens,NA,NA,NA,NA,Nurse FTE,AQ,2025,9.250,9.290,9.040,8.960,9.130,9.200,7.380,9.200,0.000,0.000,0.000,0.000
14,2025,490,40502,SE,56008104,5600,8104,Sweden,NA,Viskadalens,NA,NA,NA,NA,Nurse FTE,BDQTY,2025,7.500,7.500,7.500,7.500,7.500,7.500,7.500,7.500,7.500,7.500,7.500,7.500
14,2025,490,40502,SE,56008104,5600,8104,Sweden,NA,Viskadalens,NA,NA,NA,NA,Support FTE,AQ,2025,2.000,1.520,2.000,1.330,2.000,2.000,2.000,1.000,0.000,0.000,0.000,0.000
14,2025,490,40502,SE,56008104,5600,8104,Sweden,NA,Viskadalens,NA,NA,NA,NA,Vet FTE,AQ,2025,2.550,2.550,2.550,2.470,2.550,2.550,2.460,3.550,0.000,0.000,0.000,0.000
14,2025,490,40502,SE,56008104,5600,8104,Sweden,NA,Viskadalens,NA,NA,NA,NA,Vet FTE,BDQTY,2025,3.300,3.300,3.300,3.300,3.300,3.300,3.300,3.300,3.300,3.300,3.300,3.300
14,2025,490,50622,SE,56008105,5600,8105,Sweden,NA,Viskadalens,NA,NA,NA,NA,Nurse FTE,AQ,2025,6.900,6.800,6.970,7.160,6.800,6.940,6.900,6.940,0.000,0.000,0.000,0.000
14,2025,490,50622,SE,56008105,5600,8105,Sweden,NA,Viskadalens,NA,NA,NA,NA,Nurse FTE,BDQTY,2025,6.350,6.350,6.350,6.350,6.350,6.350,6.350,6.350,6.350,6.350,6.350,6.350
14,2025,490,50622,SE,56008105,5600,8105,Sweden,NA,Viskadalens,NA,NA,NA,NA,Vet FTE,AQ,2025,2.370,2.480,2.630,1.630,1.460,1.630,1.360,1.630,0.000,0.000,0.000,0.000
14,2025,490,50622,SE,56008105,5600,8105,Sweden,NA,Viskadalens,NA,NA,NA,NA,Vet FTE,BDQTY,2025,2.630,2.630,2.630,2.630,2.630,2.630,2.630,2.630,2.630,2.630,2.630,2.630
14,2025,490,50624,SE,56008106,5600,8106,Sweden,NA,Viskadalens,NA,NA,NA,NA,Nurse FTE,AQ,2025,8.280,8.250,8.490,8.170,8.310,8.170,7.710,8.170,0.000,0.000,0.000,0.000
14,2025,490,50624,SE,56008106,5600,8106,Sweden,NA,Viskadalens,NA,NA,NA,NA,Nurse FTE,BDQTY,2025,8.360,8.360,8.360,8.360,8.360,8.360,8.490,8.490,8.490,8.490,8.490,8.490
14,2025,490,50624,SE,56008106,5600,8106,Sweden,NA,Viskadalens,NA,NA,NA,NA,Vet FTE,AQ,2025,0.800,0.800,0.800,0.800,1.800,1.800,1.560,1.800,0.000,0.000,0.000,0.000
14,2025,490,50624,SE,56008106,5600,8106,Sweden,NA,Viskadalens,NA,NA,NA,NA,Vet FTE,BDQTY,2025,1.050,1.050,1.050,1.050,1.050,1.050,1.050,1.050,1.050,1.050,2.050,2.050
14,2025,490,50625,SE,56008107,5600,8107,Sweden,NA,Viskadalens,NA,NA,NA,NA,Nurse FTE,AQ,2025,4.060,4.000,4.000,4.260,4.000,4.000,4.500,5.480,0.000,0.000,0.000,0.000
14,2025,490,50625,SE,56008107,5600,8107,Sweden,NA,Viskadalens,NA,NA,NA,NA,Nurse FTE,BDQTY,2025,3.800,3.800,3.800,3.800,3.800,3.800,3.800,3.800,3.800,3.800,3.800,3.800
14,2025,490,50625,SE,56008107,5600,8107,Sweden,NA,Viskadalens,NA,NA,NA,NA,Vet FTE,AQ,2025,1.960,1.710,2.000,1.360,2.030,2.570,2.370,2.570,0.000,0.000,0.000,0.000
14,2025,490,50625,SE,56008107,5600,8107,Sweden,NA,Viskadalens,NA,NA,NA,NA,Vet FTE,BDQTY,2025,3.000,3.000,3.000,3.000,3.000,3.000,3.000,3.000,3.000,3.000,3.000,3.000
14,2025,490,51572,SE,56008109,5600,8109,Sweden,NA,Järfälla Djurklinik,NA,NA,NA,NA,Nurse FTE,BDQTY,2025,4.000,4.000,4.000,4.000,4.000,4.000,4.000,4.000,4.000,4.000,4.000,4.000
14,2025,490,51572,SE,56008109,5600,8109,Sweden,NA,Järfälla Djurklinik,NA,NA,NA,NA,Support FTE,BDQTY,2025,2.000,2.000,2.000,2.000,2.000,2.000,2.000,2.000,2.000,2.000,2.000,2.000
14,2025,490,51572,SE,56008109,5600,8109,Sweden,NA,Järfälla Djurklinik,NA,NA,NA,NA,Vet FTE,BDQTY,2025,4.150,4.150,4.150,4.150,4.150,4.150,4.150,4.150,4.150,4.150,4.150,4.150
14,2025,490,52810,SE,56008112,5600,8112,Sweden,NA,Norrtälje Djurklinik,NA,NA,NA,NA,Nurse FTE,AQ,2025,2.000,2.000,2.000,2.000,1.990,2.000,2.000,2.000,0.000,0.000,0.000,0.000
14,2025,490,52810,SE,56008112,5600,8112,Sweden,NA,Norrtälje Djurklinik,NA,NA,NA,NA,Nurse FTE,BDQTY,2025,1.000,1.000,1.000,1.000,1.000,1.000,1.000,1.000,1.000,1.000,1.000,1.000
14,2025,490,52810,SE,56008112,5600,8112,Sweden,NA,Norrtälje Djurklinik,NA,NA,NA,NA,Support FTE,BDQTY,2025,0.890,0.890,0.890,0.890,0.890,0.890,0.890,0.890,0.890,0.890,0.890,0.890
14,2025,490,52810,SE,56008112,5600,8112,Sweden,NA,Norrtälje Djurklinik,NA,NA,NA,NA,Vet FTE,AQ,2025,0.000,0.000,0.000,0.000,0.000,0.000,1.000,0.000,0.000,0.000,0.000,0.000
14,2025,490,52810,SE,56008112,5600,8112,Sweden,NA,Norrtälje Djurklinik,NA,NA,NA,NA,Vet FTE,BDQTY,2025,1.000,1.000,1.000,1.000,1.000,1.000,1.000,1.000,1.000,1.000,1.000,1.000
14,2025,490,1541,SE,56009010,5600,9010,Sweden,HO,HQ,HO,HO,Sweden,Sweden,Support FTE,AQ,2025,12.730,12.800,12.800,3.130,10.850,10.760,10.330,10.760,0.000,0.000,0.000,0.000
14,2025,490,1542,SE,56009011,5600,9011,Sweden,HO,HQ,HO,HO,Sweden,Sweden,Support FTE,AQ,2025,5.000,5.000,5.000,5.000,5.000,0.000,0.000,0.000,0.000,0.000,0.000,0.000
14,2025,490,1544,SE,56009016,5600,9016,Sweden,HO,HQ,HO,HO,Sweden,Sweden,Support FTE,AQ,2025,0.000,0.000,0.000,0.000,0.000,5.000,5.000,5.000,0.000,0.000,0.000,0.000
14,2025,490,1545,SE,56009017,5600,9017,Sweden,HO,HQ,HO,HO,Sweden,Sweden,Support FTE,AQ,2025,4.540,4.920,5.000,4.420,5.290,5.140,4.560,5.140,0.000,0.000,0.000,0.000
14,2025,490,1548,SE,56009020,5600,9020,Sweden,HO,HQ,HO,HO,Sweden,Sweden,Support FTE,AQ,2025,3.850,4.000,4.000,3.840,3.890,4.000,4.000,4.000,0.000,0.000,0.000,0.000
14,2025,490,1551,SE,56009023,5600,9023,Sweden,HO,HQ,HO,HO,Sweden,Sweden,Support FTE,AQ,2025,0.000,0.000,0.000,0.000,0.000,2.000,2.000,2.000,0.000,0.000,0.000,0.000
14,2025,490,1552,SE,56009024,5600,9024,Sweden,HO,HQ,HO,HO,Sweden,Sweden,Support FTE,AQ,2025,0.000,0.000,0.000,0.000,0.000,4.800,4.630,3.800,0.000,0.000,0.000,0.000
14,2025,490,1552,SE,56009024,5600,9024,Sweden,HO,HQ,HO,HO,Sweden,Sweden,Vet FTE,AQ,2025,0.000,0.000,0.000,0.000,0.000,1.000,1.000,2.050,0.000,0.000,0.000,0.000
14,2025,490,1555,SE,56009030,5600,9030,Sweden,HO,HQ,HO,HO,Sweden,Sweden,Support FTE,AQ,2025,4.000,4.000,0.000,0.000,0.000,0.000,0.000,0.000,0.000,0.000,0.000,0.000
14,2025,490,1559,SE,56009041,5600,9041,Sweden,HO,HQ,HO,HO,Sweden,Sweden,Support FTE,AQ,2025,0.000,0.000,0.000,-1.000,-1.000,2.000,2.000,2.000,0.000,0.000,0.000,0.000
14,2025,490,1560,SE,56009042,5600,9042,Sweden,HO,HQ,HO,HO,Sweden,Sweden,Support FTE,AQ,2025,0.000,0.000,0.000,0.000,0.000,2.000,2.000,2.000,0.000,0.000,0.000,0.000
14,2025,490,1562,SE,56009044,5600,9044,Sweden,HO,HQ,HO,HO,Sweden,Sweden,Support FTE,AQ,2025,0.000,-1.000,-1.000,-1.000,-1.000,0.000,0.000,0.000,0.000,0.000,0.000,0.000
14,2025,490,1566,SE,56009048,5600,9048,Sweden,HO,HQ,HO,HO,Sweden,Sweden,Support FTE,AQ,2025,1.000,1.000,1.000,-1.000,0.000,0.000,0.000,0.000,0.000,0.000,0.000,0.000
14,2025,490,1570,SE,56009060,5600,9060,Sweden,HO,HQ,HO,HO,Sweden,Sweden,Support FTE,AQ,2025,5.980,6.000,6.000,6.000,5.000,5.000,4.980,4.840,0.000,0.000,0.000,0.000
14,2025,490,1572,SE,56009069,5600,9069,Sweden,HO,HQ,HO,HO,Sweden,Sweden,Support FTE,AQ,2025,4.450,4.600,3.990,-3.990,0.000,2.600,2.600,2.600,0.000,0.000,0.000,0.000
14,2025,490,1572,SE,56009069,5600,9069,Sweden,HO,HQ,HO,HO,Sweden,Sweden,Vet FTE,AQ,2025,0.000,0.000,0.000,0.000,0.000,1.000,0.000,1.000,0.000,0.000,0.000,0.000
14,2025,490,38106,SE,56009072,5600,9072,Sweden,NA,HQ,NA,NA,NA,NA,Support FTE,AQ,2025,0.000,0.000,0.000,0.000,0.000,20.890,20.830,20.890,0.000,0.000,0.000,0.000
14,2025,490,38496,SE,56009076,5600,9076,Sweden,NA,Group Support,NA,NA,NA,NA,Support FTE,AQ,2025,17.250,18.470,18.900,16.130,18.850,0.000,0.000,0.000,0.000,0.000,0.000,0.000
14,2025,490,33050,SE,56009082,5600,9082,Sweden,HO,HQ,HO,HO,Sweden,Sweden,Support FTE,AQ,2025,7.550,6.680,7.000,7.810,8.000,1.000,1.000,1.000,0.000,0.000,0.000,0.000
14,2025,490,54644,SE,56009501,5600,9501,Sweden,NA,SE - Customer Servic,NA,NA,NA,NA,Support FTE,AQ,2025,0.000,0.000,0.000,0.000,0.000,6.150,7.090,6.150,0.000,0.000,0.000,0.000
14,2025,499,2144,SE,56098076,5609,8076,Sweden,Ecommerce,Malmö VetApotek,E-commerce / pharmacy,E-commerce / pharmacy,Sweden,Sweden,Nurse FTE,AQ,2025,8.400,8.970,9.000,13.060,11.940,0.000,0.000,0.000,0.000,0.000,0.000,0.000
14,2025,499,2144,SE,56098076,5609,8076,Sweden,Ecommerce,Malmö VetApotek,E-commerce / pharmacy,E-commerce / pharmacy,Sweden,Sweden,Nurse FTE,BDQTY,2025,0.000,0.000,0.000,0.000,0.000,0.500,0.750,1.000,4.000,4.000,3.500,0.000
14,2025,499,2144,SE,56098076,5609,8076,Sweden,Ecommerce,Malmö VetApotek,E-commerce / pharmacy,E-commerce / pharmacy,Sweden,Sweden,Support FTE,AQ,2025,16.170,16.120,17.020,15.190,16.250,0.000,0.000,0.000,0.000,0.000,0.000,0.000
14,2025,499,2144,SE,56098076,5609,8076,Sweden,Ecommerce,Malmö VetApotek,E-commerce / pharmacy,E-commerce / pharmacy,Sweden,Sweden,Support FTE,BDQTY,2025,13.250,13.250,13.250,13.250,13.250,13.250,13.250,13.500,13.500,13.500,13.250,13.250
14,2025,499,2145,SE,56098077,5609,8077,Sweden,Ecommerce,Ecommerce,E-commerce / pharmacy,E-commerce / pharmacy,Sweden,Sweden,Nurse FTE,AQ,2025,0.000,0.000,0.000,0.000,0.000,12.120,12.280,12.120,0.000,0.000,0.000,0.000
14,2025,499,2145,SE,56098077,5609,8077,Sweden,Ecommerce,Ecommerce,E-commerce / pharmacy,E-commerce / pharmacy,Sweden,Sweden,Nurse FTE,BDQTY,2025,9.000,9.000,9.000,9.000,9.000,9.000,9.200,9.200,9.200,9.200,9.200,9.200
14,2025,499,2145,SE,56098077,5609,8077,Sweden,Ecommerce,Ecommerce,E-commerce / pharmacy,E-commerce / pharmacy,Sweden,Sweden,Support FTE,AQ,2025,0.000,0.000,0.000,0.000,0.000,16.450,16.240,16.450,0.000,0.000,0.000,0.000
14,2025,499,2145,SE,56098077,5609,8077,Sweden,Ecommerce,Ecommerce,E-commerce / pharmacy,E-commerce / pharmacy,Sweden,Sweden,Support FTE,BDQTY,2025,5.000,5.000,5.000,5.000,5.000,5.000,5.000,5.000,5.000,5.000,5.000,5.000
14,2025,1261,51568,SE,56268109,5626,8109,Sweden,NA,Järfälla Djurklinik,NA,NA,NA,NA,Nurse FTE,AQ,2025,5.970,5.970,6.000,5.700,5.990,5.760,6.010,5.760,0.000,0.000,0.000,0.000
14,2025,1261,51568,SE,56268109,5626,8109,Sweden,NA,Järfälla Djurklinik,NA,NA,NA,NA,Support FTE,AQ,2025,1.820,1.820,2.000,1.780,1.950,2.000,1.890,2.000,0.000,0.000,0.000,0.000
14,2025,1261,51568,SE,56268109,5626,8109,Sweden,NA,Järfälla Djurklinik,NA,NA,NA,NA,Vet FTE,AQ,2025,2.650,2.650,2.650,3.530,3.570,3.400,2.950,3.400,0.000,0.000,0.000,0.000
14,2025,1291,52208,SE,56278111,5627,8111,Sweden,NA,Bjorkstadens Djurkli,NA,NA,NA,NA,Nurse FTE,AQ,2025,5.560,6.420,6.650,5.600,5.870,6.610,5.480,6.610,0.000,0.000,0.000,0.000
14,2025,1291,52208,SE,56278111,5627,8111,Sweden,NA,Bjorkstadens Djurkli,NA,NA,NA,NA,Support FTE,AQ,2025,0.800,0.800,0.800,0.800,0.800,0.800,0.610,0.800,0.000,0.000,0.000,0.000
14,2025,1291,52208,SE,56278111,5627,8111,Sweden,NA,Bjorkstadens Djurkli,NA,NA,NA,NA,Vet FTE,AQ,2025,1.800,1.860,2.800,1.620,2.800,2.710,2.710,2.710,0.000,0.000,0.000,0.000
14,2025,1322,53962,SE,56288113,5628,8113,Sweden,NA,Ljungskile Djurklini,NA,NA,NA,NA,Nurse FTE,AQ,2025,0.000,4.000,4.000,3.760,4.000,4.000,4.000,4.000,0.000,0.000,0.000,0.000
14,2025,1322,53962,SE,56288113,5628,8113,Sweden,NA,Ljungskile Djurklini,NA,NA,NA,NA,Nurse FTE,BDQTY,2025,4.000,4.000,4.000,4.000,4.000,4.000,4.000,4.000,4.000,4.000,4.000,4.000
14,2025,1322,53962,SE,56288113,5628,8113,Sweden,NA,Ljungskile Djurklini,NA,NA,NA,NA,Support FTE,AQ,2025,0.000,0.800,0.800,0.790,0.800,0.800,0.800,0.800,0.000,0.000,0.000,0.000
14,2025,1322,53962,SE,56288113,5628,8113,Sweden,NA,Ljungskile Djurklini,NA,NA,NA,NA,Support FTE,BDQTY,2025,0.870,0.870,0.870,0.870,0.870,0.870,0.870,0.870,0.870,0.870,0.870,0.870
14,2025,1322,53962,SE,56288113,5628,8113,Sweden,NA,Ljungskile Djurklini,NA,NA,NA,NA,Vet FTE,AQ,2025,0.000,3.080,3.150,3.040,3.100,2.790,2.800,2.790,0.000,0.000,0.000,0.000
14,2025,1322,53962,SE,56288113,5628,8113,Sweden,NA,Ljungskile Djurklini,NA,NA,NA,NA,Vet FTE,BDQTY,2025,2.400,2.400,2.400,2.400,2.400,2.400,2.400,2.400,2.400,2.400,2.400,2.400
14,2025,1364,55510,SE,56318118,5631,8118,Sweden,NA,Trestads,NA,NA,NA,NA,Nurse FTE,BDQTY,2025,0.000,0.000,0.000,0.000,0.000,0.000,0.000,0.000,6.540,6.540,6.540,6.040
14,2025,1364,55510,SE,56318118,5631,8118,Sweden,NA,Trestads,NA,NA,NA,NA,Support FTE,BDQTY,2025,0.000,0.000,0.000,0.000,0.000,0.000,0.000,0.000,0.640,0.640,0.640,0.640
14,2025,1364,55510,SE,56318118,5631,8118,Sweden,NA,Trestads,NA,NA,NA,NA,Vet FTE,BDQTY,2025,0.000,0.000,0.000,0.000,0.000,0.000,0.000,0.000,4.150,4.150,4.150,4.150
