Proxy,Product,Clinic_Name,Clinic_Price,Competitor,Competitor_Price,Clinic_ID
Södra Djursjukhuset Kungens Kurva,Consultation,Södra Djursjukhuset Kungens Kurva,1775,Distriktsveterinärerna Vårsta,965.0,201
Södra Djursjukhuset Kungens Kurva,Castrate Dog (20kg),Södra Djursjukhuset Kungens Kurva,7785,Distriktsveterinärerna Vårsta,4625.0,201
Södra Djursjukhuset Kungens Kurva,Bitch Spay (20kg),Södra Djursjukhuset Kungens Kurva,12850,Distriktsveterinärerna Vårsta,8025.0,201
Södra Djursjukhuset Kungens Kurva,Dog Vaccination DHPPI,Södra Djursjukhuset Kungens Kurva,495,Distriktsveterinärerna Vårsta,575.0,201
Södra Djursjukhuset Kungens Kurva,Cat Spay,Södra Djursjukhuset Kungens Kurva,2780,Distriktsveterinärerna Vårsta,1825.0,201
Södra Djursjukhuset Kungens Kurva,Cat Castrate,Södra Djursjukhuset Kungens Kurva,1570,Distriktsveterinärerna Vårsta,975.0,201
Södra Djursjukhuset Kungens Kurva,Cat Vaccination,Södra Djursjukhuset Kungens Kurva,495,Distriktsveterinärerna Vårsta,575.0,201
Södra Djursjukhuset Kungens Kurva,X-Ray & Sedation (HD),Södra Djursjukhuset Kungens Kurva,2595,Distriktsveterinärerna Vårsta,1995.0,201
Södra Djursjukhuset Kungens Kurva,Consultation,Södra Djursjukhuset Kungens Kurva,1775,AniCura Gärdets Djurklinik,1450.0,201
Södra Djursjukhuset Kungens Kurva,Castrate Dog (20kg),Södra Djursjukhuset Kungens Kurva,7785,AniCura Gärdets Djurklinik,7330.0,201
Södra Djursjukhuset Kungens Kurva,Bitch Spay (20kg),Södra Djursjukhuset Kungens Kurva,12850,AniCura Gärdets Djurklinik,9950.0,201
Södra Djursjukhuset Kungens Kurva,Dog Vaccination DHPPI,Södra Djursjukhuset Kungens Kurva,495,AniCura Gärdets Djurklinik,550.0,201
Södra Djursjukhuset Kungens Kurva,Cat Spay,Södra Djursjukhuset Kungens Kurva,2780,AniCura Gärdets Djurklinik,2430.0,201
Södra Djursjukhuset Kungens Kurva,Cat Castrate,Södra Djursjukhuset Kungens Kurva,1570,AniCura Gärdets Djurklinik,1420.0,201
Södra Djursjukhuset Kungens Kurva,Cat Vaccination,Södra Djursjukhuset Kungens Kurva,495,AniCura Gärdets Djurklinik,550.0,201
Södra Djursjukhuset Kungens Kurva,X-Ray & Sedation (HD),Södra Djursjukhuset Kungens Kurva,2595,AniCura Gärdets Djurklinik,0.0,201
Södra Djursjukhuset Kungens Kurva,Consultation,Södra Djursjukhuset Kungens Kurva,1775,Anicura Djursjukhuset Albano,1600.0,201
Södra Djursjukhuset Kungens Kurva,Castrate Dog (20kg),Södra Djursjukhuset Kungens Kurva,7785,Anicura Djursjukhuset Albano,8290.0,201
Södra Djursjukhuset Kungens Kurva,Bitch Spay (20kg),Södra Djursjukhuset Kungens Kurva,12850,Anicura Djursjukhuset Albano,11220.0,201
Södra Djursjukhuset Kungens Kurva,Dog Vaccination DHPPI,Södra Djursjukhuset Kungens Kurva,495,Anicura Djursjukhuset Albano,700.0,201
Södra Djursjukhuset Kungens Kurva,Cat Spay,Södra Djursjukhuset Kungens Kurva,2780,Anicura Djursjukhuset Albano,0.0,201
Södra Djursjukhuset Kungens Kurva,Cat Castrate,Södra Djursjukhuset Kungens Kurva,1570,Anicura Djursjukhuset Albano,0.0,201
Södra Djursjukhuset Kungens Kurva,Cat Vaccination,Södra Djursjukhuset Kungens Kurva,495,Anicura Djursjukhuset Albano,700.0,201
Södra Djursjukhuset Kungens Kurva,X-Ray & Sedation (HD),Södra Djursjukhuset Kungens Kurva,2595,Anicura Djursjukhuset Albano,0.0,201
Södra Djursjukhuset Kungens Kurva,Consultation,Södra Djursjukhuset Kungens Kurva,1775,Huddinge Djurklinik,790.0,201
Södra Djursjukhuset Kungens Kurva,Castrate Dog (20kg),Södra Djursjukhuset Kungens Kurva,7785,Huddinge Djurklinik,3500.0,201
Södra Djursjukhuset Kungens Kurva,Bitch Spay (20kg),Södra Djursjukhuset Kungens Kurva,12850,Huddinge Djurklinik,,201
Södra Djursjukhuset Kungens Kurva,Dog Vaccination DHPPI,Södra Djursjukhuset Kungens Kurva,495,Huddinge Djurklinik,,201
Södra Djursjukhuset Kungens Kurva,Cat Spay,Södra Djursjukhuset Kungens Kurva,2780,Huddinge Djurklinik,1900.0,201
Södra Djursjukhuset Kungens Kurva,Cat Castrate,Södra Djursjukhuset Kungens Kurva,1570,Huddinge Djurklinik,950.0,201
Södra Djursjukhuset Kungens Kurva,Cat Vaccination,Södra Djursjukhuset Kungens Kurva,495,Huddinge Djurklinik,,201
Södra Djursjukhuset Kungens Kurva,X-Ray & Sedation (HD),Södra Djursjukhuset Kungens Kurva,2595,Huddinge Djurklinik,,201
Djursjukhuset Göteborg,Consultation,Djursjukhuset Göteborg,1495,Anicura Västra Djursjukhuset,1520.0,305
Djursjukhuset Göteborg,Castrate Dog (20kg),Djursjukhuset Göteborg,5835,Anicura Västra Djursjukhuset,6810.0,305
Djursjukhuset Göteborg,Bitch Spay (20kg),Djursjukhuset Göteborg,9635,Anicura Västra Djursjukhuset,10090.0,305
Djursjukhuset Göteborg,Dog Vaccination DHPPI,Djursjukhuset Göteborg,495,Anicura Västra Djursjukhuset,680.0,305
Djursjukhuset Göteborg,Cat Spay,Djursjukhuset Göteborg,2090,Anicura Västra Djursjukhuset,2160.0,305
Djursjukhuset Göteborg,Cat Castrate,Djursjukhuset Göteborg,1175,Anicura Västra Djursjukhuset,1230.0,305
Djursjukhuset Göteborg,Cat Vaccination,Djursjukhuset Göteborg,495,Anicura Västra Djursjukhuset,680.0,305
Djursjukhuset Göteborg,X-Ray & Sedation (HD),Djursjukhuset Göteborg,2395,Anicura Västra Djursjukhuset,2350.0,305
Djursjukhuset Göteborg,Consultation,Djursjukhuset Göteborg,1495,Blå Stjärnans Djursjukhus AB,1400.0,305
Djursjukhuset Göteborg,Castrate Dog (20kg),Djursjukhuset Göteborg,5835,Blå Stjärnans Djursjukhus AB,6995.0,305
Djursjukhuset Göteborg,Bitch Spay (20kg),Djursjukhuset Göteborg,9635,Blå Stjärnans Djursjukhus AB,,305
Djursjukhuset Göteborg,Dog Vaccination DHPPI,Djursjukhuset Göteborg,495,Blå Stjärnans Djursjukhus AB,,305
Djursjukhuset Göteborg,Cat Spay,Djursjukhuset Göteborg,2090,Blå Stjärnans Djursjukhus AB,2125.0,305
Djursjukhuset Göteborg,Cat Castrate,Djursjukhuset Göteborg,1175,Blå Stjärnans Djursjukhus AB,1350.0,305
Djursjukhuset Göteborg,Cat Vaccination,Djursjukhuset Göteborg,495,Blå Stjärnans Djursjukhus AB,,305
Djursjukhuset Göteborg,X-Ray & Sedation (HD),Djursjukhuset Göteborg,2395,Blå Stjärnans Djursjukhus AB,,305
Specialistdjursjukhuset Strömsholm,Consultation,Specialistdjursjukhuset Strömsholm,1495,Distriktsveterinärerna Eskilstuna,965.0,200
Specialistdjursjukhuset Strömsholm,Castrate Dog (20kg),Specialistdjursjukhuset Strömsholm,5835,Distriktsveterinärerna Eskilstuna,4625.0,200
Specialistdjursjukhuset Strömsholm,Bitch Spay (20kg),Specialistdjursjukhuset Strömsholm,9635,Distriktsveterinärerna Eskilstuna,8025.0,200
Specialistdjursjukhuset Strömsholm,Dog Vaccination DHPPI,Specialistdjursjukhuset Strömsholm,495,Distriktsveterinärerna Eskilstuna,575.0,200
Specialistdjursjukhuset Strömsholm,Cat Spay,Specialistdjursjukhuset Strömsholm,2090,Distriktsveterinärerna Eskilstuna,1825.0,200
Specialistdjursjukhuset Strömsholm,Cat Castrate,Specialistdjursjukhuset Strömsholm,1175,Distriktsveterinärerna Eskilstuna,975.0,200
Specialistdjursjukhuset Strömsholm,Cat Vaccination,Specialistdjursjukhuset Strömsholm,495,Distriktsveterinärerna Eskilstuna,575.0,200
Specialistdjursjukhuset Strömsholm,X-Ray & Sedation (HD),Specialistdjursjukhuset Strömsholm,2195,Distriktsveterinärerna Eskilstuna,1995.0,200
Specialistdjursjukhuset Strömsholm,Consultation,Specialistdjursjukhuset Strömsholm,1495,Anicura Aros Veterinärcentrum,0.0,200
Specialistdjursjukhuset Strömsholm,Castrate Dog (20kg),Specialistdjursjukhuset Strömsholm,5835,Anicura Aros Veterinärcentrum,6270.0,200
Specialistdjursjukhuset Strömsholm,Bitch Spay (20kg),Specialistdjursjukhuset Strömsholm,9635,Anicura Aros Veterinärcentrum,9400.0,200
Specialistdjursjukhuset Strömsholm,Dog Vaccination DHPPI,Specialistdjursjukhuset Strömsholm,495,Anicura Aros Veterinärcentrum,500.0,200
Specialistdjursjukhuset Strömsholm,Cat Spay,Specialistdjursjukhuset Strömsholm,2090,Anicura Aros Veterinärcentrum,1920.0,200
Specialistdjursjukhuset Strömsholm,Cat Castrate,Specialistdjursjukhuset Strömsholm,1175,Anicura Aros Veterinärcentrum,1010.0,200
Specialistdjursjukhuset Strömsholm,Cat Vaccination,Specialistdjursjukhuset Strömsholm,495,Anicura Aros Veterinärcentrum,500.0,200
Specialistdjursjukhuset Strömsholm,X-Ray & Sedation (HD),Specialistdjursjukhuset Strömsholm,2195,Anicura Aros Veterinärcentrum,1910.0,200
Specialistdjursjukhuset Strömsholm,Consultation,Specialistdjursjukhuset Strömsholm,1495,AniCura Arboga Djurklinik,0.0,200
Specialistdjursjukhuset Strömsholm,Castrate Dog (20kg),Specialistdjursjukhuset Strömsholm,5835,AniCura Arboga Djurklinik,6200.0,200
Specialistdjursjukhuset Strömsholm,Bitch Spay (20kg),Specialistdjursjukhuset Strömsholm,9635,AniCura Arboga Djurklinik,9400.0,200
Specialistdjursjukhuset Strömsholm,Dog Vaccination DHPPI,Specialistdjursjukhuset Strömsholm,495,AniCura Arboga Djurklinik,550.0,200
Specialistdjursjukhuset Strömsholm,Cat Spay,Specialistdjursjukhuset Strömsholm,2090,AniCura Arboga Djurklinik,2020.0,200
Specialistdjursjukhuset Strömsholm,Cat Castrate,Specialistdjursjukhuset Strömsholm,1175,AniCura Arboga Djurklinik,1120.0,200
Specialistdjursjukhuset Strömsholm,Cat Vaccination,Specialistdjursjukhuset Strömsholm,495,AniCura Arboga Djurklinik,550.0,200
Specialistdjursjukhuset Strömsholm,X-Ray & Sedation (HD),Specialistdjursjukhuset Strömsholm,2195,AniCura Arboga Djurklinik,2170.0,200
Lunds Djursjukhus,Consultation,Lunds Djursjukhus,1495,Distriktsveterinärerna Flyinge,965.0,8080
Lunds Djursjukhus,Castrate Dog (20kg),Lunds Djursjukhus,5835,Distriktsveterinärerna Flyinge,4625.0,8080
Lunds Djursjukhus,Bitch Spay (20kg),Lunds Djursjukhus,9635,Distriktsveterinärerna Flyinge,8025.0,8080
Lunds Djursjukhus,Dog Vaccination DHPPI,Lunds Djursjukhus,495,Distriktsveterinärerna Flyinge,575.0,8080
Lunds Djursjukhus,Cat Spay,Lunds Djursjukhus,2090,Distriktsveterinärerna Flyinge,1825.0,8080
Lunds Djursjukhus,Cat Castrate,Lunds Djursjukhus,1175,Distriktsveterinärerna Flyinge,975.0,8080
Lunds Djursjukhus,Cat Vaccination,Lunds Djursjukhus,495,Distriktsveterinärerna Flyinge,575.0,8080
Lunds Djursjukhus,X-Ray & Sedation (HD),Lunds Djursjukhus,2295,Distriktsveterinärerna Flyinge,1995.0,8080
Lunds Djursjukhus,Consultation,Lunds Djursjukhus,1495,AniCura Erikslust,1000.0,8080
Lunds Djursjukhus,Castrate Dog (20kg),Lunds Djursjukhus,5835,AniCura Erikslust,4850.0,8080
Lunds Djursjukhus,Bitch Spay (20kg),Lunds Djursjukhus,9635,AniCura Erikslust,8030.0,8080
Lunds Djursjukhus,Dog Vaccination DHPPI,Lunds Djursjukhus,495,AniCura Erikslust,520.0,8080
Lunds Djursjukhus,Cat Spay,Lunds Djursjukhus,2090,AniCura Erikslust,1820.0,8080
Lunds Djursjukhus,Cat Castrate,Lunds Djursjukhus,1175,AniCura Erikslust,1010.0,8080
Lunds Djursjukhus,Cat Vaccination,Lunds Djursjukhus,495,AniCura Erikslust,520.0,8080
Lunds Djursjukhus,X-Ray & Sedation (HD),Lunds Djursjukhus,2295,AniCura Erikslust,2010.0,8080
Lunds Djursjukhus,Consultation,Lunds Djursjukhus,1495,AniCura Landskrona Smådjursklinik,1500.0,8080
Lunds Djursjukhus,Castrate Dog (20kg),Lunds Djursjukhus,5835,AniCura Landskrona Smådjursklinik,4950.0,8080
Lunds Djursjukhus,Bitch Spay (20kg),Lunds Djursjukhus,9635,AniCura Landskrona Smådjursklinik,7230.0,8080
Lunds Djursjukhus,Dog Vaccination DHPPI,Lunds Djursjukhus,495,AniCura Landskrona Smådjursklinik,550.0,8080
Lunds Djursjukhus,Cat Spay,Lunds Djursjukhus,2090,AniCura Landskrona Smådjursklinik,1670.0,8080
Lunds Djursjukhus,Cat Castrate,Lunds Djursjukhus,1175,AniCura Landskrona Smådjursklinik,1000.0,8080
Lunds Djursjukhus,Cat Vaccination,Lunds Djursjukhus,495,AniCura Landskrona Smådjursklinik,550.0,8080
Lunds Djursjukhus,X-Ray & Sedation (HD),Lunds Djursjukhus,2295,AniCura Landskrona Smådjursklinik,1810.0,8080
Lunds Djursjukhus,Consultation,Lunds Djursjukhus,1495,Cityveterinärerna i Lund AB,850.0,8080
Lunds Djursjukhus,Castrate Dog (20kg),Lunds Djursjukhus,5835,Cityveterinärerna i Lund AB,3900.0,8080
Lunds Djursjukhus,Bitch Spay (20kg),Lunds Djursjukhus,9635,Cityveterinärerna i Lund AB,,8080
Lunds Djursjukhus,Dog Vaccination DHPPI,Lunds Djursjukhus,495,Cityveterinärerna i Lund AB,,8080
Lunds Djursjukhus,Cat Spay,Lunds Djursjukhus,2090,Cityveterinärerna i Lund AB,1495.0,8080
Lunds Djursjukhus,Cat Castrate,Lunds Djursjukhus,1175,Cityveterinärerna i Lund AB,850.0,8080
Lunds Djursjukhus,Cat Vaccination,Lunds Djursjukhus,495,Cityveterinärerna i Lund AB,,8080
Lunds Djursjukhus,X-Ray & Sedation (HD),Lunds Djursjukhus,2295,Cityveterinärerna i Lund AB,,8080
Djursjukhuset Malmö,Consultation,Djursjukhuset Malmö,1495,AniCura Erikslust,1000.0,100
Djursjukhuset Malmö,Castrate Dog (20kg),Djursjukhuset Malmö,5835,AniCura Erikslust,4850.0,100
Djursjukhuset Malmö,Bitch Spay (20kg),Djursjukhuset Malmö,9635,AniCura Erikslust,8030.0,100
Djursjukhuset Malmö,Dog Vaccination DHPPI,Djursjukhuset Malmö,495,AniCura Erikslust,520.0,100
Djursjukhuset Malmö,Cat Spay,Djursjukhuset Malmö,2090,AniCura Erikslust,1820.0,100
Djursjukhuset Malmö,Cat Castrate,Djursjukhuset Malmö,1175,AniCura Erikslust,1010.0,100
Djursjukhuset Malmö,Cat Vaccination,Djursjukhuset Malmö,495,AniCura Erikslust,520.0,100
Djursjukhuset Malmö,X-Ray & Sedation (HD),Djursjukhuset Malmö,2295,AniCura Erikslust,2010.0,100
Djursjukhuset Malmö,Consultation,Djursjukhuset Malmö,1495,AniCura Landskrona Smådjursklinik,1500.0,100
Djursjukhuset Malmö,Castrate Dog (20kg),Djursjukhuset Malmö,5835,AniCura Landskrona Smådjursklinik,4950.0,100
Djursjukhuset Malmö,Bitch Spay (20kg),Djursjukhuset Malmö,9635,AniCura Landskrona Smådjursklinik,7230.0,100
Djursjukhuset Malmö,Dog Vaccination DHPPI,Djursjukhuset Malmö,495,AniCura Landskrona Smådjursklinik,550.0,100
Djursjukhuset Malmö,Cat Spay,Djursjukhuset Malmö,2090,AniCura Landskrona Smådjursklinik,1670.0,100
Djursjukhuset Malmö,Cat Castrate,Djursjukhuset Malmö,1175,AniCura Landskrona Smådjursklinik,1000.0,100
Djursjukhuset Malmö,Cat Vaccination,Djursjukhuset Malmö,495,AniCura Landskrona Smådjursklinik,550.0,100
Djursjukhuset Malmö,X-Ray & Sedation (HD),Djursjukhuset Malmö,2295,AniCura Landskrona Smådjursklinik,1810.0,100
Djursjukhuset Malmö,Consultation,Djursjukhuset Malmö,1495,Distriktsveterinärerna Flyinge,965.0,100
Djursjukhuset Malmö,Castrate Dog (20kg),Djursjukhuset Malmö,5835,Distriktsveterinärerna Flyinge,4625.0,100
Djursjukhuset Malmö,Bitch Spay (20kg),Djursjukhuset Malmö,9635,Distriktsveterinärerna Flyinge,8025.0,100
Djursjukhuset Malmö,Dog Vaccination DHPPI,Djursjukhuset Malmö,495,Distriktsveterinärerna Flyinge,575.0,100
Djursjukhuset Malmö,Cat Spay,Djursjukhuset Malmö,2090,Distriktsveterinärerna Flyinge,1825.0,100
Djursjukhuset Malmö,Cat Castrate,Djursjukhuset Malmö,1175,Distriktsveterinärerna Flyinge,975.0,100
Djursjukhuset Malmö,Cat Vaccination,Djursjukhuset Malmö,495,Distriktsveterinärerna Flyinge,575.0,100
Djursjukhuset Malmö,X-Ray & Sedation (HD),Djursjukhuset Malmö,2295,Distriktsveterinärerna Flyinge,1995.0,100
Djursjukhuset Malmö,Consultation,Djursjukhuset Malmö,1495,Arken Zoo Veterinärklinik i Malmö Toftanäs,895.0,100
Djursjukhuset Malmö,Castrate Dog (20kg),Djursjukhuset Malmö,5835,Arken Zoo Veterinärklinik i Malmö Toftanäs,,100
Djursjukhuset Malmö,Bitch Spay (20kg),Djursjukhuset Malmö,9635,Arken Zoo Veterinärklinik i Malmö Toftanäs,,100
Djursjukhuset Malmö,Dog Vaccination DHPPI,Djursjukhuset Malmö,495,Arken Zoo Veterinärklinik i Malmö Toftanäs,,100
Djursjukhuset Malmö,Cat Spay,Djursjukhuset Malmö,2090,Arken Zoo Veterinärklinik i Malmö Toftanäs,1550.0,100
Djursjukhuset Malmö,Cat Castrate,Djursjukhuset Malmö,1175,Arken Zoo Veterinärklinik i Malmö Toftanäs,895.0,100
Djursjukhuset Malmö,Cat Vaccination,Djursjukhuset Malmö,495,Arken Zoo Veterinärklinik i Malmö Toftanäs,,100
Djursjukhuset Malmö,X-Ray & Sedation (HD),Djursjukhuset Malmö,2295,Arken Zoo Veterinärklinik i Malmö Toftanäs,,100
Specialistdjursjukhuset Helsingborg,Consultation,Specialistdjursjukhuset Helsingborg,1495,AniCura Landskrona Smådjursklinik,1500.0,101
Specialistdjursjukhuset Helsingborg,Castrate Dog (20kg),Specialistdjursjukhuset Helsingborg,5835,AniCura Landskrona Smådjursklinik,4950.0,101
Specialistdjursjukhuset Helsingborg,Bitch Spay (20kg),Specialistdjursjukhuset Helsingborg,9635,AniCura Landskrona Smådjursklinik,7230.0,101
Specialistdjursjukhuset Helsingborg,Dog Vaccination DHPPI,Specialistdjursjukhuset Helsingborg,495,AniCura Landskrona Smådjursklinik,550.0,101
Specialistdjursjukhuset Helsingborg,Cat Spay,Specialistdjursjukhuset Helsingborg,2090,AniCura Landskrona Smådjursklinik,1670.0,101
Specialistdjursjukhuset Helsingborg,Cat Castrate,Specialistdjursjukhuset Helsingborg,1175,AniCura Landskrona Smådjursklinik,1000.0,101
Specialistdjursjukhuset Helsingborg,Cat Vaccination,Specialistdjursjukhuset Helsingborg,495,AniCura Landskrona Smådjursklinik,550.0,101
Specialistdjursjukhuset Helsingborg,X-Ray & Sedation (HD),Specialistdjursjukhuset Helsingborg,2295,AniCura Landskrona Smådjursklinik,1810.0,101
Specialistdjursjukhuset Helsingborg,Consultation,Specialistdjursjukhuset Helsingborg,1495,AniCura Veterinärhuset Ängelholm,0.0,101
Specialistdjursjukhuset Helsingborg,Castrate Dog (20kg),Specialistdjursjukhuset Helsingborg,5835,AniCura Veterinärhuset Ängelholm,4550.0,101
Specialistdjursjukhuset Helsingborg,Bitch Spay (20kg),Specialistdjursjukhuset Helsingborg,9635,AniCura Veterinärhuset Ängelholm,7880.0,101
Specialistdjursjukhuset Helsingborg,Dog Vaccination DHPPI,Specialistdjursjukhuset Helsingborg,495,AniCura Veterinärhuset Ängelholm,550.0,101
Specialistdjursjukhuset Helsingborg,Cat Spay,Specialistdjursjukhuset Helsingborg,2090,AniCura Veterinärhuset Ängelholm,1670.0,101
Specialistdjursjukhuset Helsingborg,Cat Castrate,Specialistdjursjukhuset Helsingborg,1175,AniCura Veterinärhuset Ängelholm,1000.0,101
Specialistdjursjukhuset Helsingborg,Cat Vaccination,Specialistdjursjukhuset Helsingborg,495,AniCura Veterinärhuset Ängelholm,550.0,101
Specialistdjursjukhuset Helsingborg,X-Ray & Sedation (HD),Specialistdjursjukhuset Helsingborg,2295,AniCura Veterinärhuset Ängelholm,2010.0,101
Specialistdjursjukhuset Helsingborg,Consultation,Specialistdjursjukhuset Helsingborg,1495,Distriktsveterinärerna Nordvästra Skåne,965.0,101
Specialistdjursjukhuset Helsingborg,Castrate Dog (20kg),Specialistdjursjukhuset Helsingborg,5835,Distriktsveterinärerna Nordvästra Skåne,4625.0,101
Specialistdjursjukhuset Helsingborg,Bitch Spay (20kg),Specialistdjursjukhuset Helsingborg,9635,Distriktsveterinärerna Nordvästra Skåne,8025.0,101
Specialistdjursjukhuset Helsingborg,Dog Vaccination DHPPI,Specialistdjursjukhuset Helsingborg,495,Distriktsveterinärerna Nordvästra Skåne,575.0,101
Specialistdjursjukhuset Helsingborg,Cat Spay,Specialistdjursjukhuset Helsingborg,2090,Distriktsveterinärerna Nordvästra Skåne,1825.0,101
Specialistdjursjukhuset Helsingborg,Cat Castrate,Specialistdjursjukhuset Helsingborg,1175,Distriktsveterinärerna Nordvästra Skåne,975.0,101
Specialistdjursjukhuset Helsingborg,Cat Vaccination,Specialistdjursjukhuset Helsingborg,495,Distriktsveterinärerna Nordvästra Skåne,575.0,101
Specialistdjursjukhuset Helsingborg,X-Ray & Sedation (HD),Specialistdjursjukhuset Helsingborg,2295,Distriktsveterinärerna Nordvästra Skåne,1995.0,101
Specialistdjursjukhuset Helsingborg,Consultation,Specialistdjursjukhuset Helsingborg,1495,Helsingborgs Veterinärklinik,820.0,101
Specialistdjursjukhuset Helsingborg,Castrate Dog (20kg),Specialistdjursjukhuset Helsingborg,5835,Helsingborgs Veterinärklinik,3700.0,101
Specialistdjursjukhuset Helsingborg,Bitch Spay (20kg),Specialistdjursjukhuset Helsingborg,9635,Helsingborgs Veterinärklinik,6700.0,101
Specialistdjursjukhuset Helsingborg,Dog Vaccination DHPPI,Specialistdjursjukhuset Helsingborg,495,Helsingborgs Veterinärklinik,470.0,101
Specialistdjursjukhuset Helsingborg,Cat Spay,Specialistdjursjukhuset Helsingborg,2090,Helsingborgs Veterinärklinik,1380.0,101
Specialistdjursjukhuset Helsingborg,Cat Castrate,Specialistdjursjukhuset Helsingborg,1175,Helsingborgs Veterinärklinik,760.0,101
Specialistdjursjukhuset Helsingborg,Cat Vaccination,Specialistdjursjukhuset Helsingborg,495,Helsingborgs Veterinärklinik,,101
Specialistdjursjukhuset Helsingborg,X-Ray & Sedation (HD),Specialistdjursjukhuset Helsingborg,2295,Helsingborgs Veterinärklinik,,101
Djursjukhuset Karlstad,Consultation,Djursjukhuset Karlstad,1495,Distriktsveterinärerna Sunne,965.0,211
Djursjukhuset Karlstad,Castrate Dog (20kg),Djursjukhuset Karlstad,5835,Distriktsveterinärerna Sunne,4625.0,211
Djursjukhuset Karlstad,Bitch Spay (20kg),Djursjukhuset Karlstad,9635,Distriktsveterinärerna Sunne,8025.0,211
Djursjukhuset Karlstad,Dog Vaccination DHPPI,Djursjukhuset Karlstad,495,Distriktsveterinärerna Sunne,575.0,211
Djursjukhuset Karlstad,Cat Spay,Djursjukhuset Karlstad,2090,Distriktsveterinärerna Sunne,1825.0,211
Djursjukhuset Karlstad,Cat Castrate,Djursjukhuset Karlstad,1175,Distriktsveterinärerna Sunne,975.0,211
Djursjukhuset Karlstad,Cat Vaccination,Djursjukhuset Karlstad,495,Distriktsveterinärerna Sunne,575.0,211
Djursjukhuset Karlstad,X-Ray & Sedation (HD),Djursjukhuset Karlstad,2295,Distriktsveterinärerna Sunne,1995.0,211
Djursjukhuset Karlstad,Consultation,Djursjukhuset Karlstad,1495,Distriktsveterinärerna Kristinehamn,965.0,211
Djursjukhuset Karlstad,Castrate Dog (20kg),Djursjukhuset Karlstad,5835,Distriktsveterinärerna Kristinehamn,4625.0,211
Djursjukhuset Karlstad,Bitch Spay (20kg),Djursjukhuset Karlstad,9635,Distriktsveterinärerna Kristinehamn,8025.0,211
Djursjukhuset Karlstad,Dog Vaccination DHPPI,Djursjukhuset Karlstad,495,Distriktsveterinärerna Kristinehamn,575.0,211
Djursjukhuset Karlstad,Cat Spay,Djursjukhuset Karlstad,2090,Distriktsveterinärerna Kristinehamn,1825.0,211
Djursjukhuset Karlstad,Cat Castrate,Djursjukhuset Karlstad,1175,Distriktsveterinärerna Kristinehamn,975.0,211
Djursjukhuset Karlstad,Cat Vaccination,Djursjukhuset Karlstad,495,Distriktsveterinärerna Kristinehamn,575.0,211
Djursjukhuset Karlstad,X-Ray & Sedation (HD),Djursjukhuset Karlstad,2295,Distriktsveterinärerna Kristinehamn,1995.0,211
Djursjukhuset Karlstad,Consultation,Djursjukhuset Karlstad,1495,Distriktsveterinärerna Säffle,965.0,211
Djursjukhuset Karlstad,Castrate Dog (20kg),Djursjukhuset Karlstad,5835,Distriktsveterinärerna Säffle,4625.0,211
Djursjukhuset Karlstad,Bitch Spay (20kg),Djursjukhuset Karlstad,9635,Distriktsveterinärerna Säffle,8025.0,211
Djursjukhuset Karlstad,Dog Vaccination DHPPI,Djursjukhuset Karlstad,495,Distriktsveterinärerna Säffle,575.0,211
Djursjukhuset Karlstad,Cat Spay,Djursjukhuset Karlstad,2090,Distriktsveterinärerna Säffle,1825.0,211
Djursjukhuset Karlstad,Cat Castrate,Djursjukhuset Karlstad,1175,Distriktsveterinärerna Säffle,975.0,211
Djursjukhuset Karlstad,Cat Vaccination,Djursjukhuset Karlstad,495,Distriktsveterinärerna Säffle,575.0,211
Djursjukhuset Karlstad,X-Ray & Sedation (HD),Djursjukhuset Karlstad,2295,Distriktsveterinärerna Säffle,1995.0,211
Djursjukhuset Karlstad,Consultation,Djursjukhuset Karlstad,1495,Solstadens smådjursklinik,910.0,211
Djursjukhuset Karlstad,Castrate Dog (20kg),Djursjukhuset Karlstad,5835,Solstadens smådjursklinik,,211
Djursjukhuset Karlstad,Bitch Spay (20kg),Djursjukhuset Karlstad,9635,Solstadens smådjursklinik,,211
Djursjukhuset Karlstad,Dog Vaccination DHPPI,Djursjukhuset Karlstad,495,Solstadens smådjursklinik,,211
Djursjukhuset Karlstad,Cat Spay,Djursjukhuset Karlstad,2090,Solstadens smådjursklinik,,211
Djursjukhuset Karlstad,Cat Castrate,Djursjukhuset Karlstad,1175,Solstadens smådjursklinik,640.0,211
Djursjukhuset Karlstad,Cat Vaccination,Djursjukhuset Karlstad,495,Solstadens smådjursklinik,,211
Djursjukhuset Karlstad,X-Ray & Sedation (HD),Djursjukhuset Karlstad,2295,Solstadens smådjursklinik,,211
Sundsvall,Consultation,Sundsvall,1495,Distriktsveterinärerna Sundsvall,965.0,8099
Sundsvall,Castrate Dog (20kg),Sundsvall,5835,Distriktsveterinärerna Sundsvall,4625.0,8099
Sundsvall,Bitch Spay (20kg),Sundsvall,9635,Distriktsveterinärerna Sundsvall,8025.0,8099
Sundsvall,Dog Vaccination DHPPI,Sundsvall,495,Distriktsveterinärerna Sundsvall,575.0,8099
Sundsvall,Cat Spay,Sundsvall,2090,Distriktsveterinärerna Sundsvall,1825.0,8099
Sundsvall,Cat Castrate,Sundsvall,1175,Distriktsveterinärerna Sundsvall,975.0,8099
Sundsvall,Cat Vaccination,Sundsvall,495,Distriktsveterinärerna Sundsvall,575.0,8099
Sundsvall,X-Ray & Sedation (HD),Sundsvall,2595,Distriktsveterinärerna Sundsvall,1995.0,8099
Sundsvall,Consultation,Sundsvall,1495,Distriktsveterinärerna Hudiksvall,965.0,8099
Sundsvall,Castrate Dog (20kg),Sundsvall,5835,Distriktsveterinärerna Hudiksvall,4625.0,8099
Sundsvall,Bitch Spay (20kg),Sundsvall,9635,Distriktsveterinärerna Hudiksvall,8025.0,8099
Sundsvall,Dog Vaccination DHPPI,Sundsvall,495,Distriktsveterinärerna Hudiksvall,575.0,8099
Sundsvall,Cat Spay,Sundsvall,2090,Distriktsveterinärerna Hudiksvall,1825.0,8099
Sundsvall,Cat Castrate,Sundsvall,1175,Distriktsveterinärerna Hudiksvall,975.0,8099
Sundsvall,Cat Vaccination,Sundsvall,495,Distriktsveterinärerna Hudiksvall,575.0,8099
Sundsvall,X-Ray & Sedation (HD),Sundsvall,2595,Distriktsveterinärerna Hudiksvall,1995.0,8099
Sundsvall,Consultation,Sundsvall,1495,Distriktsveterinärerna Sollefteå,965.0,8099
Sundsvall,Castrate Dog (20kg),Sundsvall,5835,Distriktsveterinärerna Sollefteå,4625.0,8099
Sundsvall,Bitch Spay (20kg),Sundsvall,9635,Distriktsveterinärerna Sollefteå,8025.0,8099
Sundsvall,Dog Vaccination DHPPI,Sundsvall,495,Distriktsveterinärerna Sollefteå,575.0,8099
Sundsvall,Cat Spay,Sundsvall,2090,Distriktsveterinärerna Sollefteå,1825.0,8099
Sundsvall,Cat Castrate,Sundsvall,1175,Distriktsveterinärerna Sollefteå,975.0,8099
Sundsvall,Cat Vaccination,Sundsvall,495,Distriktsveterinärerna Sollefteå,575.0,8099
Sundsvall,X-Ray & Sedation (HD),Sundsvall,2595,Distriktsveterinärerna Sollefteå,1995.0,8099
Sundsvall,Consultation,Sundsvall,1495,Sundsvalls Veterinärmottagning,890.0,8099
Sundsvall,Castrate Dog (20kg),Sundsvall,5835,Sundsvalls Veterinärmottagning,6500.0,8099
Sundsvall,Bitch Spay (20kg),Sundsvall,9635,Sundsvalls Veterinärmottagning,,8099
Sundsvall,Dog Vaccination DHPPI,Sundsvall,495,Sundsvalls Veterinärmottagning,,8099
Sundsvall,Cat Spay,Sundsvall,2090,Sundsvalls Veterinärmottagning,1850.0,8099
Sundsvall,Cat Castrate,Sundsvall,1175,Sundsvalls Veterinärmottagning,1050.0,8099
Sundsvall,Cat Vaccination,Sundsvall,495,Sundsvalls Veterinärmottagning,,8099
Sundsvall,X-Ray & Sedation (HD),Sundsvall,2595,Sundsvalls Veterinärmottagning,,8099
Östersund,Consultation,Östersund,1500,Distriktsveterinärerna Jämtland,965.0,8098
Östersund,Castrate Dog (20kg),Östersund,5795,Distriktsveterinärerna Jämtland,4625.0,8098
Östersund,Bitch Spay (20kg),Östersund,8495,Distriktsveterinärerna Jämtland,8025.0,8098
Östersund,Dog Vaccination DHPPI,Östersund,495,Distriktsveterinärerna Jämtland,575.0,8098
Östersund,Cat Spay,Östersund,1895,Distriktsveterinärerna Jämtland,1825.0,8098
Östersund,Cat Castrate,Östersund,1195,Distriktsveterinärerna Jämtland,975.0,8098
Östersund,Cat Vaccination,Östersund,495,Distriktsveterinärerna Jämtland,575.0,8098
Östersund,X-Ray & Sedation (HD),Östersund,1800,Distriktsveterinärerna Jämtland,1995.0,8098
Östersund,Consultation,Östersund,1500,Distriktsveterinärerna Sveg,965.0,8098
Östersund,Castrate Dog (20kg),Östersund,5795,Distriktsveterinärerna Sveg,4625.0,8098
Östersund,Bitch Spay (20kg),Östersund,8495,Distriktsveterinärerna Sveg,8025.0,8098
Östersund,Dog Vaccination DHPPI,Östersund,495,Distriktsveterinärerna Sveg,575.0,8098
Östersund,Cat Spay,Östersund,1895,Distriktsveterinärerna Sveg,1825.0,8098
Östersund,Cat Castrate,Östersund,1195,Distriktsveterinärerna Sveg,975.0,8098
Östersund,Cat Vaccination,Östersund,495,Distriktsveterinärerna Sveg,575.0,8098
Östersund,X-Ray & Sedation (HD),Östersund,1800,Distriktsveterinärerna Sveg,1995.0,8098
Östersund,Consultation,Östersund,1500,Distriktsveterinärerna Hede,965.0,8098
Östersund,Castrate Dog (20kg),Östersund,5795,Distriktsveterinärerna Hede,4625.0,8098
Östersund,Bitch Spay (20kg),Östersund,8495,Distriktsveterinärerna Hede,8025.0,8098
Östersund,Dog Vaccination DHPPI,Östersund,495,Distriktsveterinärerna Hede,575.0,8098
Östersund,Cat Spay,Östersund,1895,Distriktsveterinärerna Hede,1825.0,8098
Östersund,Cat Castrate,Östersund,1195,Distriktsveterinärerna Hede,975.0,8098
Östersund,Cat Vaccination,Östersund,495,Distriktsveterinärerna Hede,575.0,8098
Östersund,X-Ray & Sedation (HD),Östersund,1800,Distriktsveterinärerna Hede,1995.0,8098
Östersund,Consultation,Östersund,1500,Jämtlands Djurklinik,,8098
Östersund,Castrate Dog (20kg),Östersund,5795,Jämtlands Djurklinik,,8098
Östersund,Bitch Spay (20kg),Östersund,8495,Jämtlands Djurklinik,,8098
Östersund,Dog Vaccination DHPPI,Östersund,495,Jämtlands Djurklinik,,8098
Östersund,Cat Spay,Östersund,1895,Jämtlands Djurklinik,,8098
Östersund,Cat Castrate,Östersund,1195,Jämtlands Djurklinik,,8098
Östersund,Cat Vaccination,Östersund,495,Jämtlands Djurklinik,,8098
Östersund,X-Ray & Sedation (HD),Östersund,1800,Jämtlands Djurklinik,,8098
Djursjukhuset Gammelstad,Consultation,Djursjukhuset Gammelstad,1495,Distriktsveterinärerna Piteå,965.0,504
Djursjukhuset Gammelstad,Castrate Dog (20kg),Djursjukhuset Gammelstad,5835,Distriktsveterinärerna Piteå,4625.0,504
Djursjukhuset Gammelstad,Bitch Spay (20kg),Djursjukhuset Gammelstad,9635,Distriktsveterinärerna Piteå,8025.0,504
Djursjukhuset Gammelstad,Dog Vaccination DHPPI,Djursjukhuset Gammelstad,495,Distriktsveterinärerna Piteå,575.0,504
Djursjukhuset Gammelstad,Cat Spay,Djursjukhuset Gammelstad,2090,Distriktsveterinärerna Piteå,1825.0,504
Djursjukhuset Gammelstad,Cat Castrate,Djursjukhuset Gammelstad,1175,Distriktsveterinärerna Piteå,975.0,504
Djursjukhuset Gammelstad,Cat Vaccination,Djursjukhuset Gammelstad,495,Distriktsveterinärerna Piteå,575.0,504
Djursjukhuset Gammelstad,X-Ray & Sedation (HD),Djursjukhuset Gammelstad,2295,Distriktsveterinärerna Piteå,1995.0,504
Djursjukhuset Gammelstad,Consultation,Djursjukhuset Gammelstad,1495,Distriktsveterinärerna Älvsbyn,965.0,504
Djursjukhuset Gammelstad,Castrate Dog (20kg),Djursjukhuset Gammelstad,5835,Distriktsveterinärerna Älvsbyn,4625.0,504
Djursjukhuset Gammelstad,Bitch Spay (20kg),Djursjukhuset Gammelstad,9635,Distriktsveterinärerna Älvsbyn,8025.0,504
Djursjukhuset Gammelstad,Dog Vaccination DHPPI,Djursjukhuset Gammelstad,495,Distriktsveterinärerna Älvsbyn,575.0,504
Djursjukhuset Gammelstad,Cat Spay,Djursjukhuset Gammelstad,2090,Distriktsveterinärerna Älvsbyn,1825.0,504
Djursjukhuset Gammelstad,Cat Castrate,Djursjukhuset Gammelstad,1175,Distriktsveterinärerna Älvsbyn,975.0,504
Djursjukhuset Gammelstad,Cat Vaccination,Djursjukhuset Gammelstad,495,Distriktsveterinärerna Älvsbyn,575.0,504
Djursjukhuset Gammelstad,X-Ray & Sedation (HD),Djursjukhuset Gammelstad,2295,Distriktsveterinärerna Älvsbyn,1995.0,504
Djursjukhuset Gammelstad,Consultation,Djursjukhuset Gammelstad,1495,Distriktsveterinärerna i Kalix/Haparanda/Överkalix,965.0,504
Djursjukhuset Gammelstad,Castrate Dog (20kg),Djursjukhuset Gammelstad,5835,Distriktsveterinärerna i Kalix/Haparanda/Överkalix,4625.0,504
Djursjukhuset Gammelstad,Bitch Spay (20kg),Djursjukhuset Gammelstad,9635,Distriktsveterinärerna i Kalix/Haparanda/Överkalix,8025.0,504
Djursjukhuset Gammelstad,Dog Vaccination DHPPI,Djursjukhuset Gammelstad,495,Distriktsveterinärerna i Kalix/Haparanda/Överkalix,575.0,504
Djursjukhuset Gammelstad,Cat Spay,Djursjukhuset Gammelstad,2090,Distriktsveterinärerna i Kalix/Haparanda/Överkalix,1825.0,504
Djursjukhuset Gammelstad,Cat Castrate,Djursjukhuset Gammelstad,1175,Distriktsveterinärerna i Kalix/Haparanda/Överkalix,975.0,504
Djursjukhuset Gammelstad,Cat Vaccination,Djursjukhuset Gammelstad,495,Distriktsveterinärerna i Kalix/Haparanda/Överkalix,575.0,504
Djursjukhuset Gammelstad,X-Ray & Sedation (HD),Djursjukhuset Gammelstad,2295,Distriktsveterinärerna i Kalix/Haparanda/Överkalix,1995.0,504
Djursjukhuset Gammelstad,Consultation,Djursjukhuset Gammelstad,1495,Luleå Veterinärstation,750.0,504
Djursjukhuset Gammelstad,Castrate Dog (20kg),Djursjukhuset Gammelstad,5835,Luleå Veterinärstation,,504
Djursjukhuset Gammelstad,Bitch Spay (20kg),Djursjukhuset Gammelstad,9635,Luleå Veterinärstation,,504
Djursjukhuset Gammelstad,Dog Vaccination DHPPI,Djursjukhuset Gammelstad,495,Luleå Veterinärstation,440.0,504
Djursjukhuset Gammelstad,Cat Spay,Djursjukhuset Gammelstad,2090,Luleå Veterinärstation,,504
Djursjukhuset Gammelstad,Cat Castrate,Djursjukhuset Gammelstad,1175,Luleå Veterinärstation,1050.0,504
Djursjukhuset Gammelstad,Cat Vaccination,Djursjukhuset Gammelstad,495,Luleå Veterinärstation,,504
Djursjukhuset Gammelstad,X-Ray & Sedation (HD),Djursjukhuset Gammelstad,2295,Luleå Veterinärstation,,504
Veterinärhuset Sundsvall,Consultation,Veterinärhuset Sundsvall,1495,Distriktsveterinärerna Sundsvall,965.0,506
Veterinärhuset Sundsvall,Castrate Dog (20kg),Veterinärhuset Sundsvall,5835,Distriktsveterinärerna Sundsvall,4625.0,506
Veterinärhuset Sundsvall,Bitch Spay (20kg),Veterinärhuset Sundsvall,9635,Distriktsveterinärerna Sundsvall,8025.0,506
Veterinärhuset Sundsvall,Dog Vaccination DHPPI,Veterinärhuset Sundsvall,495,Distriktsveterinärerna Sundsvall,575.0,506
Veterinärhuset Sundsvall,Cat Spay,Veterinärhuset Sundsvall,2090,Distriktsveterinärerna Sundsvall,1825.0,506
Veterinärhuset Sundsvall,Cat Castrate,Veterinärhuset Sundsvall,1175,Distriktsveterinärerna Sundsvall,975.0,506
Veterinärhuset Sundsvall,Cat Vaccination,Veterinärhuset Sundsvall,495,Distriktsveterinärerna Sundsvall,575.0,506
Veterinärhuset Sundsvall,X-Ray & Sedation (HD),Veterinärhuset Sundsvall,2595,Distriktsveterinärerna Sundsvall,1995.0,506
Veterinärhuset Sundsvall,Consultation,Veterinärhuset Sundsvall,1495,Distriktsveterinärerna Hudiksvall,965.0,506
Veterinärhuset Sundsvall,Castrate Dog (20kg),Veterinärhuset Sundsvall,5835,Distriktsveterinärerna Hudiksvall,4625.0,506
Veterinärhuset Sundsvall,Bitch Spay (20kg),Veterinärhuset Sundsvall,9635,Distriktsveterinärerna Hudiksvall,8025.0,506
Veterinärhuset Sundsvall,Dog Vaccination DHPPI,Veterinärhuset Sundsvall,495,Distriktsveterinärerna Hudiksvall,575.0,506
Veterinärhuset Sundsvall,Cat Spay,Veterinärhuset Sundsvall,2090,Distriktsveterinärerna Hudiksvall,1825.0,506
Veterinärhuset Sundsvall,Cat Castrate,Veterinärhuset Sundsvall,1175,Distriktsveterinärerna Hudiksvall,975.0,506
Veterinärhuset Sundsvall,Cat Vaccination,Veterinärhuset Sundsvall,495,Distriktsveterinärerna Hudiksvall,575.0,506
Veterinärhuset Sundsvall,X-Ray & Sedation (HD),Veterinärhuset Sundsvall,2595,Distriktsveterinärerna Hudiksvall,1995.0,506
Veterinärhuset Sundsvall,Consultation,Veterinärhuset Sundsvall,1495,Distriktsveterinärerna Sollefteå,965.0,506
Veterinärhuset Sundsvall,Castrate Dog (20kg),Veterinärhuset Sundsvall,5835,Distriktsveterinärerna Sollefteå,4625.0,506
Veterinärhuset Sundsvall,Bitch Spay (20kg),Veterinärhuset Sundsvall,9635,Distriktsveterinärerna Sollefteå,8025.0,506
Veterinärhuset Sundsvall,Dog Vaccination DHPPI,Veterinärhuset Sundsvall,495,Distriktsveterinärerna Sollefteå,575.0,506
Veterinärhuset Sundsvall,Cat Spay,Veterinärhuset Sundsvall,2090,Distriktsveterinärerna Sollefteå,1825.0,506
Veterinärhuset Sundsvall,Cat Castrate,Veterinärhuset Sundsvall,1175,Distriktsveterinärerna Sollefteå,975.0,506
Veterinärhuset Sundsvall,Cat Vaccination,Veterinärhuset Sundsvall,495,Distriktsveterinärerna Sollefteå,575.0,506
Veterinärhuset Sundsvall,X-Ray & Sedation (HD),Veterinärhuset Sundsvall,2595,Distriktsveterinärerna Sollefteå,1995.0,506
Veterinärhuset Sundsvall,Consultation,Veterinärhuset Sundsvall,1495,Sundsvalls Veterinärmottagning,890.0,506
Veterinärhuset Sundsvall,Castrate Dog (20kg),Veterinärhuset Sundsvall,5835,Sundsvalls Veterinärmottagning,6500.0,506
Veterinärhuset Sundsvall,Bitch Spay (20kg),Veterinärhuset Sundsvall,9635,Sundsvalls Veterinärmottagning,,506
Veterinärhuset Sundsvall,Dog Vaccination DHPPI,Veterinärhuset Sundsvall,495,Sundsvalls Veterinärmottagning,,506
Veterinärhuset Sundsvall,Cat Spay,Veterinärhuset Sundsvall,2090,Sundsvalls Veterinärmottagning,1850.0,506
Veterinärhuset Sundsvall,Cat Castrate,Veterinärhuset Sundsvall,1175,Sundsvalls Veterinärmottagning,1050.0,506
Veterinärhuset Sundsvall,Cat Vaccination,Veterinärhuset Sundsvall,495,Sundsvalls Veterinärmottagning,,506
Veterinärhuset Sundsvall,X-Ray & Sedation (HD),Veterinärhuset Sundsvall,2595,Sundsvalls Veterinärmottagning,,506
Djursjukhuset Växjö,Consultation,Djursjukhuset Växjö,1230,AniCura Nässjö Djurklinik,0.0,109
Djursjukhuset Växjö,Castrate Dog (20kg),Djursjukhuset Växjö,5560,AniCura Nässjö Djurklinik,0.0,109
Djursjukhuset Växjö,Bitch Spay (20kg),Djursjukhuset Växjö,9175,AniCura Nässjö Djurklinik,0.0,109
Djursjukhuset Växjö,Dog Vaccination DHPPI,Djursjukhuset Växjö,495,AniCura Nässjö Djurklinik,0.0,109
Djursjukhuset Växjö,Cat Spay,Djursjukhuset Växjö,1990,AniCura Nässjö Djurklinik,0.0,109
Djursjukhuset Växjö,Cat Castrate,Djursjukhuset Växjö,1120,AniCura Nässjö Djurklinik,0.0,109
Djursjukhuset Växjö,Cat Vaccination,Djursjukhuset Växjö,495,AniCura Nässjö Djurklinik,0.0,109
Djursjukhuset Växjö,X-Ray & Sedation (HD),Djursjukhuset Växjö,2095,AniCura Nässjö Djurklinik,0.0,109
Djursjukhuset Växjö,Consultation,Djursjukhuset Växjö,1230,AniCura Bromölla,1050.0,109
Djursjukhuset Växjö,Castrate Dog (20kg),Djursjukhuset Växjö,5560,AniCura Bromölla,4900.0,109
Djursjukhuset Växjö,Bitch Spay (20kg),Djursjukhuset Växjö,9175,AniCura Bromölla,8590.0,109
Djursjukhuset Växjö,Dog Vaccination DHPPI,Djursjukhuset Växjö,495,AniCura Bromölla,550.0,109
Djursjukhuset Växjö,Cat Spay,Djursjukhuset Växjö,1990,AniCura Bromölla,1950.0,109
Djursjukhuset Växjö,Cat Castrate,Djursjukhuset Växjö,1120,AniCura Bromölla,950.0,109
Djursjukhuset Växjö,Cat Vaccination,Djursjukhuset Växjö,495,AniCura Bromölla,550.0,109
Djursjukhuset Växjö,X-Ray & Sedation (HD),Djursjukhuset Växjö,2095,AniCura Bromölla,1760.0,109
Djursjukhuset Växjö,Consultation,Djursjukhuset Växjö,1230,Distriktsveterinärerna Huskvarna,965.0,109
Djursjukhuset Växjö,Castrate Dog (20kg),Djursjukhuset Växjö,5560,Distriktsveterinärerna Huskvarna,4625.0,109
Djursjukhuset Växjö,Bitch Spay (20kg),Djursjukhuset Växjö,9175,Distriktsveterinärerna Huskvarna,8025.0,109
Djursjukhuset Växjö,Dog Vaccination DHPPI,Djursjukhuset Växjö,495,Distriktsveterinärerna Huskvarna,575.0,109
Djursjukhuset Växjö,Cat Spay,Djursjukhuset Växjö,1990,Distriktsveterinärerna Huskvarna,1825.0,109
Djursjukhuset Växjö,Cat Castrate,Djursjukhuset Växjö,1120,Distriktsveterinärerna Huskvarna,975.0,109
Djursjukhuset Växjö,Cat Vaccination,Djursjukhuset Växjö,495,Distriktsveterinärerna Huskvarna,575.0,109
Djursjukhuset Växjö,X-Ray & Sedation (HD),Djursjukhuset Växjö,2095,Distriktsveterinärerna Huskvarna,1995.0,109
Djursjukhuset Växjö,Consultation,Djursjukhuset Växjö,1230,Smådjursdepån i Växjö,785.0,109
Djursjukhuset Växjö,Castrate Dog (20kg),Djursjukhuset Växjö,5560,Smådjursdepån i Växjö,4395.0,109
Djursjukhuset Växjö,Bitch Spay (20kg),Djursjukhuset Växjö,9175,Smådjursdepån i Växjö,,109
Djursjukhuset Växjö,Dog Vaccination DHPPI,Djursjukhuset Växjö,495,Smådjursdepån i Växjö,,109
Djursjukhuset Växjö,Cat Spay,Djursjukhuset Växjö,1990,Smådjursdepån i Växjö,1255.0,109
Djursjukhuset Växjö,Cat Castrate,Djursjukhuset Växjö,1120,Smådjursdepån i Växjö,710.0,109
Djursjukhuset Växjö,Cat Vaccination,Djursjukhuset Växjö,495,Smådjursdepån i Växjö,,109
Djursjukhuset Växjö,X-Ray & Sedation (HD),Djursjukhuset Växjö,2095,Smådjursdepån i Växjö,,109
Uppsala Veterinärklinik,Consultation,Uppsala Veterinärklinik,1640,Distriktsveterinärerna Tierp/Östhammar,965.0,8088
Uppsala Veterinärklinik,Castrate Dog (20kg),Uppsala Veterinärklinik,6395,Distriktsveterinärerna Tierp/Östhammar,4625.0,8088
Uppsala Veterinärklinik,Bitch Spay (20kg),Uppsala Veterinärklinik,10555,Distriktsveterinärerna Tierp/Östhammar,8025.0,8088
Uppsala Veterinärklinik,Dog Vaccination DHPPI,Uppsala Veterinärklinik,495,Distriktsveterinärerna Tierp/Östhammar,575.0,8088
Uppsala Veterinärklinik,Cat Spay,Uppsala Veterinärklinik,2285,Distriktsveterinärerna Tierp/Östhammar,1825.0,8088
Uppsala Veterinärklinik,Cat Castrate,Uppsala Veterinärklinik,1290,Distriktsveterinärerna Tierp/Östhammar,975.0,8088
Uppsala Veterinärklinik,Cat Vaccination,Uppsala Veterinärklinik,495,Distriktsveterinärerna Tierp/Östhammar,575.0,8088
Uppsala Veterinärklinik,X-Ray & Sedation (HD),Uppsala Veterinärklinik,2495,Distriktsveterinärerna Tierp/Östhammar,1995.0,8088
Uppsala Veterinärklinik,Consultation,Uppsala Veterinärklinik,1640,Anicura Djursjukhuset Albano,1600.0,8088
Uppsala Veterinärklinik,Castrate Dog (20kg),Uppsala Veterinärklinik,6395,Anicura Djursjukhuset Albano,8290.0,8088
Uppsala Veterinärklinik,Bitch Spay (20kg),Uppsala Veterinärklinik,10555,Anicura Djursjukhuset Albano,11220.0,8088
Uppsala Veterinärklinik,Dog Vaccination DHPPI,Uppsala Veterinärklinik,495,Anicura Djursjukhuset Albano,700.0,8088
Uppsala Veterinärklinik,Cat Spay,Uppsala Veterinärklinik,2285,Anicura Djursjukhuset Albano,0.0,8088
Uppsala Veterinärklinik,Cat Castrate,Uppsala Veterinärklinik,1290,Anicura Djursjukhuset Albano,0.0,8088
Uppsala Veterinärklinik,Cat Vaccination,Uppsala Veterinärklinik,495,Anicura Djursjukhuset Albano,700.0,8088
Uppsala Veterinärklinik,X-Ray & Sedation (HD),Uppsala Veterinärklinik,2495,Anicura Djursjukhuset Albano,0.0,8088
Uppsala Veterinärklinik,Consultation,Uppsala Veterinärklinik,1640,Distriktsveterinärerna Östhammar,965.0,8088
Uppsala Veterinärklinik,Castrate Dog (20kg),Uppsala Veterinärklinik,6395,Distriktsveterinärerna Östhammar,4625.0,8088
Uppsala Veterinärklinik,Bitch Spay (20kg),Uppsala Veterinärklinik,10555,Distriktsveterinärerna Östhammar,8025.0,8088
Uppsala Veterinärklinik,Dog Vaccination DHPPI,Uppsala Veterinärklinik,495,Distriktsveterinärerna Östhammar,575.0,8088
Uppsala Veterinärklinik,Cat Spay,Uppsala Veterinärklinik,2285,Distriktsveterinärerna Östhammar,1825.0,8088
Uppsala Veterinärklinik,Cat Castrate,Uppsala Veterinärklinik,1290,Distriktsveterinärerna Östhammar,975.0,8088
Uppsala Veterinärklinik,Cat Vaccination,Uppsala Veterinärklinik,495,Distriktsveterinärerna Östhammar,575.0,8088
Uppsala Veterinärklinik,X-Ray & Sedation (HD),Uppsala Veterinärklinik,2495,Distriktsveterinärerna Östhammar,1995.0,8088
Uppsala Veterinärklinik,Consultation,Uppsala Veterinärklinik,1640,Rembackens Djursjukhus,,8088
Uppsala Veterinärklinik,Castrate Dog (20kg),Uppsala Veterinärklinik,6395,Rembackens Djursjukhus,,8088
Uppsala Veterinärklinik,Bitch Spay (20kg),Uppsala Veterinärklinik,10555,Rembackens Djursjukhus,,8088
Uppsala Veterinärklinik,Dog Vaccination DHPPI,Uppsala Veterinärklinik,495,Rembackens Djursjukhus,,8088
Uppsala Veterinärklinik,Cat Spay,Uppsala Veterinärklinik,2285,Rembackens Djursjukhus,,8088
Uppsala Veterinärklinik,Cat Castrate,Uppsala Veterinärklinik,1290,Rembackens Djursjukhus,,8088
Uppsala Veterinärklinik,Cat Vaccination,Uppsala Veterinärklinik,495,Rembackens Djursjukhus,,8088
Uppsala Veterinärklinik,X-Ray & Sedation (HD),Uppsala Veterinärklinik,2495,Rembackens Djursjukhus,,8088
Valla Djursjukhus Linköping,Consultation,Valla Djursjukhus Linköping,1495,AniCura Djurdoktorn i Linköping,1480.0,400
Valla Djursjukhus Linköping,Castrate Dog (20kg),Valla Djursjukhus Linköping,5835,AniCura Djurdoktorn i Linköping,6740.0,400
Valla Djursjukhus Linköping,Bitch Spay (20kg),Valla Djursjukhus Linköping,9635,AniCura Djurdoktorn i Linköping,10000.0,400
Valla Djursjukhus Linköping,Dog Vaccination DHPPI,Valla Djursjukhus Linköping,495,AniCura Djurdoktorn i Linköping,600.0,400
Valla Djursjukhus Linköping,Cat Spay,Valla Djursjukhus Linköping,2090,AniCura Djurdoktorn i Linköping,2130.0,400
Valla Djursjukhus Linköping,Cat Castrate,Valla Djursjukhus Linköping,1175,AniCura Djurdoktorn i Linköping,1210.0,400
Valla Djursjukhus Linköping,Cat Vaccination,Valla Djursjukhus Linköping,495,AniCura Djurdoktorn i Linköping,600.0,400
Valla Djursjukhus Linköping,X-Ray & Sedation (HD),Valla Djursjukhus Linköping,2295,AniCura Djurdoktorn i Linköping,0.0,400
Valla Djursjukhus Linköping,Consultation,Valla Djursjukhus Linköping,1495,AniCura Norsholms Djursjukhus,1480.0,400
Valla Djursjukhus Linköping,Castrate Dog (20kg),Valla Djursjukhus Linköping,5835,AniCura Norsholms Djursjukhus,6810.0,400
Valla Djursjukhus Linköping,Bitch Spay (20kg),Valla Djursjukhus Linköping,9635,AniCura Norsholms Djursjukhus,10100.0,400
Valla Djursjukhus Linköping,Dog Vaccination DHPPI,Valla Djursjukhus Linköping,495,AniCura Norsholms Djursjukhus,600.0,400
Valla Djursjukhus Linköping,Cat Spay,Valla Djursjukhus Linköping,2090,AniCura Norsholms Djursjukhus,2160.0,400
Valla Djursjukhus Linköping,Cat Castrate,Valla Djursjukhus Linköping,1175,AniCura Norsholms Djursjukhus,1230.0,400
Valla Djursjukhus Linköping,Cat Vaccination,Valla Djursjukhus Linköping,495,AniCura Norsholms Djursjukhus,600.0,400
Valla Djursjukhus Linköping,X-Ray & Sedation (HD),Valla Djursjukhus Linköping,2295,AniCura Norsholms Djursjukhus,2340.0,400
Valla Djursjukhus Linköping,Consultation,Valla Djursjukhus Linköping,1495,Stångebro djurklinik,1150.0,400
Valla Djursjukhus Linköping,Castrate Dog (20kg),Valla Djursjukhus Linköping,5835,Stångebro djurklinik,6400.0,400
Valla Djursjukhus Linköping,Bitch Spay (20kg),Valla Djursjukhus Linköping,9635,Stångebro djurklinik,,400
Valla Djursjukhus Linköping,Dog Vaccination DHPPI,Valla Djursjukhus Linköping,495,Stångebro djurklinik,,400
Valla Djursjukhus Linköping,Cat Spay,Valla Djursjukhus Linköping,2090,Stångebro djurklinik,2300.0,400
Valla Djursjukhus Linköping,Cat Castrate,Valla Djursjukhus Linköping,1175,Stångebro djurklinik,1400.0,400
Valla Djursjukhus Linköping,Cat Vaccination,Valla Djursjukhus Linköping,495,Stångebro djurklinik,,400
Valla Djursjukhus Linköping,X-Ray & Sedation (HD),Valla Djursjukhus Linköping,2295,Stångebro djurklinik,,400
Djursjukhuset Norra Halland,Consultation,Djursjukhuset Norra Halland,1230,Anicura Västra Djursjukhuset,1520.0,304
Djursjukhuset Norra Halland,Castrate Dog (20kg),Djursjukhuset Norra Halland,5560,Anicura Västra Djursjukhuset,6810.0,304
Djursjukhuset Norra Halland,Bitch Spay (20kg),Djursjukhuset Norra Halland,9175,Anicura Västra Djursjukhuset,10090.0,304
Djursjukhuset Norra Halland,Dog Vaccination DHPPI,Djursjukhuset Norra Halland,495,Anicura Västra Djursjukhuset,680.0,304
Djursjukhuset Norra Halland,Cat Spay,Djursjukhuset Norra Halland,1990,Anicura Västra Djursjukhuset,2160.0,304
Djursjukhuset Norra Halland,Cat Castrate,Djursjukhuset Norra Halland,1120,Anicura Västra Djursjukhuset,1230.0,304
Djursjukhuset Norra Halland,Cat Vaccination,Djursjukhuset Norra Halland,495,Anicura Västra Djursjukhuset,680.0,304
Djursjukhuset Norra Halland,X-Ray & Sedation (HD),Djursjukhuset Norra Halland,2195,Anicura Västra Djursjukhuset,2350.0,304
Djursjukhuset Norra Halland,Consultation,Djursjukhuset Norra Halland,1230,VetaDerm veterinärklinik,,304
Djursjukhuset Norra Halland,Castrate Dog (20kg),Djursjukhuset Norra Halland,5560,VetaDerm veterinärklinik,,304
Djursjukhuset Norra Halland,Bitch Spay (20kg),Djursjukhuset Norra Halland,9175,VetaDerm veterinärklinik,,304
Djursjukhuset Norra Halland,Dog Vaccination DHPPI,Djursjukhuset Norra Halland,495,VetaDerm veterinärklinik,,304
Djursjukhuset Norra Halland,Cat Spay,Djursjukhuset Norra Halland,1990,VetaDerm veterinärklinik,,304
Djursjukhuset Norra Halland,Cat Castrate,Djursjukhuset Norra Halland,1120,VetaDerm veterinärklinik,,304
Djursjukhuset Norra Halland,Cat Vaccination,Djursjukhuset Norra Halland,495,VetaDerm veterinärklinik,,304
Djursjukhuset Norra Halland,X-Ray & Sedation (HD),Djursjukhuset Norra Halland,2195,VetaDerm veterinärklinik,,304
Alvik,Consultation,Alvik,1640,Anicura Djursjukhuset Albano,1600.0,8103
Alvik,Castrate Dog (20kg),Alvik,6395,Anicura Djursjukhuset Albano,8290.0,8103
Alvik,Bitch Spay (20kg),Alvik,10555,Anicura Djursjukhuset Albano,11220.0,8103
Alvik,Dog Vaccination DHPPI,Alvik,495,Anicura Djursjukhuset Albano,700.0,8103
Alvik,Cat Spay,Alvik,2285,Anicura Djursjukhuset Albano,0.0,8103
Alvik,Cat Castrate,Alvik,1290,Anicura Djursjukhuset Albano,0.0,8103
Alvik,Cat Vaccination,Alvik,495,Anicura Djursjukhuset Albano,700.0,8103
Alvik,X-Ray & Sedation (HD),Alvik,2395,Anicura Djursjukhuset Albano,0.0,8103
Alvik,Consultation,Alvik,1640,AniCura Gärdets Djurklinik,1450.0,8103
Alvik,Castrate Dog (20kg),Alvik,6395,AniCura Gärdets Djurklinik,7330.0,8103
Alvik,Bitch Spay (20kg),Alvik,10555,AniCura Gärdets Djurklinik,9950.0,8103
Alvik,Dog Vaccination DHPPI,Alvik,495,AniCura Gärdets Djurklinik,550.0,8103
Alvik,Cat Spay,Alvik,2285,AniCura Gärdets Djurklinik,2430.0,8103
Alvik,Cat Castrate,Alvik,1290,AniCura Gärdets Djurklinik,1420.0,8103
Alvik,Cat Vaccination,Alvik,495,AniCura Gärdets Djurklinik,550.0,8103
Alvik,X-Ray & Sedation (HD),Alvik,2395,AniCura Gärdets Djurklinik,0.0,8103
Alvik,Consultation,Alvik,1640,Distriktsveterinärerna Vårsta,965.0,8103
Alvik,Castrate Dog (20kg),Alvik,6395,Distriktsveterinärerna Vårsta,4625.0,8103
Alvik,Bitch Spay (20kg),Alvik,10555,Distriktsveterinärerna Vårsta,8025.0,8103
Alvik,Dog Vaccination DHPPI,Alvik,495,Distriktsveterinärerna Vårsta,575.0,8103
Alvik,Cat Spay,Alvik,2285,Distriktsveterinärerna Vårsta,1825.0,8103
Alvik,Cat Castrate,Alvik,1290,Distriktsveterinärerna Vårsta,975.0,8103
Alvik,Cat Vaccination,Alvik,495,Distriktsveterinärerna Vårsta,575.0,8103
Alvik,X-Ray & Sedation (HD),Alvik,2395,Distriktsveterinärerna Vårsta,1995.0,8103
Alvik,Consultation,Alvik,1640,Blackebergs Veterinärpraktik,850.0,8103
Alvik,Castrate Dog (20kg),Alvik,6395,Blackebergs Veterinärpraktik,,8103
Alvik,Bitch Spay (20kg),Alvik,10555,Blackebergs Veterinärpraktik,,8103
Alvik,Dog Vaccination DHPPI,Alvik,495,Blackebergs Veterinärpraktik,,8103
Alvik,Cat Spay,Alvik,2285,Blackebergs Veterinärpraktik,,8103
Alvik,Cat Castrate,Alvik,1290,Blackebergs Veterinärpraktik,1200.0,8103
Alvik,Cat Vaccination,Alvik,495,Blackebergs Veterinärpraktik,,8103
Alvik,X-Ray & Sedation (HD),Alvik,2395,Blackebergs Veterinärpraktik,,8103
Täby Djursjukhus,Consultation,Täby Djursjukhus,1640,Anicura Djursjukhuset Albano,1600.0,12
Täby Djursjukhus,Castrate Dog (20kg),Täby Djursjukhus,6395,Anicura Djursjukhuset Albano,8290.0,12
Täby Djursjukhus,Bitch Spay (20kg),Täby Djursjukhus,10555,Anicura Djursjukhuset Albano,11220.0,12
Täby Djursjukhus,Dog Vaccination DHPPI,Täby Djursjukhus,495,Anicura Djursjukhuset Albano,700.0,12
Täby Djursjukhus,Cat Spay,Täby Djursjukhus,2285,Anicura Djursjukhuset Albano,0.0,12
Täby Djursjukhus,Cat Castrate,Täby Djursjukhus,1290,Anicura Djursjukhuset Albano,0.0,12
Täby Djursjukhus,Cat Vaccination,Täby Djursjukhus,495,Anicura Djursjukhuset Albano,700.0,12
Täby Djursjukhus,X-Ray & Sedation (HD),Täby Djursjukhus,2395,Anicura Djursjukhuset Albano,0.0,12
Täby Djursjukhus,Consultation,Täby Djursjukhus,1640,AniCura Gärdets Djurklinik,1450.0,12
Täby Djursjukhus,Castrate Dog (20kg),Täby Djursjukhus,6395,AniCura Gärdets Djurklinik,7330.0,12
Täby Djursjukhus,Bitch Spay (20kg),Täby Djursjukhus,10555,AniCura Gärdets Djurklinik,9950.0,12
Täby Djursjukhus,Dog Vaccination DHPPI,Täby Djursjukhus,495,AniCura Gärdets Djurklinik,550.0,12
Täby Djursjukhus,Cat Spay,Täby Djursjukhus,2285,AniCura Gärdets Djurklinik,2430.0,12
Täby Djursjukhus,Cat Castrate,Täby Djursjukhus,1290,AniCura Gärdets Djurklinik,1420.0,12
Täby Djursjukhus,Cat Vaccination,Täby Djursjukhus,495,AniCura Gärdets Djurklinik,550.0,12
Täby Djursjukhus,X-Ray & Sedation (HD),Täby Djursjukhus,2395,AniCura Gärdets Djurklinik,0.0,12
Täby Djursjukhus,Consultation,Täby Djursjukhus,1640,AniCura Regiondjursjukhuset Bagarmossen,1600.0,12
Täby Djursjukhus,Castrate Dog (20kg),Täby Djursjukhus,6395,AniCura Regiondjursjukhuset Bagarmossen,0.0,12
Täby Djursjukhus,Bitch Spay (20kg),Täby Djursjukhus,10555,AniCura Regiondjursjukhuset Bagarmossen,0.0,12
Täby Djursjukhus,Dog Vaccination DHPPI,Täby Djursjukhus,495,AniCura Regiondjursjukhuset Bagarmossen,0.0,12
Täby Djursjukhus,Cat Spay,Täby Djursjukhus,2285,AniCura Regiondjursjukhuset Bagarmossen,0.0,12
Täby Djursjukhus,Cat Castrate,Täby Djursjukhus,1290,AniCura Regiondjursjukhuset Bagarmossen,0.0,12
Täby Djursjukhus,Cat Vaccination,Täby Djursjukhus,495,AniCura Regiondjursjukhuset Bagarmossen,0.0,12
Täby Djursjukhus,X-Ray & Sedation (HD),Täby Djursjukhus,2395,AniCura Regiondjursjukhuset Bagarmossen,2060.0,12
Täby Djursjukhus,Consultation,Täby Djursjukhus,1640,Brunmåla AB,,12
Täby Djursjukhus,Castrate Dog (20kg),Täby Djursjukhus,6395,Brunmåla AB,5500.0,12
Täby Djursjukhus,Bitch Spay (20kg),Täby Djursjukhus,10555,Brunmåla AB,,12
Täby Djursjukhus,Dog Vaccination DHPPI,Täby Djursjukhus,495,Brunmåla AB,,12
Täby Djursjukhus,Cat Spay,Täby Djursjukhus,2285,Brunmåla AB,1885.0,12
Täby Djursjukhus,Cat Castrate,Täby Djursjukhus,1290,Brunmåla AB,950.0,12
Täby Djursjukhus,Cat Vaccination,Täby Djursjukhus,495,Brunmåla AB,,12
Täby Djursjukhus,X-Ray & Sedation (HD),Täby Djursjukhus,2395,Brunmåla AB,,12
Djurkliniken Farsta Centrum,Consultation,Djurkliniken Farsta Centrum,1640,AniCura Regiondjursjukhuset Bagarmossen,1600.0,8114
Djurkliniken Farsta Centrum,Castrate Dog (20kg),Djurkliniken Farsta Centrum,6395,AniCura Regiondjursjukhuset Bagarmossen,0.0,8114
Djurkliniken Farsta Centrum,Bitch Spay (20kg),Djurkliniken Farsta Centrum,10555,AniCura Regiondjursjukhuset Bagarmossen,0.0,8114
Djurkliniken Farsta Centrum,Dog Vaccination DHPPI,Djurkliniken Farsta Centrum,495,AniCura Regiondjursjukhuset Bagarmossen,0.0,8114
Djurkliniken Farsta Centrum,Cat Spay,Djurkliniken Farsta Centrum,2285,AniCura Regiondjursjukhuset Bagarmossen,0.0,8114
Djurkliniken Farsta Centrum,Cat Castrate,Djurkliniken Farsta Centrum,1290,AniCura Regiondjursjukhuset Bagarmossen,0.0,8114
Djurkliniken Farsta Centrum,Cat Vaccination,Djurkliniken Farsta Centrum,495,AniCura Regiondjursjukhuset Bagarmossen,0.0,8114
Djurkliniken Farsta Centrum,X-Ray & Sedation (HD),Djurkliniken Farsta Centrum,2395,AniCura Regiondjursjukhuset Bagarmossen,2060.0,8114
Djurkliniken Farsta Centrum,Consultation,Djurkliniken Farsta Centrum,1640,AniCura Gärdets Djurklinik,1450.0,8114
Djurkliniken Farsta Centrum,Castrate Dog (20kg),Djurkliniken Farsta Centrum,6395,AniCura Gärdets Djurklinik,7330.0,8114
Djurkliniken Farsta Centrum,Bitch Spay (20kg),Djurkliniken Farsta Centrum,10555,AniCura Gärdets Djurklinik,9950.0,8114
Djurkliniken Farsta Centrum,Dog Vaccination DHPPI,Djurkliniken Farsta Centrum,495,AniCura Gärdets Djurklinik,550.0,8114
Djurkliniken Farsta Centrum,Cat Spay,Djurkliniken Farsta Centrum,2285,AniCura Gärdets Djurklinik,2430.0,8114
Djurkliniken Farsta Centrum,Cat Castrate,Djurkliniken Farsta Centrum,1290,AniCura Gärdets Djurklinik,1420.0,8114
Djurkliniken Farsta Centrum,Cat Vaccination,Djurkliniken Farsta Centrum,495,AniCura Gärdets Djurklinik,550.0,8114
Djurkliniken Farsta Centrum,X-Ray & Sedation (HD),Djurkliniken Farsta Centrum,2395,AniCura Gärdets Djurklinik,0.0,8114
Djurkliniken Farsta Centrum,Consultation,Djurkliniken Farsta Centrum,1640,Anicura Djursjukhuset Albano,1600.0,8114
Djurkliniken Farsta Centrum,Castrate Dog (20kg),Djurkliniken Farsta Centrum,6395,Anicura Djursjukhuset Albano,8290.0,8114
Djurkliniken Farsta Centrum,Bitch Spay (20kg),Djurkliniken Farsta Centrum,10555,Anicura Djursjukhuset Albano,11220.0,8114
Djurkliniken Farsta Centrum,Dog Vaccination DHPPI,Djurkliniken Farsta Centrum,495,Anicura Djursjukhuset Albano,700.0,8114
Djurkliniken Farsta Centrum,Cat Spay,Djurkliniken Farsta Centrum,2285,Anicura Djursjukhuset Albano,0.0,8114
Djurkliniken Farsta Centrum,Cat Castrate,Djurkliniken Farsta Centrum,1290,Anicura Djursjukhuset Albano,0.0,8114
Djurkliniken Farsta Centrum,Cat Vaccination,Djurkliniken Farsta Centrum,495,Anicura Djursjukhuset Albano,700.0,8114
Djurkliniken Farsta Centrum,X-Ray & Sedation (HD),Djurkliniken Farsta Centrum,2395,Anicura Djursjukhuset Albano,0.0,8114
Djurkliniken Farsta Centrum,Consultation,Djurkliniken Farsta Centrum,1640,Hagsätra Veterinärmottagning,,8114
Djurkliniken Farsta Centrum,Castrate Dog (20kg),Djurkliniken Farsta Centrum,6395,Hagsätra Veterinärmottagning,,8114
Djurkliniken Farsta Centrum,Bitch Spay (20kg),Djurkliniken Farsta Centrum,10555,Hagsätra Veterinärmottagning,,8114
Djurkliniken Farsta Centrum,Dog Vaccination DHPPI,Djurkliniken Farsta Centrum,495,Hagsätra Veterinärmottagning,,8114
Djurkliniken Farsta Centrum,Cat Spay,Djurkliniken Farsta Centrum,2285,Hagsätra Veterinärmottagning,,8114
Djurkliniken Farsta Centrum,Cat Castrate,Djurkliniken Farsta Centrum,1290,Hagsätra Veterinärmottagning,,8114
Djurkliniken Farsta Centrum,Cat Vaccination,Djurkliniken Farsta Centrum,495,Hagsätra Veterinärmottagning,,8114
Djurkliniken Farsta Centrum,X-Ray & Sedation (HD),Djurkliniken Farsta Centrum,2395,Hagsätra Veterinärmottagning,,8114
Djurkliniken Lidingö,Consultation,Djurkliniken Lidingö,1640,AniCura Gärdets Djurklinik,1450.0,8084
Djurkliniken Lidingö,Castrate Dog (20kg),Djurkliniken Lidingö,6395,AniCura Gärdets Djurklinik,7330.0,8084
Djurkliniken Lidingö,Bitch Spay (20kg),Djurkliniken Lidingö,10555,AniCura Gärdets Djurklinik,9950.0,8084
Djurkliniken Lidingö,Dog Vaccination DHPPI,Djurkliniken Lidingö,495,AniCura Gärdets Djurklinik,550.0,8084
Djurkliniken Lidingö,Cat Spay,Djurkliniken Lidingö,2285,AniCura Gärdets Djurklinik,2430.0,8084
Djurkliniken Lidingö,Cat Castrate,Djurkliniken Lidingö,1290,AniCura Gärdets Djurklinik,1420.0,8084
Djurkliniken Lidingö,Cat Vaccination,Djurkliniken Lidingö,495,AniCura Gärdets Djurklinik,550.0,8084
Djurkliniken Lidingö,X-Ray & Sedation (HD),Djurkliniken Lidingö,2395,AniCura Gärdets Djurklinik,0.0,8084
Djurkliniken Lidingö,Consultation,Djurkliniken Lidingö,1640,AniCura Regiondjursjukhuset Bagarmossen,1600.0,8084
Djurkliniken Lidingö,Castrate Dog (20kg),Djurkliniken Lidingö,6395,AniCura Regiondjursjukhuset Bagarmossen,0.0,8084
Djurkliniken Lidingö,Bitch Spay (20kg),Djurkliniken Lidingö,10555,AniCura Regiondjursjukhuset Bagarmossen,0.0,8084
Djurkliniken Lidingö,Dog Vaccination DHPPI,Djurkliniken Lidingö,495,AniCura Regiondjursjukhuset Bagarmossen,0.0,8084
Djurkliniken Lidingö,Cat Spay,Djurkliniken Lidingö,2285,AniCura Regiondjursjukhuset Bagarmossen,0.0,8084
Djurkliniken Lidingö,Cat Castrate,Djurkliniken Lidingö,1290,AniCura Regiondjursjukhuset Bagarmossen,0.0,8084
Djurkliniken Lidingö,Cat Vaccination,Djurkliniken Lidingö,495,AniCura Regiondjursjukhuset Bagarmossen,0.0,8084
Djurkliniken Lidingö,X-Ray & Sedation (HD),Djurkliniken Lidingö,2395,AniCura Regiondjursjukhuset Bagarmossen,2060.0,8084
Djurkliniken Lidingö,Consultation,Djurkliniken Lidingö,1640,Anicura Djursjukhuset Albano,1600.0,8084
Djurkliniken Lidingö,Castrate Dog (20kg),Djurkliniken Lidingö,6395,Anicura Djursjukhuset Albano,8290.0,8084
Djurkliniken Lidingö,Bitch Spay (20kg),Djurkliniken Lidingö,10555,Anicura Djursjukhuset Albano,11220.0,8084
Djurkliniken Lidingö,Dog Vaccination DHPPI,Djurkliniken Lidingö,495,Anicura Djursjukhuset Albano,700.0,8084
Djurkliniken Lidingö,Cat Spay,Djurkliniken Lidingö,2285,Anicura Djursjukhuset Albano,0.0,8084
Djurkliniken Lidingö,Cat Castrate,Djurkliniken Lidingö,1290,Anicura Djursjukhuset Albano,0.0,8084
Djurkliniken Lidingö,Cat Vaccination,Djurkliniken Lidingö,495,Anicura Djursjukhuset Albano,700.0,8084
Djurkliniken Lidingö,X-Ray & Sedation (HD),Djurkliniken Lidingö,2395,Anicura Djursjukhuset Albano,0.0,8084
Djurkliniken Lidingö,Consultation,Djurkliniken Lidingö,1640,Djurkliniken Lidingö,,8084
Djurkliniken Lidingö,Castrate Dog (20kg),Djurkliniken Lidingö,6395,Djurkliniken Lidingö,,8084
Djurkliniken Lidingö,Bitch Spay (20kg),Djurkliniken Lidingö,10555,Djurkliniken Lidingö,,8084
Djurkliniken Lidingö,Dog Vaccination DHPPI,Djurkliniken Lidingö,495,Djurkliniken Lidingö,450.0,8084
Djurkliniken Lidingö,Cat Spay,Djurkliniken Lidingö,2285,Djurkliniken Lidingö,2000.0,8084
Djurkliniken Lidingö,Cat Castrate,Djurkliniken Lidingö,1290,Djurkliniken Lidingö,1000.0,8084
Djurkliniken Lidingö,Cat Vaccination,Djurkliniken Lidingö,495,Djurkliniken Lidingö,,8084
Djurkliniken Lidingö,X-Ray & Sedation (HD),Djurkliniken Lidingö,2395,Djurkliniken Lidingö,,8084
Mälarhöjdens veterinärpraktik,Consultation,Mälarhöjdens veterinärpraktik,1640,AniCura Gärdets Djurklinik,1450.0,219
Mälarhöjdens veterinärpraktik,Castrate Dog (20kg),Mälarhöjdens veterinärpraktik,6395,AniCura Gärdets Djurklinik,7330.0,219
Mälarhöjdens veterinärpraktik,Bitch Spay (20kg),Mälarhöjdens veterinärpraktik,10555,AniCura Gärdets Djurklinik,9950.0,219
Mälarhöjdens veterinärpraktik,Dog Vaccination DHPPI,Mälarhöjdens veterinärpraktik,495,AniCura Gärdets Djurklinik,550.0,219
Mälarhöjdens veterinärpraktik,Cat Spay,Mälarhöjdens veterinärpraktik,2285,AniCura Gärdets Djurklinik,2430.0,219
Mälarhöjdens veterinärpraktik,Cat Castrate,Mälarhöjdens veterinärpraktik,1290,AniCura Gärdets Djurklinik,1420.0,219
Mälarhöjdens veterinärpraktik,Cat Vaccination,Mälarhöjdens veterinärpraktik,495,AniCura Gärdets Djurklinik,550.0,219
Mälarhöjdens veterinärpraktik,X-Ray & Sedation (HD),Mälarhöjdens veterinärpraktik,2395,AniCura Gärdets Djurklinik,0.0,219
Mälarhöjdens veterinärpraktik,Consultation,Mälarhöjdens veterinärpraktik,1640,Anicura Djursjukhuset Albano,1600.0,219
Mälarhöjdens veterinärpraktik,Castrate Dog (20kg),Mälarhöjdens veterinärpraktik,6395,Anicura Djursjukhuset Albano,8290.0,219
Mälarhöjdens veterinärpraktik,Bitch Spay (20kg),Mälarhöjdens veterinärpraktik,10555,Anicura Djursjukhuset Albano,11220.0,219
Mälarhöjdens veterinärpraktik,Dog Vaccination DHPPI,Mälarhöjdens veterinärpraktik,495,Anicura Djursjukhuset Albano,700.0,219
Mälarhöjdens veterinärpraktik,Cat Spay,Mälarhöjdens veterinärpraktik,2285,Anicura Djursjukhuset Albano,0.0,219
Mälarhöjdens veterinärpraktik,Cat Castrate,Mälarhöjdens veterinärpraktik,1290,Anicura Djursjukhuset Albano,0.0,219
Mälarhöjdens veterinärpraktik,Cat Vaccination,Mälarhöjdens veterinärpraktik,495,Anicura Djursjukhuset Albano,700.0,219
Mälarhöjdens veterinärpraktik,X-Ray & Sedation (HD),Mälarhöjdens veterinärpraktik,2395,Anicura Djursjukhuset Albano,0.0,219
Mälarhöjdens veterinärpraktik,Consultation,Mälarhöjdens veterinärpraktik,1640,AniCura Regiondjursjukhuset Bagarmossen,1600.0,219
Mälarhöjdens veterinärpraktik,Castrate Dog (20kg),Mälarhöjdens veterinärpraktik,6395,AniCura Regiondjursjukhuset Bagarmossen,0.0,219
Mälarhöjdens veterinärpraktik,Bitch Spay (20kg),Mälarhöjdens veterinärpraktik,10555,AniCura Regiondjursjukhuset Bagarmossen,0.0,219
Mälarhöjdens veterinärpraktik,Dog Vaccination DHPPI,Mälarhöjdens veterinärpraktik,495,AniCura Regiondjursjukhuset Bagarmossen,0.0,219
Mälarhöjdens veterinärpraktik,Cat Spay,Mälarhöjdens veterinärpraktik,2285,AniCura Regiondjursjukhuset Bagarmossen,0.0,219
Mälarhöjdens veterinärpraktik,Cat Castrate,Mälarhöjdens veterinärpraktik,1290,AniCura Regiondjursjukhuset Bagarmossen,0.0,219
Mälarhöjdens veterinärpraktik,Cat Vaccination,Mälarhöjdens veterinärpraktik,495,AniCura Regiondjursjukhuset Bagarmossen,0.0,219
Mälarhöjdens veterinärpraktik,X-Ray & Sedation (HD),Mälarhöjdens veterinärpraktik,2395,AniCura Regiondjursjukhuset Bagarmossen,2060.0,219
Mälarhöjdens veterinärpraktik,Consultation,Mälarhöjdens veterinärpraktik,1640,Hagsätra Veterinärmottagning,,219
Mälarhöjdens veterinärpraktik,Castrate Dog (20kg),Mälarhöjdens veterinärpraktik,6395,Hagsätra Veterinärmottagning,,219
Mälarhöjdens veterinärpraktik,Bitch Spay (20kg),Mälarhöjdens veterinärpraktik,10555,Hagsätra Veterinärmottagning,,219
Mälarhöjdens veterinärpraktik,Dog Vaccination DHPPI,Mälarhöjdens veterinärpraktik,495,Hagsätra Veterinärmottagning,,219
Mälarhöjdens veterinärpraktik,Cat Spay,Mälarhöjdens veterinärpraktik,2285,Hagsätra Veterinärmottagning,,219
Mälarhöjdens veterinärpraktik,Cat Castrate,Mälarhöjdens veterinärpraktik,1290,Hagsätra Veterinärmottagning,,219
Mälarhöjdens veterinärpraktik,Cat Vaccination,Mälarhöjdens veterinärpraktik,495,Hagsätra Veterinärmottagning,,219
Mälarhöjdens veterinärpraktik,X-Ray & Sedation (HD),Mälarhöjdens veterinärpraktik,2395,Hagsätra Veterinärmottagning,,219
Djurkliniken Nacka,Consultation,Djurkliniken Nacka,1640,AniCura Regiondjursjukhuset Bagarmossen,1600.0,217
Djurkliniken Nacka,Castrate Dog (20kg),Djurkliniken Nacka,6395,AniCura Regiondjursjukhuset Bagarmossen,0.0,217
Djurkliniken Nacka,Bitch Spay (20kg),Djurkliniken Nacka,10555,AniCura Regiondjursjukhuset Bagarmossen,0.0,217
Djurkliniken Nacka,Dog Vaccination DHPPI,Djurkliniken Nacka,495,AniCura Regiondjursjukhuset Bagarmossen,0.0,217
Djurkliniken Nacka,Cat Spay,Djurkliniken Nacka,2285,AniCura Regiondjursjukhuset Bagarmossen,0.0,217
Djurkliniken Nacka,Cat Castrate,Djurkliniken Nacka,1290,AniCura Regiondjursjukhuset Bagarmossen,0.0,217
Djurkliniken Nacka,Cat Vaccination,Djurkliniken Nacka,495,AniCura Regiondjursjukhuset Bagarmossen,0.0,217
Djurkliniken Nacka,X-Ray & Sedation (HD),Djurkliniken Nacka,2395,AniCura Regiondjursjukhuset Bagarmossen,2060.0,217
Djurkliniken Nacka,Consultation,Djurkliniken Nacka,1640,AniCura Gärdets Djurklinik,1450.0,217
Djurkliniken Nacka,Castrate Dog (20kg),Djurkliniken Nacka,6395,AniCura Gärdets Djurklinik,7330.0,217
Djurkliniken Nacka,Bitch Spay (20kg),Djurkliniken Nacka,10555,AniCura Gärdets Djurklinik,9950.0,217
Djurkliniken Nacka,Dog Vaccination DHPPI,Djurkliniken Nacka,495,AniCura Gärdets Djurklinik,550.0,217
Djurkliniken Nacka,Cat Spay,Djurkliniken Nacka,2285,AniCura Gärdets Djurklinik,2430.0,217
Djurkliniken Nacka,Cat Castrate,Djurkliniken Nacka,1290,AniCura Gärdets Djurklinik,1420.0,217
Djurkliniken Nacka,Cat Vaccination,Djurkliniken Nacka,495,AniCura Gärdets Djurklinik,550.0,217
Djurkliniken Nacka,X-Ray & Sedation (HD),Djurkliniken Nacka,2395,AniCura Gärdets Djurklinik,0.0,217
Djurkliniken Nacka,Consultation,Djurkliniken Nacka,1640,Anicura Djursjukhuset Albano,1600.0,217
Djurkliniken Nacka,Castrate Dog (20kg),Djurkliniken Nacka,6395,Anicura Djursjukhuset Albano,8290.0,217
Djurkliniken Nacka,Bitch Spay (20kg),Djurkliniken Nacka,10555,Anicura Djursjukhuset Albano,11220.0,217
Djurkliniken Nacka,Dog Vaccination DHPPI,Djurkliniken Nacka,495,Anicura Djursjukhuset Albano,700.0,217
Djurkliniken Nacka,Cat Spay,Djurkliniken Nacka,2285,Anicura Djursjukhuset Albano,0.0,217
Djurkliniken Nacka,Cat Castrate,Djurkliniken Nacka,1290,Anicura Djursjukhuset Albano,0.0,217
Djurkliniken Nacka,Cat Vaccination,Djurkliniken Nacka,495,Anicura Djursjukhuset Albano,700.0,217
Djurkliniken Nacka,X-Ray & Sedation (HD),Djurkliniken Nacka,2395,Anicura Djursjukhuset Albano,0.0,217
Djurkliniken Nacka,Consultation,Djurkliniken Nacka,1640,RedVet AB,800.0,217
Djurkliniken Nacka,Castrate Dog (20kg),Djurkliniken Nacka,6395,RedVet AB,4500.0,217
Djurkliniken Nacka,Bitch Spay (20kg),Djurkliniken Nacka,10555,RedVet AB,,217
Djurkliniken Nacka,Dog Vaccination DHPPI,Djurkliniken Nacka,495,RedVet AB,290.0,217
Djurkliniken Nacka,Cat Spay,Djurkliniken Nacka,2285,RedVet AB,1200.0,217
Djurkliniken Nacka,Cat Castrate,Djurkliniken Nacka,1290,RedVet AB,700.0,217
Djurkliniken Nacka,Cat Vaccination,Djurkliniken Nacka,495,RedVet AB,290.0,217
Djurkliniken Nacka,X-Ray & Sedation (HD),Djurkliniken Nacka,2395,RedVet AB,,217
Djurkliniken Roslagstull,Consultation,Djurkliniken Roslagstull,1640,AniCura Gärdets Djurklinik,1450.0,9
Djurkliniken Roslagstull,Castrate Dog (20kg),Djurkliniken Roslagstull,6395,AniCura Gärdets Djurklinik,7330.0,9
Djurkliniken Roslagstull,Bitch Spay (20kg),Djurkliniken Roslagstull,10555,AniCura Gärdets Djurklinik,9950.0,9
Djurkliniken Roslagstull,Dog Vaccination DHPPI,Djurkliniken Roslagstull,495,AniCura Gärdets Djurklinik,550.0,9
Djurkliniken Roslagstull,Cat Spay,Djurkliniken Roslagstull,2285,AniCura Gärdets Djurklinik,2430.0,9
Djurkliniken Roslagstull,Cat Castrate,Djurkliniken Roslagstull,1290,AniCura Gärdets Djurklinik,1420.0,9
Djurkliniken Roslagstull,Cat Vaccination,Djurkliniken Roslagstull,495,AniCura Gärdets Djurklinik,550.0,9
Djurkliniken Roslagstull,X-Ray & Sedation (HD),Djurkliniken Roslagstull,2395,AniCura Gärdets Djurklinik,0.0,9
Djurkliniken Roslagstull,Consultation,Djurkliniken Roslagstull,1640,Anicura Djursjukhuset Albano,1600.0,9
Djurkliniken Roslagstull,Castrate Dog (20kg),Djurkliniken Roslagstull,6395,Anicura Djursjukhuset Albano,8290.0,9
Djurkliniken Roslagstull,Bitch Spay (20kg),Djurkliniken Roslagstull,10555,Anicura Djursjukhuset Albano,11220.0,9
Djurkliniken Roslagstull,Dog Vaccination DHPPI,Djurkliniken Roslagstull,495,Anicura Djursjukhuset Albano,700.0,9
Djurkliniken Roslagstull,Cat Spay,Djurkliniken Roslagstull,2285,Anicura Djursjukhuset Albano,0.0,9
Djurkliniken Roslagstull,Cat Castrate,Djurkliniken Roslagstull,1290,Anicura Djursjukhuset Albano,0.0,9
Djurkliniken Roslagstull,Cat Vaccination,Djurkliniken Roslagstull,495,Anicura Djursjukhuset Albano,700.0,9
Djurkliniken Roslagstull,X-Ray & Sedation (HD),Djurkliniken Roslagstull,2395,Anicura Djursjukhuset Albano,0.0,9
Djurkliniken Roslagstull,Consultation,Djurkliniken Roslagstull,1640,AniCura Regiondjursjukhuset Bagarmossen,1600.0,9
Djurkliniken Roslagstull,Castrate Dog (20kg),Djurkliniken Roslagstull,6395,AniCura Regiondjursjukhuset Bagarmossen,0.0,9
Djurkliniken Roslagstull,Bitch Spay (20kg),Djurkliniken Roslagstull,10555,AniCura Regiondjursjukhuset Bagarmossen,0.0,9
Djurkliniken Roslagstull,Dog Vaccination DHPPI,Djurkliniken Roslagstull,495,AniCura Regiondjursjukhuset Bagarmossen,0.0,9
Djurkliniken Roslagstull,Cat Spay,Djurkliniken Roslagstull,2285,AniCura Regiondjursjukhuset Bagarmossen,0.0,9
Djurkliniken Roslagstull,Cat Castrate,Djurkliniken Roslagstull,1290,AniCura Regiondjursjukhuset Bagarmossen,0.0,9
Djurkliniken Roslagstull,Cat Vaccination,Djurkliniken Roslagstull,495,AniCura Regiondjursjukhuset Bagarmossen,0.0,9
Djurkliniken Roslagstull,X-Ray & Sedation (HD),Djurkliniken Roslagstull,2395,AniCura Regiondjursjukhuset Bagarmossen,2060.0,9
Djurkliniken Roslagstull,Consultation,Djurkliniken Roslagstull,1640,Ahlbergs Veterinärpraktik AB,860.0,9
Djurkliniken Roslagstull,Castrate Dog (20kg),Djurkliniken Roslagstull,6395,Ahlbergs Veterinärpraktik AB,6500.0,9
Djurkliniken Roslagstull,Bitch Spay (20kg),Djurkliniken Roslagstull,10555,Ahlbergs Veterinärpraktik AB,,9
Djurkliniken Roslagstull,Dog Vaccination DHPPI,Djurkliniken Roslagstull,495,Ahlbergs Veterinärpraktik AB,,9
Djurkliniken Roslagstull,Cat Spay,Djurkliniken Roslagstull,2285,Ahlbergs Veterinärpraktik AB,1950.0,9
Djurkliniken Roslagstull,Cat Castrate,Djurkliniken Roslagstull,1290,Ahlbergs Veterinärpraktik AB,1020.0,9
Djurkliniken Roslagstull,Cat Vaccination,Djurkliniken Roslagstull,495,Ahlbergs Veterinärpraktik AB,,9
Djurkliniken Roslagstull,X-Ray & Sedation (HD),Djurkliniken Roslagstull,2395,Ahlbergs Veterinärpraktik AB,,9
Saltsjöbaden,Consultation,Saltsjöbaden,1640,AniCura Värmdö Djurklinik,980.0,8094
Saltsjöbaden,Castrate Dog (20kg),Saltsjöbaden,6395,AniCura Värmdö Djurklinik,5410.0,8094
Saltsjöbaden,Bitch Spay (20kg),Saltsjöbaden,10555,AniCura Värmdö Djurklinik,8640.0,8094
Saltsjöbaden,Dog Vaccination DHPPI,Saltsjöbaden,495,AniCura Värmdö Djurklinik,470.0,8094
Saltsjöbaden,Cat Spay,Saltsjöbaden,2285,AniCura Värmdö Djurklinik,1870.0,8094
Saltsjöbaden,Cat Castrate,Saltsjöbaden,1290,AniCura Värmdö Djurklinik,990.0,8094
Saltsjöbaden,Cat Vaccination,Saltsjöbaden,495,AniCura Värmdö Djurklinik,540.0,8094
Saltsjöbaden,X-Ray & Sedation (HD),Saltsjöbaden,2395,AniCura Värmdö Djurklinik,2200.0,8094
Saltsjöbaden,Consultation,Saltsjöbaden,1640,AniCura Regiondjursjukhuset Bagarmossen,1600.0,8094
Saltsjöbaden,Castrate Dog (20kg),Saltsjöbaden,6395,AniCura Regiondjursjukhuset Bagarmossen,0.0,8094
Saltsjöbaden,Bitch Spay (20kg),Saltsjöbaden,10555,AniCura Regiondjursjukhuset Bagarmossen,0.0,8094
Saltsjöbaden,Dog Vaccination DHPPI,Saltsjöbaden,495,AniCura Regiondjursjukhuset Bagarmossen,0.0,8094
Saltsjöbaden,Cat Spay,Saltsjöbaden,2285,AniCura Regiondjursjukhuset Bagarmossen,0.0,8094
Saltsjöbaden,Cat Castrate,Saltsjöbaden,1290,AniCura Regiondjursjukhuset Bagarmossen,0.0,8094
Saltsjöbaden,Cat Vaccination,Saltsjöbaden,495,AniCura Regiondjursjukhuset Bagarmossen,0.0,8094
Saltsjöbaden,X-Ray & Sedation (HD),Saltsjöbaden,2395,AniCura Regiondjursjukhuset Bagarmossen,2060.0,8094
Saltsjöbaden,Consultation,Saltsjöbaden,1640,AniCura Gärdets Djurklinik,1450.0,8094
Saltsjöbaden,Castrate Dog (20kg),Saltsjöbaden,6395,AniCura Gärdets Djurklinik,7330.0,8094
Saltsjöbaden,Bitch Spay (20kg),Saltsjöbaden,10555,AniCura Gärdets Djurklinik,9950.0,8094
Saltsjöbaden,Dog Vaccination DHPPI,Saltsjöbaden,495,AniCura Gärdets Djurklinik,550.0,8094
Saltsjöbaden,Cat Spay,Saltsjöbaden,2285,AniCura Gärdets Djurklinik,2430.0,8094
Saltsjöbaden,Cat Castrate,Saltsjöbaden,1290,AniCura Gärdets Djurklinik,1420.0,8094
Saltsjöbaden,Cat Vaccination,Saltsjöbaden,495,AniCura Gärdets Djurklinik,550.0,8094
Saltsjöbaden,X-Ray & Sedation (HD),Saltsjöbaden,2395,AniCura Gärdets Djurklinik,0.0,8094
Saltsjöbaden,Consultation,Saltsjöbaden,1640,RedVet AB,800.0,8094
Saltsjöbaden,Castrate Dog (20kg),Saltsjöbaden,6395,RedVet AB,4500.0,8094
Saltsjöbaden,Bitch Spay (20kg),Saltsjöbaden,10555,RedVet AB,,8094
Saltsjöbaden,Dog Vaccination DHPPI,Saltsjöbaden,495,RedVet AB,290.0,8094
Saltsjöbaden,Cat Spay,Saltsjöbaden,2285,RedVet AB,1200.0,8094
Saltsjöbaden,Cat Castrate,Saltsjöbaden,1290,RedVet AB,700.0,8094
Saltsjöbaden,Cat Vaccination,Saltsjöbaden,495,RedVet AB,290.0,8094
Saltsjöbaden,X-Ray & Sedation (HD),Saltsjöbaden,2395,RedVet AB,,8094
Vasastans Veterinärklinik,Consultation,Vasastans Veterinärklinik,1640,AniCura Gärdets Djurklinik,1450.0,8086
Vasastans Veterinärklinik,Castrate Dog (20kg),Vasastans Veterinärklinik,6395,AniCura Gärdets Djurklinik,7330.0,8086
Vasastans Veterinärklinik,Bitch Spay (20kg),Vasastans Veterinärklinik,10555,AniCura Gärdets Djurklinik,9950.0,8086
Vasastans Veterinärklinik,Dog Vaccination DHPPI,Vasastans Veterinärklinik,495,AniCura Gärdets Djurklinik,550.0,8086
Vasastans Veterinärklinik,Cat Spay,Vasastans Veterinärklinik,2285,AniCura Gärdets Djurklinik,2430.0,8086
Vasastans Veterinärklinik,Cat Castrate,Vasastans Veterinärklinik,1290,AniCura Gärdets Djurklinik,1420.0,8086
Vasastans Veterinärklinik,Cat Vaccination,Vasastans Veterinärklinik,495,AniCura Gärdets Djurklinik,550.0,8086
Vasastans Veterinärklinik,X-Ray & Sedation (HD),Vasastans Veterinärklinik,2395,AniCura Gärdets Djurklinik,0.0,8086
Vasastans Veterinärklinik,Consultation,Vasastans Veterinärklinik,1640,Anicura Djursjukhuset Albano,1600.0,8086
Vasastans Veterinärklinik,Castrate Dog (20kg),Vasastans Veterinärklinik,6395,Anicura Djursjukhuset Albano,8290.0,8086
Vasastans Veterinärklinik,Bitch Spay (20kg),Vasastans Veterinärklinik,10555,Anicura Djursjukhuset Albano,11220.0,8086
Vasastans Veterinärklinik,Dog Vaccination DHPPI,Vasastans Veterinärklinik,495,Anicura Djursjukhuset Albano,700.0,8086
Vasastans Veterinärklinik,Cat Spay,Vasastans Veterinärklinik,2285,Anicura Djursjukhuset Albano,0.0,8086
Vasastans Veterinärklinik,Cat Castrate,Vasastans Veterinärklinik,1290,Anicura Djursjukhuset Albano,0.0,8086
Vasastans Veterinärklinik,Cat Vaccination,Vasastans Veterinärklinik,495,Anicura Djursjukhuset Albano,700.0,8086
Vasastans Veterinärklinik,X-Ray & Sedation (HD),Vasastans Veterinärklinik,2395,Anicura Djursjukhuset Albano,0.0,8086
Vasastans Veterinärklinik,Consultation,Vasastans Veterinärklinik,1640,AniCura Regiondjursjukhuset Bagarmossen,1600.0,8086
Vasastans Veterinärklinik,Castrate Dog (20kg),Vasastans Veterinärklinik,6395,AniCura Regiondjursjukhuset Bagarmossen,0.0,8086
Vasastans Veterinärklinik,Bitch Spay (20kg),Vasastans Veterinärklinik,10555,AniCura Regiondjursjukhuset Bagarmossen,0.0,8086
Vasastans Veterinärklinik,Dog Vaccination DHPPI,Vasastans Veterinärklinik,495,AniCura Regiondjursjukhuset Bagarmossen,0.0,8086
Vasastans Veterinärklinik,Cat Spay,Vasastans Veterinärklinik,2285,AniCura Regiondjursjukhuset Bagarmossen,0.0,8086
Vasastans Veterinärklinik,Cat Castrate,Vasastans Veterinärklinik,1290,AniCura Regiondjursjukhuset Bagarmossen,0.0,8086
Vasastans Veterinärklinik,Cat Vaccination,Vasastans Veterinärklinik,495,AniCura Regiondjursjukhuset Bagarmossen,0.0,8086
Vasastans Veterinärklinik,X-Ray & Sedation (HD),Vasastans Veterinärklinik,2395,AniCura Regiondjursjukhuset Bagarmossen,2060.0,8086
Vasastans Veterinärklinik,Consultation,Vasastans Veterinärklinik,1640,Ahlbergs Veterinärpraktik AB,860.0,8086
Vasastans Veterinärklinik,Castrate Dog (20kg),Vasastans Veterinärklinik,6395,Ahlbergs Veterinärpraktik AB,6500.0,8086
Vasastans Veterinärklinik,Bitch Spay (20kg),Vasastans Veterinärklinik,10555,Ahlbergs Veterinärpraktik AB,,8086
Vasastans Veterinärklinik,Dog Vaccination DHPPI,Vasastans Veterinärklinik,495,Ahlbergs Veterinärpraktik AB,,8086
Vasastans Veterinärklinik,Cat Spay,Vasastans Veterinärklinik,2285,Ahlbergs Veterinärpraktik AB,1950.0,8086
Vasastans Veterinärklinik,Cat Castrate,Vasastans Veterinärklinik,1290,Ahlbergs Veterinärpraktik AB,1020.0,8086
Vasastans Veterinärklinik,Cat Vaccination,Vasastans Veterinärklinik,495,Ahlbergs Veterinärpraktik AB,,8086
Vasastans Veterinärklinik,X-Ray & Sedation (HD),Vasastans Veterinärklinik,2395,Ahlbergs Veterinärpraktik AB,,8086
Djursjukhuset Västerort,Consultation,Djursjukhuset Västerort,1640,Anicura Djursjukhuset Albano,1600.0,8
Djursjukhuset Västerort,Castrate Dog (20kg),Djursjukhuset Västerort,6395,Anicura Djursjukhuset Albano,8290.0,8
Djursjukhuset Västerort,Bitch Spay (20kg),Djursjukhuset Västerort,10555,Anicura Djursjukhuset Albano,11220.0,8
Djursjukhuset Västerort,Dog Vaccination DHPPI,Djursjukhuset Västerort,495,Anicura Djursjukhuset Albano,700.0,8
Djursjukhuset Västerort,Cat Spay,Djursjukhuset Västerort,2285,Anicura Djursjukhuset Albano,0.0,8
Djursjukhuset Västerort,Cat Castrate,Djursjukhuset Västerort,1290,Anicura Djursjukhuset Albano,0.0,8
Djursjukhuset Västerort,Cat Vaccination,Djursjukhuset Västerort,495,Anicura Djursjukhuset Albano,700.0,8
Djursjukhuset Västerort,X-Ray & Sedation (HD),Djursjukhuset Västerort,2395,Anicura Djursjukhuset Albano,0.0,8
Djursjukhuset Västerort,Consultation,Djursjukhuset Västerort,1640,AniCura Gärdets Djurklinik,1450.0,8
Djursjukhuset Västerort,Castrate Dog (20kg),Djursjukhuset Västerort,6395,AniCura Gärdets Djurklinik,7330.0,8
Djursjukhuset Västerort,Bitch Spay (20kg),Djursjukhuset Västerort,10555,AniCura Gärdets Djurklinik,9950.0,8
Djursjukhuset Västerort,Dog Vaccination DHPPI,Djursjukhuset Västerort,495,AniCura Gärdets Djurklinik,550.0,8
Djursjukhuset Västerort,Cat Spay,Djursjukhuset Västerort,2285,AniCura Gärdets Djurklinik,2430.0,8
Djursjukhuset Västerort,Cat Castrate,Djursjukhuset Västerort,1290,AniCura Gärdets Djurklinik,1420.0,8
Djursjukhuset Västerort,Cat Vaccination,Djursjukhuset Västerort,495,AniCura Gärdets Djurklinik,550.0,8
Djursjukhuset Västerort,X-Ray & Sedation (HD),Djursjukhuset Västerort,2395,AniCura Gärdets Djurklinik,0.0,8
Djursjukhuset Västerort,Consultation,Djursjukhuset Västerort,1640,Distriktsveterinärerna Vårsta,965.0,8
Djursjukhuset Västerort,Castrate Dog (20kg),Djursjukhuset Västerort,6395,Distriktsveterinärerna Vårsta,4625.0,8
Djursjukhuset Västerort,Bitch Spay (20kg),Djursjukhuset Västerort,10555,Distriktsveterinärerna Vårsta,8025.0,8
Djursjukhuset Västerort,Dog Vaccination DHPPI,Djursjukhuset Västerort,495,Distriktsveterinärerna Vårsta,575.0,8
Djursjukhuset Västerort,Cat Spay,Djursjukhuset Västerort,2285,Distriktsveterinärerna Vårsta,1825.0,8
Djursjukhuset Västerort,Cat Castrate,Djursjukhuset Västerort,1290,Distriktsveterinärerna Vårsta,975.0,8
Djursjukhuset Västerort,Cat Vaccination,Djursjukhuset Västerort,495,Distriktsveterinärerna Vårsta,575.0,8
Djursjukhuset Västerort,X-Ray & Sedation (HD),Djursjukhuset Västerort,2395,Distriktsveterinärerna Vårsta,1995.0,8
Djursjukhuset Västerort,Consultation,Djursjukhuset Västerort,1640,Rinkeby Djurklinik,,8
Djursjukhuset Västerort,Castrate Dog (20kg),Djursjukhuset Västerort,6395,Rinkeby Djurklinik,,8
Djursjukhuset Västerort,Bitch Spay (20kg),Djursjukhuset Västerort,10555,Rinkeby Djurklinik,,8
Djursjukhuset Västerort,Dog Vaccination DHPPI,Djursjukhuset Västerort,495,Rinkeby Djurklinik,,8
Djursjukhuset Västerort,Cat Spay,Djursjukhuset Västerort,2285,Rinkeby Djurklinik,,8
Djursjukhuset Västerort,Cat Castrate,Djursjukhuset Västerort,1290,Rinkeby Djurklinik,,8
Djursjukhuset Västerort,Cat Vaccination,Djursjukhuset Västerort,495,Rinkeby Djurklinik,,8
Djursjukhuset Västerort,X-Ray & Sedation (HD),Djursjukhuset Västerort,2395,Rinkeby Djurklinik,,8
Djurkliniken Åkersberga-1,Consultation,Djurkliniken Åkersberga,1640,AniCura Värmdö Djurklinik,980.0,0
Djurkliniken Åkersberga-1,Castrate Dog (20kg),Djurkliniken Åkersberga,6395,AniCura Värmdö Djurklinik,5410.0,0
Djurkliniken Åkersberga-1,Bitch Spay (20kg),Djurkliniken Åkersberga,10555,AniCura Värmdö Djurklinik,8640.0,0
Djurkliniken Åkersberga-1,Dog Vaccination DHPPI,Djurkliniken Åkersberga,495,AniCura Värmdö Djurklinik,470.0,0
Djurkliniken Åkersberga-1,Cat Spay,Djurkliniken Åkersberga,2285,AniCura Värmdö Djurklinik,1870.0,0
Djurkliniken Åkersberga-1,Cat Castrate,Djurkliniken Åkersberga,1290,AniCura Värmdö Djurklinik,990.0,0
Djurkliniken Åkersberga-1,Cat Vaccination,Djurkliniken Åkersberga,495,AniCura Värmdö Djurklinik,540.0,0
Djurkliniken Åkersberga-1,X-Ray & Sedation (HD),Djurkliniken Åkersberga,2395,AniCura Värmdö Djurklinik,2200.0,0
Djurkliniken Åkersberga-1,Consultation,Djurkliniken Åkersberga,1640,Distriktsveterinärerna Rimbo,965.0,0
Djurkliniken Åkersberga-1,Castrate Dog (20kg),Djurkliniken Åkersberga,6395,Distriktsveterinärerna Rimbo,4625.0,0
Djurkliniken Åkersberga-1,Bitch Spay (20kg),Djurkliniken Åkersberga,10555,Distriktsveterinärerna Rimbo,8025.0,0
Djurkliniken Åkersberga-1,Dog Vaccination DHPPI,Djurkliniken Åkersberga,495,Distriktsveterinärerna Rimbo,575.0,0
Djurkliniken Åkersberga-1,Cat Spay,Djurkliniken Åkersberga,2285,Distriktsveterinärerna Rimbo,1825.0,0
Djurkliniken Åkersberga-1,Cat Castrate,Djurkliniken Åkersberga,1290,Distriktsveterinärerna Rimbo,975.0,0
Djurkliniken Åkersberga-1,Cat Vaccination,Djurkliniken Åkersberga,495,Distriktsveterinärerna Rimbo,575.0,0
Djurkliniken Åkersberga-1,X-Ray & Sedation (HD),Djurkliniken Åkersberga,2395,Distriktsveterinärerna Rimbo,1995.0,0
Djurkliniken Åkersberga-1,Consultation,Djurkliniken Åkersberga,1640,AniCura Gärdets Djurklinik,1450.0,0
Djurkliniken Åkersberga-1,Castrate Dog (20kg),Djurkliniken Åkersberga,6395,AniCura Gärdets Djurklinik,7330.0,0
Djurkliniken Åkersberga-1,Bitch Spay (20kg),Djurkliniken Åkersberga,10555,AniCura Gärdets Djurklinik,9950.0,0
Djurkliniken Åkersberga-1,Dog Vaccination DHPPI,Djurkliniken Åkersberga,495,AniCura Gärdets Djurklinik,550.0,0
Djurkliniken Åkersberga-1,Cat Spay,Djurkliniken Åkersberga,2285,AniCura Gärdets Djurklinik,2430.0,0
Djurkliniken Åkersberga-1,Cat Castrate,Djurkliniken Åkersberga,1290,AniCura Gärdets Djurklinik,1420.0,0
Djurkliniken Åkersberga-1,Cat Vaccination,Djurkliniken Åkersberga,495,AniCura Gärdets Djurklinik,550.0,0
Djurkliniken Åkersberga-1,X-Ray & Sedation (HD),Djurkliniken Åkersberga,2395,AniCura Gärdets Djurklinik,0.0,0
Djurkliniken Åkersberga-1,Consultation,Djurkliniken Åkersberga,1640,Reikiveterinären i Åkersberga,790.0,0
Djurkliniken Åkersberga-1,Castrate Dog (20kg),Djurkliniken Åkersberga,6395,Reikiveterinären i Åkersberga,,0
Djurkliniken Åkersberga-1,Bitch Spay (20kg),Djurkliniken Åkersberga,10555,Reikiveterinären i Åkersberga,,0
Djurkliniken Åkersberga-1,Dog Vaccination DHPPI,Djurkliniken Åkersberga,495,Reikiveterinären i Åkersberga,,0
Djurkliniken Åkersberga-1,Cat Spay,Djurkliniken Åkersberga,2285,Reikiveterinären i Åkersberga,1500.0,0
Djurkliniken Åkersberga-1,Cat Castrate,Djurkliniken Åkersberga,1290,Reikiveterinären i Åkersberga,850.0,0
Djurkliniken Åkersberga-1,Cat Vaccination,Djurkliniken Åkersberga,495,Reikiveterinären i Åkersberga,,0
Djurkliniken Åkersberga-1,X-Ray & Sedation (HD),Djurkliniken Åkersberga,2395,Reikiveterinären i Åkersberga,,0
Järfälla,Consultation,Järfälla,1640,Anicura Djursjukhuset Albano,1600.0,8109
Järfälla,Castrate Dog (20kg),Järfälla,6395,Anicura Djursjukhuset Albano,8290.0,8109
Järfälla,Bitch Spay (20kg),Järfälla,10555,Anicura Djursjukhuset Albano,11220.0,8109
Järfälla,Dog Vaccination DHPPI,Järfälla,495,Anicura Djursjukhuset Albano,700.0,8109
Järfälla,Cat Spay,Järfälla,2285,Anicura Djursjukhuset Albano,0.0,8109
Järfälla,Cat Castrate,Järfälla,1290,Anicura Djursjukhuset Albano,0.0,8109
Järfälla,Cat Vaccination,Järfälla,495,Anicura Djursjukhuset Albano,700.0,8109
Järfälla,X-Ray & Sedation (HD),Järfälla,2395,Anicura Djursjukhuset Albano,0.0,8109
Järfälla,Consultation,Järfälla,1640,AniCura Gärdets Djurklinik,1450.0,8109
Järfälla,Castrate Dog (20kg),Järfälla,6395,AniCura Gärdets Djurklinik,7330.0,8109
Järfälla,Bitch Spay (20kg),Järfälla,10555,AniCura Gärdets Djurklinik,9950.0,8109
Järfälla,Dog Vaccination DHPPI,Järfälla,495,AniCura Gärdets Djurklinik,550.0,8109
Järfälla,Cat Spay,Järfälla,2285,AniCura Gärdets Djurklinik,2430.0,8109
Järfälla,Cat Castrate,Järfälla,1290,AniCura Gärdets Djurklinik,1420.0,8109
Järfälla,Cat Vaccination,Järfälla,495,AniCura Gärdets Djurklinik,550.0,8109
Järfälla,X-Ray & Sedation (HD),Järfälla,2395,AniCura Gärdets Djurklinik,0.0,8109
Järfälla,Consultation,Järfälla,1640,AniCura Regiondjursjukhuset Bagarmossen,1600.0,8109
Järfälla,Castrate Dog (20kg),Järfälla,6395,AniCura Regiondjursjukhuset Bagarmossen,0.0,8109
Järfälla,Bitch Spay (20kg),Järfälla,10555,AniCura Regiondjursjukhuset Bagarmossen,0.0,8109
Järfälla,Dog Vaccination DHPPI,Järfälla,495,AniCura Regiondjursjukhuset Bagarmossen,0.0,8109
Järfälla,Cat Spay,Järfälla,2285,AniCura Regiondjursjukhuset Bagarmossen,0.0,8109
Järfälla,Cat Castrate,Järfälla,1290,AniCura Regiondjursjukhuset Bagarmossen,0.0,8109
Järfälla,Cat Vaccination,Järfälla,495,AniCura Regiondjursjukhuset Bagarmossen,0.0,8109
Järfälla,X-Ray & Sedation (HD),Järfälla,2395,AniCura Regiondjursjukhuset Bagarmossen,2060.0,8109
Järfälla,Consultation,Järfälla,1640,Barkarby Djurakut,1025.0,8109
Järfälla,Castrate Dog (20kg),Järfälla,6395,Barkarby Djurakut,6975.0,8109
Järfälla,Bitch Spay (20kg),Järfälla,10555,Barkarby Djurakut,,8109
Järfälla,Dog Vaccination DHPPI,Järfälla,495,Barkarby Djurakut,,8109
Järfälla,Cat Spay,Järfälla,2285,Barkarby Djurakut,1650.0,8109
Järfälla,Cat Castrate,Järfälla,1290,Barkarby Djurakut,1150.0,8109
Järfälla,Cat Vaccination,Järfälla,495,Barkarby Djurakut,,8109
Järfälla,X-Ray & Sedation (HD),Järfälla,2395,Barkarby Djurakut,,8109
Djurkliniken Åkersberga-2,Consultation,Djurkliniken Åkersberga,1640,Anicura Roslagens smådjursklinik,1100.0,0
Djurkliniken Åkersberga-2,Castrate Dog (20kg),Djurkliniken Åkersberga,6395,Anicura Roslagens smådjursklinik,5560.0,0
Djurkliniken Åkersberga-2,Bitch Spay (20kg),Djurkliniken Åkersberga,10555,Anicura Roslagens smådjursklinik,9500.0,0
Djurkliniken Åkersberga-2,Dog Vaccination DHPPI,Djurkliniken Åkersberga,495,Anicura Roslagens smådjursklinik,650.0,0
Djurkliniken Åkersberga-2,Cat Spay,Djurkliniken Åkersberga,2285,Anicura Roslagens smådjursklinik,1970.0,0
Djurkliniken Åkersberga-2,Cat Castrate,Djurkliniken Åkersberga,1290,Anicura Roslagens smådjursklinik,1070.0,0
Djurkliniken Åkersberga-2,Cat Vaccination,Djurkliniken Åkersberga,495,Anicura Roslagens smådjursklinik,650.0,0
Djurkliniken Åkersberga-2,X-Ray & Sedation (HD),Djurkliniken Åkersberga,2395,Anicura Roslagens smådjursklinik,2430.0,0
Djurkliniken Åkersberga-2,Consultation,Djurkliniken Åkersberga,1640,Distriktsveterinärerna Rimbo,965.0,0
Djurkliniken Åkersberga-2,Castrate Dog (20kg),Djurkliniken Åkersberga,6395,Distriktsveterinärerna Rimbo,4625.0,0
Djurkliniken Åkersberga-2,Bitch Spay (20kg),Djurkliniken Åkersberga,10555,Distriktsveterinärerna Rimbo,8025.0,0
Djurkliniken Åkersberga-2,Dog Vaccination DHPPI,Djurkliniken Åkersberga,495,Distriktsveterinärerna Rimbo,575.0,0
Djurkliniken Åkersberga-2,Cat Spay,Djurkliniken Åkersberga,2285,Distriktsveterinärerna Rimbo,1825.0,0
Djurkliniken Åkersberga-2,Cat Castrate,Djurkliniken Åkersberga,1290,Distriktsveterinärerna Rimbo,975.0,0
Djurkliniken Åkersberga-2,Cat Vaccination,Djurkliniken Åkersberga,495,Distriktsveterinärerna Rimbo,575.0,0
Djurkliniken Åkersberga-2,X-Ray & Sedation (HD),Djurkliniken Åkersberga,2395,Distriktsveterinärerna Rimbo,1995.0,0
Djurkliniken Åkersberga-2,Consultation,Djurkliniken Åkersberga,1640,AniCura Värmdö Djurklinik,980.0,0
Djurkliniken Åkersberga-2,Castrate Dog (20kg),Djurkliniken Åkersberga,6395,AniCura Värmdö Djurklinik,5410.0,0
Djurkliniken Åkersberga-2,Bitch Spay (20kg),Djurkliniken Åkersberga,10555,AniCura Värmdö Djurklinik,8640.0,0
Djurkliniken Åkersberga-2,Dog Vaccination DHPPI,Djurkliniken Åkersberga,495,AniCura Värmdö Djurklinik,470.0,0
Djurkliniken Åkersberga-2,Cat Spay,Djurkliniken Åkersberga,2285,AniCura Värmdö Djurklinik,1870.0,0
Djurkliniken Åkersberga-2,Cat Castrate,Djurkliniken Åkersberga,1290,AniCura Värmdö Djurklinik,990.0,0
Djurkliniken Åkersberga-2,Cat Vaccination,Djurkliniken Åkersberga,495,AniCura Värmdö Djurklinik,540.0,0
Djurkliniken Åkersberga-2,X-Ray & Sedation (HD),Djurkliniken Åkersberga,2395,AniCura Värmdö Djurklinik,2200.0,0
Djurkliniken Åkersberga-2,Consultation,Djurkliniken Åkersberga,1640,Carlsunds veterinärservice,,0
Djurkliniken Åkersberga-2,Castrate Dog (20kg),Djurkliniken Åkersberga,6395,Carlsunds veterinärservice,,0
Djurkliniken Åkersberga-2,Bitch Spay (20kg),Djurkliniken Åkersberga,10555,Carlsunds veterinärservice,,0
Djurkliniken Åkersberga-2,Dog Vaccination DHPPI,Djurkliniken Åkersberga,495,Carlsunds veterinärservice,,0
Djurkliniken Åkersberga-2,Cat Spay,Djurkliniken Åkersberga,2285,Carlsunds veterinärservice,,0
Djurkliniken Åkersberga-2,Cat Castrate,Djurkliniken Åkersberga,1290,Carlsunds veterinärservice,,0
Djurkliniken Åkersberga-2,Cat Vaccination,Djurkliniken Åkersberga,495,Carlsunds veterinärservice,,0
Djurkliniken Åkersberga-2,X-Ray & Sedation (HD),Djurkliniken Åkersberga,2395,Carlsunds veterinärservice,,0
Tyresö,Consultation,Tyresö,1640,AniCura Värmdö Djurklinik,980.0,8095
Tyresö,Castrate Dog (20kg),Tyresö,6395,AniCura Värmdö Djurklinik,5410.0,8095
Tyresö,Bitch Spay (20kg),Tyresö,10555,AniCura Värmdö Djurklinik,8640.0,8095
Tyresö,Dog Vaccination DHPPI,Tyresö,495,AniCura Värmdö Djurklinik,470.0,8095
Tyresö,Cat Spay,Tyresö,2285,AniCura Värmdö Djurklinik,1870.0,8095
Tyresö,Cat Castrate,Tyresö,1290,AniCura Värmdö Djurklinik,990.0,8095
Tyresö,Cat Vaccination,Tyresö,495,AniCura Värmdö Djurklinik,540.0,8095
Tyresö,X-Ray & Sedation (HD),Tyresö,2395,AniCura Värmdö Djurklinik,2200.0,8095
Tyresö,Consultation,Tyresö,1640,AniCura Regiondjursjukhuset Bagarmossen,1600.0,8095
Tyresö,Castrate Dog (20kg),Tyresö,6395,AniCura Regiondjursjukhuset Bagarmossen,0.0,8095
Tyresö,Bitch Spay (20kg),Tyresö,10555,AniCura Regiondjursjukhuset Bagarmossen,0.0,8095
Tyresö,Dog Vaccination DHPPI,Tyresö,495,AniCura Regiondjursjukhuset Bagarmossen,0.0,8095
Tyresö,Cat Spay,Tyresö,2285,AniCura Regiondjursjukhuset Bagarmossen,0.0,8095
Tyresö,Cat Castrate,Tyresö,1290,AniCura Regiondjursjukhuset Bagarmossen,0.0,8095
Tyresö,Cat Vaccination,Tyresö,495,AniCura Regiondjursjukhuset Bagarmossen,0.0,8095
Tyresö,X-Ray & Sedation (HD),Tyresö,2395,AniCura Regiondjursjukhuset Bagarmossen,2060.0,8095
Tyresö,Consultation,Tyresö,1640,AniCura Gärdets Djurklinik,1450.0,8095
Tyresö,Castrate Dog (20kg),Tyresö,6395,AniCura Gärdets Djurklinik,7330.0,8095
Tyresö,Bitch Spay (20kg),Tyresö,10555,AniCura Gärdets Djurklinik,9950.0,8095
Tyresö,Dog Vaccination DHPPI,Tyresö,495,AniCura Gärdets Djurklinik,550.0,8095
Tyresö,Cat Spay,Tyresö,2285,AniCura Gärdets Djurklinik,2430.0,8095
Tyresö,Cat Castrate,Tyresö,1290,AniCura Gärdets Djurklinik,1420.0,8095
Tyresö,Cat Vaccination,Tyresö,495,AniCura Gärdets Djurklinik,550.0,8095
Tyresö,X-Ray & Sedation (HD),Tyresö,2395,AniCura Gärdets Djurklinik,0.0,8095
Tyresö,Consultation,Tyresö,1640,RedVet AB,800.0,8095
Tyresö,Castrate Dog (20kg),Tyresö,6395,RedVet AB,4500.0,8095
Tyresö,Bitch Spay (20kg),Tyresö,10555,RedVet AB,,8095
Tyresö,Dog Vaccination DHPPI,Tyresö,495,RedVet AB,290.0,8095
Tyresö,Cat Spay,Tyresö,2285,RedVet AB,1200.0,8095
Tyresö,Cat Castrate,Tyresö,1290,RedVet AB,700.0,8095
Tyresö,Cat Vaccination,Tyresö,495,RedVet AB,290.0,8095
Tyresö,X-Ray & Sedation (HD),Tyresö,2395,RedVet AB,,8095
Djurdoktorn Västerås,Consultation,Djurdoktorn Västerås,1230,Anicura Aros Veterinärcentrum,0.0,1
Djurdoktorn Västerås,Castrate Dog (20kg),Djurdoktorn Västerås,5560,Anicura Aros Veterinärcentrum,6270.0,1
Djurdoktorn Västerås,Bitch Spay (20kg),Djurdoktorn Västerås,9175,Anicura Aros Veterinärcentrum,9400.0,1
Djurdoktorn Västerås,Dog Vaccination DHPPI,Djurdoktorn Västerås,495,Anicura Aros Veterinärcentrum,500.0,1
Djurdoktorn Västerås,Cat Spay,Djurdoktorn Västerås,1990,Anicura Aros Veterinärcentrum,1920.0,1
Djurdoktorn Västerås,Cat Castrate,Djurdoktorn Västerås,1120,Anicura Aros Veterinärcentrum,1010.0,1
Djurdoktorn Västerås,Cat Vaccination,Djurdoktorn Västerås,495,Anicura Aros Veterinärcentrum,500.0,1
Djurdoktorn Västerås,X-Ray & Sedation (HD),Djurdoktorn Västerås,2195,Anicura Aros Veterinärcentrum,1910.0,1
Djurdoktorn Västerås,Consultation,Djurdoktorn Västerås,1230,Distriktsveterinärerna Eskilstuna,965.0,1
Djurdoktorn Västerås,Castrate Dog (20kg),Djurdoktorn Västerås,5560,Distriktsveterinärerna Eskilstuna,4625.0,1
Djurdoktorn Västerås,Bitch Spay (20kg),Djurdoktorn Västerås,9175,Distriktsveterinärerna Eskilstuna,8025.0,1
Djurdoktorn Västerås,Dog Vaccination DHPPI,Djurdoktorn Västerås,495,Distriktsveterinärerna Eskilstuna,575.0,1
Djurdoktorn Västerås,Cat Spay,Djurdoktorn Västerås,1990,Distriktsveterinärerna Eskilstuna,1825.0,1
Djurdoktorn Västerås,Cat Castrate,Djurdoktorn Västerås,1120,Distriktsveterinärerna Eskilstuna,975.0,1
Djurdoktorn Västerås,Cat Vaccination,Djurdoktorn Västerås,495,Distriktsveterinärerna Eskilstuna,575.0,1
Djurdoktorn Västerås,X-Ray & Sedation (HD),Djurdoktorn Västerås,2195,Distriktsveterinärerna Eskilstuna,1995.0,1
Djurdoktorn Västerås,Consultation,Djurdoktorn Västerås,1230,AniCura Strängnäs Djurklinik,0.0,1
Djurdoktorn Västerås,Castrate Dog (20kg),Djurdoktorn Västerås,5560,AniCura Strängnäs Djurklinik,6570.0,1
Djurdoktorn Västerås,Bitch Spay (20kg),Djurdoktorn Västerås,9175,AniCura Strängnäs Djurklinik,9400.0,1
Djurdoktorn Västerås,Dog Vaccination DHPPI,Djurdoktorn Västerås,495,AniCura Strängnäs Djurklinik,550.0,1
Djurdoktorn Västerås,Cat Spay,Djurdoktorn Västerås,1990,AniCura Strängnäs Djurklinik,2020.0,1
Djurdoktorn Västerås,Cat Castrate,Djurdoktorn Västerås,1120,AniCura Strängnäs Djurklinik,1120.0,1
Djurdoktorn Västerås,Cat Vaccination,Djurdoktorn Västerås,495,AniCura Strängnäs Djurklinik,550.0,1
Djurdoktorn Västerås,X-Ray & Sedation (HD),Djurdoktorn Västerås,2195,AniCura Strängnäs Djurklinik,2370.0,1
Djurdoktorn Västerås,Consultation,Djurdoktorn Västerås,1230,Mälarportens Veterinär,995.0,1
Djurdoktorn Västerås,Castrate Dog (20kg),Djurdoktorn Västerås,5560,Mälarportens Veterinär,5790.0,1
Djurdoktorn Västerås,Bitch Spay (20kg),Djurdoktorn Västerås,9175,Mälarportens Veterinär,,1
Djurdoktorn Västerås,Dog Vaccination DHPPI,Djurdoktorn Västerås,495,Mälarportens Veterinär,,1
Djurdoktorn Västerås,Cat Spay,Djurdoktorn Västerås,1990,Mälarportens Veterinär,1740.0,1
Djurdoktorn Västerås,Cat Castrate,Djurdoktorn Västerås,1120,Mälarportens Veterinär,975.0,1
Djurdoktorn Västerås,Cat Vaccination,Djurdoktorn Västerås,495,Mälarportens Veterinär,,1
Djurdoktorn Västerås,X-Ray & Sedation (HD),Djurdoktorn Västerås,2195,Mälarportens Veterinär,,1
Djurkliniken Eskilstuna,Consultation,Djurkliniken Eskilstuna,1230,Distriktsveterinärerna Eskilstuna,965.0,10
Djurkliniken Eskilstuna,Castrate Dog (20kg),Djurkliniken Eskilstuna,5560,Distriktsveterinärerna Eskilstuna,4625.0,10
Djurkliniken Eskilstuna,Bitch Spay (20kg),Djurkliniken Eskilstuna,9175,Distriktsveterinärerna Eskilstuna,8025.0,10
Djurkliniken Eskilstuna,Dog Vaccination DHPPI,Djurkliniken Eskilstuna,495,Distriktsveterinärerna Eskilstuna,575.0,10
Djurkliniken Eskilstuna,Cat Spay,Djurkliniken Eskilstuna,1990,Distriktsveterinärerna Eskilstuna,1825.0,10
Djurkliniken Eskilstuna,Cat Castrate,Djurkliniken Eskilstuna,1120,Distriktsveterinärerna Eskilstuna,975.0,10
Djurkliniken Eskilstuna,Cat Vaccination,Djurkliniken Eskilstuna,495,Distriktsveterinärerna Eskilstuna,575.0,10
Djurkliniken Eskilstuna,X-Ray & Sedation (HD),Djurkliniken Eskilstuna,2195,Distriktsveterinärerna Eskilstuna,1995.0,10
Djurkliniken Eskilstuna,Consultation,Djurkliniken Eskilstuna,1230,Anicura Aros Veterinärcentrum,0.0,10
Djurkliniken Eskilstuna,Castrate Dog (20kg),Djurkliniken Eskilstuna,5560,Anicura Aros Veterinärcentrum,6270.0,10
Djurkliniken Eskilstuna,Bitch Spay (20kg),Djurkliniken Eskilstuna,9175,Anicura Aros Veterinärcentrum,9400.0,10
Djurkliniken Eskilstuna,Dog Vaccination DHPPI,Djurkliniken Eskilstuna,495,Anicura Aros Veterinärcentrum,500.0,10
Djurkliniken Eskilstuna,Cat Spay,Djurkliniken Eskilstuna,1990,Anicura Aros Veterinärcentrum,1920.0,10
Djurkliniken Eskilstuna,Cat Castrate,Djurkliniken Eskilstuna,1120,Anicura Aros Veterinärcentrum,1010.0,10
Djurkliniken Eskilstuna,Cat Vaccination,Djurkliniken Eskilstuna,495,Anicura Aros Veterinärcentrum,500.0,10
Djurkliniken Eskilstuna,X-Ray & Sedation (HD),Djurkliniken Eskilstuna,2195,Anicura Aros Veterinärcentrum,1910.0,10
Djurkliniken Eskilstuna,Consultation,Djurkliniken Eskilstuna,1230,Distriktsveterinärerna Flen,965.0,10
Djurkliniken Eskilstuna,Castrate Dog (20kg),Djurkliniken Eskilstuna,5560,Distriktsveterinärerna Flen,4625.0,10
Djurkliniken Eskilstuna,Bitch Spay (20kg),Djurkliniken Eskilstuna,9175,Distriktsveterinärerna Flen,8025.0,10
Djurkliniken Eskilstuna,Dog Vaccination DHPPI,Djurkliniken Eskilstuna,495,Distriktsveterinärerna Flen,575.0,10
Djurkliniken Eskilstuna,Cat Spay,Djurkliniken Eskilstuna,1990,Distriktsveterinärerna Flen,1825.0,10
Djurkliniken Eskilstuna,Cat Castrate,Djurkliniken Eskilstuna,1120,Distriktsveterinärerna Flen,975.0,10
Djurkliniken Eskilstuna,Cat Vaccination,Djurkliniken Eskilstuna,495,Distriktsveterinärerna Flen,575.0,10
Djurkliniken Eskilstuna,X-Ray & Sedation (HD),Djurkliniken Eskilstuna,2195,Distriktsveterinärerna Flen,1995.0,10
Djurkliniken Eskilstuna,Consultation,Djurkliniken Eskilstuna,1230,Arken Zoo Veterinärklinik i Eskilstuna,,10
Djurkliniken Eskilstuna,Castrate Dog (20kg),Djurkliniken Eskilstuna,5560,Arken Zoo Veterinärklinik i Eskilstuna,,10
Djurkliniken Eskilstuna,Bitch Spay (20kg),Djurkliniken Eskilstuna,9175,Arken Zoo Veterinärklinik i Eskilstuna,,10
Djurkliniken Eskilstuna,Dog Vaccination DHPPI,Djurkliniken Eskilstuna,495,Arken Zoo Veterinärklinik i Eskilstuna,,10
Djurkliniken Eskilstuna,Cat Spay,Djurkliniken Eskilstuna,1990,Arken Zoo Veterinärklinik i Eskilstuna,1695.0,10
Djurkliniken Eskilstuna,Cat Castrate,Djurkliniken Eskilstuna,1120,Arken Zoo Veterinärklinik i Eskilstuna,895.0,10
Djurkliniken Eskilstuna,Cat Vaccination,Djurkliniken Eskilstuna,495,Arken Zoo Veterinärklinik i Eskilstuna,,10
Djurkliniken Eskilstuna,X-Ray & Sedation (HD),Djurkliniken Eskilstuna,2195,Arken Zoo Veterinärklinik i Eskilstuna,,10
Djurkliniken Köping,Consultation,Djurkliniken Köping,1230,AniCura Arboga Djurklinik,0.0,11
Djurkliniken Köping,Castrate Dog (20kg),Djurkliniken Köping,5560,AniCura Arboga Djurklinik,6200.0,11
Djurkliniken Köping,Bitch Spay (20kg),Djurkliniken Köping,9175,AniCura Arboga Djurklinik,9400.0,11
Djurkliniken Köping,Dog Vaccination DHPPI,Djurkliniken Köping,495,AniCura Arboga Djurklinik,550.0,11
Djurkliniken Köping,Cat Spay,Djurkliniken Köping,1990,AniCura Arboga Djurklinik,2020.0,11
Djurkliniken Köping,Cat Castrate,Djurkliniken Köping,1120,AniCura Arboga Djurklinik,1120.0,11
Djurkliniken Köping,Cat Vaccination,Djurkliniken Köping,495,AniCura Arboga Djurklinik,550.0,11
Djurkliniken Köping,X-Ray & Sedation (HD),Djurkliniken Köping,2195,AniCura Arboga Djurklinik,2170.0,11
Djurkliniken Köping,Consultation,Djurkliniken Köping,1230,Distriktsveterinärerna Eskilstuna,965.0,11
Djurkliniken Köping,Castrate Dog (20kg),Djurkliniken Köping,5560,Distriktsveterinärerna Eskilstuna,4625.0,11
Djurkliniken Köping,Bitch Spay (20kg),Djurkliniken Köping,9175,Distriktsveterinärerna Eskilstuna,8025.0,11
Djurkliniken Köping,Dog Vaccination DHPPI,Djurkliniken Köping,495,Distriktsveterinärerna Eskilstuna,575.0,11
Djurkliniken Köping,Cat Spay,Djurkliniken Köping,1990,Distriktsveterinärerna Eskilstuna,1825.0,11
Djurkliniken Köping,Cat Castrate,Djurkliniken Köping,1120,Distriktsveterinärerna Eskilstuna,975.0,11
Djurkliniken Köping,Cat Vaccination,Djurkliniken Köping,495,Distriktsveterinärerna Eskilstuna,575.0,11
Djurkliniken Köping,X-Ray & Sedation (HD),Djurkliniken Köping,2195,Distriktsveterinärerna Eskilstuna,1995.0,11
Djurkliniken Köping,Consultation,Djurkliniken Köping,1230,AniCura Djurkliniken i Katrineholm,0.0,11
Djurkliniken Köping,Castrate Dog (20kg),Djurkliniken Köping,5560,AniCura Djurkliniken i Katrineholm,6370.0,11
Djurkliniken Köping,Bitch Spay (20kg),Djurkliniken Köping,9175,AniCura Djurkliniken i Katrineholm,9300.0,11
Djurkliniken Köping,Dog Vaccination DHPPI,Djurkliniken Köping,495,AniCura Djurkliniken i Katrineholm,550.0,11
Djurkliniken Köping,Cat Spay,Djurkliniken Köping,1990,AniCura Djurkliniken i Katrineholm,2020.0,11
Djurkliniken Köping,Cat Castrate,Djurkliniken Köping,1120,AniCura Djurkliniken i Katrineholm,1120.0,11
Djurkliniken Köping,Cat Vaccination,Djurkliniken Köping,495,AniCura Djurkliniken i Katrineholm,550.0,11
Djurkliniken Köping,X-Ray & Sedation (HD),Djurkliniken Köping,2195,AniCura Djurkliniken i Katrineholm,2370.0,11
Djurkliniken Norrköping,Consultation,Djurkliniken Norrköping,1230,Distriktsveterinärerna Söderköping,965.0,2
Djurkliniken Norrköping,Castrate Dog (20kg),Djurkliniken Norrköping,5560,Distriktsveterinärerna Söderköping,4625.0,2
Djurkliniken Norrköping,Bitch Spay (20kg),Djurkliniken Norrköping,9175,Distriktsveterinärerna Söderköping,8025.0,2
Djurkliniken Norrköping,Dog Vaccination DHPPI,Djurkliniken Norrköping,495,Distriktsveterinärerna Söderköping,575.0,2
Djurkliniken Norrköping,Cat Spay,Djurkliniken Norrköping,1990,Distriktsveterinärerna Söderköping,1825.0,2
Djurkliniken Norrköping,Cat Castrate,Djurkliniken Norrköping,1120,Distriktsveterinärerna Söderköping,975.0,2
Djurkliniken Norrköping,Cat Vaccination,Djurkliniken Norrköping,495,Distriktsveterinärerna Söderköping,575.0,2
Djurkliniken Norrköping,X-Ray & Sedation (HD),Djurkliniken Norrköping,2195,Distriktsveterinärerna Söderköping,1995.0,2
Djurkliniken Norrköping,Consultation,Djurkliniken Norrköping,1230,AniCura Norsholms Djursjukhus,1480.0,2
Djurkliniken Norrköping,Castrate Dog (20kg),Djurkliniken Norrköping,5560,AniCura Norsholms Djursjukhus,6810.0,2
Djurkliniken Norrköping,Bitch Spay (20kg),Djurkliniken Norrköping,9175,AniCura Norsholms Djursjukhus,10100.0,2
Djurkliniken Norrköping,Dog Vaccination DHPPI,Djurkliniken Norrköping,495,AniCura Norsholms Djursjukhus,600.0,2
Djurkliniken Norrköping,Cat Spay,Djurkliniken Norrköping,1990,AniCura Norsholms Djursjukhus,2160.0,2
Djurkliniken Norrköping,Cat Castrate,Djurkliniken Norrköping,1120,AniCura Norsholms Djursjukhus,1230.0,2
Djurkliniken Norrköping,Cat Vaccination,Djurkliniken Norrköping,495,AniCura Norsholms Djursjukhus,600.0,2
Djurkliniken Norrköping,X-Ray & Sedation (HD),Djurkliniken Norrköping,2195,AniCura Norsholms Djursjukhus,2340.0,2
Djurkliniken Norrköping,Consultation,Djurkliniken Norrköping,1230,AniCura Djurkliniken i Katrineholm,0.0,2
Djurkliniken Norrköping,Castrate Dog (20kg),Djurkliniken Norrköping,5560,AniCura Djurkliniken i Katrineholm,6370.0,2
Djurkliniken Norrköping,Bitch Spay (20kg),Djurkliniken Norrköping,9175,AniCura Djurkliniken i Katrineholm,9300.0,2
Djurkliniken Norrköping,Dog Vaccination DHPPI,Djurkliniken Norrköping,495,AniCura Djurkliniken i Katrineholm,550.0,2
Djurkliniken Norrköping,Cat Spay,Djurkliniken Norrköping,1990,AniCura Djurkliniken i Katrineholm,2020.0,2
Djurkliniken Norrköping,Cat Castrate,Djurkliniken Norrköping,1120,AniCura Djurkliniken i Katrineholm,1120.0,2
Djurkliniken Norrköping,Cat Vaccination,Djurkliniken Norrköping,495,AniCura Djurkliniken i Katrineholm,550.0,2
Djurkliniken Norrköping,X-Ray & Sedation (HD),Djurkliniken Norrköping,2195,AniCura Djurkliniken i Katrineholm,2370.0,2
Djurkliniken Norrköping,Consultation,Djurkliniken Norrköping,1230,Smådjursveterinärerna i Norrköping,940.0,2
Djurkliniken Norrköping,Castrate Dog (20kg),Djurkliniken Norrköping,5560,Smådjursveterinärerna i Norrköping,5700.0,2
Djurkliniken Norrköping,Bitch Spay (20kg),Djurkliniken Norrköping,9175,Smådjursveterinärerna i Norrköping,,2
Djurkliniken Norrköping,Dog Vaccination DHPPI,Djurkliniken Norrköping,495,Smådjursveterinärerna i Norrköping,525.0,2
Djurkliniken Norrköping,Cat Spay,Djurkliniken Norrköping,1990,Smådjursveterinärerna i Norrköping,1995.0,2
Djurkliniken Norrköping,Cat Castrate,Djurkliniken Norrköping,1120,Smådjursveterinärerna i Norrköping,1045.0,2
Djurkliniken Norrköping,Cat Vaccination,Djurkliniken Norrköping,495,Smådjursveterinärerna i Norrköping,,2
Djurkliniken Norrköping,X-Ray & Sedation (HD),Djurkliniken Norrköping,2195,Smådjursveterinärerna i Norrköping,,2
Djurkliniken Västerås,Consultation,Djurkliniken Västerås,1230,Anicura Aros Veterinärcentrum,0.0,0
Djurkliniken Västerås,Castrate Dog (20kg),Djurkliniken Västerås,5560,Anicura Aros Veterinärcentrum,6270.0,0
Djurkliniken Västerås,Bitch Spay (20kg),Djurkliniken Västerås,9175,Anicura Aros Veterinärcentrum,9400.0,0
Djurkliniken Västerås,Dog Vaccination DHPPI,Djurkliniken Västerås,495,Anicura Aros Veterinärcentrum,500.0,0
Djurkliniken Västerås,Cat Spay,Djurkliniken Västerås,1990,Anicura Aros Veterinärcentrum,1920.0,0
Djurkliniken Västerås,Cat Castrate,Djurkliniken Västerås,1120,Anicura Aros Veterinärcentrum,1010.0,0
Djurkliniken Västerås,Cat Vaccination,Djurkliniken Västerås,495,Anicura Aros Veterinärcentrum,500.0,0
Djurkliniken Västerås,X-Ray & Sedation (HD),Djurkliniken Västerås,2195,Anicura Aros Veterinärcentrum,1910.0,0
Djurkliniken Västerås,Consultation,Djurkliniken Västerås,1230,Distriktsveterinärerna Eskilstuna,965.0,0
Djurkliniken Västerås,Castrate Dog (20kg),Djurkliniken Västerås,5560,Distriktsveterinärerna Eskilstuna,4625.0,0
Djurkliniken Västerås,Bitch Spay (20kg),Djurkliniken Västerås,9175,Distriktsveterinärerna Eskilstuna,8025.0,0
Djurkliniken Västerås,Dog Vaccination DHPPI,Djurkliniken Västerås,495,Distriktsveterinärerna Eskilstuna,575.0,0
Djurkliniken Västerås,Cat Spay,Djurkliniken Västerås,1990,Distriktsveterinärerna Eskilstuna,1825.0,0
Djurkliniken Västerås,Cat Castrate,Djurkliniken Västerås,1120,Distriktsveterinärerna Eskilstuna,975.0,0
Djurkliniken Västerås,Cat Vaccination,Djurkliniken Västerås,495,Distriktsveterinärerna Eskilstuna,575.0,0
Djurkliniken Västerås,X-Ray & Sedation (HD),Djurkliniken Västerås,2195,Distriktsveterinärerna Eskilstuna,1995.0,0
Djurkliniken Västerås,Consultation,Djurkliniken Västerås,1230,AniCura Strängnäs Djurklinik,0.0,0
Djurkliniken Västerås,Castrate Dog (20kg),Djurkliniken Västerås,5560,AniCura Strängnäs Djurklinik,6570.0,0
Djurkliniken Västerås,Bitch Spay (20kg),Djurkliniken Västerås,9175,AniCura Strängnäs Djurklinik,9400.0,0
Djurkliniken Västerås,Dog Vaccination DHPPI,Djurkliniken Västerås,495,AniCura Strängnäs Djurklinik,550.0,0
Djurkliniken Västerås,Cat Spay,Djurkliniken Västerås,1990,AniCura Strängnäs Djurklinik,2020.0,0
Djurkliniken Västerås,Cat Castrate,Djurkliniken Västerås,1120,AniCura Strängnäs Djurklinik,1120.0,0
Djurkliniken Västerås,Cat Vaccination,Djurkliniken Västerås,495,AniCura Strängnäs Djurklinik,550.0,0
Djurkliniken Västerås,X-Ray & Sedation (HD),Djurkliniken Västerås,2195,AniCura Strängnäs Djurklinik,2370.0,0
Djurkliniken Västerås,Consultation,Djurkliniken Västerås,1230,Mälarportens Veterinär,995.0,0
Djurkliniken Västerås,Castrate Dog (20kg),Djurkliniken Västerås,5560,Mälarportens Veterinär,5790.0,0
Djurkliniken Västerås,Bitch Spay (20kg),Djurkliniken Västerås,9175,Mälarportens Veterinär,,0
Djurkliniken Västerås,Dog Vaccination DHPPI,Djurkliniken Västerås,495,Mälarportens Veterinär,,0
Djurkliniken Västerås,Cat Spay,Djurkliniken Västerås,1990,Mälarportens Veterinär,1740.0,0
Djurkliniken Västerås,Cat Castrate,Djurkliniken Västerås,1120,Mälarportens Veterinär,975.0,0
Djurkliniken Västerås,Cat Vaccination,Djurkliniken Västerås,495,Mälarportens Veterinär,,0
Djurkliniken Västerås,X-Ray & Sedation (HD),Djurkliniken Västerås,2195,Mälarportens Veterinär,,0
Djurkliniken Nyköping,Consultation,Djurkliniken Nyköping,1230,Distriktsveterinärerna Nyköping,965.0,208
Djurkliniken Nyköping,Castrate Dog (20kg),Djurkliniken Nyköping,5560,Distriktsveterinärerna Nyköping,4625.0,208
Djurkliniken Nyköping,Bitch Spay (20kg),Djurkliniken Nyköping,9175,Distriktsveterinärerna Nyköping,8025.0,208
Djurkliniken Nyköping,Dog Vaccination DHPPI,Djurkliniken Nyköping,495,Distriktsveterinärerna Nyköping,575.0,208
Djurkliniken Nyköping,Cat Spay,Djurkliniken Nyköping,1990,Distriktsveterinärerna Nyköping,1825.0,208
Djurkliniken Nyköping,Cat Castrate,Djurkliniken Nyköping,1120,Distriktsveterinärerna Nyköping,975.0,208
Djurkliniken Nyköping,Cat Vaccination,Djurkliniken Nyköping,495,Distriktsveterinärerna Nyköping,575.0,208
Djurkliniken Nyköping,X-Ray & Sedation (HD),Djurkliniken Nyköping,2195,Distriktsveterinärerna Nyköping,1995.0,208
Djurkliniken Nyköping,Consultation,Djurkliniken Nyköping,1230,Distriktsveterinärerna Flen,965.0,208
Djurkliniken Nyköping,Castrate Dog (20kg),Djurkliniken Nyköping,5560,Distriktsveterinärerna Flen,4625.0,208
Djurkliniken Nyköping,Bitch Spay (20kg),Djurkliniken Nyköping,9175,Distriktsveterinärerna Flen,8025.0,208
Djurkliniken Nyköping,Dog Vaccination DHPPI,Djurkliniken Nyköping,495,Distriktsveterinärerna Flen,575.0,208
Djurkliniken Nyköping,Cat Spay,Djurkliniken Nyköping,1990,Distriktsveterinärerna Flen,1825.0,208
Djurkliniken Nyköping,Cat Castrate,Djurkliniken Nyköping,1120,Distriktsveterinärerna Flen,975.0,208
Djurkliniken Nyköping,Cat Vaccination,Djurkliniken Nyköping,495,Distriktsveterinärerna Flen,575.0,208
Djurkliniken Nyköping,X-Ray & Sedation (HD),Djurkliniken Nyköping,2195,Distriktsveterinärerna Flen,1995.0,208
Djurkliniken Nyköping,Consultation,Djurkliniken Nyköping,1230,AniCura Strängnäs Djurklinik,0.0,208
Djurkliniken Nyköping,Castrate Dog (20kg),Djurkliniken Nyköping,5560,AniCura Strängnäs Djurklinik,6570.0,208
Djurkliniken Nyköping,Bitch Spay (20kg),Djurkliniken Nyköping,9175,AniCura Strängnäs Djurklinik,9400.0,208
Djurkliniken Nyköping,Dog Vaccination DHPPI,Djurkliniken Nyköping,495,AniCura Strängnäs Djurklinik,550.0,208
Djurkliniken Nyköping,Cat Spay,Djurkliniken Nyköping,1990,AniCura Strängnäs Djurklinik,2020.0,208
Djurkliniken Nyköping,Cat Castrate,Djurkliniken Nyköping,1120,AniCura Strängnäs Djurklinik,1120.0,208
Djurkliniken Nyköping,Cat Vaccination,Djurkliniken Nyköping,495,AniCura Strängnäs Djurklinik,550.0,208
Djurkliniken Nyköping,X-Ray & Sedation (HD),Djurkliniken Nyköping,2195,AniCura Strängnäs Djurklinik,2370.0,208
Djurkliniken Nyköping,Consultation,Djurkliniken Nyköping,1230,Arken Zoo Veterinärklinik i Nyköping,990.0,208
Djurkliniken Nyköping,Castrate Dog (20kg),Djurkliniken Nyköping,5560,Arken Zoo Veterinärklinik i Nyköping,4999.0,208
Djurkliniken Nyköping,Bitch Spay (20kg),Djurkliniken Nyköping,9175,Arken Zoo Veterinärklinik i Nyköping,,208
Djurkliniken Nyköping,Dog Vaccination DHPPI,Djurkliniken Nyköping,495,Arken Zoo Veterinärklinik i Nyköping,550.0,208
Djurkliniken Nyköping,Cat Spay,Djurkliniken Nyköping,1990,Arken Zoo Veterinärklinik i Nyköping,1695.0,208
Djurkliniken Nyköping,Cat Castrate,Djurkliniken Nyköping,1120,Arken Zoo Veterinärklinik i Nyköping,900.0,208
Djurkliniken Nyköping,Cat Vaccination,Djurkliniken Nyköping,495,Arken Zoo Veterinärklinik i Nyköping,,208
Djurkliniken Nyköping,X-Ray & Sedation (HD),Djurkliniken Nyköping,2195,Arken Zoo Veterinärklinik i Nyköping,,208
Djurkliniken Gefle,Consultation,Djurkliniken Gefle,1190,Distriktsveterinärerna Gävle Valbo,965.0,6
Djurkliniken Gefle,Castrate Dog (20kg),Djurkliniken Gefle,5560,Distriktsveterinärerna Gävle Valbo,4625.0,6
Djurkliniken Gefle,Bitch Spay (20kg),Djurkliniken Gefle,9175,Distriktsveterinärerna Gävle Valbo,8025.0,6
Djurkliniken Gefle,Dog Vaccination DHPPI,Djurkliniken Gefle,495,Distriktsveterinärerna Gävle Valbo,575.0,6
Djurkliniken Gefle,Cat Spay,Djurkliniken Gefle,1990,Distriktsveterinärerna Gävle Valbo,1825.0,6
Djurkliniken Gefle,Cat Castrate,Djurkliniken Gefle,1120,Distriktsveterinärerna Gävle Valbo,975.0,6
Djurkliniken Gefle,Cat Vaccination,Djurkliniken Gefle,495,Distriktsveterinärerna Gävle Valbo,575.0,6
Djurkliniken Gefle,X-Ray & Sedation (HD),Djurkliniken Gefle,2295,Distriktsveterinärerna Gävle Valbo,1995.0,6
Djurkliniken Gefle,Consultation,Djurkliniken Gefle,1190,Distriktsveterinärerna Tierp/Östhammar,965.0,6
Djurkliniken Gefle,Castrate Dog (20kg),Djurkliniken Gefle,5560,Distriktsveterinärerna Tierp/Östhammar,4625.0,6
Djurkliniken Gefle,Bitch Spay (20kg),Djurkliniken Gefle,9175,Distriktsveterinärerna Tierp/Östhammar,8025.0,6
Djurkliniken Gefle,Dog Vaccination DHPPI,Djurkliniken Gefle,495,Distriktsveterinärerna Tierp/Östhammar,575.0,6
Djurkliniken Gefle,Cat Spay,Djurkliniken Gefle,1990,Distriktsveterinärerna Tierp/Östhammar,1825.0,6
Djurkliniken Gefle,Cat Castrate,Djurkliniken Gefle,1120,Distriktsveterinärerna Tierp/Östhammar,975.0,6
Djurkliniken Gefle,Cat Vaccination,Djurkliniken Gefle,495,Distriktsveterinärerna Tierp/Östhammar,575.0,6
Djurkliniken Gefle,X-Ray & Sedation (HD),Djurkliniken Gefle,2295,Distriktsveterinärerna Tierp/Östhammar,1995.0,6
Djurkliniken Gefle,Consultation,Djurkliniken Gefle,1190,Distriktsveterinärerna Bollnäs,965.0,6
Djurkliniken Gefle,Castrate Dog (20kg),Djurkliniken Gefle,5560,Distriktsveterinärerna Bollnäs,4625.0,6
Djurkliniken Gefle,Bitch Spay (20kg),Djurkliniken Gefle,9175,Distriktsveterinärerna Bollnäs,8025.0,6
Djurkliniken Gefle,Dog Vaccination DHPPI,Djurkliniken Gefle,495,Distriktsveterinärerna Bollnäs,575.0,6
Djurkliniken Gefle,Cat Spay,Djurkliniken Gefle,1990,Distriktsveterinärerna Bollnäs,1825.0,6
Djurkliniken Gefle,Cat Castrate,Djurkliniken Gefle,1120,Distriktsveterinärerna Bollnäs,975.0,6
Djurkliniken Gefle,Cat Vaccination,Djurkliniken Gefle,495,Distriktsveterinärerna Bollnäs,575.0,6
Djurkliniken Gefle,X-Ray & Sedation (HD),Djurkliniken Gefle,2295,Distriktsveterinärerna Bollnäs,1995.0,6
Djurkliniken Gefle,Consultation,Djurkliniken Gefle,1190,Djurcentralen i Gävle,770.0,6
Djurkliniken Gefle,Castrate Dog (20kg),Djurkliniken Gefle,5560,Djurcentralen i Gävle,4810.0,6
Djurkliniken Gefle,Bitch Spay (20kg),Djurkliniken Gefle,9175,Djurcentralen i Gävle,,6
Djurkliniken Gefle,Dog Vaccination DHPPI,Djurkliniken Gefle,495,Djurcentralen i Gävle,,6
Djurkliniken Gefle,Cat Spay,Djurkliniken Gefle,1990,Djurcentralen i Gävle,1850.0,6
Djurkliniken Gefle,Cat Castrate,Djurkliniken Gefle,1120,Djurcentralen i Gävle,1040.0,6
Djurkliniken Gefle,Cat Vaccination,Djurkliniken Gefle,495,Djurcentralen i Gävle,,6
Djurkliniken Gefle,X-Ray & Sedation (HD),Djurkliniken Gefle,2295,Djurcentralen i Gävle,,6
Djurkliniken Sandviken,Consultation,Djurkliniken Sandviken,1190,Distriktsveterinärerna Gävle Valbo,965.0,7
Djurkliniken Sandviken,Castrate Dog (20kg),Djurkliniken Sandviken,5560,Distriktsveterinärerna Gävle Valbo,4625.0,7
Djurkliniken Sandviken,Bitch Spay (20kg),Djurkliniken Sandviken,9175,Distriktsveterinärerna Gävle Valbo,8025.0,7
Djurkliniken Sandviken,Dog Vaccination DHPPI,Djurkliniken Sandviken,495,Distriktsveterinärerna Gävle Valbo,575.0,7
Djurkliniken Sandviken,Cat Spay,Djurkliniken Sandviken,1990,Distriktsveterinärerna Gävle Valbo,1825.0,7
Djurkliniken Sandviken,Cat Castrate,Djurkliniken Sandviken,1120,Distriktsveterinärerna Gävle Valbo,975.0,7
Djurkliniken Sandviken,Cat Vaccination,Djurkliniken Sandviken,495,Distriktsveterinärerna Gävle Valbo,575.0,7
Djurkliniken Sandviken,X-Ray & Sedation (HD),Djurkliniken Sandviken,2295,Distriktsveterinärerna Gävle Valbo,1995.0,7
Djurkliniken Sandviken,Consultation,Djurkliniken Sandviken,1190,Distriktsveterinärerna Bollnäs,965.0,7
Djurkliniken Sandviken,Castrate Dog (20kg),Djurkliniken Sandviken,5560,Distriktsveterinärerna Bollnäs,4625.0,7
Djurkliniken Sandviken,Bitch Spay (20kg),Djurkliniken Sandviken,9175,Distriktsveterinärerna Bollnäs,8025.0,7
Djurkliniken Sandviken,Dog Vaccination DHPPI,Djurkliniken Sandviken,495,Distriktsveterinärerna Bollnäs,575.0,7
Djurkliniken Sandviken,Cat Spay,Djurkliniken Sandviken,1990,Distriktsveterinärerna Bollnäs,1825.0,7
Djurkliniken Sandviken,Cat Castrate,Djurkliniken Sandviken,1120,Distriktsveterinärerna Bollnäs,975.0,7
Djurkliniken Sandviken,Cat Vaccination,Djurkliniken Sandviken,495,Distriktsveterinärerna Bollnäs,575.0,7
Djurkliniken Sandviken,X-Ray & Sedation (HD),Djurkliniken Sandviken,2295,Distriktsveterinärerna Bollnäs,1995.0,7
Djurkliniken Sandviken,Consultation,Djurkliniken Sandviken,1190,Distriktsveterinärerna Tierp/Östhammar,965.0,7
Djurkliniken Sandviken,Castrate Dog (20kg),Djurkliniken Sandviken,5560,Distriktsveterinärerna Tierp/Östhammar,4625.0,7
Djurkliniken Sandviken,Bitch Spay (20kg),Djurkliniken Sandviken,9175,Distriktsveterinärerna Tierp/Östhammar,8025.0,7
Djurkliniken Sandviken,Dog Vaccination DHPPI,Djurkliniken Sandviken,495,Distriktsveterinärerna Tierp/Östhammar,575.0,7
Djurkliniken Sandviken,Cat Spay,Djurkliniken Sandviken,1990,Distriktsveterinärerna Tierp/Östhammar,1825.0,7
Djurkliniken Sandviken,Cat Castrate,Djurkliniken Sandviken,1120,Distriktsveterinärerna Tierp/Östhammar,975.0,7
Djurkliniken Sandviken,Cat Vaccination,Djurkliniken Sandviken,495,Distriktsveterinärerna Tierp/Östhammar,575.0,7
Djurkliniken Sandviken,X-Ray & Sedation (HD),Djurkliniken Sandviken,2295,Distriktsveterinärerna Tierp/Östhammar,1995.0,7
Djurkliniken Sandviken,Consultation,Djurkliniken Sandviken,1190,Djurcentralen i Gävle,770.0,7
Djurkliniken Sandviken,Castrate Dog (20kg),Djurkliniken Sandviken,5560,Djurcentralen i Gävle,4810.0,7
Djurkliniken Sandviken,Bitch Spay (20kg),Djurkliniken Sandviken,9175,Djurcentralen i Gävle,,7
Djurkliniken Sandviken,Dog Vaccination DHPPI,Djurkliniken Sandviken,495,Djurcentralen i Gävle,,7
Djurkliniken Sandviken,Cat Spay,Djurkliniken Sandviken,1990,Djurcentralen i Gävle,1850.0,7
Djurkliniken Sandviken,Cat Castrate,Djurkliniken Sandviken,1120,Djurcentralen i Gävle,1040.0,7
Djurkliniken Sandviken,Cat Vaccination,Djurkliniken Sandviken,495,Djurcentralen i Gävle,,7
Djurkliniken Sandviken,X-Ray & Sedation (HD),Djurkliniken Sandviken,2295,Djurcentralen i Gävle,,7
Kullabygdens Smådjursklinik,Consultation,Kullabygdens Smådjursklinik,1230,AniCura Veterinärhuset Ängelholm,0.0,111
Kullabygdens Smådjursklinik,Castrate Dog (20kg),Kullabygdens Smådjursklinik,5560,AniCura Veterinärhuset Ängelholm,4550.0,111
Kullabygdens Smådjursklinik,Bitch Spay (20kg),Kullabygdens Smådjursklinik,9175,AniCura Veterinärhuset Ängelholm,7880.0,111
Kullabygdens Smådjursklinik,Dog Vaccination DHPPI,Kullabygdens Smådjursklinik,495,AniCura Veterinärhuset Ängelholm,550.0,111
Kullabygdens Smådjursklinik,Cat Spay,Kullabygdens Smådjursklinik,1990,AniCura Veterinärhuset Ängelholm,1670.0,111
Kullabygdens Smådjursklinik,Cat Castrate,Kullabygdens Smådjursklinik,1120,AniCura Veterinärhuset Ängelholm,1000.0,111
Kullabygdens Smådjursklinik,Cat Vaccination,Kullabygdens Smådjursklinik,495,AniCura Veterinärhuset Ängelholm,550.0,111
Kullabygdens Smådjursklinik,X-Ray & Sedation (HD),Kullabygdens Smådjursklinik,2195,AniCura Veterinärhuset Ängelholm,2010.0,111
Kullabygdens Smådjursklinik,Consultation,Kullabygdens Smådjursklinik,1230,AniCura Landskrona Smådjursklinik,1500.0,111
Kullabygdens Smådjursklinik,Castrate Dog (20kg),Kullabygdens Smådjursklinik,5560,AniCura Landskrona Smådjursklinik,4950.0,111
Kullabygdens Smådjursklinik,Bitch Spay (20kg),Kullabygdens Smådjursklinik,9175,AniCura Landskrona Smådjursklinik,7230.0,111
Kullabygdens Smådjursklinik,Dog Vaccination DHPPI,Kullabygdens Smådjursklinik,495,AniCura Landskrona Smådjursklinik,550.0,111
Kullabygdens Smådjursklinik,Cat Spay,Kullabygdens Smådjursklinik,1990,AniCura Landskrona Smådjursklinik,1670.0,111
Kullabygdens Smådjursklinik,Cat Castrate,Kullabygdens Smådjursklinik,1120,AniCura Landskrona Smådjursklinik,1000.0,111
Kullabygdens Smådjursklinik,Cat Vaccination,Kullabygdens Smådjursklinik,495,AniCura Landskrona Smådjursklinik,550.0,111
Kullabygdens Smådjursklinik,X-Ray & Sedation (HD),Kullabygdens Smådjursklinik,2195,AniCura Landskrona Smådjursklinik,1810.0,111
Kullabygdens Smådjursklinik,Consultation,Kullabygdens Smådjursklinik,1230,Distriktsveterinärerna Halmstad,965.0,111
Kullabygdens Smådjursklinik,Castrate Dog (20kg),Kullabygdens Smådjursklinik,5560,Distriktsveterinärerna Halmstad,4625.0,111
Kullabygdens Smådjursklinik,Bitch Spay (20kg),Kullabygdens Smådjursklinik,9175,Distriktsveterinärerna Halmstad,8025.0,111
Kullabygdens Smådjursklinik,Dog Vaccination DHPPI,Kullabygdens Smådjursklinik,495,Distriktsveterinärerna Halmstad,575.0,111
Kullabygdens Smådjursklinik,Cat Spay,Kullabygdens Smådjursklinik,1990,Distriktsveterinärerna Halmstad,1825.0,111
Kullabygdens Smådjursklinik,Cat Castrate,Kullabygdens Smådjursklinik,1120,Distriktsveterinärerna Halmstad,975.0,111
Kullabygdens Smådjursklinik,Cat Vaccination,Kullabygdens Smådjursklinik,495,Distriktsveterinärerna Halmstad,575.0,111
Kullabygdens Smådjursklinik,X-Ray & Sedation (HD),Kullabygdens Smådjursklinik,2195,Distriktsveterinärerna Halmstad,1995.0,111
Kullabygdens Smådjursklinik,Consultation,Kullabygdens Smådjursklinik,1230,Veterinär Cornelia Mcevoy,,111
Kullabygdens Smådjursklinik,Castrate Dog (20kg),Kullabygdens Smådjursklinik,5560,Veterinär Cornelia Mcevoy,,111
Kullabygdens Smådjursklinik,Bitch Spay (20kg),Kullabygdens Smådjursklinik,9175,Veterinär Cornelia Mcevoy,,111
Kullabygdens Smådjursklinik,Dog Vaccination DHPPI,Kullabygdens Smådjursklinik,495,Veterinär Cornelia Mcevoy,,111
Kullabygdens Smådjursklinik,Cat Spay,Kullabygdens Smådjursklinik,1990,Veterinär Cornelia Mcevoy,,111
Kullabygdens Smådjursklinik,Cat Castrate,Kullabygdens Smådjursklinik,1120,Veterinär Cornelia Mcevoy,,111
Kullabygdens Smådjursklinik,Cat Vaccination,Kullabygdens Smådjursklinik,495,Veterinär Cornelia Mcevoy,,111
Kullabygdens Smådjursklinik,X-Ray & Sedation (HD),Kullabygdens Smådjursklinik,2195,Veterinär Cornelia Mcevoy,,111
Veterinärkliniken Limhamn,Consultation,Veterinärkliniken Limhamn,1230,AniCura Erikslust,1000.0,113
Veterinärkliniken Limhamn,Castrate Dog (20kg),Veterinärkliniken Limhamn,5560,AniCura Erikslust,4850.0,113
Veterinärkliniken Limhamn,Bitch Spay (20kg),Veterinärkliniken Limhamn,9175,AniCura Erikslust,8030.0,113
Veterinärkliniken Limhamn,Dog Vaccination DHPPI,Veterinärkliniken Limhamn,495,AniCura Erikslust,520.0,113
Veterinärkliniken Limhamn,Cat Spay,Veterinärkliniken Limhamn,1990,AniCura Erikslust,1820.0,113
Veterinärkliniken Limhamn,Cat Castrate,Veterinärkliniken Limhamn,1120,AniCura Erikslust,1010.0,113
Veterinärkliniken Limhamn,Cat Vaccination,Veterinärkliniken Limhamn,495,AniCura Erikslust,520.0,113
Veterinärkliniken Limhamn,X-Ray & Sedation (HD),Veterinärkliniken Limhamn,2195,AniCura Erikslust,2010.0,113
Veterinärkliniken Limhamn,Consultation,Veterinärkliniken Limhamn,1230,AniCura Landskrona Smådjursklinik,1500.0,113
Veterinärkliniken Limhamn,Castrate Dog (20kg),Veterinärkliniken Limhamn,5560,AniCura Landskrona Smådjursklinik,4950.0,113
Veterinärkliniken Limhamn,Bitch Spay (20kg),Veterinärkliniken Limhamn,9175,AniCura Landskrona Smådjursklinik,7230.0,113
Veterinärkliniken Limhamn,Dog Vaccination DHPPI,Veterinärkliniken Limhamn,495,AniCura Landskrona Smådjursklinik,550.0,113
Veterinärkliniken Limhamn,Cat Spay,Veterinärkliniken Limhamn,1990,AniCura Landskrona Smådjursklinik,1670.0,113
Veterinärkliniken Limhamn,Cat Castrate,Veterinärkliniken Limhamn,1120,AniCura Landskrona Smådjursklinik,1000.0,113
Veterinärkliniken Limhamn,Cat Vaccination,Veterinärkliniken Limhamn,495,AniCura Landskrona Smådjursklinik,550.0,113
Veterinärkliniken Limhamn,X-Ray & Sedation (HD),Veterinärkliniken Limhamn,2195,AniCura Landskrona Smådjursklinik,1810.0,113
Veterinärkliniken Limhamn,Consultation,Veterinärkliniken Limhamn,1230,Distriktsveterinärerna Flyinge,965.0,113
Veterinärkliniken Limhamn,Castrate Dog (20kg),Veterinärkliniken Limhamn,5560,Distriktsveterinärerna Flyinge,4625.0,113
Veterinärkliniken Limhamn,Bitch Spay (20kg),Veterinärkliniken Limhamn,9175,Distriktsveterinärerna Flyinge,8025.0,113
Veterinärkliniken Limhamn,Dog Vaccination DHPPI,Veterinärkliniken Limhamn,495,Distriktsveterinärerna Flyinge,575.0,113
Veterinärkliniken Limhamn,Cat Spay,Veterinärkliniken Limhamn,1990,Distriktsveterinärerna Flyinge,1825.0,113
Veterinärkliniken Limhamn,Cat Castrate,Veterinärkliniken Limhamn,1120,Distriktsveterinärerna Flyinge,975.0,113
Veterinärkliniken Limhamn,Cat Vaccination,Veterinärkliniken Limhamn,495,Distriktsveterinärerna Flyinge,575.0,113
Veterinärkliniken Limhamn,X-Ray & Sedation (HD),Veterinärkliniken Limhamn,2195,Distriktsveterinärerna Flyinge,1995.0,113
Veterinärkliniken Limhamn,Consultation,Veterinärkliniken Limhamn,1230,Veterinärhuset Öresund Limhamn,,113
Veterinärkliniken Limhamn,Castrate Dog (20kg),Veterinärkliniken Limhamn,5560,Veterinärhuset Öresund Limhamn,4900.0,113
Veterinärkliniken Limhamn,Bitch Spay (20kg),Veterinärkliniken Limhamn,9175,Veterinärhuset Öresund Limhamn,,113
Veterinärkliniken Limhamn,Dog Vaccination DHPPI,Veterinärkliniken Limhamn,495,Veterinärhuset Öresund Limhamn,,113
Veterinärkliniken Limhamn,Cat Spay,Veterinärkliniken Limhamn,1990,Veterinärhuset Öresund Limhamn,1725.0,113
Veterinärkliniken Limhamn,Cat Castrate,Veterinärkliniken Limhamn,1120,Veterinärhuset Öresund Limhamn,995.0,113
Veterinärkliniken Limhamn,Cat Vaccination,Veterinärkliniken Limhamn,495,Veterinärhuset Öresund Limhamn,,113
Veterinärkliniken Limhamn,X-Ray & Sedation (HD),Veterinärkliniken Limhamn,2195,Veterinärhuset Öresund Limhamn,,113
Veterinärkliniken Malmö,Consultation,Veterinärkliniken Malmö,1230,AniCura Erikslust,1000.0,112
Veterinärkliniken Malmö,Castrate Dog (20kg),Veterinärkliniken Malmö,5560,AniCura Erikslust,4850.0,112
Veterinärkliniken Malmö,Bitch Spay (20kg),Veterinärkliniken Malmö,9175,AniCura Erikslust,8030.0,112
Veterinärkliniken Malmö,Dog Vaccination DHPPI,Veterinärkliniken Malmö,495,AniCura Erikslust,520.0,112
Veterinärkliniken Malmö,Cat Spay,Veterinärkliniken Malmö,1990,AniCura Erikslust,1820.0,112
Veterinärkliniken Malmö,Cat Castrate,Veterinärkliniken Malmö,1120,AniCura Erikslust,1010.0,112
Veterinärkliniken Malmö,Cat Vaccination,Veterinärkliniken Malmö,495,AniCura Erikslust,520.0,112
Veterinärkliniken Malmö,X-Ray & Sedation (HD),Veterinärkliniken Malmö,2195,AniCura Erikslust,2010.0,112
Veterinärkliniken Malmö,Consultation,Veterinärkliniken Malmö,1230,AniCura Landskrona Smådjursklinik,1500.0,112
Veterinärkliniken Malmö,Castrate Dog (20kg),Veterinärkliniken Malmö,5560,AniCura Landskrona Smådjursklinik,4950.0,112
Veterinärkliniken Malmö,Bitch Spay (20kg),Veterinärkliniken Malmö,9175,AniCura Landskrona Smådjursklinik,7230.0,112
Veterinärkliniken Malmö,Dog Vaccination DHPPI,Veterinärkliniken Malmö,495,AniCura Landskrona Smådjursklinik,550.0,112
Veterinärkliniken Malmö,Cat Spay,Veterinärkliniken Malmö,1990,AniCura Landskrona Smådjursklinik,1670.0,112
Veterinärkliniken Malmö,Cat Castrate,Veterinärkliniken Malmö,1120,AniCura Landskrona Smådjursklinik,1000.0,112
Veterinärkliniken Malmö,Cat Vaccination,Veterinärkliniken Malmö,495,AniCura Landskrona Smådjursklinik,550.0,112
Veterinärkliniken Malmö,X-Ray & Sedation (HD),Veterinärkliniken Malmö,2195,AniCura Landskrona Smådjursklinik,1810.0,112
Veterinärkliniken Malmö,Consultation,Veterinärkliniken Malmö,1230,Distriktsveterinärerna Flyinge,965.0,112
Veterinärkliniken Malmö,Castrate Dog (20kg),Veterinärkliniken Malmö,5560,Distriktsveterinärerna Flyinge,4625.0,112
Veterinärkliniken Malmö,Bitch Spay (20kg),Veterinärkliniken Malmö,9175,Distriktsveterinärerna Flyinge,8025.0,112
Veterinärkliniken Malmö,Dog Vaccination DHPPI,Veterinärkliniken Malmö,495,Distriktsveterinärerna Flyinge,575.0,112
Veterinärkliniken Malmö,Cat Spay,Veterinärkliniken Malmö,1990,Distriktsveterinärerna Flyinge,1825.0,112
Veterinärkliniken Malmö,Cat Castrate,Veterinärkliniken Malmö,1120,Distriktsveterinärerna Flyinge,975.0,112
Veterinärkliniken Malmö,Cat Vaccination,Veterinärkliniken Malmö,495,Distriktsveterinärerna Flyinge,575.0,112
Veterinärkliniken Malmö,X-Ray & Sedation (HD),Veterinärkliniken Malmö,2195,Distriktsveterinärerna Flyinge,1995.0,112
Veterinärkliniken Malmö,Consultation,Veterinärkliniken Malmö,1230,Arken Zoo Veterinärklinik i Malmö Toftanäs,895.0,112
Veterinärkliniken Malmö,Castrate Dog (20kg),Veterinärkliniken Malmö,5560,Arken Zoo Veterinärklinik i Malmö Toftanäs,,112
Veterinärkliniken Malmö,Bitch Spay (20kg),Veterinärkliniken Malmö,9175,Arken Zoo Veterinärklinik i Malmö Toftanäs,,112
Veterinärkliniken Malmö,Dog Vaccination DHPPI,Veterinärkliniken Malmö,495,Arken Zoo Veterinärklinik i Malmö Toftanäs,,112
Veterinärkliniken Malmö,Cat Spay,Veterinärkliniken Malmö,1990,Arken Zoo Veterinärklinik i Malmö Toftanäs,1550.0,112
Veterinärkliniken Malmö,Cat Castrate,Veterinärkliniken Malmö,1120,Arken Zoo Veterinärklinik i Malmö Toftanäs,895.0,112
Veterinärkliniken Malmö,Cat Vaccination,Veterinärkliniken Malmö,495,Arken Zoo Veterinärklinik i Malmö Toftanäs,,112
Veterinärkliniken Malmö,X-Ray & Sedation (HD),Veterinärkliniken Malmö,2195,Arken Zoo Veterinärklinik i Malmö Toftanäs,,112
Djurkliniken Staffanstorp,Consultation,Djurkliniken Staffanstorp,1230,Distriktsveterinärerna Flyinge,965.0,110
Djurkliniken Staffanstorp,Castrate Dog (20kg),Djurkliniken Staffanstorp,5560,Distriktsveterinärerna Flyinge,4625.0,110
Djurkliniken Staffanstorp,Bitch Spay (20kg),Djurkliniken Staffanstorp,9175,Distriktsveterinärerna Flyinge,8025.0,110
Djurkliniken Staffanstorp,Dog Vaccination DHPPI,Djurkliniken Staffanstorp,495,Distriktsveterinärerna Flyinge,575.0,110
Djurkliniken Staffanstorp,Cat Spay,Djurkliniken Staffanstorp,1990,Distriktsveterinärerna Flyinge,1825.0,110
Djurkliniken Staffanstorp,Cat Castrate,Djurkliniken Staffanstorp,1120,Distriktsveterinärerna Flyinge,975.0,110
Djurkliniken Staffanstorp,Cat Vaccination,Djurkliniken Staffanstorp,495,Distriktsveterinärerna Flyinge,575.0,110
Djurkliniken Staffanstorp,X-Ray & Sedation (HD),Djurkliniken Staffanstorp,2195,Distriktsveterinärerna Flyinge,1995.0,110
Djurkliniken Staffanstorp,Consultation,Djurkliniken Staffanstorp,1230,AniCura Erikslust,1000.0,110
Djurkliniken Staffanstorp,Castrate Dog (20kg),Djurkliniken Staffanstorp,5560,AniCura Erikslust,4850.0,110
Djurkliniken Staffanstorp,Bitch Spay (20kg),Djurkliniken Staffanstorp,9175,AniCura Erikslust,8030.0,110
Djurkliniken Staffanstorp,Dog Vaccination DHPPI,Djurkliniken Staffanstorp,495,AniCura Erikslust,520.0,110
Djurkliniken Staffanstorp,Cat Spay,Djurkliniken Staffanstorp,1990,AniCura Erikslust,1820.0,110
Djurkliniken Staffanstorp,Cat Castrate,Djurkliniken Staffanstorp,1120,AniCura Erikslust,1010.0,110
Djurkliniken Staffanstorp,Cat Vaccination,Djurkliniken Staffanstorp,495,AniCura Erikslust,520.0,110
Djurkliniken Staffanstorp,X-Ray & Sedation (HD),Djurkliniken Staffanstorp,2195,AniCura Erikslust,2010.0,110
Djurkliniken Staffanstorp,Consultation,Djurkliniken Staffanstorp,1230,AniCura Landskrona Smådjursklinik,1500.0,110
Djurkliniken Staffanstorp,Castrate Dog (20kg),Djurkliniken Staffanstorp,5560,AniCura Landskrona Smådjursklinik,4950.0,110
Djurkliniken Staffanstorp,Bitch Spay (20kg),Djurkliniken Staffanstorp,9175,AniCura Landskrona Smådjursklinik,7230.0,110
Djurkliniken Staffanstorp,Dog Vaccination DHPPI,Djurkliniken Staffanstorp,495,AniCura Landskrona Smådjursklinik,550.0,110
Djurkliniken Staffanstorp,Cat Spay,Djurkliniken Staffanstorp,1990,AniCura Landskrona Smådjursklinik,1670.0,110
Djurkliniken Staffanstorp,Cat Castrate,Djurkliniken Staffanstorp,1120,AniCura Landskrona Smådjursklinik,1000.0,110
Djurkliniken Staffanstorp,Cat Vaccination,Djurkliniken Staffanstorp,495,AniCura Landskrona Smådjursklinik,550.0,110
Djurkliniken Staffanstorp,X-Ray & Sedation (HD),Djurkliniken Staffanstorp,2195,AniCura Landskrona Smådjursklinik,1810.0,110
Djurkliniken Staffanstorp,Consultation,Djurkliniken Staffanstorp,1230,Veterinär Sirpa Bystedt,,110
Djurkliniken Staffanstorp,Castrate Dog (20kg),Djurkliniken Staffanstorp,5560,Veterinär Sirpa Bystedt,,110
Djurkliniken Staffanstorp,Bitch Spay (20kg),Djurkliniken Staffanstorp,9175,Veterinär Sirpa Bystedt,,110
Djurkliniken Staffanstorp,Dog Vaccination DHPPI,Djurkliniken Staffanstorp,495,Veterinär Sirpa Bystedt,,110
Djurkliniken Staffanstorp,Cat Spay,Djurkliniken Staffanstorp,1990,Veterinär Sirpa Bystedt,,110
Djurkliniken Staffanstorp,Cat Castrate,Djurkliniken Staffanstorp,1120,Veterinär Sirpa Bystedt,,110
Djurkliniken Staffanstorp,Cat Vaccination,Djurkliniken Staffanstorp,495,Veterinär Sirpa Bystedt,,110
Djurkliniken Staffanstorp,X-Ray & Sedation (HD),Djurkliniken Staffanstorp,2195,Veterinär Sirpa Bystedt,,110
Djurkliniken Skånes Mitt,Consultation,Djurkliniken Skånes Mitt,1230,Distriktsveterinärerna Flyinge,965.0,8093
Djurkliniken Skånes Mitt,Castrate Dog (20kg),Djurkliniken Skånes Mitt,5560,Distriktsveterinärerna Flyinge,4625.0,8093
Djurkliniken Skånes Mitt,Bitch Spay (20kg),Djurkliniken Skånes Mitt,9175,Distriktsveterinärerna Flyinge,8025.0,8093
Djurkliniken Skånes Mitt,Dog Vaccination DHPPI,Djurkliniken Skånes Mitt,495,Distriktsveterinärerna Flyinge,575.0,8093
Djurkliniken Skånes Mitt,Cat Spay,Djurkliniken Skånes Mitt,1990,Distriktsveterinärerna Flyinge,1825.0,8093
Djurkliniken Skånes Mitt,Cat Castrate,Djurkliniken Skånes Mitt,1120,Distriktsveterinärerna Flyinge,975.0,8093
Djurkliniken Skånes Mitt,Cat Vaccination,Djurkliniken Skånes Mitt,495,Distriktsveterinärerna Flyinge,575.0,8093
Djurkliniken Skånes Mitt,X-Ray & Sedation (HD),Djurkliniken Skånes Mitt,2195,Distriktsveterinärerna Flyinge,1995.0,8093
Djurkliniken Skånes Mitt,Consultation,Djurkliniken Skånes Mitt,1230,AniCura Djursjukhuset i Hässleholm,1200.0,8093
Djurkliniken Skånes Mitt,Castrate Dog (20kg),Djurkliniken Skånes Mitt,5560,AniCura Djursjukhuset i Hässleholm,5260.0,8093
Djurkliniken Skånes Mitt,Bitch Spay (20kg),Djurkliniken Skånes Mitt,9175,AniCura Djursjukhuset i Hässleholm,8590.0,8093
Djurkliniken Skånes Mitt,Dog Vaccination DHPPI,Djurkliniken Skånes Mitt,495,AniCura Djursjukhuset i Hässleholm,610.0,8093
Djurkliniken Skånes Mitt,Cat Spay,Djurkliniken Skånes Mitt,1990,AniCura Djursjukhuset i Hässleholm,2800.0,8093
Djurkliniken Skånes Mitt,Cat Castrate,Djurkliniken Skånes Mitt,1120,AniCura Djursjukhuset i Hässleholm,1000.0,8093
Djurkliniken Skånes Mitt,Cat Vaccination,Djurkliniken Skånes Mitt,495,AniCura Djursjukhuset i Hässleholm,610.0,8093
Djurkliniken Skånes Mitt,X-Ray & Sedation (HD),Djurkliniken Skånes Mitt,2195,AniCura Djursjukhuset i Hässleholm,2000.0,8093
Djurkliniken Skånes Mitt,Consultation,Djurkliniken Skånes Mitt,1230,Distriktsveterinärerna Nordvästra Skåne,965.0,8093
Djurkliniken Skånes Mitt,Castrate Dog (20kg),Djurkliniken Skånes Mitt,5560,Distriktsveterinärerna Nordvästra Skåne,4625.0,8093
Djurkliniken Skånes Mitt,Bitch Spay (20kg),Djurkliniken Skånes Mitt,9175,Distriktsveterinärerna Nordvästra Skåne,8025.0,8093
Djurkliniken Skånes Mitt,Dog Vaccination DHPPI,Djurkliniken Skånes Mitt,495,Distriktsveterinärerna Nordvästra Skåne,575.0,8093
Djurkliniken Skånes Mitt,Cat Spay,Djurkliniken Skånes Mitt,1990,Distriktsveterinärerna Nordvästra Skåne,1825.0,8093
Djurkliniken Skånes Mitt,Cat Castrate,Djurkliniken Skånes Mitt,1120,Distriktsveterinärerna Nordvästra Skåne,975.0,8093
Djurkliniken Skånes Mitt,Cat Vaccination,Djurkliniken Skånes Mitt,495,Distriktsveterinärerna Nordvästra Skåne,575.0,8093
Djurkliniken Skånes Mitt,X-Ray & Sedation (HD),Djurkliniken Skånes Mitt,2195,Distriktsveterinärerna Nordvästra Skåne,1995.0,8093
Djurkliniken Skånes Mitt,Consultation,Djurkliniken Skånes Mitt,1230,Ringsjöns Veterinärklinik,,8093
Djurkliniken Skånes Mitt,Castrate Dog (20kg),Djurkliniken Skånes Mitt,5560,Ringsjöns Veterinärklinik,,8093
Djurkliniken Skånes Mitt,Bitch Spay (20kg),Djurkliniken Skånes Mitt,9175,Ringsjöns Veterinärklinik,,8093
Djurkliniken Skånes Mitt,Dog Vaccination DHPPI,Djurkliniken Skånes Mitt,495,Ringsjöns Veterinärklinik,,8093
Djurkliniken Skånes Mitt,Cat Spay,Djurkliniken Skånes Mitt,1990,Ringsjöns Veterinärklinik,,8093
Djurkliniken Skånes Mitt,Cat Castrate,Djurkliniken Skånes Mitt,1120,Ringsjöns Veterinärklinik,,8093
Djurkliniken Skånes Mitt,Cat Vaccination,Djurkliniken Skånes Mitt,495,Ringsjöns Veterinärklinik,,8093
Djurkliniken Skånes Mitt,X-Ray & Sedation (HD),Djurkliniken Skånes Mitt,2195,Ringsjöns Veterinärklinik,,8093
Vikens Smådjursklinik,Consultation,Vikens Smådjursklinik,1230,AniCura Veterinärhuset Ängelholm,0.0,115
Vikens Smådjursklinik,Castrate Dog (20kg),Vikens Smådjursklinik,5560,AniCura Veterinärhuset Ängelholm,4550.0,115
Vikens Smådjursklinik,Bitch Spay (20kg),Vikens Smådjursklinik,9175,AniCura Veterinärhuset Ängelholm,7880.0,115
Vikens Smådjursklinik,Dog Vaccination DHPPI,Vikens Smådjursklinik,495,AniCura Veterinärhuset Ängelholm,550.0,115
Vikens Smådjursklinik,Cat Spay,Vikens Smådjursklinik,1990,AniCura Veterinärhuset Ängelholm,1670.0,115
Vikens Smådjursklinik,Cat Castrate,Vikens Smådjursklinik,1120,AniCura Veterinärhuset Ängelholm,1000.0,115
Vikens Smådjursklinik,Cat Vaccination,Vikens Smådjursklinik,495,AniCura Veterinärhuset Ängelholm,550.0,115
Vikens Smådjursklinik,X-Ray & Sedation (HD),Vikens Smådjursklinik,2195,AniCura Veterinärhuset Ängelholm,2010.0,115
Vikens Smådjursklinik,Consultation,Vikens Smådjursklinik,1230,AniCura Landskrona Smådjursklinik,1500.0,115
Vikens Smådjursklinik,Castrate Dog (20kg),Vikens Smådjursklinik,5560,AniCura Landskrona Smådjursklinik,4950.0,115
Vikens Smådjursklinik,Bitch Spay (20kg),Vikens Smådjursklinik,9175,AniCura Landskrona Smådjursklinik,7230.0,115
Vikens Smådjursklinik,Dog Vaccination DHPPI,Vikens Smådjursklinik,495,AniCura Landskrona Smådjursklinik,550.0,115
Vikens Smådjursklinik,Cat Spay,Vikens Smådjursklinik,1990,AniCura Landskrona Smådjursklinik,1670.0,115
Vikens Smådjursklinik,Cat Castrate,Vikens Smådjursklinik,1120,AniCura Landskrona Smådjursklinik,1000.0,115
Vikens Smådjursklinik,Cat Vaccination,Vikens Smådjursklinik,495,AniCura Landskrona Smådjursklinik,550.0,115
Vikens Smådjursklinik,X-Ray & Sedation (HD),Vikens Smådjursklinik,2195,AniCura Landskrona Smådjursklinik,1810.0,115
Vikens Smådjursklinik,Consultation,Vikens Smådjursklinik,1230,Distriktsveterinärerna Nordvästra Skåne,965.0,115
Vikens Smådjursklinik,Castrate Dog (20kg),Vikens Smådjursklinik,5560,Distriktsveterinärerna Nordvästra Skåne,4625.0,115
Vikens Smådjursklinik,Bitch Spay (20kg),Vikens Smådjursklinik,9175,Distriktsveterinärerna Nordvästra Skåne,8025.0,115
Vikens Smådjursklinik,Dog Vaccination DHPPI,Vikens Smådjursklinik,495,Distriktsveterinärerna Nordvästra Skåne,575.0,115
Vikens Smådjursklinik,Cat Spay,Vikens Smådjursklinik,1990,Distriktsveterinärerna Nordvästra Skåne,1825.0,115
Vikens Smådjursklinik,Cat Castrate,Vikens Smådjursklinik,1120,Distriktsveterinärerna Nordvästra Skåne,975.0,115
Vikens Smådjursklinik,Cat Vaccination,Vikens Smådjursklinik,495,Distriktsveterinärerna Nordvästra Skåne,575.0,115
Vikens Smådjursklinik,X-Ray & Sedation (HD),Vikens Smådjursklinik,2195,Distriktsveterinärerna Nordvästra Skåne,1995.0,115
Vikens Smådjursklinik,Consultation,Vikens Smådjursklinik,1230,Veterinär Cornelia Mcevoy,,115
Vikens Smådjursklinik,Castrate Dog (20kg),Vikens Smådjursklinik,5560,Veterinär Cornelia Mcevoy,,115
Vikens Smådjursklinik,Bitch Spay (20kg),Vikens Smådjursklinik,9175,Veterinär Cornelia Mcevoy,,115
Vikens Smådjursklinik,Dog Vaccination DHPPI,Vikens Smådjursklinik,495,Veterinär Cornelia Mcevoy,,115
Vikens Smådjursklinik,Cat Spay,Vikens Smådjursklinik,1990,Veterinär Cornelia Mcevoy,,115
Vikens Smådjursklinik,Cat Castrate,Vikens Smådjursklinik,1120,Veterinär Cornelia Mcevoy,,115
Vikens Smådjursklinik,Cat Vaccination,Vikens Smådjursklinik,495,Veterinär Cornelia Mcevoy,,115
Vikens Smådjursklinik,X-Ray & Sedation (HD),Vikens Smådjursklinik,2195,Veterinär Cornelia Mcevoy,,115
Djurkliniken Höllviken,Consultation,Djurkliniken Höllviken,1230,AniCura Erikslust,1000.0,105
Djurkliniken Höllviken,Castrate Dog (20kg),Djurkliniken Höllviken,5560,AniCura Erikslust,4850.0,105
Djurkliniken Höllviken,Bitch Spay (20kg),Djurkliniken Höllviken,9175,AniCura Erikslust,8030.0,105
Djurkliniken Höllviken,Dog Vaccination DHPPI,Djurkliniken Höllviken,495,AniCura Erikslust,520.0,105
Djurkliniken Höllviken,Cat Spay,Djurkliniken Höllviken,1990,AniCura Erikslust,1820.0,105
Djurkliniken Höllviken,Cat Castrate,Djurkliniken Höllviken,1120,AniCura Erikslust,1010.0,105
Djurkliniken Höllviken,Cat Vaccination,Djurkliniken Höllviken,495,AniCura Erikslust,520.0,105
Djurkliniken Höllviken,X-Ray & Sedation (HD),Djurkliniken Höllviken,2195,AniCura Erikslust,2010.0,105
Djurkliniken Höllviken,Consultation,Djurkliniken Höllviken,1230,AniCura Landskrona Smådjursklinik,1500.0,105
Djurkliniken Höllviken,Castrate Dog (20kg),Djurkliniken Höllviken,5560,AniCura Landskrona Smådjursklinik,4950.0,105
Djurkliniken Höllviken,Bitch Spay (20kg),Djurkliniken Höllviken,9175,AniCura Landskrona Smådjursklinik,7230.0,105
Djurkliniken Höllviken,Dog Vaccination DHPPI,Djurkliniken Höllviken,495,AniCura Landskrona Smådjursklinik,550.0,105
Djurkliniken Höllviken,Cat Spay,Djurkliniken Höllviken,1990,AniCura Landskrona Smådjursklinik,1670.0,105
Djurkliniken Höllviken,Cat Castrate,Djurkliniken Höllviken,1120,AniCura Landskrona Smådjursklinik,1000.0,105
Djurkliniken Höllviken,Cat Vaccination,Djurkliniken Höllviken,495,AniCura Landskrona Smådjursklinik,550.0,105
Djurkliniken Höllviken,X-Ray & Sedation (HD),Djurkliniken Höllviken,2195,AniCura Landskrona Smådjursklinik,1810.0,105
Djurkliniken Höllviken,Consultation,Djurkliniken Höllviken,1230,Distriktsveterinärerna Flyinge,965.0,105
Djurkliniken Höllviken,Castrate Dog (20kg),Djurkliniken Höllviken,5560,Distriktsveterinärerna Flyinge,4625.0,105
Djurkliniken Höllviken,Bitch Spay (20kg),Djurkliniken Höllviken,9175,Distriktsveterinärerna Flyinge,8025.0,105
Djurkliniken Höllviken,Dog Vaccination DHPPI,Djurkliniken Höllviken,495,Distriktsveterinärerna Flyinge,575.0,105
Djurkliniken Höllviken,Cat Spay,Djurkliniken Höllviken,1990,Distriktsveterinärerna Flyinge,1825.0,105
Djurkliniken Höllviken,Cat Castrate,Djurkliniken Höllviken,1120,Distriktsveterinärerna Flyinge,975.0,105
Djurkliniken Höllviken,Cat Vaccination,Djurkliniken Höllviken,495,Distriktsveterinärerna Flyinge,575.0,105
Djurkliniken Höllviken,X-Ray & Sedation (HD),Djurkliniken Höllviken,2195,Distriktsveterinärerna Flyinge,1995.0,105
Djurkliniken Höllviken,Consultation,Djurkliniken Höllviken,1230,Öresunds Veterinärklinik Vellinge,975.0,105
Djurkliniken Höllviken,Castrate Dog (20kg),Djurkliniken Höllviken,5560,Öresunds Veterinärklinik Vellinge,4200.0,105
Djurkliniken Höllviken,Bitch Spay (20kg),Djurkliniken Höllviken,9175,Öresunds Veterinärklinik Vellinge,6260.0,105
Djurkliniken Höllviken,Dog Vaccination DHPPI,Djurkliniken Höllviken,495,Öresunds Veterinärklinik Vellinge,,105
Djurkliniken Höllviken,Cat Spay,Djurkliniken Höllviken,1990,Öresunds Veterinärklinik Vellinge,1350.0,105
Djurkliniken Höllviken,Cat Castrate,Djurkliniken Höllviken,1120,Öresunds Veterinärklinik Vellinge,850.0,105
Djurkliniken Höllviken,Cat Vaccination,Djurkliniken Höllviken,495,Öresunds Veterinärklinik Vellinge,,105
Djurkliniken Höllviken,X-Ray & Sedation (HD),Djurkliniken Höllviken,2195,Öresunds Veterinärklinik Vellinge,,105
Djurkliniken Trelleborg,Consultation,Djurkliniken Trelleborg,1230,AniCura Erikslust,1000.0,102
Djurkliniken Trelleborg,Castrate Dog (20kg),Djurkliniken Trelleborg,5560,AniCura Erikslust,4850.0,102
Djurkliniken Trelleborg,Bitch Spay (20kg),Djurkliniken Trelleborg,9175,AniCura Erikslust,8030.0,102
Djurkliniken Trelleborg,Dog Vaccination DHPPI,Djurkliniken Trelleborg,495,AniCura Erikslust,520.0,102
Djurkliniken Trelleborg,Cat Spay,Djurkliniken Trelleborg,1990,AniCura Erikslust,1820.0,102
Djurkliniken Trelleborg,Cat Castrate,Djurkliniken Trelleborg,1120,AniCura Erikslust,1010.0,102
Djurkliniken Trelleborg,Cat Vaccination,Djurkliniken Trelleborg,495,AniCura Erikslust,520.0,102
Djurkliniken Trelleborg,X-Ray & Sedation (HD),Djurkliniken Trelleborg,2195,AniCura Erikslust,2010.0,102
Djurkliniken Trelleborg,Consultation,Djurkliniken Trelleborg,1230,Distriktsveterinärerna Flyinge,965.0,102
Djurkliniken Trelleborg,Castrate Dog (20kg),Djurkliniken Trelleborg,5560,Distriktsveterinärerna Flyinge,4625.0,102
Djurkliniken Trelleborg,Bitch Spay (20kg),Djurkliniken Trelleborg,9175,Distriktsveterinärerna Flyinge,8025.0,102
Djurkliniken Trelleborg,Dog Vaccination DHPPI,Djurkliniken Trelleborg,495,Distriktsveterinärerna Flyinge,575.0,102
Djurkliniken Trelleborg,Cat Spay,Djurkliniken Trelleborg,1990,Distriktsveterinärerna Flyinge,1825.0,102
Djurkliniken Trelleborg,Cat Castrate,Djurkliniken Trelleborg,1120,Distriktsveterinärerna Flyinge,975.0,102
Djurkliniken Trelleborg,Cat Vaccination,Djurkliniken Trelleborg,495,Distriktsveterinärerna Flyinge,575.0,102
Djurkliniken Trelleborg,X-Ray & Sedation (HD),Djurkliniken Trelleborg,2195,Distriktsveterinärerna Flyinge,1995.0,102
Djurkliniken Trelleborg,Consultation,Djurkliniken Trelleborg,1230,AniCura Landskrona Smådjursklinik,1500.0,102
Djurkliniken Trelleborg,Castrate Dog (20kg),Djurkliniken Trelleborg,5560,AniCura Landskrona Smådjursklinik,4950.0,102
Djurkliniken Trelleborg,Bitch Spay (20kg),Djurkliniken Trelleborg,9175,AniCura Landskrona Smådjursklinik,7230.0,102
Djurkliniken Trelleborg,Dog Vaccination DHPPI,Djurkliniken Trelleborg,495,AniCura Landskrona Smådjursklinik,550.0,102
Djurkliniken Trelleborg,Cat Spay,Djurkliniken Trelleborg,1990,AniCura Landskrona Smådjursklinik,1670.0,102
Djurkliniken Trelleborg,Cat Castrate,Djurkliniken Trelleborg,1120,AniCura Landskrona Smådjursklinik,1000.0,102
Djurkliniken Trelleborg,Cat Vaccination,Djurkliniken Trelleborg,495,AniCura Landskrona Smådjursklinik,550.0,102
Djurkliniken Trelleborg,X-Ray & Sedation (HD),Djurkliniken Trelleborg,2195,AniCura Landskrona Smådjursklinik,1810.0,102
Djurkliniken Trelleborg,Consultation,Djurkliniken Trelleborg,1230,Gylle smådjursklinik,595.0,102
Djurkliniken Trelleborg,Castrate Dog (20kg),Djurkliniken Trelleborg,5560,Gylle smådjursklinik,3600.0,102
Djurkliniken Trelleborg,Bitch Spay (20kg),Djurkliniken Trelleborg,9175,Gylle smådjursklinik,,102
Djurkliniken Trelleborg,Dog Vaccination DHPPI,Djurkliniken Trelleborg,495,Gylle smådjursklinik,400.0,102
Djurkliniken Trelleborg,Cat Spay,Djurkliniken Trelleborg,1990,Gylle smådjursklinik,1400.0,102
Djurkliniken Trelleborg,Cat Castrate,Djurkliniken Trelleborg,1120,Gylle smådjursklinik,750.0,102
Djurkliniken Trelleborg,Cat Vaccination,Djurkliniken Trelleborg,495,Gylle smådjursklinik,350.0,102
Djurkliniken Trelleborg,X-Ray & Sedation (HD),Djurkliniken Trelleborg,2195,Gylle smådjursklinik,,102
Djurkliniken Ystad,Consultation,Djurkliniken Ystad,1230,Distriktsveterinärerna Österlen,965.0,103
Djurkliniken Ystad,Castrate Dog (20kg),Djurkliniken Ystad,5560,Distriktsveterinärerna Österlen,4625.0,103
Djurkliniken Ystad,Bitch Spay (20kg),Djurkliniken Ystad,9175,Distriktsveterinärerna Österlen,8025.0,103
Djurkliniken Ystad,Dog Vaccination DHPPI,Djurkliniken Ystad,495,Distriktsveterinärerna Österlen,575.0,103
Djurkliniken Ystad,Cat Spay,Djurkliniken Ystad,1990,Distriktsveterinärerna Österlen,1825.0,103
Djurkliniken Ystad,Cat Castrate,Djurkliniken Ystad,1120,Distriktsveterinärerna Österlen,975.0,103
Djurkliniken Ystad,Cat Vaccination,Djurkliniken Ystad,495,Distriktsveterinärerna Österlen,575.0,103
Djurkliniken Ystad,X-Ray & Sedation (HD),Djurkliniken Ystad,2195,Distriktsveterinärerna Österlen,1995.0,103
Djurkliniken Ystad,Consultation,Djurkliniken Ystad,1230,Distriktsveterinärerna Flyinge,965.0,103
Djurkliniken Ystad,Castrate Dog (20kg),Djurkliniken Ystad,5560,Distriktsveterinärerna Flyinge,4625.0,103
Djurkliniken Ystad,Bitch Spay (20kg),Djurkliniken Ystad,9175,Distriktsveterinärerna Flyinge,8025.0,103
Djurkliniken Ystad,Dog Vaccination DHPPI,Djurkliniken Ystad,495,Distriktsveterinärerna Flyinge,575.0,103
Djurkliniken Ystad,Cat Spay,Djurkliniken Ystad,1990,Distriktsveterinärerna Flyinge,1825.0,103
Djurkliniken Ystad,Cat Castrate,Djurkliniken Ystad,1120,Distriktsveterinärerna Flyinge,975.0,103
Djurkliniken Ystad,Cat Vaccination,Djurkliniken Ystad,495,Distriktsveterinärerna Flyinge,575.0,103
Djurkliniken Ystad,X-Ray & Sedation (HD),Djurkliniken Ystad,2195,Distriktsveterinärerna Flyinge,1995.0,103
Djurkliniken Ystad,Consultation,Djurkliniken Ystad,1230,Veterinärerna på Bollerup,,103
Djurkliniken Ystad,Castrate Dog (20kg),Djurkliniken Ystad,5560,Veterinärerna på Bollerup,,103
Djurkliniken Ystad,Bitch Spay (20kg),Djurkliniken Ystad,9175,Veterinärerna på Bollerup,,103
Djurkliniken Ystad,Dog Vaccination DHPPI,Djurkliniken Ystad,495,Veterinärerna på Bollerup,,103
Djurkliniken Ystad,Cat Spay,Djurkliniken Ystad,1990,Veterinärerna på Bollerup,,103
Djurkliniken Ystad,Cat Castrate,Djurkliniken Ystad,1120,Veterinärerna på Bollerup,,103
Djurkliniken Ystad,Cat Vaccination,Djurkliniken Ystad,495,Veterinärerna på Bollerup,,103
Djurkliniken Ystad,X-Ray & Sedation (HD),Djurkliniken Ystad,2195,Veterinärerna på Bollerup,,103
Smådjurskliniken Jönköping,Consultation,Smådjurskliniken Jönköping,1190,Anicura Djursjukhuset i Jönköping,1890.0,310
Smådjurskliniken Jönköping,Castrate Dog (20kg),Smådjurskliniken Jönköping,5560,Anicura Djursjukhuset i Jönköping,6810.0,310
Smådjurskliniken Jönköping,Bitch Spay (20kg),Smådjurskliniken Jönköping,9175,Anicura Djursjukhuset i Jönköping,10100.0,310
Smådjurskliniken Jönköping,Dog Vaccination DHPPI,Smådjurskliniken Jönköping,495,Anicura Djursjukhuset i Jönköping,600.0,310
Smådjurskliniken Jönköping,Cat Spay,Smådjurskliniken Jönköping,1990,Anicura Djursjukhuset i Jönköping,2160.0,310
Smådjurskliniken Jönköping,Cat Castrate,Smådjurskliniken Jönköping,1120,Anicura Djursjukhuset i Jönköping,1230.0,310
Smådjurskliniken Jönköping,Cat Vaccination,Smådjurskliniken Jönköping,495,Anicura Djursjukhuset i Jönköping,600.0,310
Smådjurskliniken Jönköping,X-Ray & Sedation (HD),Smådjurskliniken Jönköping,2095,Anicura Djursjukhuset i Jönköping,2230.0,310
Smådjurskliniken Jönköping,Consultation,Smådjurskliniken Jönköping,1190,Distriktsveterinärerna Huskvarna,965.0,310
Smådjurskliniken Jönköping,Castrate Dog (20kg),Smådjurskliniken Jönköping,5560,Distriktsveterinärerna Huskvarna,4625.0,310
Smådjurskliniken Jönköping,Bitch Spay (20kg),Smådjurskliniken Jönköping,9175,Distriktsveterinärerna Huskvarna,8025.0,310
Smådjurskliniken Jönköping,Dog Vaccination DHPPI,Smådjurskliniken Jönköping,495,Distriktsveterinärerna Huskvarna,575.0,310
Smådjurskliniken Jönköping,Cat Spay,Smådjurskliniken Jönköping,1990,Distriktsveterinärerna Huskvarna,1825.0,310
Smådjurskliniken Jönköping,Cat Castrate,Smådjurskliniken Jönköping,1120,Distriktsveterinärerna Huskvarna,975.0,310
Smådjurskliniken Jönköping,Cat Vaccination,Smådjurskliniken Jönköping,495,Distriktsveterinärerna Huskvarna,575.0,310
Smådjurskliniken Jönköping,X-Ray & Sedation (HD),Smådjurskliniken Jönköping,2095,Distriktsveterinärerna Huskvarna,1995.0,310
Smådjurskliniken Jönköping,Consultation,Smådjurskliniken Jönköping,1190,Smådjursveterinären A6 AB,865.0,310
Smådjurskliniken Jönköping,Castrate Dog (20kg),Smådjurskliniken Jönköping,5560,Smådjursveterinären A6 AB,,310
Smådjurskliniken Jönköping,Bitch Spay (20kg),Smådjurskliniken Jönköping,9175,Smådjursveterinären A6 AB,,310
Smådjurskliniken Jönköping,Dog Vaccination DHPPI,Smådjurskliniken Jönköping,495,Smådjursveterinären A6 AB,,310
Smådjurskliniken Jönköping,Cat Spay,Smådjurskliniken Jönköping,1990,Smådjursveterinären A6 AB,1900.0,310
Smådjurskliniken Jönköping,Cat Castrate,Smådjurskliniken Jönköping,1120,Smådjursveterinären A6 AB,990.0,310
Smådjurskliniken Jönköping,Cat Vaccination,Smådjurskliniken Jönköping,495,Smådjursveterinären A6 AB,,310
Smådjurskliniken Jönköping,X-Ray & Sedation (HD),Smådjurskliniken Jönköping,2095,Smådjursveterinären A6 AB,,310
Billdal,Consultation,Billdal,1145,Anicura Västra Djursjukhuset,1520.0,8107
Billdal,Castrate Dog (20kg),Billdal,4710,Anicura Västra Djursjukhuset,6810.0,8107
Billdal,Bitch Spay (20kg),Billdal,7775,Anicura Västra Djursjukhuset,10090.0,8107
Billdal,Dog Vaccination DHPPI,Billdal,495,Anicura Västra Djursjukhuset,680.0,8107
Billdal,Cat Spay,Billdal,1685,Anicura Västra Djursjukhuset,2160.0,8107
Billdal,Cat Castrate,Billdal,950,Anicura Västra Djursjukhuset,1230.0,8107
Billdal,Cat Vaccination,Billdal,495,Anicura Västra Djursjukhuset,680.0,8107
Billdal,X-Ray & Sedation (HD),Billdal,1795,Anicura Västra Djursjukhuset,2350.0,8107
Billdal,Consultation,Billdal,1145,,1095.0,8107
Billdal,Castrate Dog (20kg),Billdal,4710,,5245.0,8107
Billdal,Bitch Spay (20kg),Billdal,7775,,,8107
Billdal,Dog Vaccination DHPPI,Billdal,495,,,8107
Billdal,Cat Spay,Billdal,1685,,1795.0,8107
Billdal,Cat Castrate,Billdal,950,,945.0,8107
Billdal,Cat Vaccination,Billdal,495,,,8107
Billdal,X-Ray & Sedation (HD),Billdal,1795,,,8107
Ulvsby Smådjursklinik,Consultation,Ulvsby Smådjursklinik,1190,Distriktsveterinärerna Sunne,965.0,8082
Ulvsby Smådjursklinik,Castrate Dog (20kg),Ulvsby Smådjursklinik,5560,Distriktsveterinärerna Sunne,4625.0,8082
Ulvsby Smådjursklinik,Bitch Spay (20kg),Ulvsby Smådjursklinik,9175,Distriktsveterinärerna Sunne,8025.0,8082
Ulvsby Smådjursklinik,Dog Vaccination DHPPI,Ulvsby Smådjursklinik,495,Distriktsveterinärerna Sunne,575.0,8082
Ulvsby Smådjursklinik,Cat Spay,Ulvsby Smådjursklinik,1990,Distriktsveterinärerna Sunne,1825.0,8082
Ulvsby Smådjursklinik,Cat Castrate,Ulvsby Smådjursklinik,1120,Distriktsveterinärerna Sunne,975.0,8082
Ulvsby Smådjursklinik,Cat Vaccination,Ulvsby Smådjursklinik,495,Distriktsveterinärerna Sunne,575.0,8082
Ulvsby Smådjursklinik,X-Ray & Sedation (HD),Ulvsby Smådjursklinik,2095,Distriktsveterinärerna Sunne,1995.0,8082
Ulvsby Smådjursklinik,Consultation,Ulvsby Smådjursklinik,1190,Distriktsveterinärerna Kristinehamn,965.0,8082
Ulvsby Smådjursklinik,Castrate Dog (20kg),Ulvsby Smådjursklinik,5560,Distriktsveterinärerna Kristinehamn,4625.0,8082
Ulvsby Smådjursklinik,Bitch Spay (20kg),Ulvsby Smådjursklinik,9175,Distriktsveterinärerna Kristinehamn,8025.0,8082
Ulvsby Smådjursklinik,Dog Vaccination DHPPI,Ulvsby Smådjursklinik,495,Distriktsveterinärerna Kristinehamn,575.0,8082
Ulvsby Smådjursklinik,Cat Spay,Ulvsby Smådjursklinik,1990,Distriktsveterinärerna Kristinehamn,1825.0,8082
Ulvsby Smådjursklinik,Cat Castrate,Ulvsby Smådjursklinik,1120,Distriktsveterinärerna Kristinehamn,975.0,8082
Ulvsby Smådjursklinik,Cat Vaccination,Ulvsby Smådjursklinik,495,Distriktsveterinärerna Kristinehamn,575.0,8082
Ulvsby Smådjursklinik,X-Ray & Sedation (HD),Ulvsby Smådjursklinik,2095,Distriktsveterinärerna Kristinehamn,1995.0,8082
Ulvsby Smådjursklinik,Consultation,Ulvsby Smådjursklinik,1190,Distriktsveterinärerna Säffle,965.0,8082
Ulvsby Smådjursklinik,Castrate Dog (20kg),Ulvsby Smådjursklinik,5560,Distriktsveterinärerna Säffle,4625.0,8082
Ulvsby Smådjursklinik,Bitch Spay (20kg),Ulvsby Smådjursklinik,9175,Distriktsveterinärerna Säffle,8025.0,8082
Ulvsby Smådjursklinik,Dog Vaccination DHPPI,Ulvsby Smådjursklinik,495,Distriktsveterinärerna Säffle,575.0,8082
Ulvsby Smådjursklinik,Cat Spay,Ulvsby Smådjursklinik,1990,Distriktsveterinärerna Säffle,1825.0,8082
Ulvsby Smådjursklinik,Cat Castrate,Ulvsby Smådjursklinik,1120,Distriktsveterinärerna Säffle,975.0,8082
Ulvsby Smådjursklinik,Cat Vaccination,Ulvsby Smådjursklinik,495,Distriktsveterinärerna Säffle,575.0,8082
Ulvsby Smådjursklinik,X-Ray & Sedation (HD),Ulvsby Smådjursklinik,2095,Distriktsveterinärerna Säffle,1995.0,8082
Ulvsby Smådjursklinik,Consultation,Ulvsby Smådjursklinik,1190,Solstadens smådjursklinik,910.0,8082
Ulvsby Smådjursklinik,Castrate Dog (20kg),Ulvsby Smådjursklinik,5560,Solstadens smådjursklinik,,8082
Ulvsby Smådjursklinik,Bitch Spay (20kg),Ulvsby Smådjursklinik,9175,Solstadens smådjursklinik,,8082
Ulvsby Smådjursklinik,Dog Vaccination DHPPI,Ulvsby Smådjursklinik,495,Solstadens smådjursklinik,,8082
Ulvsby Smådjursklinik,Cat Spay,Ulvsby Smådjursklinik,1990,Solstadens smådjursklinik,,8082
Ulvsby Smådjursklinik,Cat Castrate,Ulvsby Smådjursklinik,1120,Solstadens smådjursklinik,640.0,8082
Ulvsby Smådjursklinik,Cat Vaccination,Ulvsby Smådjursklinik,495,Solstadens smådjursklinik,,8082
Ulvsby Smådjursklinik,X-Ray & Sedation (HD),Ulvsby Smådjursklinik,2095,Solstadens smådjursklinik,,8082
Djurkliniken Analysen Örebro,Consultation,Djurkliniken Analysen Örebro,1230,AniCura Kumla Djursjukhus,0.0,218
Djurkliniken Analysen Örebro,Castrate Dog (20kg),Djurkliniken Analysen Örebro,5560,AniCura Kumla Djursjukhus,0.0,218
Djurkliniken Analysen Örebro,Bitch Spay (20kg),Djurkliniken Analysen Örebro,9175,AniCura Kumla Djursjukhus,9400.0,218
Djurkliniken Analysen Örebro,Dog Vaccination DHPPI,Djurkliniken Analysen Örebro,495,AniCura Kumla Djursjukhus,6820.0,218
Djurkliniken Analysen Örebro,Cat Spay,Djurkliniken Analysen Örebro,1990,AniCura Kumla Djursjukhus,2130.0,218
Djurkliniken Analysen Örebro,Cat Castrate,Djurkliniken Analysen Örebro,1120,AniCura Kumla Djursjukhus,1120.0,218
Djurkliniken Analysen Örebro,Cat Vaccination,Djurkliniken Analysen Örebro,495,AniCura Kumla Djursjukhus,500.0,218
Djurkliniken Analysen Örebro,X-Ray & Sedation (HD),Djurkliniken Analysen Örebro,2095,AniCura Kumla Djursjukhus,2430.0,218
Djurkliniken Analysen Örebro,Consultation,Djurkliniken Analysen Örebro,1230,Distriktsveterinärerna Nerike,965.0,218
Djurkliniken Analysen Örebro,Castrate Dog (20kg),Djurkliniken Analysen Örebro,5560,Distriktsveterinärerna Nerike,4625.0,218
Djurkliniken Analysen Örebro,Bitch Spay (20kg),Djurkliniken Analysen Örebro,9175,Distriktsveterinärerna Nerike,8025.0,218
Djurkliniken Analysen Örebro,Dog Vaccination DHPPI,Djurkliniken Analysen Örebro,495,Distriktsveterinärerna Nerike,575.0,218
Djurkliniken Analysen Örebro,Cat Spay,Djurkliniken Analysen Örebro,1990,Distriktsveterinärerna Nerike,1825.0,218
Djurkliniken Analysen Örebro,Cat Castrate,Djurkliniken Analysen Örebro,1120,Distriktsveterinärerna Nerike,975.0,218
Djurkliniken Analysen Örebro,Cat Vaccination,Djurkliniken Analysen Örebro,495,Distriktsveterinärerna Nerike,575.0,218
Djurkliniken Analysen Örebro,X-Ray & Sedation (HD),Djurkliniken Analysen Örebro,2095,Distriktsveterinärerna Nerike,1995.0,218
Djurkliniken Analysen Örebro,Consultation,Djurkliniken Analysen Örebro,1230,AniCura Arboga Djurklinik,0.0,218
Djurkliniken Analysen Örebro,Castrate Dog (20kg),Djurkliniken Analysen Örebro,5560,AniCura Arboga Djurklinik,6200.0,218
Djurkliniken Analysen Örebro,Bitch Spay (20kg),Djurkliniken Analysen Örebro,9175,AniCura Arboga Djurklinik,9400.0,218
Djurkliniken Analysen Örebro,Dog Vaccination DHPPI,Djurkliniken Analysen Örebro,495,AniCura Arboga Djurklinik,550.0,218
Djurkliniken Analysen Örebro,Cat Spay,Djurkliniken Analysen Örebro,1990,AniCura Arboga Djurklinik,2020.0,218
Djurkliniken Analysen Örebro,Cat Castrate,Djurkliniken Analysen Örebro,1120,AniCura Arboga Djurklinik,1120.0,218
Djurkliniken Analysen Örebro,Cat Vaccination,Djurkliniken Analysen Örebro,495,AniCura Arboga Djurklinik,550.0,218
Djurkliniken Analysen Örebro,X-Ray & Sedation (HD),Djurkliniken Analysen Örebro,2095,AniCura Arboga Djurklinik,2170.0,218
Djurkliniken Analysen Örebro,Consultation,Djurkliniken Analysen Örebro,1230,Arken Zoo Veterinärklinik Örebro,750.0,218
Djurkliniken Analysen Örebro,Castrate Dog (20kg),Djurkliniken Analysen Örebro,5560,Arken Zoo Veterinärklinik Örebro,5350.0,218
Djurkliniken Analysen Örebro,Bitch Spay (20kg),Djurkliniken Analysen Örebro,9175,Arken Zoo Veterinärklinik Örebro,,218
Djurkliniken Analysen Örebro,Dog Vaccination DHPPI,Djurkliniken Analysen Örebro,495,Arken Zoo Veterinärklinik Örebro,,218
Djurkliniken Analysen Örebro,Cat Spay,Djurkliniken Analysen Örebro,1990,Arken Zoo Veterinärklinik Örebro,1395.0,218
Djurkliniken Analysen Örebro,Cat Castrate,Djurkliniken Analysen Örebro,1120,Arken Zoo Veterinärklinik Örebro,850.0,218
Djurkliniken Analysen Örebro,Cat Vaccination,Djurkliniken Analysen Örebro,495,Arken Zoo Veterinärklinik Örebro,365.0,218
Djurkliniken Analysen Örebro,X-Ray & Sedation (HD),Djurkliniken Analysen Örebro,2095,Arken Zoo Veterinärklinik Örebro,,218
Djurkliniken Frölunda,Consultation,Djurkliniken Frölunda,1230,Anicura Västra Djursjukhuset,1520.0,301
Djurkliniken Frölunda,Castrate Dog (20kg),Djurkliniken Frölunda,5560,Anicura Västra Djursjukhuset,6810.0,301
Djurkliniken Frölunda,Bitch Spay (20kg),Djurkliniken Frölunda,9175,Anicura Västra Djursjukhuset,10090.0,301
Djurkliniken Frölunda,Dog Vaccination DHPPI,Djurkliniken Frölunda,495,Anicura Västra Djursjukhuset,680.0,301
Djurkliniken Frölunda,Cat Spay,Djurkliniken Frölunda,1990,Anicura Västra Djursjukhuset,2160.0,301
Djurkliniken Frölunda,Cat Castrate,Djurkliniken Frölunda,1120,Anicura Västra Djursjukhuset,1230.0,301
Djurkliniken Frölunda,Cat Vaccination,Djurkliniken Frölunda,495,Anicura Västra Djursjukhuset,680.0,301
Djurkliniken Frölunda,X-Ray & Sedation (HD),Djurkliniken Frölunda,2195,Anicura Västra Djursjukhuset,2350.0,301
Djurkliniken Frölunda,Consultation,Djurkliniken Frölunda,1230,Husdjurshälsan Veterinärklinik,865.0,301
Djurkliniken Frölunda,Castrate Dog (20kg),Djurkliniken Frölunda,5560,Husdjurshälsan Veterinärklinik,5250.0,301
Djurkliniken Frölunda,Bitch Spay (20kg),Djurkliniken Frölunda,9175,Husdjurshälsan Veterinärklinik,,301
Djurkliniken Frölunda,Dog Vaccination DHPPI,Djurkliniken Frölunda,495,Husdjurshälsan Veterinärklinik,,301
Djurkliniken Frölunda,Cat Spay,Djurkliniken Frölunda,1990,Husdjurshälsan Veterinärklinik,1895.0,301
Djurkliniken Frölunda,Cat Castrate,Djurkliniken Frölunda,1120,Husdjurshälsan Veterinärklinik,895.0,301
Djurkliniken Frölunda,Cat Vaccination,Djurkliniken Frölunda,495,Husdjurshälsan Veterinärklinik,,301
Djurkliniken Frölunda,X-Ray & Sedation (HD),Djurkliniken Frölunda,2195,Husdjurshälsan Veterinärklinik,1150.0,301
Djurkliniken Kungälv,Consultation,Djurkliniken Kungälv,1230,Anicura Västra Djursjukhuset,1520.0,306
Djurkliniken Kungälv,Castrate Dog (20kg),Djurkliniken Kungälv,5560,Anicura Västra Djursjukhuset,6810.0,306
Djurkliniken Kungälv,Bitch Spay (20kg),Djurkliniken Kungälv,9175,Anicura Västra Djursjukhuset,10090.0,306
Djurkliniken Kungälv,Dog Vaccination DHPPI,Djurkliniken Kungälv,495,Anicura Västra Djursjukhuset,680.0,306
Djurkliniken Kungälv,Cat Spay,Djurkliniken Kungälv,1990,Anicura Västra Djursjukhuset,2160.0,306
Djurkliniken Kungälv,Cat Castrate,Djurkliniken Kungälv,1120,Anicura Västra Djursjukhuset,1230.0,306
Djurkliniken Kungälv,Cat Vaccination,Djurkliniken Kungälv,495,Anicura Västra Djursjukhuset,680.0,306
Djurkliniken Kungälv,X-Ray & Sedation (HD),Djurkliniken Kungälv,2195,Anicura Västra Djursjukhuset,2350.0,306
Djurkliniken Kungälv,Consultation,Djurkliniken Kungälv,1230,Distriktsveterinärerna Stenungsund,965.0,306
Djurkliniken Kungälv,Castrate Dog (20kg),Djurkliniken Kungälv,5560,Distriktsveterinärerna Stenungsund,4625.0,306
Djurkliniken Kungälv,Bitch Spay (20kg),Djurkliniken Kungälv,9175,Distriktsveterinärerna Stenungsund,8025.0,306
Djurkliniken Kungälv,Dog Vaccination DHPPI,Djurkliniken Kungälv,495,Distriktsveterinärerna Stenungsund,575.0,306
Djurkliniken Kungälv,Cat Spay,Djurkliniken Kungälv,1990,Distriktsveterinärerna Stenungsund,1825.0,306
Djurkliniken Kungälv,Cat Castrate,Djurkliniken Kungälv,1120,Distriktsveterinärerna Stenungsund,975.0,306
Djurkliniken Kungälv,Cat Vaccination,Djurkliniken Kungälv,495,Distriktsveterinärerna Stenungsund,575.0,306
Djurkliniken Kungälv,X-Ray & Sedation (HD),Djurkliniken Kungälv,2195,Distriktsveterinärerna Stenungsund,1995.0,306
Djurkliniken Kungälv,Consultation,Djurkliniken Kungälv,1230,Distriktsveterinärerna Lilla Edet,965.0,306
Djurkliniken Kungälv,Castrate Dog (20kg),Djurkliniken Kungälv,5560,Distriktsveterinärerna Lilla Edet,4625.0,306
Djurkliniken Kungälv,Bitch Spay (20kg),Djurkliniken Kungälv,9175,Distriktsveterinärerna Lilla Edet,8025.0,306
Djurkliniken Kungälv,Dog Vaccination DHPPI,Djurkliniken Kungälv,495,Distriktsveterinärerna Lilla Edet,575.0,306
Djurkliniken Kungälv,Cat Spay,Djurkliniken Kungälv,1990,Distriktsveterinärerna Lilla Edet,1825.0,306
Djurkliniken Kungälv,Cat Castrate,Djurkliniken Kungälv,1120,Distriktsveterinärerna Lilla Edet,975.0,306
Djurkliniken Kungälv,Cat Vaccination,Djurkliniken Kungälv,495,Distriktsveterinärerna Lilla Edet,575.0,306
Djurkliniken Kungälv,X-Ray & Sedation (HD),Djurkliniken Kungälv,2195,Distriktsveterinärerna Lilla Edet,1995.0,306
Djurkliniken Kungälv,Consultation,Djurkliniken Kungälv,1230,Veterinär Erika Rask AB,,306
Djurkliniken Kungälv,Castrate Dog (20kg),Djurkliniken Kungälv,5560,Veterinär Erika Rask AB,,306
Djurkliniken Kungälv,Bitch Spay (20kg),Djurkliniken Kungälv,9175,Veterinär Erika Rask AB,,306
Djurkliniken Kungälv,Dog Vaccination DHPPI,Djurkliniken Kungälv,495,Veterinär Erika Rask AB,,306
Djurkliniken Kungälv,Cat Spay,Djurkliniken Kungälv,1990,Veterinär Erika Rask AB,,306
Djurkliniken Kungälv,Cat Castrate,Djurkliniken Kungälv,1120,Veterinär Erika Rask AB,,306
Djurkliniken Kungälv,Cat Vaccination,Djurkliniken Kungälv,495,Veterinär Erika Rask AB,,306
Djurkliniken Kungälv,X-Ray & Sedation (HD),Djurkliniken Kungälv,2195,Veterinär Erika Rask AB,,306
Djurkliniken Kållered,Consultation,Djurkliniken Kållered,1230,Anicura Västra Djursjukhuset,1520.0,302
Djurkliniken Kållered,Castrate Dog (20kg),Djurkliniken Kållered,5560,Anicura Västra Djursjukhuset,6810.0,302
Djurkliniken Kållered,Bitch Spay (20kg),Djurkliniken Kållered,9175,Anicura Västra Djursjukhuset,10090.0,302
Djurkliniken Kållered,Dog Vaccination DHPPI,Djurkliniken Kållered,495,Anicura Västra Djursjukhuset,680.0,302
Djurkliniken Kållered,Cat Spay,Djurkliniken Kållered,1990,Anicura Västra Djursjukhuset,2160.0,302
Djurkliniken Kållered,Cat Castrate,Djurkliniken Kållered,1120,Anicura Västra Djursjukhuset,1230.0,302
Djurkliniken Kållered,Cat Vaccination,Djurkliniken Kållered,495,Anicura Västra Djursjukhuset,680.0,302
Djurkliniken Kållered,X-Ray & Sedation (HD),Djurkliniken Kållered,2195,Anicura Västra Djursjukhuset,2350.0,302
Djurkliniken Kållered,Consultation,Djurkliniken Kållered,1230,Din Djurklinik Mölndal,960.0,302
Djurkliniken Kållered,Castrate Dog (20kg),Djurkliniken Kållered,5560,Din Djurklinik Mölndal,5200.0,302
Djurkliniken Kållered,Bitch Spay (20kg),Djurkliniken Kållered,9175,Din Djurklinik Mölndal,,302
Djurkliniken Kållered,Dog Vaccination DHPPI,Djurkliniken Kållered,495,Din Djurklinik Mölndal,,302
Djurkliniken Kållered,Cat Spay,Djurkliniken Kållered,1990,Din Djurklinik Mölndal,1960.0,302
Djurkliniken Kållered,Cat Castrate,Djurkliniken Kållered,1120,Din Djurklinik Mölndal,920.0,302
Djurkliniken Kållered,Cat Vaccination,Djurkliniken Kållered,495,Din Djurklinik Mölndal,,302
Djurkliniken Kållered,X-Ray & Sedation (HD),Djurkliniken Kållered,2195,Din Djurklinik Mölndal,,302
Djurkliniken Mölndal,Consultation,Djurkliniken Mölndal,1230,Anicura Västra Djursjukhuset,1520.0,307
Djurkliniken Mölndal,Castrate Dog (20kg),Djurkliniken Mölndal,5560,Anicura Västra Djursjukhuset,6810.0,307
Djurkliniken Mölndal,Bitch Spay (20kg),Djurkliniken Mölndal,9175,Anicura Västra Djursjukhuset,10090.0,307
Djurkliniken Mölndal,Dog Vaccination DHPPI,Djurkliniken Mölndal,495,Anicura Västra Djursjukhuset,680.0,307
Djurkliniken Mölndal,Cat Spay,Djurkliniken Mölndal,1990,Anicura Västra Djursjukhuset,2160.0,307
Djurkliniken Mölndal,Cat Castrate,Djurkliniken Mölndal,1120,Anicura Västra Djursjukhuset,1230.0,307
Djurkliniken Mölndal,Cat Vaccination,Djurkliniken Mölndal,495,Anicura Västra Djursjukhuset,680.0,307
Djurkliniken Mölndal,X-Ray & Sedation (HD),Djurkliniken Mölndal,2195,Anicura Västra Djursjukhuset,2350.0,307
Djurkliniken Mölndal,Consultation,Djurkliniken Mölndal,1230,Din Djurklinik Mölndal,960.0,307
Djurkliniken Mölndal,Castrate Dog (20kg),Djurkliniken Mölndal,5560,Din Djurklinik Mölndal,5200.0,307
Djurkliniken Mölndal,Bitch Spay (20kg),Djurkliniken Mölndal,9175,Din Djurklinik Mölndal,,307
Djurkliniken Mölndal,Dog Vaccination DHPPI,Djurkliniken Mölndal,495,Din Djurklinik Mölndal,,307
Djurkliniken Mölndal,Cat Spay,Djurkliniken Mölndal,1990,Din Djurklinik Mölndal,1960.0,307
Djurkliniken Mölndal,Cat Castrate,Djurkliniken Mölndal,1120,Din Djurklinik Mölndal,920.0,307
Djurkliniken Mölndal,Cat Vaccination,Djurkliniken Mölndal,495,Din Djurklinik Mölndal,,307
Djurkliniken Mölndal,X-Ray & Sedation (HD),Djurkliniken Mölndal,2195,Din Djurklinik Mölndal,,307
Sävedalens Veterinärklinik,Consultation,Sävedalens Veterinärklinik,1230,Anicura Västra Djursjukhuset,1520.0,8089
Sävedalens Veterinärklinik,Castrate Dog (20kg),Sävedalens Veterinärklinik,5560,Anicura Västra Djursjukhuset,6810.0,8089
Sävedalens Veterinärklinik,Bitch Spay (20kg),Sävedalens Veterinärklinik,9175,Anicura Västra Djursjukhuset,10090.0,8089
Sävedalens Veterinärklinik,Dog Vaccination DHPPI,Sävedalens Veterinärklinik,495,Anicura Västra Djursjukhuset,680.0,8089
Sävedalens Veterinärklinik,Cat Spay,Sävedalens Veterinärklinik,1990,Anicura Västra Djursjukhuset,2160.0,8089
Sävedalens Veterinärklinik,Cat Castrate,Sävedalens Veterinärklinik,1120,Anicura Västra Djursjukhuset,1230.0,8089
Sävedalens Veterinärklinik,Cat Vaccination,Sävedalens Veterinärklinik,495,Anicura Västra Djursjukhuset,680.0,8089
Sävedalens Veterinärklinik,X-Ray & Sedation (HD),Sävedalens Veterinärklinik,2195,Anicura Västra Djursjukhuset,2350.0,8089
Sävedalens Veterinärklinik,Consultation,Sävedalens Veterinärklinik,1230,Djurkliniken i Partille AB,,8089
Sävedalens Veterinärklinik,Castrate Dog (20kg),Sävedalens Veterinärklinik,5560,Djurkliniken i Partille AB,,8089
Sävedalens Veterinärklinik,Bitch Spay (20kg),Sävedalens Veterinärklinik,9175,Djurkliniken i Partille AB,,8089
Sävedalens Veterinärklinik,Dog Vaccination DHPPI,Sävedalens Veterinärklinik,495,Djurkliniken i Partille AB,,8089
Sävedalens Veterinärklinik,Cat Spay,Sävedalens Veterinärklinik,1990,Djurkliniken i Partille AB,,8089
Sävedalens Veterinärklinik,Cat Castrate,Sävedalens Veterinärklinik,1120,Djurkliniken i Partille AB,,8089
Sävedalens Veterinärklinik,Cat Vaccination,Sävedalens Veterinärklinik,495,Djurkliniken i Partille AB,,8089
Sävedalens Veterinärklinik,X-Ray & Sedation (HD),Sävedalens Veterinärklinik,2195,Djurkliniken i Partille AB,,8089
Örgryte Veterinärklinik,Consultation,Örgryte Veterinärklinik,1230,Anicura Västra Djursjukhuset,1520.0,8092
Örgryte Veterinärklinik,Castrate Dog (20kg),Örgryte Veterinärklinik,5560,Anicura Västra Djursjukhuset,6810.0,8092
Örgryte Veterinärklinik,Bitch Spay (20kg),Örgryte Veterinärklinik,9175,Anicura Västra Djursjukhuset,10090.0,8092
Örgryte Veterinärklinik,Dog Vaccination DHPPI,Örgryte Veterinärklinik,495,Anicura Västra Djursjukhuset,680.0,8092
Örgryte Veterinärklinik,Cat Spay,Örgryte Veterinärklinik,1990,Anicura Västra Djursjukhuset,2160.0,8092
Örgryte Veterinärklinik,Cat Castrate,Örgryte Veterinärklinik,1120,Anicura Västra Djursjukhuset,1230.0,8092
Örgryte Veterinärklinik,Cat Vaccination,Örgryte Veterinärklinik,495,Anicura Västra Djursjukhuset,680.0,8092
Örgryte Veterinärklinik,X-Ray & Sedation (HD),Örgryte Veterinärklinik,2195,Anicura Västra Djursjukhuset,2350.0,8092
Örgryte Veterinärklinik,Consultation,Örgryte Veterinärklinik,1230,Blå Stjärnans Djursjukhus AB,1400.0,8092
Örgryte Veterinärklinik,Castrate Dog (20kg),Örgryte Veterinärklinik,5560,Blå Stjärnans Djursjukhus AB,6995.0,8092
Örgryte Veterinärklinik,Bitch Spay (20kg),Örgryte Veterinärklinik,9175,Blå Stjärnans Djursjukhus AB,,8092
Örgryte Veterinärklinik,Dog Vaccination DHPPI,Örgryte Veterinärklinik,495,Blå Stjärnans Djursjukhus AB,,8092
Örgryte Veterinärklinik,Cat Spay,Örgryte Veterinärklinik,1990,Blå Stjärnans Djursjukhus AB,2125.0,8092
Örgryte Veterinärklinik,Cat Castrate,Örgryte Veterinärklinik,1120,Blå Stjärnans Djursjukhus AB,1350.0,8092
Örgryte Veterinärklinik,Cat Vaccination,Örgryte Veterinärklinik,495,Blå Stjärnans Djursjukhus AB,,8092
Örgryte Veterinärklinik,X-Ray & Sedation (HD),Örgryte Veterinärklinik,2195,Blå Stjärnans Djursjukhus AB,,8092
Djurkliniken Kristianstad,Consultation,Djurkliniken Kristianstad,1190,Distriktsveterinärerna Kristianstad,965.0,106
Djurkliniken Kristianstad,Castrate Dog (20kg),Djurkliniken Kristianstad,5560,Distriktsveterinärerna Kristianstad,4625.0,106
Djurkliniken Kristianstad,Bitch Spay (20kg),Djurkliniken Kristianstad,9175,Distriktsveterinärerna Kristianstad,8025.0,106
Djurkliniken Kristianstad,Dog Vaccination DHPPI,Djurkliniken Kristianstad,495,Distriktsveterinärerna Kristianstad,575.0,106
Djurkliniken Kristianstad,Cat Spay,Djurkliniken Kristianstad,1990,Distriktsveterinärerna Kristianstad,1825.0,106
Djurkliniken Kristianstad,Cat Castrate,Djurkliniken Kristianstad,1120,Distriktsveterinärerna Kristianstad,975.0,106
Djurkliniken Kristianstad,Cat Vaccination,Djurkliniken Kristianstad,495,Distriktsveterinärerna Kristianstad,575.0,106
Djurkliniken Kristianstad,X-Ray & Sedation (HD),Djurkliniken Kristianstad,2195,Distriktsveterinärerna Kristianstad,1995.0,106
Djurkliniken Kristianstad,Consultation,Djurkliniken Kristianstad,1190,AniCura Bromölla,1050.0,106
Djurkliniken Kristianstad,Castrate Dog (20kg),Djurkliniken Kristianstad,5560,AniCura Bromölla,4900.0,106
Djurkliniken Kristianstad,Bitch Spay (20kg),Djurkliniken Kristianstad,9175,AniCura Bromölla,8590.0,106
Djurkliniken Kristianstad,Dog Vaccination DHPPI,Djurkliniken Kristianstad,495,AniCura Bromölla,550.0,106
Djurkliniken Kristianstad,Cat Spay,Djurkliniken Kristianstad,1990,AniCura Bromölla,1950.0,106
Djurkliniken Kristianstad,Cat Castrate,Djurkliniken Kristianstad,1120,AniCura Bromölla,950.0,106
Djurkliniken Kristianstad,Cat Vaccination,Djurkliniken Kristianstad,495,AniCura Bromölla,550.0,106
Djurkliniken Kristianstad,X-Ray & Sedation (HD),Djurkliniken Kristianstad,2195,AniCura Bromölla,1760.0,106
Djurkliniken Kristianstad,Consultation,Djurkliniken Kristianstad,1190,AniCura Djursjukhuset i Hässleholm,1200.0,106
Djurkliniken Kristianstad,Castrate Dog (20kg),Djurkliniken Kristianstad,5560,AniCura Djursjukhuset i Hässleholm,5260.0,106
Djurkliniken Kristianstad,Bitch Spay (20kg),Djurkliniken Kristianstad,9175,AniCura Djursjukhuset i Hässleholm,8590.0,106
Djurkliniken Kristianstad,Dog Vaccination DHPPI,Djurkliniken Kristianstad,495,AniCura Djursjukhuset i Hässleholm,610.0,106
Djurkliniken Kristianstad,Cat Spay,Djurkliniken Kristianstad,1990,AniCura Djursjukhuset i Hässleholm,2800.0,106
Djurkliniken Kristianstad,Cat Castrate,Djurkliniken Kristianstad,1120,AniCura Djursjukhuset i Hässleholm,1000.0,106
Djurkliniken Kristianstad,Cat Vaccination,Djurkliniken Kristianstad,495,AniCura Djursjukhuset i Hässleholm,610.0,106
Djurkliniken Kristianstad,X-Ray & Sedation (HD),Djurkliniken Kristianstad,2195,AniCura Djursjukhuset i Hässleholm,2000.0,106
Djurkliniken Kristianstad,Consultation,Djurkliniken Kristianstad,1190,Lillö Djurklinik,995.0,106
Djurkliniken Kristianstad,Castrate Dog (20kg),Djurkliniken Kristianstad,5560,Lillö Djurklinik,4900.0,106
Djurkliniken Kristianstad,Bitch Spay (20kg),Djurkliniken Kristianstad,9175,Lillö Djurklinik,,106
Djurkliniken Kristianstad,Dog Vaccination DHPPI,Djurkliniken Kristianstad,495,Lillö Djurklinik,550.0,106
Djurkliniken Kristianstad,Cat Spay,Djurkliniken Kristianstad,1990,Lillö Djurklinik,1550.0,106
Djurkliniken Kristianstad,Cat Castrate,Djurkliniken Kristianstad,1120,Lillö Djurklinik,870.0,106
Djurkliniken Kristianstad,Cat Vaccination,Djurkliniken Kristianstad,495,Lillö Djurklinik,,106
Djurkliniken Kristianstad,X-Ray & Sedation (HD),Djurkliniken Kristianstad,2195,Lillö Djurklinik,,106
Djurkliniken Åhus,Consultation,Djurkliniken Åhus,1190,Distriktsveterinärerna Kristianstad,965.0,108
Djurkliniken Åhus,Castrate Dog (20kg),Djurkliniken Åhus,5560,Distriktsveterinärerna Kristianstad,4625.0,108
Djurkliniken Åhus,Bitch Spay (20kg),Djurkliniken Åhus,9175,Distriktsveterinärerna Kristianstad,8025.0,108
Djurkliniken Åhus,Dog Vaccination DHPPI,Djurkliniken Åhus,495,Distriktsveterinärerna Kristianstad,575.0,108
Djurkliniken Åhus,Cat Spay,Djurkliniken Åhus,1990,Distriktsveterinärerna Kristianstad,1825.0,108
Djurkliniken Åhus,Cat Castrate,Djurkliniken Åhus,1120,Distriktsveterinärerna Kristianstad,975.0,108
Djurkliniken Åhus,Cat Vaccination,Djurkliniken Åhus,495,Distriktsveterinärerna Kristianstad,575.0,108
Djurkliniken Åhus,X-Ray & Sedation (HD),Djurkliniken Åhus,2195,Distriktsveterinärerna Kristianstad,1995.0,108
Djurkliniken Åhus,Consultation,Djurkliniken Åhus,1190,AniCura Bromölla,1050.0,108
Djurkliniken Åhus,Castrate Dog (20kg),Djurkliniken Åhus,5560,AniCura Bromölla,4900.0,108
Djurkliniken Åhus,Bitch Spay (20kg),Djurkliniken Åhus,9175,AniCura Bromölla,8590.0,108
Djurkliniken Åhus,Dog Vaccination DHPPI,Djurkliniken Åhus,495,AniCura Bromölla,550.0,108
Djurkliniken Åhus,Cat Spay,Djurkliniken Åhus,1990,AniCura Bromölla,1950.0,108
Djurkliniken Åhus,Cat Castrate,Djurkliniken Åhus,1120,AniCura Bromölla,950.0,108
Djurkliniken Åhus,Cat Vaccination,Djurkliniken Åhus,495,AniCura Bromölla,550.0,108
Djurkliniken Åhus,X-Ray & Sedation (HD),Djurkliniken Åhus,2195,AniCura Bromölla,1760.0,108
Djurkliniken Åhus,Consultation,Djurkliniken Åhus,1190,Distriktsveterinärerna Österlen,965.0,108
Djurkliniken Åhus,Castrate Dog (20kg),Djurkliniken Åhus,5560,Distriktsveterinärerna Österlen,4625.0,108
Djurkliniken Åhus,Bitch Spay (20kg),Djurkliniken Åhus,9175,Distriktsveterinärerna Österlen,8025.0,108
Djurkliniken Åhus,Dog Vaccination DHPPI,Djurkliniken Åhus,495,Distriktsveterinärerna Österlen,575.0,108
Djurkliniken Åhus,Cat Spay,Djurkliniken Åhus,1990,Distriktsveterinärerna Österlen,1825.0,108
Djurkliniken Åhus,Cat Castrate,Djurkliniken Åhus,1120,Distriktsveterinärerna Österlen,975.0,108
Djurkliniken Åhus,Cat Vaccination,Djurkliniken Åhus,495,Distriktsveterinärerna Österlen,575.0,108
Djurkliniken Åhus,X-Ray & Sedation (HD),Djurkliniken Åhus,2195,Distriktsveterinärerna Österlen,1995.0,108
Djurkliniken Åhus,Consultation,Djurkliniken Åhus,1190,Lillö Djurklinik,995.0,108
Djurkliniken Åhus,Castrate Dog (20kg),Djurkliniken Åhus,5560,Lillö Djurklinik,4900.0,108
Djurkliniken Åhus,Bitch Spay (20kg),Djurkliniken Åhus,9175,Lillö Djurklinik,,108
Djurkliniken Åhus,Dog Vaccination DHPPI,Djurkliniken Åhus,495,Lillö Djurklinik,550.0,108
Djurkliniken Åhus,Cat Spay,Djurkliniken Åhus,1990,Lillö Djurklinik,1550.0,108
Djurkliniken Åhus,Cat Castrate,Djurkliniken Åhus,1120,Lillö Djurklinik,870.0,108
Djurkliniken Åhus,Cat Vaccination,Djurkliniken Åhus,495,Lillö Djurklinik,,108
Djurkliniken Åhus,X-Ray & Sedation (HD),Djurkliniken Åhus,2195,Lillö Djurklinik,,108
Falkenberg,Consultation,Falkenberg,1095,Distriktsveterinärerna Halmstad,965.0,8106
Falkenberg,Castrate Dog (20kg),Falkenberg,4755,Distriktsveterinärerna Halmstad,4625.0,8106
Falkenberg,Bitch Spay (20kg),Falkenberg,7850,Distriktsveterinärerna Halmstad,8025.0,8106
Falkenberg,Dog Vaccination DHPPI,Falkenberg,495,Distriktsveterinärerna Halmstad,575.0,8106
Falkenberg,Cat Spay,Falkenberg,1695,Distriktsveterinärerna Halmstad,1825.0,8106
Falkenberg,Cat Castrate,Falkenberg,960,Distriktsveterinärerna Halmstad,975.0,8106
Falkenberg,Cat Vaccination,Falkenberg,495,Distriktsveterinärerna Halmstad,575.0,8106
Falkenberg,X-Ray & Sedation (HD),Falkenberg,1795,Distriktsveterinärerna Halmstad,1995.0,8106
Falkenberg,Consultation,Falkenberg,1095,Distriktsveterinärerna Torup,965.0,8106
Falkenberg,Castrate Dog (20kg),Falkenberg,4755,Distriktsveterinärerna Torup,4625.0,8106
Falkenberg,Bitch Spay (20kg),Falkenberg,7850,Distriktsveterinärerna Torup,8025.0,8106
Falkenberg,Dog Vaccination DHPPI,Falkenberg,495,Distriktsveterinärerna Torup,575.0,8106
Falkenberg,Cat Spay,Falkenberg,1695,Distriktsveterinärerna Torup,1825.0,8106
Falkenberg,Cat Castrate,Falkenberg,960,Distriktsveterinärerna Torup,975.0,8106
Falkenberg,Cat Vaccination,Falkenberg,495,Distriktsveterinärerna Torup,575.0,8106
Falkenberg,X-Ray & Sedation (HD),Falkenberg,1795,Distriktsveterinärerna Torup,1995.0,8106
Falkenberg,Consultation,Falkenberg,1095,AniCura Kungskliniken,0.0,8106
Falkenberg,Castrate Dog (20kg),Falkenberg,4755,AniCura Kungskliniken,0.0,8106
Falkenberg,Bitch Spay (20kg),Falkenberg,7850,AniCura Kungskliniken,0.0,8106
Falkenberg,Dog Vaccination DHPPI,Falkenberg,495,AniCura Kungskliniken,0.0,8106
Falkenberg,Cat Spay,Falkenberg,1695,AniCura Kungskliniken,0.0,8106
Falkenberg,Cat Castrate,Falkenberg,960,AniCura Kungskliniken,0.0,8106
Falkenberg,Cat Vaccination,Falkenberg,495,AniCura Kungskliniken,0.0,8106
Falkenberg,X-Ray & Sedation (HD),Falkenberg,1795,AniCura Kungskliniken,0.0,8106
Falkenberg,Consultation,Falkenberg,1095,Veterinärkliniken i Falkenberg,645.0,8106
Falkenberg,Castrate Dog (20kg),Falkenberg,4755,Veterinärkliniken i Falkenberg,,8106
Falkenberg,Bitch Spay (20kg),Falkenberg,7850,Veterinärkliniken i Falkenberg,,8106
Falkenberg,Dog Vaccination DHPPI,Falkenberg,495,Veterinärkliniken i Falkenberg,,8106
Falkenberg,Cat Spay,Falkenberg,1695,Veterinärkliniken i Falkenberg,1495.0,8106
Falkenberg,Cat Castrate,Falkenberg,960,Veterinärkliniken i Falkenberg,750.0,8106
Falkenberg,Cat Vaccination,Falkenberg,495,Veterinärkliniken i Falkenberg,,8106
Falkenberg,X-Ray & Sedation (HD),Falkenberg,1795,Veterinärkliniken i Falkenberg,,8106
Varberg,Consultation,Varberg,1095,Anicura Västra Djursjukhuset,1520.0,8105
Varberg,Castrate Dog (20kg),Varberg,4755,Anicura Västra Djursjukhuset,6810.0,8105
Varberg,Bitch Spay (20kg),Varberg,7850,Anicura Västra Djursjukhuset,10090.0,8105
Varberg,Dog Vaccination DHPPI,Varberg,495,Anicura Västra Djursjukhuset,680.0,8105
Varberg,Cat Spay,Varberg,1695,Anicura Västra Djursjukhuset,2160.0,8105
Varberg,Cat Castrate,Varberg,960,Anicura Västra Djursjukhuset,1230.0,8105
Varberg,Cat Vaccination,Varberg,495,Anicura Västra Djursjukhuset,680.0,8105
Varberg,X-Ray & Sedation (HD),Varberg,1795,Anicura Västra Djursjukhuset,2350.0,8105
Varberg,Consultation,Varberg,1095,Stordjurs­veterinärerna i Varberg,,8105
Varberg,Castrate Dog (20kg),Varberg,4755,Stordjurs­veterinärerna i Varberg,,8105
Varberg,Bitch Spay (20kg),Varberg,7850,Stordjurs­veterinärerna i Varberg,,8105
Varberg,Dog Vaccination DHPPI,Varberg,495,Stordjurs­veterinärerna i Varberg,,8105
Varberg,Cat Spay,Varberg,1695,Stordjurs­veterinärerna i Varberg,,8105
Varberg,Cat Castrate,Varberg,960,Stordjurs­veterinärerna i Varberg,,8105
Varberg,Cat Vaccination,Varberg,495,Stordjurs­veterinärerna i Varberg,,8105
Varberg,X-Ray & Sedation (HD),Varberg,1795,Stordjurs­veterinärerna i Varberg,,8105
Viskadalen,Consultation,Viskadalen,1095,Anicura Västra Djursjukhuset,1520.0,8104
Viskadalen,Castrate Dog (20kg),Viskadalen,4755,Anicura Västra Djursjukhuset,6810.0,8104
Viskadalen,Bitch Spay (20kg),Viskadalen,7850,Anicura Västra Djursjukhuset,10090.0,8104
Viskadalen,Dog Vaccination DHPPI,Viskadalen,495,Anicura Västra Djursjukhuset,680.0,8104
Viskadalen,Cat Spay,Viskadalen,1695,Anicura Västra Djursjukhuset,2160.0,8104
Viskadalen,Cat Castrate,Viskadalen,960,Anicura Västra Djursjukhuset,1230.0,8104
Viskadalen,Cat Vaccination,Viskadalen,495,Anicura Västra Djursjukhuset,680.0,8104
Viskadalen,X-Ray & Sedation (HD),Viskadalen,1795,Anicura Västra Djursjukhuset,2350.0,8104
Viskadalen,Consultation,Viskadalen,1095,Veterinär Linda Fransson,,8104
Viskadalen,Castrate Dog (20kg),Viskadalen,4755,Veterinär Linda Fransson,,8104
Viskadalen,Bitch Spay (20kg),Viskadalen,7850,Veterinär Linda Fransson,,8104
Viskadalen,Dog Vaccination DHPPI,Viskadalen,495,Veterinär Linda Fransson,,8104
Viskadalen,Cat Spay,Viskadalen,1695,Veterinär Linda Fransson,,8104
Viskadalen,Cat Castrate,Viskadalen,960,Veterinär Linda Fransson,,8104
Viskadalen,Cat Vaccination,Viskadalen,495,Veterinär Linda Fransson,,8104
Viskadalen,X-Ray & Sedation (HD),Viskadalen,1795,Veterinär Linda Fransson,,8104
Djurkliniken Karlskoga,Consultation,Djurkliniken Karlskoga,1190,Distriktsveterinärerna Kristinehamn,965.0,212
Djurkliniken Karlskoga,Castrate Dog (20kg),Djurkliniken Karlskoga,5560,Distriktsveterinärerna Kristinehamn,4625.0,212
Djurkliniken Karlskoga,Bitch Spay (20kg),Djurkliniken Karlskoga,9175,Distriktsveterinärerna Kristinehamn,8025.0,212
Djurkliniken Karlskoga,Dog Vaccination DHPPI,Djurkliniken Karlskoga,495,Distriktsveterinärerna Kristinehamn,575.0,212
Djurkliniken Karlskoga,Cat Spay,Djurkliniken Karlskoga,1990,Distriktsveterinärerna Kristinehamn,1825.0,212
Djurkliniken Karlskoga,Cat Castrate,Djurkliniken Karlskoga,1120,Distriktsveterinärerna Kristinehamn,975.0,212
Djurkliniken Karlskoga,Cat Vaccination,Djurkliniken Karlskoga,495,Distriktsveterinärerna Kristinehamn,575.0,212
Djurkliniken Karlskoga,X-Ray & Sedation (HD),Djurkliniken Karlskoga,2095,Distriktsveterinärerna Kristinehamn,1995.0,212
Djurkliniken Karlskoga,Consultation,Djurkliniken Karlskoga,1190,AniCura Kumla Djursjukhus,0.0,212
Djurkliniken Karlskoga,Castrate Dog (20kg),Djurkliniken Karlskoga,5560,AniCura Kumla Djursjukhus,0.0,212
Djurkliniken Karlskoga,Bitch Spay (20kg),Djurkliniken Karlskoga,9175,AniCura Kumla Djursjukhus,9400.0,212
Djurkliniken Karlskoga,Dog Vaccination DHPPI,Djurkliniken Karlskoga,495,AniCura Kumla Djursjukhus,6820.0,212
Djurkliniken Karlskoga,Cat Spay,Djurkliniken Karlskoga,1990,AniCura Kumla Djursjukhus,2130.0,212
Djurkliniken Karlskoga,Cat Castrate,Djurkliniken Karlskoga,1120,AniCura Kumla Djursjukhus,1120.0,212
Djurkliniken Karlskoga,Cat Vaccination,Djurkliniken Karlskoga,495,AniCura Kumla Djursjukhus,500.0,212
Djurkliniken Karlskoga,X-Ray & Sedation (HD),Djurkliniken Karlskoga,2095,AniCura Kumla Djursjukhus,2430.0,212
Djurkliniken Karlskoga,Consultation,Djurkliniken Karlskoga,1190,Distriktsveterinärerna Nerike,965.0,212
Djurkliniken Karlskoga,Castrate Dog (20kg),Djurkliniken Karlskoga,5560,Distriktsveterinärerna Nerike,4625.0,212
Djurkliniken Karlskoga,Bitch Spay (20kg),Djurkliniken Karlskoga,9175,Distriktsveterinärerna Nerike,8025.0,212
Djurkliniken Karlskoga,Dog Vaccination DHPPI,Djurkliniken Karlskoga,495,Distriktsveterinärerna Nerike,575.0,212
Djurkliniken Karlskoga,Cat Spay,Djurkliniken Karlskoga,1990,Distriktsveterinärerna Nerike,1825.0,212
Djurkliniken Karlskoga,Cat Castrate,Djurkliniken Karlskoga,1120,Distriktsveterinärerna Nerike,975.0,212
Djurkliniken Karlskoga,Cat Vaccination,Djurkliniken Karlskoga,495,Distriktsveterinärerna Nerike,575.0,212
Djurkliniken Karlskoga,X-Ray & Sedation (HD),Djurkliniken Karlskoga,2095,Distriktsveterinärerna Nerike,1995.0,212
Djurkliniken Karlskoga,Consultation,Djurkliniken Karlskoga,1190,CS Veterinär AB,,212
Djurkliniken Karlskoga,Castrate Dog (20kg),Djurkliniken Karlskoga,5560,CS Veterinär AB,,212
Djurkliniken Karlskoga,Bitch Spay (20kg),Djurkliniken Karlskoga,9175,CS Veterinär AB,,212
Djurkliniken Karlskoga,Dog Vaccination DHPPI,Djurkliniken Karlskoga,495,CS Veterinär AB,,212
Djurkliniken Karlskoga,Cat Spay,Djurkliniken Karlskoga,1990,CS Veterinär AB,,212
Djurkliniken Karlskoga,Cat Castrate,Djurkliniken Karlskoga,1120,CS Veterinär AB,,212
Djurkliniken Karlskoga,Cat Vaccination,Djurkliniken Karlskoga,495,CS Veterinär AB,,212
Djurkliniken Karlskoga,X-Ray & Sedation (HD),Djurkliniken Karlskoga,2095,CS Veterinär AB,,212
Kristinehamns smådjursklinik,Consultation,Kristinehamns smådjursklinik,1190,Distriktsveterinärerna Kristinehamn,965.0,505
Kristinehamns smådjursklinik,Castrate Dog (20kg),Kristinehamns smådjursklinik,5560,Distriktsveterinärerna Kristinehamn,4625.0,505
Kristinehamns smådjursklinik,Bitch Spay (20kg),Kristinehamns smådjursklinik,9175,Distriktsveterinärerna Kristinehamn,8025.0,505
Kristinehamns smådjursklinik,Dog Vaccination DHPPI,Kristinehamns smådjursklinik,495,Distriktsveterinärerna Kristinehamn,575.0,505
Kristinehamns smådjursklinik,Cat Spay,Kristinehamns smådjursklinik,1990,Distriktsveterinärerna Kristinehamn,1825.0,505
Kristinehamns smådjursklinik,Cat Castrate,Kristinehamns smådjursklinik,1120,Distriktsveterinärerna Kristinehamn,975.0,505
Kristinehamns smådjursklinik,Cat Vaccination,Kristinehamns smådjursklinik,495,Distriktsveterinärerna Kristinehamn,575.0,505
Kristinehamns smådjursklinik,X-Ray & Sedation (HD),Kristinehamns smådjursklinik,2095,Distriktsveterinärerna Kristinehamn,1995.0,505
Kristinehamns smådjursklinik,Consultation,Kristinehamns smådjursklinik,1190,AniCura Kumla Djursjukhus,0.0,505
Kristinehamns smådjursklinik,Castrate Dog (20kg),Kristinehamns smådjursklinik,5560,AniCura Kumla Djursjukhus,0.0,505
Kristinehamns smådjursklinik,Bitch Spay (20kg),Kristinehamns smådjursklinik,9175,AniCura Kumla Djursjukhus,9400.0,505
Kristinehamns smådjursklinik,Dog Vaccination DHPPI,Kristinehamns smådjursklinik,495,AniCura Kumla Djursjukhus,6820.0,505
Kristinehamns smådjursklinik,Cat Spay,Kristinehamns smådjursklinik,1990,AniCura Kumla Djursjukhus,2130.0,505
Kristinehamns smådjursklinik,Cat Castrate,Kristinehamns smådjursklinik,1120,AniCura Kumla Djursjukhus,1120.0,505
Kristinehamns smådjursklinik,Cat Vaccination,Kristinehamns smådjursklinik,495,AniCura Kumla Djursjukhus,500.0,505
Kristinehamns smådjursklinik,X-Ray & Sedation (HD),Kristinehamns smådjursklinik,2095,AniCura Kumla Djursjukhus,2430.0,505
Kristinehamns smådjursklinik,Consultation,Kristinehamns smådjursklinik,1190,Distriktsveterinärerna Nerike,965.0,505
Kristinehamns smådjursklinik,Castrate Dog (20kg),Kristinehamns smådjursklinik,5560,Distriktsveterinärerna Nerike,4625.0,505
Kristinehamns smådjursklinik,Bitch Spay (20kg),Kristinehamns smådjursklinik,9175,Distriktsveterinärerna Nerike,8025.0,505
Kristinehamns smådjursklinik,Dog Vaccination DHPPI,Kristinehamns smådjursklinik,495,Distriktsveterinärerna Nerike,575.0,505
Kristinehamns smådjursklinik,Cat Spay,Kristinehamns smådjursklinik,1990,Distriktsveterinärerna Nerike,1825.0,505
Kristinehamns smådjursklinik,Cat Castrate,Kristinehamns smådjursklinik,1120,Distriktsveterinärerna Nerike,975.0,505
Kristinehamns smådjursklinik,Cat Vaccination,Kristinehamns smådjursklinik,495,Distriktsveterinärerna Nerike,575.0,505
Kristinehamns smådjursklinik,X-Ray & Sedation (HD),Kristinehamns smådjursklinik,2095,Distriktsveterinärerna Nerike,1995.0,505
Kristinehamns smådjursklinik,Consultation,Kristinehamns smådjursklinik,1190,CS Veterinär AB,,505
Kristinehamns smådjursklinik,Castrate Dog (20kg),Kristinehamns smådjursklinik,5560,CS Veterinär AB,,505
Kristinehamns smådjursklinik,Bitch Spay (20kg),Kristinehamns smådjursklinik,9175,CS Veterinär AB,,505
Kristinehamns smådjursklinik,Dog Vaccination DHPPI,Kristinehamns smådjursklinik,495,CS Veterinär AB,,505
Kristinehamns smådjursklinik,Cat Spay,Kristinehamns smådjursklinik,1990,CS Veterinär AB,,505
Kristinehamns smådjursklinik,Cat Castrate,Kristinehamns smådjursklinik,1120,CS Veterinär AB,,505
Kristinehamns smådjursklinik,Cat Vaccination,Kristinehamns smådjursklinik,495,CS Veterinär AB,,505
Kristinehamns smådjursklinik,X-Ray & Sedation (HD),Kristinehamns smådjursklinik,2095,CS Veterinär AB,,505
Djurkliniken Säffle,Consultation,Djurkliniken Säffle,1190,Distriktsveterinärerna Säffle,965.0,8091
Djurkliniken Säffle,Castrate Dog (20kg),Djurkliniken Säffle,5560,Distriktsveterinärerna Säffle,4625.0,8091
Djurkliniken Säffle,Bitch Spay (20kg),Djurkliniken Säffle,9175,Distriktsveterinärerna Säffle,8025.0,8091
Djurkliniken Säffle,Dog Vaccination DHPPI,Djurkliniken Säffle,495,Distriktsveterinärerna Säffle,575.0,8091
Djurkliniken Säffle,Cat Spay,Djurkliniken Säffle,1990,Distriktsveterinärerna Säffle,1825.0,8091
Djurkliniken Säffle,Cat Castrate,Djurkliniken Säffle,1120,Distriktsveterinärerna Säffle,975.0,8091
Djurkliniken Säffle,Cat Vaccination,Djurkliniken Säffle,495,Distriktsveterinärerna Säffle,575.0,8091
Djurkliniken Säffle,X-Ray & Sedation (HD),Djurkliniken Säffle,2095,Distriktsveterinärerna Säffle,1995.0,8091
Djurkliniken Säffle,Consultation,Djurkliniken Säffle,1190,Distriktsveterinärerna Bäckefors,965.0,8091
Djurkliniken Säffle,Castrate Dog (20kg),Djurkliniken Säffle,5560,Distriktsveterinärerna Bäckefors,4625.0,8091
Djurkliniken Säffle,Bitch Spay (20kg),Djurkliniken Säffle,9175,Distriktsveterinärerna Bäckefors,8025.0,8091
Djurkliniken Säffle,Dog Vaccination DHPPI,Djurkliniken Säffle,495,Distriktsveterinärerna Bäckefors,575.0,8091
Djurkliniken Säffle,Cat Spay,Djurkliniken Säffle,1990,Distriktsveterinärerna Bäckefors,1825.0,8091
Djurkliniken Säffle,Cat Castrate,Djurkliniken Säffle,1120,Distriktsveterinärerna Bäckefors,975.0,8091
Djurkliniken Säffle,Cat Vaccination,Djurkliniken Säffle,495,Distriktsveterinärerna Bäckefors,575.0,8091
Djurkliniken Säffle,X-Ray & Sedation (HD),Djurkliniken Säffle,2095,Distriktsveterinärerna Bäckefors,1995.0,8091
Djurkliniken Säffle,Consultation,Djurkliniken Säffle,1190,Distriktsveterinärerna Arvika,965.0,8091
Djurkliniken Säffle,Castrate Dog (20kg),Djurkliniken Säffle,5560,Distriktsveterinärerna Arvika,4625.0,8091
Djurkliniken Säffle,Bitch Spay (20kg),Djurkliniken Säffle,9175,Distriktsveterinärerna Arvika,8025.0,8091
Djurkliniken Säffle,Dog Vaccination DHPPI,Djurkliniken Säffle,495,Distriktsveterinärerna Arvika,575.0,8091
Djurkliniken Säffle,Cat Spay,Djurkliniken Säffle,1990,Distriktsveterinärerna Arvika,1825.0,8091
Djurkliniken Säffle,Cat Castrate,Djurkliniken Säffle,1120,Distriktsveterinärerna Arvika,975.0,8091
Djurkliniken Säffle,Cat Vaccination,Djurkliniken Säffle,495,Distriktsveterinärerna Arvika,575.0,8091
Djurkliniken Säffle,X-Ray & Sedation (HD),Djurkliniken Säffle,2095,Distriktsveterinärerna Arvika,1995.0,8091
Djurkliniken Säffle,Consultation,Djurkliniken Säffle,1190,Veterinären på Kroppefjäll AB,,8091
Djurkliniken Säffle,Castrate Dog (20kg),Djurkliniken Säffle,5560,Veterinären på Kroppefjäll AB,4000.0,8091
Djurkliniken Säffle,Bitch Spay (20kg),Djurkliniken Säffle,9175,Veterinären på Kroppefjäll AB,,8091
Djurkliniken Säffle,Dog Vaccination DHPPI,Djurkliniken Säffle,495,Veterinären på Kroppefjäll AB,,8091
Djurkliniken Säffle,Cat Spay,Djurkliniken Säffle,1990,Veterinären på Kroppefjäll AB,1450.0,8091
Djurkliniken Säffle,Cat Castrate,Djurkliniken Säffle,1120,Veterinären på Kroppefjäll AB,900.0,8091
Djurkliniken Säffle,Cat Vaccination,Djurkliniken Säffle,495,Veterinären på Kroppefjäll AB,,8091
Djurkliniken Säffle,X-Ray & Sedation (HD),Djurkliniken Säffle,2095,Veterinären på Kroppefjäll AB,,8091
Djurkliniken Åmål,Consultation,Djurkliniken Åmål,1190,Distriktsveterinärerna Säffle,965.0,8090
Djurkliniken Åmål,Castrate Dog (20kg),Djurkliniken Åmål,5560,Distriktsveterinärerna Säffle,4625.0,8090
Djurkliniken Åmål,Bitch Spay (20kg),Djurkliniken Åmål,9175,Distriktsveterinärerna Säffle,8025.0,8090
Djurkliniken Åmål,Dog Vaccination DHPPI,Djurkliniken Åmål,495,Distriktsveterinärerna Säffle,575.0,8090
Djurkliniken Åmål,Cat Spay,Djurkliniken Åmål,1990,Distriktsveterinärerna Säffle,1825.0,8090
Djurkliniken Åmål,Cat Castrate,Djurkliniken Åmål,1120,Distriktsveterinärerna Säffle,975.0,8090
Djurkliniken Åmål,Cat Vaccination,Djurkliniken Åmål,495,Distriktsveterinärerna Säffle,575.0,8090
Djurkliniken Åmål,X-Ray & Sedation (HD),Djurkliniken Åmål,2095,Distriktsveterinärerna Säffle,1995.0,8090
Djurkliniken Åmål,Consultation,Djurkliniken Åmål,1190,Distriktsveterinärerna Bäckefors,965.0,8090
Djurkliniken Åmål,Castrate Dog (20kg),Djurkliniken Åmål,5560,Distriktsveterinärerna Bäckefors,4625.0,8090
Djurkliniken Åmål,Bitch Spay (20kg),Djurkliniken Åmål,9175,Distriktsveterinärerna Bäckefors,8025.0,8090
Djurkliniken Åmål,Dog Vaccination DHPPI,Djurkliniken Åmål,495,Distriktsveterinärerna Bäckefors,575.0,8090
Djurkliniken Åmål,Cat Spay,Djurkliniken Åmål,1990,Distriktsveterinärerna Bäckefors,1825.0,8090
Djurkliniken Åmål,Cat Castrate,Djurkliniken Åmål,1120,Distriktsveterinärerna Bäckefors,975.0,8090
Djurkliniken Åmål,Cat Vaccination,Djurkliniken Åmål,495,Distriktsveterinärerna Bäckefors,575.0,8090
Djurkliniken Åmål,X-Ray & Sedation (HD),Djurkliniken Åmål,2095,Distriktsveterinärerna Bäckefors,1995.0,8090
Djurkliniken Åmål,Consultation,Djurkliniken Åmål,1190,Distriktsveterinärerna Arvika,965.0,8090
Djurkliniken Åmål,Castrate Dog (20kg),Djurkliniken Åmål,5560,Distriktsveterinärerna Arvika,4625.0,8090
Djurkliniken Åmål,Bitch Spay (20kg),Djurkliniken Åmål,9175,Distriktsveterinärerna Arvika,8025.0,8090
Djurkliniken Åmål,Dog Vaccination DHPPI,Djurkliniken Åmål,495,Distriktsveterinärerna Arvika,575.0,8090
Djurkliniken Åmål,Cat Spay,Djurkliniken Åmål,1990,Distriktsveterinärerna Arvika,1825.0,8090
Djurkliniken Åmål,Cat Castrate,Djurkliniken Åmål,1120,Distriktsveterinärerna Arvika,975.0,8090
Djurkliniken Åmål,Cat Vaccination,Djurkliniken Åmål,495,Distriktsveterinärerna Arvika,575.0,8090
Djurkliniken Åmål,X-Ray & Sedation (HD),Djurkliniken Åmål,2095,Distriktsveterinärerna Arvika,1995.0,8090
Djurkliniken Åmål,Consultation,Djurkliniken Åmål,1190,Veterinären på Kroppefjäll AB,,8090
Djurkliniken Åmål,Castrate Dog (20kg),Djurkliniken Åmål,5560,Veterinären på Kroppefjäll AB,4000.0,8090
Djurkliniken Åmål,Bitch Spay (20kg),Djurkliniken Åmål,9175,Veterinären på Kroppefjäll AB,,8090
Djurkliniken Åmål,Dog Vaccination DHPPI,Djurkliniken Åmål,495,Veterinären på Kroppefjäll AB,,8090
Djurkliniken Åmål,Cat Spay,Djurkliniken Åmål,1990,Veterinären på Kroppefjäll AB,1450.0,8090
Djurkliniken Åmål,Cat Castrate,Djurkliniken Åmål,1120,Veterinären på Kroppefjäll AB,900.0,8090
Djurkliniken Åmål,Cat Vaccination,Djurkliniken Åmål,495,Veterinären på Kroppefjäll AB,,8090
Djurkliniken Åmål,X-Ray & Sedation (HD),Djurkliniken Åmål,2095,Veterinären på Kroppefjäll AB,,8090
Veterinärhuset Lidköping,Consultation,Veterinärhuset Lidköping,1230,Distriktsveterinärerna Falköping,965.0,402
Veterinärhuset Lidköping,Castrate Dog (20kg),Veterinärhuset Lidköping,5560,Distriktsveterinärerna Falköping,4625.0,402
Veterinärhuset Lidköping,Bitch Spay (20kg),Veterinärhuset Lidköping,9175,Distriktsveterinärerna Falköping,8025.0,402
Veterinärhuset Lidköping,Dog Vaccination DHPPI,Veterinärhuset Lidköping,495,Distriktsveterinärerna Falköping,575.0,402
Veterinärhuset Lidköping,Cat Spay,Veterinärhuset Lidköping,1990,Distriktsveterinärerna Falköping,1825.0,402
Veterinärhuset Lidköping,Cat Castrate,Veterinärhuset Lidköping,1120,Distriktsveterinärerna Falköping,975.0,402
Veterinärhuset Lidköping,Cat Vaccination,Veterinärhuset Lidköping,495,Distriktsveterinärerna Falköping,575.0,402
Veterinärhuset Lidköping,X-Ray & Sedation (HD),Veterinärhuset Lidköping,2195,Distriktsveterinärerna Falköping,1995.0,402
Veterinärhuset Lidköping,Consultation,Veterinärhuset Lidköping,1230,Distriktsveterinärerna Vårgårda,965.0,402
Veterinärhuset Lidköping,Castrate Dog (20kg),Veterinärhuset Lidköping,5560,Distriktsveterinärerna Vårgårda,4625.0,402
Veterinärhuset Lidköping,Bitch Spay (20kg),Veterinärhuset Lidköping,9175,Distriktsveterinärerna Vårgårda,8025.0,402
Veterinärhuset Lidköping,Dog Vaccination DHPPI,Veterinärhuset Lidköping,495,Distriktsveterinärerna Vårgårda,575.0,402
Veterinärhuset Lidköping,Cat Spay,Veterinärhuset Lidköping,1990,Distriktsveterinärerna Vårgårda,1825.0,402
Veterinärhuset Lidköping,Cat Castrate,Veterinärhuset Lidköping,1120,Distriktsveterinärerna Vårgårda,975.0,402
Veterinärhuset Lidköping,Cat Vaccination,Veterinärhuset Lidköping,495,Distriktsveterinärerna Vårgårda,575.0,402
Veterinärhuset Lidköping,X-Ray & Sedation (HD),Veterinärhuset Lidköping,2195,Distriktsveterinärerna Vårgårda,1995.0,402
Veterinärhuset Lidköping,Consultation,Veterinärhuset Lidköping,1230,Distriktsveterinärerna Säffle,965.0,402
Veterinärhuset Lidköping,Castrate Dog (20kg),Veterinärhuset Lidköping,5560,Distriktsveterinärerna Säffle,4625.0,402
Veterinärhuset Lidköping,Bitch Spay (20kg),Veterinärhuset Lidköping,9175,Distriktsveterinärerna Säffle,8025.0,402
Veterinärhuset Lidköping,Dog Vaccination DHPPI,Veterinärhuset Lidköping,495,Distriktsveterinärerna Säffle,575.0,402
Veterinärhuset Lidköping,Cat Spay,Veterinärhuset Lidköping,1990,Distriktsveterinärerna Säffle,1825.0,402
Veterinärhuset Lidköping,Cat Castrate,Veterinärhuset Lidköping,1120,Distriktsveterinärerna Säffle,975.0,402
Veterinärhuset Lidköping,Cat Vaccination,Veterinärhuset Lidköping,495,Distriktsveterinärerna Säffle,575.0,402
Veterinärhuset Lidköping,X-Ray & Sedation (HD),Veterinärhuset Lidköping,2195,Distriktsveterinärerna Säffle,1995.0,402
Veterinärhuset Lidköping,Consultation,Veterinärhuset Lidköping,1230,Lidköpings Djurklinik AB,,402
Veterinärhuset Lidköping,Castrate Dog (20kg),Veterinärhuset Lidköping,5560,Lidköpings Djurklinik AB,5805.0,402
Veterinärhuset Lidköping,Bitch Spay (20kg),Veterinärhuset Lidköping,9175,Lidköpings Djurklinik AB,,402
Veterinärhuset Lidköping,Dog Vaccination DHPPI,Veterinärhuset Lidköping,495,Lidköpings Djurklinik AB,550.0,402
Veterinärhuset Lidköping,Cat Spay,Veterinärhuset Lidköping,1990,Lidköpings Djurklinik AB,1895.0,402
Veterinärhuset Lidköping,Cat Castrate,Veterinärhuset Lidköping,1120,Lidköpings Djurklinik AB,930.0,402
Veterinärhuset Lidköping,Cat Vaccination,Veterinärhuset Lidköping,495,Lidköpings Djurklinik AB,,402
Veterinärhuset Lidköping,X-Ray & Sedation (HD),Veterinärhuset Lidköping,2195,Lidköpings Djurklinik AB,,402
Ejra,Consultation,Ejra,1190,Distriktsveterinärerna Jämtland,965.0,8101
Ejra,Castrate Dog (20kg),Ejra,5560,Distriktsveterinärerna Jämtland,4625.0,8101
Ejra,Bitch Spay (20kg),Ejra,9175,Distriktsveterinärerna Jämtland,8025.0,8101
Ejra,Dog Vaccination DHPPI,Ejra,495,Distriktsveterinärerna Jämtland,575.0,8101
Ejra,Cat Spay,Ejra,1990,Distriktsveterinärerna Jämtland,1825.0,8101
Ejra,Cat Castrate,Ejra,1120,Distriktsveterinärerna Jämtland,975.0,8101
Ejra,Cat Vaccination,Ejra,495,Distriktsveterinärerna Jämtland,575.0,8101
Ejra,X-Ray & Sedation (HD),Ejra,1995,Distriktsveterinärerna Jämtland,1995.0,8101
Ejra,Consultation,Ejra,1190,Distriktsveterinärerna Sveg,965.0,8101
Ejra,Castrate Dog (20kg),Ejra,5560,Distriktsveterinärerna Sveg,4625.0,8101
Ejra,Bitch Spay (20kg),Ejra,9175,Distriktsveterinärerna Sveg,8025.0,8101
Ejra,Dog Vaccination DHPPI,Ejra,495,Distriktsveterinärerna Sveg,575.0,8101
Ejra,Cat Spay,Ejra,1990,Distriktsveterinärerna Sveg,1825.0,8101
Ejra,Cat Castrate,Ejra,1120,Distriktsveterinärerna Sveg,975.0,8101
Ejra,Cat Vaccination,Ejra,495,Distriktsveterinärerna Sveg,575.0,8101
Ejra,X-Ray & Sedation (HD),Ejra,1995,Distriktsveterinärerna Sveg,1995.0,8101
Ejra,Consultation,Ejra,1190,Distriktsveterinärerna Hede,965.0,8101
Ejra,Castrate Dog (20kg),Ejra,5560,Distriktsveterinärerna Hede,4625.0,8101
Ejra,Bitch Spay (20kg),Ejra,9175,Distriktsveterinärerna Hede,8025.0,8101
Ejra,Dog Vaccination DHPPI,Ejra,495,Distriktsveterinärerna Hede,575.0,8101
Ejra,Cat Spay,Ejra,1990,Distriktsveterinärerna Hede,1825.0,8101
Ejra,Cat Castrate,Ejra,1120,Distriktsveterinärerna Hede,975.0,8101
Ejra,Cat Vaccination,Ejra,495,Distriktsveterinärerna Hede,575.0,8101
Ejra,X-Ray & Sedation (HD),Ejra,1995,Distriktsveterinärerna Hede,1995.0,8101
Ejra,Consultation,Ejra,1190,Jämtlands Djurklinik,,8101
Ejra,Castrate Dog (20kg),Ejra,5560,Jämtlands Djurklinik,,8101
Ejra,Bitch Spay (20kg),Ejra,9175,Jämtlands Djurklinik,,8101
Ejra,Dog Vaccination DHPPI,Ejra,495,Jämtlands Djurklinik,,8101
Ejra,Cat Spay,Ejra,1990,Jämtlands Djurklinik,,8101
Ejra,Cat Castrate,Ejra,1120,Jämtlands Djurklinik,,8101
Ejra,Cat Vaccination,Ejra,495,Jämtlands Djurklinik,,8101
Ejra,X-Ray & Sedation (HD),Ejra,1995,Jämtlands Djurklinik,,8101
Kusthöjden,Consultation,Kusthöjden,1190,Distriktsveterinärerna Sollefteå,965.0,8100
Kusthöjden,Castrate Dog (20kg),Kusthöjden,5560,Distriktsveterinärerna Sollefteå,4625.0,8100
Kusthöjden,Bitch Spay (20kg),Kusthöjden,9175,Distriktsveterinärerna Sollefteå,8025.0,8100
Kusthöjden,Dog Vaccination DHPPI,Kusthöjden,495,Distriktsveterinärerna Sollefteå,575.0,8100
Kusthöjden,Cat Spay,Kusthöjden,1990,Distriktsveterinärerna Sollefteå,1825.0,8100
Kusthöjden,Cat Castrate,Kusthöjden,1120,Distriktsveterinärerna Sollefteå,975.0,8100
Kusthöjden,Cat Vaccination,Kusthöjden,495,Distriktsveterinärerna Sollefteå,575.0,8100
Kusthöjden,X-Ray & Sedation (HD),Kusthöjden,2595,Distriktsveterinärerna Sollefteå,1995.0,8100
Kusthöjden,Consultation,Kusthöjden,1190,Distriktsveterinärerna Sundsvall,965.0,8100
Kusthöjden,Castrate Dog (20kg),Kusthöjden,5560,Distriktsveterinärerna Sundsvall,4625.0,8100
Kusthöjden,Bitch Spay (20kg),Kusthöjden,9175,Distriktsveterinärerna Sundsvall,8025.0,8100
Kusthöjden,Dog Vaccination DHPPI,Kusthöjden,495,Distriktsveterinärerna Sundsvall,575.0,8100
Kusthöjden,Cat Spay,Kusthöjden,1990,Distriktsveterinärerna Sundsvall,1825.0,8100
Kusthöjden,Cat Castrate,Kusthöjden,1120,Distriktsveterinärerna Sundsvall,975.0,8100
Kusthöjden,Cat Vaccination,Kusthöjden,495,Distriktsveterinärerna Sundsvall,575.0,8100
Kusthöjden,X-Ray & Sedation (HD),Kusthöjden,2595,Distriktsveterinärerna Sundsvall,1995.0,8100
Kusthöjden,Consultation,Kusthöjden,1190,Distriktsveterinärerna Örnsköldsvik,965.0,8100
Kusthöjden,Castrate Dog (20kg),Kusthöjden,5560,Distriktsveterinärerna Örnsköldsvik,4625.0,8100
Kusthöjden,Bitch Spay (20kg),Kusthöjden,9175,Distriktsveterinärerna Örnsköldsvik,8025.0,8100
Kusthöjden,Dog Vaccination DHPPI,Kusthöjden,495,Distriktsveterinärerna Örnsköldsvik,575.0,8100
Kusthöjden,Cat Spay,Kusthöjden,1990,Distriktsveterinärerna Örnsköldsvik,1825.0,8100
Kusthöjden,Cat Castrate,Kusthöjden,1120,Distriktsveterinärerna Örnsköldsvik,975.0,8100
Kusthöjden,Cat Vaccination,Kusthöjden,495,Distriktsveterinärerna Örnsköldsvik,575.0,8100
Kusthöjden,X-Ray & Sedation (HD),Kusthöjden,2595,Distriktsveterinärerna Örnsköldsvik,1995.0,8100
Kusthöjden,Consultation,Kusthöjden,1190,Härnösand Smådjurmottagning,750.0,8100
Kusthöjden,Castrate Dog (20kg),Kusthöjden,5560,Härnösand Smådjurmottagning,3900.0,8100
Kusthöjden,Bitch Spay (20kg),Kusthöjden,9175,Härnösand Smådjurmottagning,,8100
Kusthöjden,Dog Vaccination DHPPI,Kusthöjden,495,Härnösand Smådjurmottagning,550.0,8100
Kusthöjden,Cat Spay,Kusthöjden,1990,Härnösand Smådjurmottagning,1400.0,8100
Kusthöjden,Cat Castrate,Kusthöjden,1120,Härnösand Smådjurmottagning,900.0,8100
Kusthöjden,Cat Vaccination,Kusthöjden,495,Härnösand Smådjurmottagning,,8100
Kusthöjden,X-Ray & Sedation (HD),Kusthöjden,2595,Härnösand Smådjurmottagning,,8100
Åre,Consultation,Åre,1190,Distriktsveterinärerna Jämtland,965.0,8097
Åre,Castrate Dog (20kg),Åre,5560,Distriktsveterinärerna Jämtland,4625.0,8097
Åre,Bitch Spay (20kg),Åre,9175,Distriktsveterinärerna Jämtland,8025.0,8097
Åre,Dog Vaccination DHPPI,Åre,495,Distriktsveterinärerna Jämtland,575.0,8097
Åre,Cat Spay,Åre,1990,Distriktsveterinärerna Jämtland,1825.0,8097
Åre,Cat Castrate,Åre,1120,Distriktsveterinärerna Jämtland,975.0,8097
Åre,Cat Vaccination,Åre,495,Distriktsveterinärerna Jämtland,575.0,8097
Åre,X-Ray & Sedation (HD),Åre,1995,Distriktsveterinärerna Jämtland,1995.0,8097
Åre,Consultation,Åre,1190,Distriktsveterinärerna Sveg,965.0,8097
Åre,Castrate Dog (20kg),Åre,5560,Distriktsveterinärerna Sveg,4625.0,8097
Åre,Bitch Spay (20kg),Åre,9175,Distriktsveterinärerna Sveg,8025.0,8097
Åre,Dog Vaccination DHPPI,Åre,495,Distriktsveterinärerna Sveg,575.0,8097
Åre,Cat Spay,Åre,1990,Distriktsveterinärerna Sveg,1825.0,8097
Åre,Cat Castrate,Åre,1120,Distriktsveterinärerna Sveg,975.0,8097
Åre,Cat Vaccination,Åre,495,Distriktsveterinärerna Sveg,575.0,8097
Åre,X-Ray & Sedation (HD),Åre,1995,Distriktsveterinärerna Sveg,1995.0,8097
Åre,Consultation,Åre,1190,Distriktsveterinärerna Hede,965.0,8097
Åre,Castrate Dog (20kg),Åre,5560,Distriktsveterinärerna Hede,4625.0,8097
Åre,Bitch Spay (20kg),Åre,9175,Distriktsveterinärerna Hede,8025.0,8097
Åre,Dog Vaccination DHPPI,Åre,495,Distriktsveterinärerna Hede,575.0,8097
Åre,Cat Spay,Åre,1990,Distriktsveterinärerna Hede,1825.0,8097
Åre,Cat Castrate,Åre,1120,Distriktsveterinärerna Hede,975.0,8097
Åre,Cat Vaccination,Åre,495,Distriktsveterinärerna Hede,575.0,8097
Åre,X-Ray & Sedation (HD),Åre,1995,Distriktsveterinärerna Hede,1995.0,8097
Åre,Consultation,Åre,1190,Jämtlands Djurklinik,,8097
Åre,Castrate Dog (20kg),Åre,5560,Jämtlands Djurklinik,,8097
Åre,Bitch Spay (20kg),Åre,9175,Jämtlands Djurklinik,,8097
Åre,Dog Vaccination DHPPI,Åre,495,Jämtlands Djurklinik,,8097
Åre,Cat Spay,Åre,1990,Jämtlands Djurklinik,,8097
Åre,Cat Castrate,Åre,1120,Jämtlands Djurklinik,,8097
Åre,Cat Vaccination,Åre,495,Jämtlands Djurklinik,,8097
Åre,X-Ray & Sedation (HD),Åre,1995,Jämtlands Djurklinik,,8097
Djurkliniken Öjebyn,Consultation,Djurkliniken Öjebyn,1190,Distriktsveterinärerna Piteå,965.0,502
Djurkliniken Öjebyn,Castrate Dog (20kg),Djurkliniken Öjebyn,5560,Distriktsveterinärerna Piteå,4625.0,502
Djurkliniken Öjebyn,Bitch Spay (20kg),Djurkliniken Öjebyn,9175,Distriktsveterinärerna Piteå,8025.0,502
Djurkliniken Öjebyn,Dog Vaccination DHPPI,Djurkliniken Öjebyn,495,Distriktsveterinärerna Piteå,575.0,502
Djurkliniken Öjebyn,Cat Spay,Djurkliniken Öjebyn,1990,Distriktsveterinärerna Piteå,1825.0,502
Djurkliniken Öjebyn,Cat Castrate,Djurkliniken Öjebyn,1120,Distriktsveterinärerna Piteå,975.0,502
Djurkliniken Öjebyn,Cat Vaccination,Djurkliniken Öjebyn,495,Distriktsveterinärerna Piteå,575.0,502
Djurkliniken Öjebyn,X-Ray & Sedation (HD),Djurkliniken Öjebyn,1995,Distriktsveterinärerna Piteå,1995.0,502
Djurkliniken Öjebyn,Consultation,Djurkliniken Öjebyn,1190,Distriktsveterinärerna Älvsbyn,965.0,502
Djurkliniken Öjebyn,Castrate Dog (20kg),Djurkliniken Öjebyn,5560,Distriktsveterinärerna Älvsbyn,4625.0,502
Djurkliniken Öjebyn,Bitch Spay (20kg),Djurkliniken Öjebyn,9175,Distriktsveterinärerna Älvsbyn,8025.0,502
Djurkliniken Öjebyn,Dog Vaccination DHPPI,Djurkliniken Öjebyn,495,Distriktsveterinärerna Älvsbyn,575.0,502
Djurkliniken Öjebyn,Cat Spay,Djurkliniken Öjebyn,1990,Distriktsveterinärerna Älvsbyn,1825.0,502
Djurkliniken Öjebyn,Cat Castrate,Djurkliniken Öjebyn,1120,Distriktsveterinärerna Älvsbyn,975.0,502
Djurkliniken Öjebyn,Cat Vaccination,Djurkliniken Öjebyn,495,Distriktsveterinärerna Älvsbyn,575.0,502
Djurkliniken Öjebyn,X-Ray & Sedation (HD),Djurkliniken Öjebyn,1995,Distriktsveterinärerna Älvsbyn,1995.0,502
Djurkliniken Öjebyn,Consultation,Djurkliniken Öjebyn,1190,Distriktsveterinärerna Skellefteå,965.0,502
Djurkliniken Öjebyn,Castrate Dog (20kg),Djurkliniken Öjebyn,5560,Distriktsveterinärerna Skellefteå,4625.0,502
Djurkliniken Öjebyn,Bitch Spay (20kg),Djurkliniken Öjebyn,9175,Distriktsveterinärerna Skellefteå,8025.0,502
Djurkliniken Öjebyn,Dog Vaccination DHPPI,Djurkliniken Öjebyn,495,Distriktsveterinärerna Skellefteå,575.0,502
Djurkliniken Öjebyn,Cat Spay,Djurkliniken Öjebyn,1990,Distriktsveterinärerna Skellefteå,1825.0,502
Djurkliniken Öjebyn,Cat Castrate,Djurkliniken Öjebyn,1120,Distriktsveterinärerna Skellefteå,975.0,502
Djurkliniken Öjebyn,Cat Vaccination,Djurkliniken Öjebyn,495,Distriktsveterinärerna Skellefteå,575.0,502
Djurkliniken Öjebyn,X-Ray & Sedation (HD),Djurkliniken Öjebyn,1995,Distriktsveterinärerna Skellefteå,1995.0,502
Djurkliniken Öjebyn,Consultation,Djurkliniken Öjebyn,1190,PetVet Öjebyn,,502
Djurkliniken Öjebyn,Castrate Dog (20kg),Djurkliniken Öjebyn,5560,PetVet Öjebyn,,502
Djurkliniken Öjebyn,Bitch Spay (20kg),Djurkliniken Öjebyn,9175,PetVet Öjebyn,,502
Djurkliniken Öjebyn,Dog Vaccination DHPPI,Djurkliniken Öjebyn,495,PetVet Öjebyn,,502
Djurkliniken Öjebyn,Cat Spay,Djurkliniken Öjebyn,1990,PetVet Öjebyn,,502
Djurkliniken Öjebyn,Cat Castrate,Djurkliniken Öjebyn,1120,PetVet Öjebyn,,502
Djurkliniken Öjebyn,Cat Vaccination,Djurkliniken Öjebyn,495,PetVet Öjebyn,,502
Djurkliniken Öjebyn,X-Ray & Sedation (HD),Djurkliniken Öjebyn,1995,PetVet Öjebyn,,502
Björkstadens Djurklinik,Consultation,Björkstadens Djurklinik,955,Distriktsveterinärerna Umåker,965.0,8111
Björkstadens Djurklinik,Castrate Dog (20kg),Björkstadens Djurklinik,4060,Distriktsveterinärerna Umåker,4625.0,8111
Björkstadens Djurklinik,Bitch Spay (20kg),Björkstadens Djurklinik,6705,Distriktsveterinärerna Umåker,8025.0,8111
Björkstadens Djurklinik,Dog Vaccination DHPPI,Björkstadens Djurklinik,495,Distriktsveterinärerna Umåker,575.0,8111
Björkstadens Djurklinik,Cat Spay,Björkstadens Djurklinik,1455,Distriktsveterinärerna Umåker,1825.0,8111
Björkstadens Djurklinik,Cat Castrate,Björkstadens Djurklinik,820,Distriktsveterinärerna Umåker,975.0,8111
Björkstadens Djurklinik,Cat Vaccination,Björkstadens Djurklinik,495,Distriktsveterinärerna Umåker,575.0,8111
Björkstadens Djurklinik,X-Ray & Sedation (HD),Björkstadens Djurklinik,2095,Distriktsveterinärerna Umåker,1995.0,8111
Björkstadens Djurklinik,Consultation,Björkstadens Djurklinik,955,Distriktsveterinärerna Vännäs,965.0,8111
Björkstadens Djurklinik,Castrate Dog (20kg),Björkstadens Djurklinik,4060,Distriktsveterinärerna Vännäs,4625.0,8111
Björkstadens Djurklinik,Bitch Spay (20kg),Björkstadens Djurklinik,6705,Distriktsveterinärerna Vännäs,8025.0,8111
Björkstadens Djurklinik,Dog Vaccination DHPPI,Björkstadens Djurklinik,495,Distriktsveterinärerna Vännäs,575.0,8111
Björkstadens Djurklinik,Cat Spay,Björkstadens Djurklinik,1455,Distriktsveterinärerna Vännäs,1825.0,8111
Björkstadens Djurklinik,Cat Castrate,Björkstadens Djurklinik,820,Distriktsveterinärerna Vännäs,975.0,8111
Björkstadens Djurklinik,Cat Vaccination,Björkstadens Djurklinik,495,Distriktsveterinärerna Vännäs,575.0,8111
Björkstadens Djurklinik,X-Ray & Sedation (HD),Björkstadens Djurklinik,2095,Distriktsveterinärerna Vännäs,1995.0,8111
Björkstadens Djurklinik,Consultation,Björkstadens Djurklinik,955,Distriktsveterinärerna Bygdeå,965.0,8111
Björkstadens Djurklinik,Castrate Dog (20kg),Björkstadens Djurklinik,4060,Distriktsveterinärerna Bygdeå,4625.0,8111
Björkstadens Djurklinik,Bitch Spay (20kg),Björkstadens Djurklinik,6705,Distriktsveterinärerna Bygdeå,8025.0,8111
Björkstadens Djurklinik,Dog Vaccination DHPPI,Björkstadens Djurklinik,495,Distriktsveterinärerna Bygdeå,575.0,8111
Björkstadens Djurklinik,Cat Spay,Björkstadens Djurklinik,1455,Distriktsveterinärerna Bygdeå,1825.0,8111
Björkstadens Djurklinik,Cat Castrate,Björkstadens Djurklinik,820,Distriktsveterinärerna Bygdeå,975.0,8111
Björkstadens Djurklinik,Cat Vaccination,Björkstadens Djurklinik,495,Distriktsveterinärerna Bygdeå,575.0,8111
Björkstadens Djurklinik,X-Ray & Sedation (HD),Björkstadens Djurklinik,2095,Distriktsveterinärerna Bygdeå,1995.0,8111
Björkstadens Djurklinik,Consultation,Björkstadens Djurklinik,955,Aniuma Vetcentrum,900.0,8111
Björkstadens Djurklinik,Castrate Dog (20kg),Björkstadens Djurklinik,4060,Aniuma Vetcentrum,4600.0,8111
Björkstadens Djurklinik,Bitch Spay (20kg),Björkstadens Djurklinik,6705,Aniuma Vetcentrum,,8111
Björkstadens Djurklinik,Dog Vaccination DHPPI,Björkstadens Djurklinik,495,Aniuma Vetcentrum,,8111
Björkstadens Djurklinik,Cat Spay,Björkstadens Djurklinik,1455,Aniuma Vetcentrum,1590.0,8111
Björkstadens Djurklinik,Cat Castrate,Björkstadens Djurklinik,820,Aniuma Vetcentrum,790.0,8111
Björkstadens Djurklinik,Cat Vaccination,Björkstadens Djurklinik,495,Aniuma Vetcentrum,,8111
Björkstadens Djurklinik,X-Ray & Sedation (HD),Björkstadens Djurklinik,2095,Aniuma Vetcentrum,,8111
Djurklinikerna i Visby,Consultation,Djurklinikerna i Visby,1640,Distriktsveterinärerna Gotland,965.0,114
Djurklinikerna i Visby,Castrate Dog (20kg),Djurklinikerna i Visby,6395,Distriktsveterinärerna Gotland,4625.0,114
Djurklinikerna i Visby,Bitch Spay (20kg),Djurklinikerna i Visby,10555,Distriktsveterinärerna Gotland,8025.0,114
Djurklinikerna i Visby,Dog Vaccination DHPPI,Djurklinikerna i Visby,495,Distriktsveterinärerna Gotland,575.0,114
Djurklinikerna i Visby,Cat Spay,Djurklinikerna i Visby,2285,Distriktsveterinärerna Gotland,1825.0,114
Djurklinikerna i Visby,Cat Castrate,Djurklinikerna i Visby,1290,Distriktsveterinärerna Gotland,975.0,114
Djurklinikerna i Visby,Cat Vaccination,Djurklinikerna i Visby,495,Distriktsveterinärerna Gotland,575.0,114
Djurklinikerna i Visby,X-Ray & Sedation (HD),Djurklinikerna i Visby,1995,Distriktsveterinärerna Gotland,1995.0,114
Djurklinikerna i Visby,Consultation,Djurklinikerna i Visby,1640,AniCura Regiondjursjukhuset Bagarmossen,1600.0,114
Djurklinikerna i Visby,Castrate Dog (20kg),Djurklinikerna i Visby,6395,AniCura Regiondjursjukhuset Bagarmossen,0.0,114
Djurklinikerna i Visby,Bitch Spay (20kg),Djurklinikerna i Visby,10555,AniCura Regiondjursjukhuset Bagarmossen,0.0,114
Djurklinikerna i Visby,Dog Vaccination DHPPI,Djurklinikerna i Visby,495,AniCura Regiondjursjukhuset Bagarmossen,0.0,114
Djurklinikerna i Visby,Cat Spay,Djurklinikerna i Visby,2285,AniCura Regiondjursjukhuset Bagarmossen,0.0,114
Djurklinikerna i Visby,Cat Castrate,Djurklinikerna i Visby,1290,AniCura Regiondjursjukhuset Bagarmossen,0.0,114
Djurklinikerna i Visby,Cat Vaccination,Djurklinikerna i Visby,495,AniCura Regiondjursjukhuset Bagarmossen,0.0,114
Djurklinikerna i Visby,X-Ray & Sedation (HD),Djurklinikerna i Visby,1995,AniCura Regiondjursjukhuset Bagarmossen,2060.0,114
Djurklinikerna i Visby,Consultation,Djurklinikerna i Visby,1640,Distriktsveterinärerna Vårsta,965.0,114
Djurklinikerna i Visby,Castrate Dog (20kg),Djurklinikerna i Visby,6395,Distriktsveterinärerna Vårsta,4625.0,114
Djurklinikerna i Visby,Bitch Spay (20kg),Djurklinikerna i Visby,10555,Distriktsveterinärerna Vårsta,8025.0,114
Djurklinikerna i Visby,Dog Vaccination DHPPI,Djurklinikerna i Visby,495,Distriktsveterinärerna Vårsta,575.0,114
Djurklinikerna i Visby,Cat Spay,Djurklinikerna i Visby,2285,Distriktsveterinärerna Vårsta,1825.0,114
Djurklinikerna i Visby,Cat Castrate,Djurklinikerna i Visby,1290,Distriktsveterinärerna Vårsta,975.0,114
Djurklinikerna i Visby,Cat Vaccination,Djurklinikerna i Visby,495,Distriktsveterinärerna Vårsta,575.0,114
Djurklinikerna i Visby,X-Ray & Sedation (HD),Djurklinikerna i Visby,1995,Distriktsveterinärerna Vårsta,1995.0,114
Djurklinikerna i Visby,Consultation,Djurklinikerna i Visby,1640,Zoomarket Gotlands Smådjursklinik AB,750.0,114
Djurklinikerna i Visby,Castrate Dog (20kg),Djurklinikerna i Visby,6395,Zoomarket Gotlands Smådjursklinik AB,4500.0,114
Djurklinikerna i Visby,Bitch Spay (20kg),Djurklinikerna i Visby,10555,Zoomarket Gotlands Smådjursklinik AB,,114
Djurklinikerna i Visby,Dog Vaccination DHPPI,Djurklinikerna i Visby,495,Zoomarket Gotlands Smådjursklinik AB,,114
Djurklinikerna i Visby,Cat Spay,Djurklinikerna i Visby,2285,Zoomarket Gotlands Smådjursklinik AB,1500.0,114
Djurklinikerna i Visby,Cat Castrate,Djurklinikerna i Visby,1290,Zoomarket Gotlands Smådjursklinik AB,850.0,114
Djurklinikerna i Visby,Cat Vaccination,Djurklinikerna i Visby,495,Zoomarket Gotlands Smådjursklinik AB,,114
Djurklinikerna i Visby,X-Ray & Sedation (HD),Djurklinikerna i Visby,1995,Zoomarket Gotlands Smådjursklinik AB,,114
